# 
# Wavefront OBJ file
# Created with Autodesk FBX SDK
# 
g fbxNode
v -0.244235 -0.047570 0.000000
v -0.214215 -0.070123 0.000000
v -0.234215 -0.070141 0.010000
v -0.254215 -0.070159 0.010000
v -0.274215 -0.070177 0.000000
v -0.244215 -0.070150 0.015000
v -0.214225 -0.092743 0.000000
v -0.234225 -0.092734 0.010000
v -0.254225 -0.092726 0.010000
v -0.274225 -0.092717 0.000000
v -0.244225 -0.092730 0.015000
v -0.214310 -0.115423 0.000000
v -0.234310 -0.115348 0.010000
v -0.254310 -0.115272 0.010000
v -0.274310 -0.115197 0.000000
v -0.244310 -0.115310 0.015000
v -0.213961 -0.124028 0.000000
v -0.233947 -0.124779 0.010000
v -0.253933 -0.125531 0.010000
v -0.273919 -0.126282 0.000000
v -0.243940 -0.125155 0.015000
v -0.212923 -0.130875 0.000000
v -0.232751 -0.133495 0.010000
v -0.252579 -0.136115 0.010000
v -0.272407 -0.138735 0.000000
v -0.242665 -0.134805 0.015000
v -0.211229 -0.137269 0.000000
v -0.230680 -0.141923 0.010000
v -0.250130 -0.146577 0.010000
v -0.269581 -0.151231 0.000000
v -0.240405 -0.144250 0.015000
v -0.208857 -0.143316 0.000000
v -0.227676 -0.150089 0.010000
v -0.246494 -0.156861 0.010000
v -0.265313 -0.163634 0.000000
v -0.237085 -0.153475 0.015000
v -0.207664 -0.144283 0.000000
v -0.224875 -0.154471 0.010000
v -0.242085 -0.164659 0.010000
v -0.259296 -0.174847 0.000000
v -0.233480 -0.159565 0.015000
v -0.208391 -0.141855 0.000000
v -0.221887 -0.156615 0.010000
v -0.235383 -0.171375 0.010000
v -0.248879 -0.186135 0.000000
v -0.228635 -0.163995 0.015000
v -0.210243 -0.139411 0.000000
v -0.218544 -0.157607 0.010000
v -0.226846 -0.175803 0.010000
v -0.235147 -0.193999 0.000000
v -0.222695 -0.166705 0.015000
v -0.211773 -0.137913 0.000000
v -0.214464 -0.157731 0.010000
v -0.217156 -0.177549 0.010000
v -0.219847 -0.197367 0.000000
v -0.215810 -0.167640 0.015000
v -0.208015 -0.137304 0.000000
v -0.207215 -0.157288 0.010000
v -0.206415 -0.177272 0.010000
v -0.205615 -0.197256 0.000000
v -0.206815 -0.167280 0.015000
v -0.201832 -0.136366 0.000000
v -0.199224 -0.156195 0.010000
v -0.196616 -0.176025 0.010000
v -0.194008 -0.195854 0.000000
v -0.197920 -0.166110 0.015000
v -0.195940 -0.134852 0.000000
v -0.191417 -0.154334 0.010000
v -0.186893 -0.173816 0.010000
v -0.182370 -0.193298 0.000000
v -0.189155 -0.164075 0.015000
v -0.190294 -0.132746 0.000000
v -0.183798 -0.151662 0.010000
v -0.177302 -0.170578 0.010000
v -0.170806 -0.189494 0.000000
v -0.180550 -0.161120 0.015000
v -0.177648 -0.127691 0.000000
v -0.170269 -0.146280 0.010000
v -0.162891 -0.164870 0.010000
v -0.155512 -0.183459 0.000000
v -0.166580 -0.155575 0.015000
v -0.163472 -0.122164 0.000000
v -0.156207 -0.140798 0.010000
v -0.148943 -0.159432 0.010000
v -0.141678 -0.178066 0.000000
v -0.152575 -0.150115 0.015000
v -0.149484 -0.116704 0.000000
v -0.142211 -0.135335 0.010000
v -0.134939 -0.153965 0.010000
v -0.127666 -0.172596 0.000000
v -0.138575 -0.144650 0.015000
v -0.135724 -0.111218 0.000000
v -0.128318 -0.129796 0.010000
v -0.120912 -0.148374 0.010000
v -0.113506 -0.166952 0.000000
v -0.124615 -0.139085 0.015000
v -0.124300 -0.106481 0.000000
v -0.116643 -0.124957 0.010000
v -0.108987 -0.143433 0.010000
v -0.101330 -0.161910 0.000000
v -0.112815 -0.134195 0.015000
v -0.112802 -0.101589 0.000000
v -0.104974 -0.119993 0.010000
v -0.097146 -0.138397 0.010000
v -0.089318 -0.156801 0.000000
v -0.101060 -0.129195 0.015000
v -0.101037 -0.096589 0.000000
v -0.093216 -0.114997 0.010000
v -0.085394 -0.133404 0.010000
v -0.077573 -0.151811 0.000000
v -0.089305 -0.124200 0.015000
v -0.088980 -0.091596 0.000000
v -0.081330 -0.110076 0.010000
v -0.073680 -0.128555 0.010000
v -0.066030 -0.147034 0.000000
v -0.077505 -0.119315 0.015000
v -0.083900 -0.089665 0.000000
v -0.076843 -0.108378 0.010000
v -0.069787 -0.127092 0.010000
v -0.062730 -0.145806 0.000000
v -0.073315 -0.117735 0.015000
v -0.078136 -0.087785 0.000000
v -0.072065 -0.106842 0.010000
v -0.065995 -0.125898 0.010000
v -0.059924 -0.144955 0.000000
v -0.069030 -0.116370 0.015000
v -0.072079 -0.086191 0.000000
v -0.067150 -0.105574 0.010000
v -0.062220 -0.124957 0.010000
v -0.057291 -0.144340 0.000000
v -0.064685 -0.115265 0.015000
v -0.065728 -0.084954 0.000000
v -0.062113 -0.104625 0.010000
v -0.058497 -0.124295 0.010000
v -0.054882 -0.143966 0.000000
v -0.060305 -0.114460 0.015000
v -0.054131 -0.085050 0.000000
v -0.057087 -0.104830 0.010000
v -0.060043 -0.124610 0.010000
v -0.062999 -0.144391 0.000000
v -0.058565 -0.114720 0.015000
v -0.042300 -0.089421 0.000000
v -0.051893 -0.106970 0.010000
v -0.061487 -0.124520 0.010000
v -0.071080 -0.142069 0.000000
v -0.056690 -0.115745 0.015000
v -0.036071 -0.093830 0.000000
v -0.048607 -0.109413 0.010000
v -0.061143 -0.124997 0.010000
v -0.073679 -0.140580 0.000000
v -0.054875 -0.117205 0.015000
v -0.032097 -0.097557 0.000000
v -0.046239 -0.111699 0.010000
v -0.060381 -0.125841 0.010000
v -0.074523 -0.139984 0.000000
v -0.053310 -0.118770 0.015000
v -0.024945 -0.108940 0.000000
v -0.043588 -0.116180 0.010000
v -0.062232 -0.123420 0.010000
v -0.080875 -0.130660 0.000000
v -0.052910 -0.119800 0.015000
v -0.022927 -0.121573 0.000000
v -0.042926 -0.121368 0.010000
v -0.062925 -0.121162 0.010000
v -0.082924 -0.120957 0.000000
v -0.052925 -0.121265 0.015000
v -0.023925 -0.129109 0.000000
v -0.043482 -0.124923 0.010000
v -0.063039 -0.120737 0.010000
v -0.082596 -0.116551 0.000000
v -0.053260 -0.122830 0.015000
v -0.026272 -0.136010 0.000000
v -0.044644 -0.128107 0.010000
v -0.063016 -0.120203 0.010000
v -0.081388 -0.112300 0.000000
v -0.053830 -0.124155 0.015000
v -0.030186 -0.142755 0.000000
v -0.046779 -0.131588 0.010000
v -0.063371 -0.120422 0.010000
v -0.079964 -0.109255 0.000000
v -0.055075 -0.126005 0.015000
v -0.033199 -0.146658 0.000000
v -0.048730 -0.134056 0.010000
v -0.064260 -0.121454 0.010000
v -0.079791 -0.108852 0.000000
v -0.056495 -0.127755 0.015000
v -0.036110 -0.149882 0.000000
v -0.050730 -0.136234 0.010000
v -0.065350 -0.122586 0.010000
v -0.079970 -0.108938 0.000000
v -0.058040 -0.129410 0.015000
v -0.038889 -0.152612 0.000000
v -0.052740 -0.138184 0.010000
v -0.066590 -0.123756 0.010000
v -0.080441 -0.109328 0.000000
v -0.059665 -0.130970 0.015000
v -0.056646 -0.167971 0.000000
v -0.069702 -0.152820 0.010000
v -0.082758 -0.137670 0.010000
v -0.095814 -0.122519 0.000000
v -0.076230 -0.145245 0.015000
v -0.075548 -0.182304 0.000000
v -0.087589 -0.166335 0.010000
v -0.099631 -0.150365 0.010000
v -0.111672 -0.134396 0.000000
v -0.093610 -0.158350 0.015000
v -0.095656 -0.195351 0.000000
v -0.106485 -0.178537 0.010000
v -0.117315 -0.161723 0.010000
v -0.128144 -0.144909 0.000000
v -0.111900 -0.170130 0.015000
v -0.117067 -0.206895 0.000000
v -0.126486 -0.189252 0.010000
v -0.135904 -0.171608 0.010000
v -0.145323 -0.153965 0.000000
v -0.131195 -0.180430 0.015000
v -0.145427 -0.220454 0.000000
v -0.154036 -0.202401 0.010000
v -0.162645 -0.184349 0.010000
v -0.171253 -0.166296 0.000000
v -0.158340 -0.193375 0.015000
v -0.172677 -0.233362 0.000000
v -0.181239 -0.215287 0.010000
v -0.189801 -0.197213 0.010000
v -0.198363 -0.179138 0.000000
v -0.185520 -0.206250 0.015000
v -0.199846 -0.246239 0.000000
v -0.208412 -0.228166 0.010000
v -0.216978 -0.210094 0.010000
v -0.225544 -0.192021 0.000000
v -0.212695 -0.219130 0.015000
v -0.226897 -0.259164 0.000000
v -0.235519 -0.241118 0.010000
v -0.244141 -0.223072 0.010000
v -0.252763 -0.205026 0.000000
v -0.239830 -0.232095 0.015000
v -0.236469 -0.263474 0.000000
v -0.244666 -0.245231 0.010000
v -0.252864 -0.226989 0.010000
v -0.261061 -0.208746 0.000000
v -0.248765 -0.236110 0.015000
v -0.247089 -0.267607 0.000000
v -0.254266 -0.248939 0.010000
v -0.261444 -0.230271 0.010000
v -0.268621 -0.211603 0.000000
v -0.257855 -0.239605 0.015000
v -0.258009 -0.271145 0.000000
v -0.264090 -0.252092 0.010000
v -0.270170 -0.233038 0.010000
v -0.276251 -0.213985 0.000000
v -0.267130 -0.242565 0.015000
v -0.269250 -0.274051 0.000000
v -0.274163 -0.254664 0.010000
v -0.279077 -0.235276 0.010000
v -0.283990 -0.215889 0.000000
v -0.276620 -0.244970 0.015000
v -0.292374 -0.276614 0.000000
v -0.294278 -0.256705 0.010000
v -0.296182 -0.236795 0.010000
v -0.298087 -0.216886 0.000000
v -0.295230 -0.246750 0.015000
v -0.317526 -0.273293 0.000000
v -0.314065 -0.253594 0.010000
v -0.310605 -0.233896 0.010000
v -0.307144 -0.214198 0.000000
v -0.312335 -0.243745 0.015000
v -0.340924 -0.263365 0.000000
v -0.332331 -0.245305 0.010000
v -0.323739 -0.227245 0.010000
v -0.315146 -0.209185 0.000000
v -0.328035 -0.236275 0.015000
v -0.361260 -0.248029 0.000000
v -0.348710 -0.232456 0.010000
v -0.336160 -0.216884 0.010000
v -0.323610 -0.201311 0.000000
v -0.342435 -0.224670 0.015000
v -0.370301 -0.238539 0.000000
v -0.355420 -0.225176 0.010000
v -0.340540 -0.211814 0.010000
v -0.325659 -0.198451 0.000000
v -0.347980 -0.218495 0.015000
v -0.377187 -0.229216 0.000000
v -0.360909 -0.217595 0.010000
v -0.344631 -0.205975 0.010000
v -0.328353 -0.194355 0.000000
v -0.352770 -0.211785 0.015000
v -0.382841 -0.219788 0.000000
v -0.365574 -0.209696 0.010000
v -0.348306 -0.199604 0.010000
v -0.331039 -0.189513 0.000000
v -0.356940 -0.204650 0.015000
v -0.387518 -0.210486 0.000000
v -0.369586 -0.201629 0.010000
v -0.351654 -0.192771 0.010000
v -0.333723 -0.183914 0.000000
v -0.360620 -0.197200 0.015000
v -0.397128 -0.186314 0.000000
v -0.378513 -0.179001 0.010000
v -0.359897 -0.171689 0.010000
v -0.341282 -0.164377 0.000000
v -0.369205 -0.175345 0.015000
v -0.404074 -0.160527 0.000000
v -0.384721 -0.155479 0.010000
v -0.365369 -0.150431 0.010000
v -0.346016 -0.145384 0.000000
v -0.375045 -0.152955 0.015000
v -0.407800 -0.133930 0.000000
v -0.387970 -0.131327 0.010000
v -0.368140 -0.128724 0.010000
v -0.348310 -0.126121 0.000000
v -0.378055 -0.130025 0.015000
v -0.408140 -0.106664 0.000000
v -0.388140 -0.106591 0.010000
v -0.368140 -0.106519 0.010000
v -0.348140 -0.106446 0.000000
v -0.378140 -0.106555 0.015000
v -0.407593 -0.097104 0.000000
v -0.387634 -0.098392 0.010000
v -0.367676 -0.099679 0.010000
v -0.347717 -0.100966 0.000000
v -0.377655 -0.099035 0.015000
v -0.406867 -0.088853 0.000000
v -0.386946 -0.090628 0.010000
v -0.367025 -0.092403 0.010000
v -0.347103 -0.094177 0.000000
v -0.376985 -0.091515 0.015000
v -0.405727 -0.080089 0.000000
v -0.385902 -0.082733 0.010000
v -0.366078 -0.085377 0.010000
v -0.346253 -0.088021 0.000000
v -0.375990 -0.084055 0.015000
v -0.403954 -0.070861 0.000000
v -0.384338 -0.074760 0.010000
v -0.364722 -0.078660 0.010000
v -0.345106 -0.082559 0.000000
v -0.374530 -0.076710 0.015000
v -0.401470 -0.057749 0.000000
v -0.381820 -0.061473 0.010000
v -0.362170 -0.065197 0.010000
v -0.342520 -0.068922 0.000000
v -0.371995 -0.063335 0.015000
v -0.400427 -0.046780 0.000000
v -0.380536 -0.048860 0.010000
v -0.360644 -0.050940 0.010000
v -0.340753 -0.053020 0.000000
v -0.370590 -0.049900 0.015000
v -0.399971 -0.035104 0.000000
v -0.379991 -0.035978 0.010000
v -0.360010 -0.036852 0.010000
v -0.340029 -0.037726 0.000000
v -0.370000 -0.036415 0.015000
v -0.399909 -0.022681 0.000000
v -0.379910 -0.022814 0.010000
v -0.359910 -0.022947 0.010000
v -0.339911 -0.023080 0.000000
v -0.369910 -0.022880 0.015000
v -0.399940 -0.013187 0.000000
v -0.379940 -0.013126 0.010000
v -0.359940 -0.013064 0.010000
v -0.339940 -0.013003 0.000000
v -0.369940 -0.013095 0.015000
v -0.399980 -0.003433 0.000000
v -0.379980 -0.003351 0.010000
v -0.359980 -0.003269 0.010000
v -0.339980 -0.003187 0.000000
v -0.369980 -0.003310 0.015000
v -0.400059 0.006230 0.000000
v -0.380060 0.006393 0.010000
v -0.360060 0.006557 0.010000
v -0.340061 0.006720 0.000000
v -0.370060 0.006475 0.015000
v -0.400216 0.015769 0.000000
v -0.380219 0.016096 0.010000
v -0.360221 0.016423 0.010000
v -0.340224 0.016750 0.000000
v -0.370220 0.016260 0.015000
v -0.399988 0.038431 0.000000
v -0.379990 0.038220 0.010000
v -0.359991 0.038010 0.010000
v -0.339992 0.037799 0.000000
v -0.369990 0.038115 0.015000
v -0.398506 0.061828 0.000000
v -0.378549 0.060526 0.010000
v -0.358591 0.059224 0.010000
v -0.338634 0.057921 0.000000
v -0.368570 0.059875 0.015000
v -0.396114 0.084710 0.000000
v -0.376225 0.082610 0.010000
v -0.356335 0.080510 0.010000
v -0.336446 0.078409 0.000000
v -0.366280 0.081560 0.015000
v -0.393179 0.107106 0.000000
v -0.373350 0.104499 0.010000
v -0.353520 0.101891 0.010000
v -0.333691 0.099284 0.000000
v -0.363435 0.103195 0.015000
v -0.391917 0.114787 0.000000
v -0.372189 0.111499 0.010000
v -0.352461 0.108211 0.010000
v -0.332733 0.104923 0.000000
v -0.362325 0.109855 0.015000
v -0.390228 0.122788 0.000000
v -0.370676 0.118579 0.010000
v -0.351124 0.114371 0.010000
v -0.331572 0.110162 0.000000
v -0.360900 0.116475 0.015000
v -0.388295 0.130456 0.000000
v -0.368915 0.125515 0.010000
v -0.349535 0.120574 0.010000
v -0.330155 0.115634 0.000000
v -0.359225 0.123045 0.015000
v -0.386187 0.137838 0.000000
v -0.366966 0.132313 0.010000
v -0.347744 0.126787 0.010000
v -0.328523 0.121261 0.000000
v -0.357355 0.129550 0.015000
v -0.378856 0.155561 0.000000
v -0.360469 0.147694 0.010000
v -0.342081 0.139826 0.010000
v -0.323694 0.131959 0.000000
v -0.351275 0.143760 0.015000
v -0.366374 0.173518 0.000000
v -0.350428 0.161446 0.010000
v -0.334482 0.149374 0.010000
v -0.318537 0.137302 0.000000
v -0.342455 0.155410 0.015000
v -0.349723 0.187980 0.000000
v -0.337258 0.172340 0.010000
v -0.324792 0.156700 0.010000
v -0.312327 0.141060 0.000000
v -0.331025 0.164520 0.015000
v -0.329951 0.198220 0.000000
v -0.321394 0.180143 0.010000
v -0.312836 0.162067 0.010000
v -0.304279 0.143990 0.000000
v -0.317115 0.171105 0.015000
v -0.318729 0.202178 0.000000
v -0.312430 0.183196 0.010000
v -0.306131 0.164214 0.010000
v -0.299832 0.145232 0.000000
v -0.309280 0.173705 0.015000
v -0.309080 0.204820 0.000000
v -0.303897 0.185503 0.010000
v -0.298713 0.166187 0.010000
v -0.293530 0.146870 0.000000
v -0.301305 0.175845 0.015000
v -0.298338 0.206820 0.000000
v -0.294890 0.187120 0.010000
v -0.291441 0.167420 0.010000
v -0.287992 0.147719 0.000000
v -0.293165 0.177270 0.015000
v -0.286489 0.207684 0.000000
v -0.285387 0.187715 0.010000
v -0.284284 0.167745 0.010000
v -0.283181 0.147776 0.000000
v -0.284835 0.177730 0.015000
v -0.282024 0.207749 0.000000
v -0.281891 0.187750 0.010000
v -0.281759 0.167750 0.010000
v -0.281626 0.147751 0.000000
v -0.281825 0.177750 0.015000
v -0.279712 0.207826 0.000000
v -0.279114 0.187835 0.010000
v -0.278516 0.167844 0.010000
v -0.277918 0.147853 0.000000
v -0.278815 0.177840 0.015000
v -0.276802 0.207923 0.000000
v -0.276137 0.187934 0.010000
v -0.275473 0.167945 0.010000
v -0.274809 0.147956 0.000000
v -0.275805 0.177940 0.015000
v -0.273392 0.207994 0.000000
v -0.272994 0.187998 0.010000
v -0.272596 0.168002 0.010000
v -0.272198 0.148006 0.000000
v -0.272795 0.178000 0.015000
v -0.235367 0.209210 0.000000
v -0.234729 0.189220 0.010000
v -0.234091 0.169230 0.010000
v -0.233453 0.149240 0.000000
v -0.234410 0.179225 0.015000
v -0.198627 0.212222 0.000000
v -0.197013 0.192287 0.010000
v -0.195398 0.172353 0.010000
v -0.193783 0.152418 0.000000
v -0.196205 0.182320 0.015000
v -0.161844 0.216793 0.000000
v -0.159391 0.196944 0.010000
v -0.156939 0.177095 0.010000
v -0.154486 0.157246 0.000000
v -0.158165 0.187020 0.015000
v -0.124983 0.222682 0.000000
v -0.121838 0.202930 0.010000
v -0.118693 0.183179 0.010000
v -0.115547 0.163428 0.000000
v -0.120265 0.193055 0.015000
v -0.114223 0.224291 0.000000
v -0.111268 0.204510 0.010000
v -0.108312 0.184730 0.010000
v -0.105357 0.164949 0.000000
v -0.109790 0.194620 0.015000
v -0.102138 0.225477 0.000000
v -0.100256 0.205566 0.010000
v -0.098374 0.185654 0.010000
v -0.096492 0.165743 0.000000
v -0.099315 0.195610 0.015000
v -0.089831 0.225943 0.000000
v -0.089164 0.205954 0.010000
v -0.088496 0.185965 0.010000
v -0.087829 0.165977 0.000000
v -0.088830 0.195960 0.015000
v -0.077302 0.225582 0.000000
v -0.077987 0.205594 0.010000
v -0.078673 0.185606 0.010000
v -0.079358 0.165617 0.000000
v -0.078330 0.195600 0.015000
v -0.055289 0.222594 0.000000
v -0.058136 0.202798 0.010000
v -0.060984 0.183002 0.010000
v -0.063831 0.163206 0.000000
v -0.059560 0.192900 0.015000
v -0.033003 0.216083 0.000000
v -0.038918 0.196978 0.010000
v -0.044832 0.177872 0.010000
v -0.050747 0.158767 0.000000
v -0.041875 0.187425 0.015000
v -0.011793 0.205804 0.000000
v -0.020841 0.187968 0.010000
v -0.029889 0.170132 0.010000
v -0.038937 0.152295 0.000000
v -0.025365 0.179050 0.015000
v 0.007841 0.191684 0.000000
v -0.004133 0.175665 0.010000
v -0.016107 0.159645 0.010000
v -0.028081 0.143626 0.000000
v -0.010120 0.167655 0.015000
v 0.015354 0.183548 0.000000
v -0.001162 0.172269 0.010000
v -0.017678 0.160990 0.010000
v -0.034194 0.149712 0.000000
v -0.009420 0.166630 0.015000
v 0.019671 0.174095 0.000000
v 0.000553 0.168218 0.010000
v -0.018564 0.162341 0.010000
v -0.037681 0.156465 0.000000
v -0.009005 0.165280 0.015000
v 0.020729 0.169545 0.000000
v 0.001100 0.165712 0.010000
v -0.018530 0.161878 0.010000
v -0.038159 0.158045 0.000000
v -0.008715 0.163795 0.015000
v 0.020835 0.169180 0.000000
v 0.001358 0.164633 0.010000
v -0.018118 0.160087 0.010000
v -0.037595 0.155540 0.000000
v -0.008380 0.162360 0.015000
v -0.001199 0.133194 0.000000
v -0.006933 0.152355 0.010000
v -0.012667 0.171515 0.010000
v -0.018402 0.190675 0.000000
v -0.009800 0.161935 0.015000
v -0.001883 0.132960 0.000000
v -0.008108 0.151967 0.010000
v -0.014332 0.170973 0.010000
v -0.020557 0.189980 0.000000
v -0.011220 0.161470 0.015000
v -0.005501 0.131984 0.000000
v -0.010254 0.151411 0.010000
v -0.015006 0.170838 0.010000
v -0.019759 0.190265 0.000000
v -0.012630 0.161125 0.015000
v -0.012511 0.131093 0.000000
v -0.013517 0.151068 0.010000
v -0.014523 0.171042 0.010000
v -0.015529 0.191017 0.000000
v -0.014020 0.161055 0.015000
v -0.020199 0.131614 0.000000
v -0.017553 0.151438 0.010000
v -0.014907 0.171262 0.010000
v -0.012261 0.191086 0.000000
v -0.016230 0.161350 0.015000
v -0.024634 0.132463 0.000000
v -0.020498 0.152031 0.010000
v -0.016362 0.171599 0.010000
v -0.012226 0.191166 0.000000
v -0.018430 0.161815 0.015000
v -0.028386 0.133425 0.000000
v -0.023202 0.152742 0.010000
v -0.018018 0.172058 0.010000
v -0.012834 0.191375 0.000000
v -0.020610 0.162400 0.015000
v -0.031428 0.134328 0.000000
v -0.025653 0.153476 0.010000
v -0.019877 0.172624 0.010000
v -0.014102 0.191772 0.000000
v -0.022765 0.163050 0.015000
v -0.051003 0.138764 0.000000
v -0.046518 0.158255 0.010000
v -0.042032 0.177745 0.010000
v -0.037547 0.197236 0.000000
v -0.044275 0.168000 0.015000
v -0.067896 0.139606 0.000000
v -0.066475 0.159555 0.010000
v -0.065055 0.179505 0.010000
v -0.063635 0.199454 0.000000
v -0.065765 0.169530 0.015000
v -0.084565 0.137756 0.000000
v -0.086322 0.157679 0.010000
v -0.088078 0.177601 0.010000
v -0.089835 0.197524 0.000000
v -0.087200 0.167640 0.015000
v -0.101309 0.133217 0.000000
v -0.106137 0.152626 0.010000
v -0.110964 0.172034 0.010000
v -0.115791 0.191443 0.000000
v -0.108550 0.162330 0.015000
v -0.115241 0.128364 0.000000
v -0.121684 0.147298 0.010000
v -0.128126 0.166232 0.010000
v -0.134569 0.185166 0.000000
v -0.124905 0.156765 0.015000
v -0.131101 0.122703 0.000000
v -0.137821 0.141541 0.010000
v -0.144540 0.160379 0.010000
v -0.151259 0.179216 0.000000
v -0.141180 0.150960 0.015000
v -0.147099 0.116847 0.000000
v -0.153973 0.135629 0.010000
v -0.160847 0.154411 0.010000
v -0.167721 0.173192 0.000000
v -0.157410 0.145020 0.015000
v -0.163283 0.110901 0.000000
v -0.170181 0.129673 0.010000
v -0.177079 0.148446 0.010000
v -0.183977 0.167219 0.000000
v -0.173630 0.139060 0.015000
v -0.172025 0.107549 0.000000
v -0.179178 0.126226 0.010000
v -0.186332 0.144903 0.010000
v -0.193485 0.163580 0.000000
v -0.182755 0.135565 0.015000
v -0.180712 0.104078 0.000000
v -0.188127 0.122653 0.010000
v -0.195543 0.141227 0.010000
v -0.202958 0.159802 0.000000
v -0.191835 0.131940 0.015000
v -0.190119 0.100436 0.000000
v -0.197336 0.119089 0.010000
v -0.204554 0.137741 0.010000
v -0.211771 0.156393 0.000000
v -0.200945 0.128415 0.015000
v -0.200319 0.096875 0.000000
v -0.206880 0.115768 0.010000
v -0.213440 0.134661 0.010000
v -0.220001 0.153555 0.000000
v -0.210160 0.125215 0.015000
v -0.210747 0.091649 0.000000
v -0.219409 0.109676 0.010000
v -0.228071 0.127703 0.010000
v -0.236733 0.145731 0.000000
v -0.223740 0.118690 0.015000
v -0.212977 0.087535 0.000000
v -0.226752 0.102035 0.010000
v -0.240528 0.116535 0.010000
v -0.254303 0.131035 0.000000
v -0.233640 0.109285 0.015000
v -0.214091 0.082749 0.000000
v -0.231557 0.092493 0.010000
v -0.249023 0.102237 0.010000
v -0.266489 0.111981 0.000000
v -0.240290 0.097365 0.015000
v -0.215182 0.075408 0.000000
v -0.234477 0.080669 0.010000
v -0.253773 0.085931 0.010000
v -0.273068 0.091192 0.000000
v -0.244125 0.083300 0.015000
v -0.215333 0.072031 0.000000
v -0.235168 0.074597 0.010000
v -0.255002 0.077163 0.010000
v -0.274837 0.079729 0.000000
v -0.245085 0.075880 0.015000
v -0.215620 0.066480 0.000000
v -0.235580 0.067743 0.010000
v -0.255540 0.069007 0.010000
v -0.275500 0.070270 0.000000
v -0.245560 0.068375 0.015000
v -0.215743 0.060134 0.000000
v -0.235738 0.060598 0.010000
v -0.255732 0.061062 0.010000
v -0.275727 0.061526 0.000000
v -0.245735 0.060830 0.015000
v -0.215796 0.053056 0.000000
v -0.235795 0.053215 0.010000
v -0.255795 0.053375 0.010000
v -0.275794 0.053534 0.000000
v -0.245795 0.053295 0.015000
v -0.215895 0.033572 0.000000
v -0.235895 0.033674 0.010000
v -0.255895 0.033776 0.010000
v -0.275895 0.033878 0.000000
v -0.245895 0.033725 0.015000
v -0.215910 0.014132 0.000000
v -0.235910 0.014147 0.010000
v -0.255910 0.014163 0.010000
v -0.275910 0.014178 0.000000
v -0.245910 0.014155 0.015000
v -0.215885 -0.005377 0.000000
v -0.235885 -0.005402 0.010000
v -0.255885 -0.005428 0.010000
v -0.275885 -0.005453 0.000000
v -0.245885 -0.005415 0.015000
v -0.215865 -0.024954 0.000000
v -0.235865 -0.024975 0.010000
v -0.255865 -0.024995 0.010000
v -0.275865 -0.025016 0.000000
v -0.245865 -0.024985 0.015000
v -0.245465 0.005015 0.000000
v -0.245465 -0.014985 0.010000
v -0.245465 -0.034985 0.010000
v -0.245465 -0.054985 0.000000
v -0.245465 -0.024985 0.015000
v -0.245065 0.005015 0.000000
v -0.245065 -0.014985 0.010000
v -0.245065 -0.034985 0.010000
v -0.245065 -0.054985 0.000000
v -0.245065 -0.024985 0.015000
v -0.133130 -0.406205 0.000000
v -0.166073 -0.431259 0.000000
v -0.162874 -0.411516 0.010000
v -0.159676 -0.391774 0.010000
v -0.156477 -0.372031 0.000000
v -0.161275 -0.401645 0.015000
v -0.196126 -0.423947 0.000000
v -0.191335 -0.404529 0.010000
v -0.186545 -0.385111 0.010000
v -0.181754 -0.365693 0.000000
v -0.188940 -0.394820 0.015000
v -0.225314 -0.414720 0.000000
v -0.219245 -0.395663 0.010000
v -0.213175 -0.376607 0.010000
v -0.207106 -0.357550 0.000000
v -0.216210 -0.386135 0.015000
v -0.233171 -0.411581 0.000000
v -0.225517 -0.393104 0.010000
v -0.217863 -0.374626 0.010000
v -0.210209 -0.356149 0.000000
v -0.221690 -0.383865 0.015000
v -0.241076 -0.407535 0.000000
v -0.231689 -0.389875 0.010000
v -0.222301 -0.372215 0.010000
v -0.212914 -0.354555 0.000000
v -0.226995 -0.381045 0.015000
v -0.248105 -0.403199 0.000000
v -0.237435 -0.386283 0.010000
v -0.226765 -0.369367 0.010000
v -0.216095 -0.352451 0.000000
v -0.232100 -0.377825 0.015000
v -0.254405 -0.398762 0.000000
v -0.242785 -0.382484 0.010000
v -0.231165 -0.366206 0.010000
v -0.219545 -0.349928 0.000000
v -0.236975 -0.374345 0.015000
v -0.265097 -0.388835 0.000000
v -0.251146 -0.374505 0.010000
v -0.237194 -0.360175 0.010000
v -0.223242 -0.345845 0.000000
v -0.244170 -0.367340 0.015000
v -0.274897 -0.373998 0.000000
v -0.257512 -0.364109 0.010000
v -0.240128 -0.354221 0.010000
v -0.222743 -0.344332 0.000000
v -0.248820 -0.359165 0.015000
v -0.280207 -0.357015 0.000000
v -0.260769 -0.352309 0.010000
v -0.241331 -0.347602 0.010000
v -0.221892 -0.342895 0.000000
v -0.251050 -0.349955 0.015000
v -0.280995 -0.339687 0.000000
v -0.260995 -0.339796 0.010000
v -0.240995 -0.339905 0.010000
v -0.220995 -0.340014 0.000000
v -0.250995 -0.339850 0.015000
v -0.279987 -0.330498 0.000000
v -0.260176 -0.333236 0.010000
v -0.240364 -0.335974 0.010000
v -0.220553 -0.338713 0.000000
v -0.250270 -0.334605 0.015000
v -0.278367 -0.322855 0.000000
v -0.258862 -0.327278 0.010000
v -0.239358 -0.331702 0.010000
v -0.219853 -0.336125 0.000000
v -0.249110 -0.329490 0.015000
v -0.275420 -0.314161 0.000000
v -0.256670 -0.321121 0.010000
v -0.237920 -0.328080 0.010000
v -0.219170 -0.335039 0.000000
v -0.247295 -0.324600 0.015000
v -0.270466 -0.304820 0.000000
v -0.253225 -0.314957 0.010000
v -0.235985 -0.325094 0.010000
v -0.218744 -0.335231 0.000000
v -0.244605 -0.320025 0.015000
v -0.264713 -0.296525 0.000000
v -0.248404 -0.308102 0.010000
v -0.232096 -0.319679 0.010000
v -0.215787 -0.331256 0.000000
v -0.240250 -0.313890 0.015000
v -0.260378 -0.290403 0.000000
v -0.244056 -0.301961 0.010000
v -0.227734 -0.313519 0.010000
v -0.211412 -0.325077 0.000000
v -0.235895 -0.307740 0.015000
v -0.255154 -0.283546 0.000000
v -0.239275 -0.295705 0.010000
v -0.223395 -0.307865 0.010000
v -0.207516 -0.320024 0.000000
v -0.231335 -0.301785 0.015000
v -0.248696 -0.276212 0.000000
v -0.233809 -0.289567 0.010000
v -0.218921 -0.302923 0.010000
v -0.204034 -0.316278 0.000000
v -0.226365 -0.296245 0.015000
v -0.223574 -0.251093 0.000000
v -0.209451 -0.265254 0.010000
v -0.195329 -0.279416 0.010000
v -0.181206 -0.293577 0.000000
v -0.202390 -0.272335 0.015000
v -0.199363 -0.227198 0.000000
v -0.185314 -0.241433 0.010000
v -0.171266 -0.255668 0.010000
v -0.157217 -0.269902 0.000000
v -0.178290 -0.248550 0.015000
v -0.175093 -0.203424 0.000000
v -0.161098 -0.217711 0.010000
v -0.147102 -0.231999 0.010000
v -0.133107 -0.246286 0.000000
v -0.154100 -0.224855 0.015000
v -0.150798 -0.179736 0.000000
v -0.136836 -0.194055 0.010000
v -0.122874 -0.208375 0.010000
v -0.108912 -0.222695 0.000000
v -0.129855 -0.201215 0.015000
v -0.146119 -0.175846 0.000000
v -0.133780 -0.191585 0.010000
v -0.121440 -0.207325 0.010000
v -0.109101 -0.223065 0.000000
v -0.127610 -0.199455 0.015000
v -0.139312 -0.171674 0.000000
v -0.129777 -0.189255 0.010000
v -0.120243 -0.206836 0.010000
v -0.110708 -0.224417 0.000000
v -0.125010 -0.198045 0.015000
v -0.133675 -0.169166 0.000000
v -0.126042 -0.187652 0.010000
v -0.118408 -0.206138 0.010000
v -0.110775 -0.224624 0.000000
v -0.122225 -0.196895 0.015000
v -0.129360 -0.167605 0.000000
v -0.122733 -0.186475 0.010000
v -0.116107 -0.205345 0.010000
v -0.109480 -0.224216 0.000000
v -0.119420 -0.195910 0.015000
v -0.119796 -0.165888 0.000000
v -0.118732 -0.185859 0.010000
v -0.117668 -0.205831 0.010000
v -0.116604 -0.225803 0.000000
v -0.118200 -0.195845 0.015000
v -0.108551 -0.167401 0.000000
v -0.114037 -0.186634 0.010000
v -0.119523 -0.205867 0.010000
v -0.125008 -0.225100 0.000000
v -0.116780 -0.196250 0.015000
v -0.101481 -0.170397 0.000000
v -0.110757 -0.188116 0.010000
v -0.120033 -0.205835 0.010000
v -0.129309 -0.223554 0.000000
v -0.115395 -0.196975 0.015000
v -0.095611 -0.174377 0.000000
v -0.108054 -0.190036 0.010000
v -0.120496 -0.205694 0.010000
v -0.132938 -0.221353 0.000000
v -0.114275 -0.197865 0.015000
v -0.089653 -0.180669 0.000000
v -0.105498 -0.192873 0.010000
v -0.121342 -0.205077 0.010000
v -0.137187 -0.217281 0.000000
v -0.113420 -0.198975 0.015000
v -0.085877 -0.186989 0.000000
v -0.103792 -0.195880 0.010000
v -0.121708 -0.204771 0.010000
v -0.139623 -0.213662 0.000000
v -0.112750 -0.200325 0.015000
v -0.083473 -0.193612 0.000000
v -0.102721 -0.199044 0.010000
v -0.121969 -0.204476 0.010000
v -0.141217 -0.209909 0.000000
v -0.112345 -0.201760 0.015000
v -0.082314 -0.201917 0.000000
v -0.102298 -0.202722 0.010000
v -0.122282 -0.203528 0.010000
v -0.142266 -0.204333 0.000000
v -0.112290 -0.203125 0.015000
v -0.083002 -0.209989 0.000000
v -0.102757 -0.206870 0.010000
v -0.122513 -0.203750 0.010000
v -0.142268 -0.200631 0.000000
v -0.112635 -0.205310 0.015000
v -0.084080 -0.214777 0.000000
v -0.103480 -0.209916 0.010000
v -0.122880 -0.205054 0.010000
v -0.142280 -0.200193 0.000000
v -0.113180 -0.207485 0.015000
v -0.085663 -0.219643 0.000000
v -0.104508 -0.212944 0.010000
v -0.123352 -0.206246 0.010000
v -0.142197 -0.199548 0.000000
v -0.113930 -0.209595 0.015000
v -0.087883 -0.224641 0.000000
v -0.105888 -0.215934 0.010000
v -0.123892 -0.207226 0.010000
v -0.141897 -0.198519 0.000000
v -0.114890 -0.211580 0.015000
v -0.096442 -0.240021 0.000000
v -0.113887 -0.230240 0.010000
v -0.131333 -0.220460 0.010000
v -0.148778 -0.210679 0.000000
v -0.122610 -0.225350 0.015000
v -0.104266 -0.253858 0.000000
v -0.121675 -0.244013 0.010000
v -0.139085 -0.234168 0.010000
v -0.156494 -0.224323 0.000000
v -0.130380 -0.239090 0.015000
v -0.112089 -0.267631 0.000000
v -0.129480 -0.257754 0.010000
v -0.146870 -0.247877 0.010000
v -0.164261 -0.238000 0.000000
v -0.138175 -0.252815 0.015000
v -0.119893 -0.281363 0.000000
v -0.137281 -0.271481 0.010000
v -0.154669 -0.261599 0.010000
v -0.172057 -0.251718 0.000000
v -0.145975 -0.266540 0.015000
v -0.122041 -0.285015 0.000000
v -0.139270 -0.274859 0.010000
v -0.156500 -0.264702 0.010000
v -0.173729 -0.254545 0.000000
v -0.147885 -0.269780 0.015000
v -0.124151 -0.288511 0.000000
v -0.141270 -0.278171 0.010000
v -0.158390 -0.267830 0.010000
v -0.175509 -0.257489 0.000000
v -0.149830 -0.273000 0.015000
v -0.125719 -0.291242 0.000000
v -0.143043 -0.281247 0.010000
v -0.160367 -0.271253 0.010000
v -0.177691 -0.261259 0.000000
v -0.151705 -0.276250 0.015000
v -0.126656 -0.293178 0.000000
v -0.144485 -0.284116 0.010000
v -0.162315 -0.275054 0.010000
v -0.180144 -0.265992 0.000000
v -0.153400 -0.279585 0.015000
v -0.126320 -0.294440 0.000000
v -0.145640 -0.289270 0.010000
v -0.164960 -0.284100 0.010000
v -0.184280 -0.278930 0.000000
v -0.155300 -0.286685 0.015000
v -0.124959 -0.292607 0.000000
v -0.144933 -0.293626 0.010000
v -0.164907 -0.294645 0.010000
v -0.184881 -0.295663 0.000000
v -0.154920 -0.294135 0.015000
v -0.124095 -0.291521 0.000000
v -0.143008 -0.298024 0.010000
v -0.161922 -0.304527 0.010000
v -0.180835 -0.311030 0.000000
v -0.152465 -0.301275 0.015000
v -0.123583 -0.290199 0.000000
v -0.139948 -0.301696 0.010000
v -0.156312 -0.313194 0.010000
v -0.172677 -0.324692 0.000000
v -0.148130 -0.307445 0.015000
v -0.121309 -0.291637 0.000000
v -0.135196 -0.306029 0.010000
v -0.149084 -0.320421 0.010000
v -0.162971 -0.334813 0.000000
v -0.142140 -0.313225 0.015000
v -0.116871 -0.295071 0.000000
v -0.129437 -0.310631 0.010000
v -0.142003 -0.326190 0.010000
v -0.154569 -0.341749 0.000000
v -0.135720 -0.318410 0.015000
v -0.112323 -0.297908 0.000000
v -0.123341 -0.314600 0.010000
v -0.134359 -0.331291 0.010000
v -0.145377 -0.347982 0.000000
v -0.128850 -0.322945 0.015000
v -0.107603 -0.300203 0.000000
v -0.116874 -0.317924 0.010000
v -0.126146 -0.335646 0.010000
v -0.135417 -0.353367 0.000000
v -0.121510 -0.326785 0.015000
v -0.085499 -0.307703 0.000000
v -0.092170 -0.326558 0.010000
v -0.098840 -0.345413 0.010000
v -0.105511 -0.364267 0.000000
v -0.095505 -0.335985 0.015000
v -0.065295 -0.309860 0.000000
v -0.068022 -0.329674 0.010000
v -0.070748 -0.349487 0.010000
v -0.073475 -0.369300 0.000000
v -0.069385 -0.339580 0.015000
v -0.045793 -0.307363 0.000000
v -0.044021 -0.327285 0.010000
v -0.042249 -0.347206 0.010000
v -0.040477 -0.367127 0.000000
v -0.043135 -0.337245 0.015000
v -0.026032 -0.300132 0.000000
v -0.019844 -0.319151 0.010000
v -0.013656 -0.338170 0.010000
v -0.007468 -0.357188 0.000000
v -0.016750 -0.328660 0.015000
v -0.015990 -0.294727 0.000000
v -0.007033 -0.312609 0.010000
v 0.001923 -0.330491 0.010000
v 0.010880 -0.348374 0.000000
v -0.002555 -0.321550 0.015000
v -0.005013 -0.287769 0.000000
v 0.005532 -0.304763 0.010000
v 0.016078 -0.321757 0.010000
v 0.026623 -0.338751 0.000000
v 0.010805 -0.313260 0.015000
v 0.005162 -0.279872 0.000000
v 0.017261 -0.295797 0.010000
v 0.029359 -0.311723 0.010000
v 0.041458 -0.327649 0.000000
v 0.023310 -0.303760 0.015000
v 0.014597 -0.270976 0.000000
v 0.028162 -0.285672 0.010000
v 0.041728 -0.300368 0.010000
v 0.055293 -0.315064 0.000000
v 0.034945 -0.293020 0.015000
v 0.036811 -0.248384 0.000000
v 0.051057 -0.262421 0.010000
v 0.065303 -0.276459 0.010000
v 0.079549 -0.290496 0.000000
v 0.058180 -0.269440 0.015000
v 0.059999 -0.224802 0.000000
v 0.074260 -0.238824 0.010000
v 0.088520 -0.252846 0.010000
v 0.102781 -0.266869 0.000000
v 0.081390 -0.245835 0.015000
v 0.083038 -0.201189 0.000000
v 0.097353 -0.215157 0.010000
v 0.111667 -0.229124 0.010000
v 0.125982 -0.243091 0.000000
v 0.104510 -0.222140 0.015000
v 0.105860 -0.177487 0.000000
v 0.120266 -0.191359 0.010000
v 0.134673 -0.205231 0.010000
v 0.149080 -0.219104 0.000000
v 0.127470 -0.198295 0.015000
v 0.118861 -0.163534 0.000000
v 0.133490 -0.177172 0.010000
v 0.148120 -0.190809 0.010000
v 0.162749 -0.204446 0.000000
v 0.140805 -0.183990 0.015000
v 0.131578 -0.149385 0.000000
v 0.146449 -0.162759 0.010000
v 0.161321 -0.176132 0.010000
v 0.176192 -0.189505 0.000000
v 0.153885 -0.169445 0.015000
v 0.144369 -0.134915 0.000000
v 0.159353 -0.148162 0.010000
v 0.174337 -0.161409 0.010000
v 0.189321 -0.174655 0.000000
v 0.166845 -0.154785 0.015000
v 0.157365 -0.120246 0.000000
v 0.172335 -0.133509 0.010000
v 0.187305 -0.146772 0.010000
v 0.202275 -0.160035 0.000000
v 0.179820 -0.140140 0.015000
v 0.161165 -0.115887 0.000000
v 0.176238 -0.129033 0.010000
v 0.191312 -0.142178 0.010000
v 0.206385 -0.155323 0.000000
v 0.183775 -0.135605 0.015000
v 0.164779 -0.111619 0.000000
v 0.180036 -0.124550 0.010000
v 0.195294 -0.137481 0.010000
v 0.210551 -0.150411 0.000000
v 0.187665 -0.131015 0.015000
v 0.168641 -0.107051 0.000000
v 0.183914 -0.119964 0.010000
v 0.199186 -0.132877 0.010000
v 0.214459 -0.145789 0.000000
v 0.191550 -0.126420 0.015000
v 0.172811 -0.102232 0.000000
v 0.187930 -0.115324 0.010000
v 0.203050 -0.128416 0.010000
v 0.218169 -0.141509 0.000000
v 0.195490 -0.121870 0.015000
v 0.186631 -0.081794 0.000000
v 0.203114 -0.093121 0.010000
v 0.219596 -0.104449 0.010000
v 0.236079 -0.115777 0.000000
v 0.211355 -0.098785 0.015000
v 0.191647 -0.064221 0.000000
v 0.210529 -0.070814 0.010000
v 0.229411 -0.077406 0.010000
v 0.248293 -0.083999 0.000000
v 0.219970 -0.074110 0.015000
v 0.191949 -0.045823 0.000000
v 0.211896 -0.047274 0.010000
v 0.231844 -0.048726 0.010000
v 0.251791 -0.050178 0.000000
v 0.221870 -0.048000 0.015000
v 0.187954 -0.025231 0.000000
v 0.207715 -0.022147 0.010000
v 0.227475 -0.019063 0.010000
v 0.247236 -0.015980 0.000000
v 0.217595 -0.020605 0.015000
v 0.185690 -0.017626 0.000000
v 0.204987 -0.012369 0.010000
v 0.224283 -0.007112 0.010000
v 0.243580 -0.001855 0.000000
v 0.214635 -0.009740 0.015000
v 0.182655 -0.007630 0.000000
v 0.201798 -0.001840 0.010000
v 0.220942 0.003950 0.010000
v 0.240085 0.009740 0.000000
v 0.211370 0.001055 0.015000
v 0.179347 0.002362 0.000000
v 0.198339 0.008630 0.010000
v 0.217331 0.014899 0.010000
v 0.236323 0.021168 0.000000
v 0.207835 0.011765 0.015000
v 0.175794 0.012316 0.000000
v 0.194635 0.019025 0.010000
v 0.213476 0.025734 0.010000
v 0.232317 0.032444 0.000000
v 0.204055 0.022380 0.015000
v 0.165217 0.040866 0.000000
v 0.183972 0.047812 0.010000
v 0.202728 0.054758 0.010000
v 0.221483 0.061704 0.000000
v 0.193350 0.051285 0.015000
v 0.154442 0.069624 0.000000
v 0.173171 0.076641 0.010000
v 0.191899 0.083658 0.010000
v 0.210628 0.090675 0.000000
v 0.182535 0.080150 0.015000
v 0.143548 0.098316 0.000000
v 0.162246 0.105415 0.010000
v 0.180944 0.112514 0.010000
v 0.199642 0.119613 0.000000
v 0.171595 0.108965 0.015000
v 0.132523 0.126951 0.000000
v 0.151188 0.134137 0.010000
v 0.169852 0.141323 0.010000
v 0.188517 0.148509 0.000000
v 0.160520 0.137730 0.015000
v 0.125665 0.146026 0.000000
v 0.144489 0.152785 0.010000
v 0.163312 0.159544 0.010000
v 0.182135 0.166304 0.000000
v 0.153900 0.156165 0.015000
v 0.119619 0.166364 0.000000
v 0.138803 0.172018 0.010000
v 0.157987 0.177672 0.010000
v 0.177172 0.183325 0.000000
v 0.148395 0.174845 0.015000
v 0.114908 0.187404 0.000000
v 0.134439 0.191708 0.010000
v 0.153971 0.196012 0.010000
v 0.173502 0.200315 0.000000
v 0.144205 0.193860 0.015000
v 0.111810 0.209198 0.000000
v 0.131624 0.211926 0.010000
v 0.151437 0.214654 0.010000
v 0.171250 0.217381 0.000000
v 0.141530 0.213290 0.015000
v 0.110820 0.216888 0.000000
v 0.130657 0.219439 0.010000
v 0.150493 0.221990 0.010000
v 0.170330 0.224542 0.000000
v 0.140575 0.220715 0.015000
v 0.109705 0.222598 0.000000
v 0.129365 0.226269 0.010000
v 0.149025 0.229940 0.010000
v 0.168685 0.233612 0.000000
v 0.139195 0.228105 0.015000
v 0.108270 0.228761 0.000000
v 0.127767 0.233220 0.010000
v 0.147263 0.237679 0.010000
v 0.166760 0.242139 0.000000
v 0.137515 0.235450 0.015000
v 0.106587 0.235342 0.000000
v 0.125969 0.240274 0.010000
v 0.145351 0.245206 0.010000
v 0.164734 0.250138 0.000000
v 0.135660 0.242740 0.015000
v 0.101688 0.248296 0.000000
v 0.120473 0.255162 0.010000
v 0.139257 0.262028 0.010000
v 0.158042 0.268893 0.000000
v 0.129865 0.258595 0.015000
v 0.095836 0.256512 0.000000
v 0.112822 0.267071 0.010000
v 0.129808 0.277629 0.010000
v 0.146794 0.288187 0.000000
v 0.121315 0.272350 0.015000
v 0.088569 0.262896 0.000000
v 0.102850 0.276899 0.010000
v 0.117130 0.290901 0.010000
v 0.131411 0.304903 0.000000
v 0.109990 0.283900 0.015000
v 0.079444 0.268040 0.000000
v 0.090398 0.284773 0.010000
v 0.101352 0.301506 0.010000
v 0.112306 0.318240 0.000000
v 0.095875 0.293140 0.015000
v 0.062280 0.275154 0.000000
v 0.070340 0.293458 0.010000
v 0.078400 0.311762 0.010000
v 0.086461 0.330065 0.000000
v 0.074370 0.302610 0.015000
v 0.043939 0.280104 0.000000
v 0.049433 0.299334 0.010000
v 0.054927 0.318565 0.010000
v 0.060422 0.337795 0.000000
v 0.052180 0.308950 0.015000
v 0.025348 0.282263 0.000000
v 0.027993 0.302088 0.010000
v 0.030637 0.321912 0.010000
v 0.033282 0.341736 0.000000
v 0.029315 0.312000 0.015000
v 0.006301 0.281599 0.000000
v 0.005957 0.301596 0.010000
v 0.005613 0.321593 0.010000
v 0.005269 0.341590 0.000000
v 0.005785 0.311595 0.015000
v -0.001947 0.279495 0.000000
v -0.005812 0.299118 0.010000
v -0.009677 0.318741 0.010000
v -0.013543 0.338364 0.000000
v -0.007745 0.308930 0.015000
v -0.008085 0.276115 0.000000
v -0.016002 0.294481 0.010000
v -0.023918 0.312848 0.010000
v -0.031834 0.331215 0.000000
v -0.019960 0.303665 0.015000
v -0.013580 0.271471 0.000000
v -0.025090 0.287827 0.010000
v -0.036600 0.304183 0.010000
v -0.048110 0.320539 0.000000
v -0.030845 0.296005 0.015000
v -0.018814 0.265295 0.000000
v -0.033188 0.279201 0.010000
v -0.047562 0.293108 0.010000
v -0.061935 0.307015 0.000000
v -0.040375 0.286155 0.015000
v -0.021316 0.261571 0.000000
v -0.037312 0.273577 0.010000
v -0.053308 0.285583 0.010000
v -0.069303 0.297588 0.000000
v -0.045310 0.279580 0.015000
v -0.024845 0.256142 0.000000
v -0.041525 0.267177 0.010000
v -0.058205 0.278212 0.010000
v -0.074885 0.289248 0.000000
v -0.049865 0.272695 0.015000
v -0.028676 0.249901 0.000000
v -0.045699 0.260400 0.010000
v -0.062721 0.270899 0.010000
v -0.079744 0.281398 0.000000
v -0.054210 0.265650 0.015000
v -0.032914 0.242958 0.000000
v -0.049985 0.253379 0.010000
v -0.067055 0.263800 0.010000
v -0.084126 0.274222 0.000000
v -0.058520 0.258590 0.015000
v -0.036563 0.236812 0.000000
v -0.053758 0.247027 0.010000
v -0.070952 0.257243 0.010000
v -0.088146 0.267458 0.000000
v -0.062355 0.252135 0.015000
v -0.039976 0.230789 0.000000
v -0.057369 0.240663 0.010000
v -0.074761 0.250537 0.010000
v -0.092154 0.260411 0.000000
v -0.066065 0.245600 0.015000
v -0.043824 0.224112 0.000000
v -0.061151 0.234100 0.010000
v -0.078478 0.244089 0.010000
v -0.095806 0.254078 0.000000
v -0.069815 0.239095 0.015000
v -0.048277 0.216904 0.000000
v -0.065272 0.227448 0.010000
v -0.082267 0.237992 0.010000
v -0.099263 0.248535 0.000000
v -0.073770 0.232720 0.015000
v -0.055062 0.208287 0.000000
v -0.070451 0.221062 0.010000
v -0.085839 0.233837 0.010000
v -0.101227 0.246612 0.000000
v -0.078145 0.227450 0.015000
v -0.065747 0.199365 0.000000
v -0.077522 0.215532 0.010000
v -0.089298 0.231698 0.010000
v -0.101073 0.247864 0.000000
v -0.083410 0.223615 0.015000
v -0.078622 0.193277 0.000000
v -0.085901 0.211905 0.010000
v -0.093179 0.230534 0.010000
v -0.100457 0.249163 0.000000
v -0.089540 0.221220 0.015000
v -0.092459 0.190545 0.000000
v -0.095160 0.210361 0.010000
v -0.097860 0.230178 0.010000
v -0.100561 0.249995 0.000000
v -0.096510 0.220270 0.015000
v -0.113212 0.190310 0.000000
v -0.113164 0.210310 0.010000
v -0.113116 0.230310 0.010000
v -0.113068 0.250310 0.000000
v -0.113140 0.220310 0.015000
v -0.131893 0.191646 0.000000
v -0.130381 0.211588 0.010000
v -0.128869 0.231531 0.010000
v -0.127357 0.251474 0.000000
v -0.129625 0.221560 0.015000
v -0.150672 0.194561 0.000000
v -0.147494 0.214307 0.010000
v -0.144316 0.234053 0.010000
v -0.141138 0.253799 0.000000
v -0.145905 0.224180 0.015000
v -0.169448 0.199288 0.000000
v -0.164433 0.218649 0.010000
v -0.159417 0.238010 0.010000
v -0.154402 0.257371 0.000000
v -0.161925 0.228330 0.015000
v -0.211915 0.220493 0.000000
v -0.202695 0.238241 0.010000
v -0.193475 0.255989 0.010000
v -0.184255 0.273737 0.000000
v -0.198085 0.247115 0.015000
v -0.247294 0.256006 0.000000
v -0.232641 0.269618 0.010000
v -0.217989 0.283231 0.010000
v -0.203336 0.296844 0.000000
v -0.225315 0.276425 0.015000
v -0.268707 0.301202 0.000000
v -0.250349 0.309137 0.010000
v -0.231991 0.317072 0.010000
v -0.213632 0.325008 0.000000
v -0.241170 0.313105 0.015000
v -0.273168 0.352504 0.000000
v -0.253193 0.353498 0.010000
v -0.233217 0.354492 0.010000
v -0.213242 0.355486 0.000000
v -0.243205 0.353995 0.015000
v -0.271029 0.367967 0.000000
v -0.251406 0.364102 0.010000
v -0.231783 0.360237 0.010000
v -0.212160 0.356373 0.000000
v -0.241595 0.362170 0.015000
v -0.267569 0.379290 0.000000
v -0.248553 0.373093 0.010000
v -0.229537 0.366896 0.010000
v -0.210521 0.360700 0.000000
v -0.239045 0.369995 0.015000
v -0.262770 0.390111 0.000000
v -0.244640 0.381667 0.010000
v -0.226510 0.373222 0.010000
v -0.208380 0.364778 0.000000
v -0.235575 0.377445 0.015000
v -0.256714 0.400294 0.000000
v -0.239708 0.389768 0.010000
v -0.222702 0.379242 0.010000
v -0.205696 0.368715 0.000000
v -0.231205 0.384505 0.015000
v -0.246448 0.412806 0.000000
v -0.231273 0.399778 0.010000
v -0.216097 0.386751 0.010000
v -0.200922 0.373724 0.000000
v -0.223685 0.393265 0.015000
v -0.232960 0.423863 0.000000
v -0.220897 0.407911 0.010000
v -0.208833 0.391959 0.010000
v -0.196769 0.376007 0.000000
v -0.214865 0.399935 0.015000
v -0.216932 0.431825 0.000000
v -0.208841 0.413535 0.010000
v -0.200749 0.395245 0.010000
v -0.192658 0.376955 0.000000
v -0.204795 0.404390 0.015000
v -0.199078 0.435992 0.000000
v -0.195379 0.416337 0.010000
v -0.191680 0.396682 0.010000
v -0.187982 0.377027 0.000000
v -0.193530 0.406510 0.015000
v -0.186974 0.436927 0.000000
v -0.185848 0.416959 0.010000
v -0.184722 0.396991 0.010000
v -0.183596 0.377022 0.000000
v -0.185285 0.406975 0.015000
v -0.177302 0.437058 0.000000
v -0.177097 0.417059 0.010000
v -0.176892 0.397060 0.010000
v -0.176688 0.377061 0.000000
v -0.176995 0.407060 0.015000
v -0.167470 0.436689 0.000000
v -0.168303 0.416706 0.010000
v -0.169136 0.396723 0.010000
v -0.169969 0.376741 0.000000
v -0.168720 0.406715 0.015000
v -0.157484 0.435725 0.000000
v -0.159511 0.415828 0.010000
v -0.161539 0.395931 0.010000
v -0.163566 0.376034 0.000000
v -0.160525 0.405880 0.015000
v -0.133262 0.432325 0.000000
v -0.136060 0.412521 0.010000
v -0.138859 0.392718 0.010000
v -0.141658 0.372915 0.000000
v -0.137460 0.402620 0.015000
v -0.109931 0.428791 0.000000
v -0.112927 0.409017 0.010000
v -0.115923 0.389243 0.010000
v -0.118919 0.369468 0.000000
v -0.114425 0.399130 0.015000
v -0.086757 0.425157 0.000000
v -0.089856 0.405399 0.010000
v -0.092954 0.385640 0.010000
v -0.096053 0.365882 0.000000
v -0.091405 0.395520 0.015000
v -0.063716 0.421523 0.000000
v -0.066832 0.401768 0.010000
v -0.069948 0.382012 0.010000
v -0.073064 0.362256 0.000000
v -0.068390 0.391890 0.015000
v -0.039900 0.417713 0.000000
v -0.043060 0.397964 0.010000
v -0.046220 0.378215 0.010000
v -0.049380 0.358467 0.000000
v -0.044640 0.388090 0.015000
v -0.016079 0.413835 0.000000
v -0.019293 0.394095 0.010000
v -0.022507 0.374355 0.010000
v -0.025721 0.354615 0.000000
v -0.020900 0.384225 0.015000
v 0.007584 0.410054 0.000000
v 0.004428 0.390304 0.010000
v 0.001272 0.370555 0.010000
v -0.001884 0.350806 0.000000
v 0.002850 0.380430 0.015000
v 0.031108 0.406504 0.000000
v 0.028123 0.386728 0.010000
v 0.025137 0.366952 0.010000
v 0.022152 0.347176 0.000000
v 0.026630 0.376840 0.015000
v 0.065159 0.400580 0.000000
v 0.061726 0.380876 0.010000
v 0.058294 0.361173 0.010000
v 0.054861 0.341470 0.000000
v 0.060010 0.371025 0.015000
v 0.099753 0.392448 0.000000
v 0.095148 0.372986 0.010000
v 0.090542 0.353523 0.010000
v 0.085937 0.334061 0.000000
v 0.092845 0.363255 0.015000
v 0.133849 0.382129 0.000000
v 0.128023 0.362996 0.010000
v 0.122197 0.343863 0.010000
v 0.116371 0.324731 0.000000
v 0.125110 0.353430 0.015000
v 0.167394 0.369509 0.000000
v 0.160318 0.350803 0.010000
v 0.153242 0.332097 0.010000
v 0.146166 0.313390 0.000000
v 0.156780 0.341450 0.015000
v 0.175526 0.366045 0.000000
v 0.167625 0.347671 0.010000
v 0.159725 0.329298 0.010000
v 0.151824 0.310925 0.000000
v 0.163675 0.338485 0.015000
v 0.183293 0.362398 0.000000
v 0.174754 0.344313 0.010000
v 0.166216 0.326227 0.010000
v 0.157678 0.308141 0.000000
v 0.170485 0.335270 0.015000
v 0.191358 0.358087 0.000000
v 0.181843 0.340495 0.010000
v 0.172327 0.322904 0.010000
v 0.162812 0.305313 0.000000
v 0.177085 0.331700 0.015000
v 0.199607 0.352869 0.000000
v 0.188759 0.336066 0.010000
v 0.177911 0.319263 0.010000
v 0.167064 0.302461 0.000000
v 0.183335 0.327665 0.015000
v 0.220270 0.334369 0.000000
v 0.206690 0.319686 0.010000
v 0.193110 0.305003 0.010000
v 0.179531 0.290320 0.000000
v 0.199900 0.312345 0.015000
v 0.236400 0.309886 0.000000
v 0.219267 0.299568 0.010000
v 0.202133 0.289251 0.010000
v 0.185000 0.278934 0.000000
v 0.210700 0.294410 0.015000
v 0.245033 0.281661 0.000000
v 0.225681 0.276610 0.010000
v 0.206329 0.271559 0.010000
v 0.186978 0.266508 0.000000
v 0.216005 0.274085 0.015000
v 0.246080 0.251705 0.000000
v 0.226080 0.251638 0.010000
v 0.206080 0.251571 0.010000
v 0.186080 0.251505 0.000000
v 0.216080 0.251605 0.015000
v 0.243615 0.234123 0.000000
v 0.223879 0.237357 0.010000
v 0.204142 0.240592 0.010000
v 0.184405 0.243827 0.000000
v 0.214010 0.238975 0.015000
v 0.239594 0.218790 0.000000
v 0.220301 0.224063 0.010000
v 0.201009 0.229336 0.010000
v 0.181717 0.234609 0.000000
v 0.210655 0.226700 0.015000
v 0.234435 0.204396 0.000000
v 0.215655 0.211275 0.010000
v 0.196875 0.218154 0.010000
v 0.178096 0.225033 0.000000
v 0.206265 0.214715 0.015000
v 0.228557 0.190882 0.000000
v 0.210249 0.198934 0.010000
v 0.191941 0.206986 0.010000
v 0.173634 0.215038 0.000000
v 0.201095 0.202960 0.015000
v 0.224897 0.182921 0.000000
v 0.206729 0.191283 0.010000
v 0.188561 0.199646 0.010000
v 0.170394 0.208009 0.000000
v 0.197645 0.195465 0.015000
v 0.221820 0.175874 0.000000
v 0.203497 0.183891 0.010000
v 0.185174 0.191908 0.010000
v 0.166851 0.199925 0.000000
v 0.194335 0.187900 0.015000
v 0.219062 0.169014 0.000000
v 0.200517 0.176504 0.010000
v 0.181973 0.183995 0.010000
v 0.163429 0.191485 0.000000
v 0.191245 0.180250 0.015000
v 0.216647 0.162289 0.000000
v 0.197843 0.169099 0.010000
v 0.179038 0.175910 0.010000
v 0.160233 0.182721 0.000000
v 0.188440 0.172505 0.015000
v 0.212909 0.144881 0.000000
v 0.193410 0.149330 0.010000
v 0.173911 0.153779 0.010000
v 0.154412 0.158228 0.000000
v 0.183660 0.151555 0.015000
v 0.213408 0.130561 0.000000
v 0.193409 0.130804 0.010000
v 0.173411 0.131046 0.010000
v 0.153412 0.131288 0.000000
v 0.183410 0.130925 0.015000
v 0.216859 0.116530 0.000000
v 0.197243 0.112630 0.010000
v 0.177627 0.108730 0.010000
v 0.158011 0.104830 0.000000
v 0.187435 0.110680 0.015000
v 0.223278 0.102192 0.000000
v 0.204753 0.094654 0.010000
v 0.186228 0.087116 0.010000
v 0.167703 0.079577 0.000000
v 0.195490 0.090885 0.015000
v 0.226457 0.096867 0.000000
v 0.208949 0.087199 0.010000
v 0.191441 0.077531 0.010000
v 0.173934 0.067862 0.000000
v 0.200195 0.082365 0.015000
v 0.230823 0.089939 0.000000
v 0.213848 0.079363 0.010000
v 0.196873 0.068787 0.010000
v 0.179898 0.058211 0.000000
v 0.205360 0.074075 0.015000
v 0.235722 0.082672 0.000000
v 0.219118 0.071524 0.010000
v 0.202513 0.060376 0.010000
v 0.185908 0.049227 0.000000
v 0.210815 0.065950 0.015000
v 0.241026 0.075051 0.000000
v 0.224606 0.063634 0.010000
v 0.208185 0.052216 0.010000
v 0.191764 0.040798 0.000000
v 0.216395 0.057925 0.015000
v 0.248662 0.064417 0.000000
v 0.232414 0.052756 0.010000
v 0.216166 0.041094 0.010000
v 0.199918 0.029432 0.000000
v 0.224290 0.046925 0.015000
v 0.256460 0.053885 0.000000
v 0.240384 0.041988 0.010000
v 0.224307 0.030091 0.010000
v 0.208230 0.018194 0.000000
v 0.232345 0.036040 0.015000
v 0.264524 0.042965 0.000000
v 0.248435 0.031085 0.010000
v 0.232346 0.019204 0.010000
v 0.216257 0.007324 0.000000
v 0.240390 0.025145 0.015000
v 0.272678 0.031527 0.000000
v 0.256390 0.019922 0.010000
v 0.240101 0.008317 0.010000
v 0.223812 -0.003288 0.000000
v 0.248245 0.014120 0.015000
v 0.277730 0.024069 0.000000
v 0.261160 0.012870 0.010000
v 0.244590 0.001670 0.010000
v 0.228020 -0.009530 0.000000
v 0.252875 0.007270 0.015000
v 0.282652 0.016326 0.000000
v 0.265758 0.005622 0.010000
v 0.248863 -0.005082 0.010000
v 0.231968 -0.015786 0.000000
v 0.257310 0.000270 0.015000
v 0.287446 0.008033 0.000000
v 0.270102 -0.001926 0.010000
v 0.252758 -0.011885 0.010000
v 0.235414 -0.021844 0.000000
v 0.261430 -0.006905 0.015000
v 0.291944 -0.000847 0.000000
v 0.274058 -0.009796 0.010000
v 0.256172 -0.018745 0.010000
v 0.238286 -0.027694 0.000000
v 0.265115 -0.014270 0.015000
v 0.300174 -0.024358 0.000000
v 0.281221 -0.030746 0.010000
v 0.262269 -0.037134 0.010000
v 0.243317 -0.043522 0.000000
v 0.271745 -0.033940 0.015000
v 0.303446 -0.050780 0.000000
v 0.283532 -0.052637 0.010000
v 0.263618 -0.054494 0.010000
v 0.243705 -0.056351 0.000000
v 0.273575 -0.053565 0.015000
v 0.300288 -0.077572 0.000000
v 0.280513 -0.074584 0.010000
v 0.260737 -0.071596 0.010000
v 0.240962 -0.068609 0.000000
v 0.270625 -0.073090 0.015000
v 0.290790 -0.103560 0.000000
v 0.272207 -0.096167 0.010000
v 0.253623 -0.088774 0.010000
v 0.235040 -0.081381 0.000000
v 0.262915 -0.092470 0.015000
v 0.282671 -0.118431 0.000000
v 0.265280 -0.108554 0.010000
v 0.247890 -0.098677 0.010000
v 0.230499 -0.088799 0.000000
v 0.256585 -0.103615 0.015000
v 0.274693 -0.130732 0.000000
v 0.257958 -0.119781 0.010000
v 0.241222 -0.108830 0.010000
v 0.224487 -0.097879 0.000000
v 0.249590 -0.114305 0.015000
v 0.266251 -0.142333 0.000000
v 0.250114 -0.130518 0.010000
v 0.233977 -0.118703 0.010000
v 0.217839 -0.106888 0.000000
v 0.242045 -0.124610 0.015000
v 0.257509 -0.153323 0.000000
v 0.241880 -0.140845 0.010000
v 0.226250 -0.128366 0.010000
v 0.210621 -0.115887 0.000000
v 0.234065 -0.134605 0.015000
v 0.249313 -0.163107 0.000000
v 0.233991 -0.150252 0.010000
v 0.218669 -0.137398 0.010000
v 0.203347 -0.124544 0.000000
v 0.226330 -0.143825 0.015000
v 0.241256 -0.172498 0.000000
v 0.226079 -0.159473 0.010000
v 0.210902 -0.146448 0.010000
v 0.195725 -0.133422 0.000000
v 0.218490 -0.152960 0.015000
v 0.233195 -0.181747 0.000000
v 0.218118 -0.168606 0.010000
v 0.203042 -0.155465 0.010000
v 0.187965 -0.142323 0.000000
v 0.210580 -0.162035 0.015000
v 0.225175 -0.190879 0.000000
v 0.210148 -0.177680 0.010000
v 0.195122 -0.164481 0.010000
v 0.180096 -0.151282 0.000000
v 0.202635 -0.171080 0.015000
v 0.188291 -0.232683 0.000000
v 0.173294 -0.219451 0.010000
v 0.158296 -0.206219 0.010000
v 0.143299 -0.192987 0.000000
v 0.165795 -0.212835 0.015000
v 0.151406 -0.274425 0.000000
v 0.136419 -0.261182 0.010000
v 0.121432 -0.247939 0.010000
v 0.106444 -0.234695 0.000000
v 0.128925 -0.254560 0.015000
v 0.114640 -0.316177 0.000000
v 0.099630 -0.302959 0.010000
v 0.084620 -0.289742 0.010000
v 0.069610 -0.276524 0.000000
v 0.092125 -0.296350 0.015000
v 0.078104 -0.358025 0.000000
v 0.063038 -0.344872 0.010000
v 0.047972 -0.331719 0.010000
v 0.032906 -0.318565 0.000000
v 0.055505 -0.338295 0.015000
v 0.053426 -0.382730 0.000000
v 0.039306 -0.368567 0.010000
v 0.025185 -0.354404 0.010000
v 0.011064 -0.340240 0.000000
v 0.032245 -0.361485 0.015000
v 0.023962 -0.404461 0.000000
v 0.012258 -0.388244 0.010000
v 0.000553 -0.372027 0.010000
v -0.011152 -0.355810 0.000000
v 0.006405 -0.380135 0.015000
v -0.009070 -0.420994 0.000000
v -0.017803 -0.403002 0.010000
v -0.026537 -0.385009 0.010000
v -0.035270 -0.367017 0.000000
v -0.022170 -0.394005 0.015000
v -0.045512 -0.431735 0.000000
v -0.050927 -0.412482 0.010000
v -0.056343 -0.393229 0.010000
v -0.061758 -0.373976 0.000000
v -0.053635 -0.402855 0.015000
v -0.061695 -0.434432 0.000000
v -0.064712 -0.414661 0.010000
v -0.067728 -0.394890 0.010000
v -0.070744 -0.375119 0.000000
v -0.066220 -0.404775 0.015000
v -0.075959 -0.435893 0.000000
v -0.077940 -0.415991 0.010000
v -0.079920 -0.396090 0.010000
v -0.081901 -0.376188 0.000000
v -0.078930 -0.406040 0.015000
v 0.155315 -0.311040 0.000000
v 0.131170 -0.288023 0.000000
v 0.150223 -0.294104 0.010000
v 0.169277 -0.300186 0.010000
v 0.188330 -0.306267 0.000000
v 0.159750 -0.297145 0.015000
v 0.141736 -0.269081 0.000000
v 0.158805 -0.279504 0.010000
v 0.175875 -0.289926 0.010000
v 0.192944 -0.300349 0.000000
v 0.167340 -0.284715 0.015000
v 0.156977 -0.252626 0.000000
v 0.171136 -0.266752 0.010000
v 0.185294 -0.280878 0.010000
v 0.199453 -0.295004 0.000000
v 0.178215 -0.273815 0.015000
v 0.169809 -0.242003 0.000000
v 0.182410 -0.257534 0.010000
v 0.195011 -0.273066 0.010000
v 0.207612 -0.288597 0.000000
v 0.188710 -0.265300 0.015000
v 0.180286 -0.233493 0.000000
v 0.192896 -0.249018 0.010000
v 0.205505 -0.264542 0.010000
v 0.218114 -0.280067 0.000000
v 0.199200 -0.256780 0.015000
v 0.191068 -0.224899 0.000000
v 0.203533 -0.240540 0.010000
v 0.215998 -0.256180 0.010000
v 0.228463 -0.271821 0.000000
v 0.209765 -0.248360 0.015000
v 0.202255 -0.216328 0.000000
v 0.214412 -0.232210 0.010000
v 0.226569 -0.248091 0.010000
v 0.238725 -0.263972 0.000000
v 0.220490 -0.240150 0.015000
v 0.220226 -0.203088 0.000000
v 0.232086 -0.219193 0.010000
v 0.243945 -0.235297 0.010000
v 0.255804 -0.251402 0.000000
v 0.238015 -0.227245 0.015000
v 0.238060 -0.190178 0.000000
v 0.249787 -0.206380 0.010000
v 0.261514 -0.222581 0.010000
v 0.273241 -0.238782 0.000000
v 0.255650 -0.214480 0.015000
v 0.255828 -0.177415 0.000000
v 0.267496 -0.193658 0.010000
v 0.279164 -0.209902 0.010000
v 0.290832 -0.226145 0.000000
v 0.273330 -0.201780 0.015000
v 0.273490 -0.164714 0.000000
v 0.285167 -0.180951 0.010000
v 0.296843 -0.197189 0.010000
v 0.308520 -0.213427 0.000000
v 0.291005 -0.189070 0.015000
v 0.288515 -0.154888 0.000000
v 0.299432 -0.171646 0.010000
v 0.310348 -0.188404 0.010000
v 0.321265 -0.205162 0.000000
v 0.304890 -0.180025 0.015000
v 0.305686 -0.145844 0.000000
v 0.314869 -0.163611 0.010000
v 0.324051 -0.181379 0.010000
v 0.333234 -0.199146 0.000000
v 0.319460 -0.172495 0.015000
v 0.323814 -0.138583 0.000000
v 0.331095 -0.157211 0.010000
v 0.338375 -0.175839 0.010000
v 0.345656 -0.194467 0.000000
v 0.334735 -0.166525 0.015000
v 0.342856 -0.133223 0.000000
v 0.348109 -0.152521 0.010000
v 0.353361 -0.171819 0.010000
v 0.358614 -0.191117 0.000000
v 0.350735 -0.162170 0.015000
v 0.354401 -0.132278 0.000000
v 0.353720 -0.152266 0.010000
v 0.353040 -0.172254 0.010000
v 0.352359 -0.192243 0.000000
v 0.353380 -0.162260 0.015000
v 0.365867 -0.134792 0.000000
v 0.359589 -0.153781 0.010000
v 0.353311 -0.172770 0.010000
v 0.347033 -0.191759 0.000000
v 0.356450 -0.163275 0.015000
v 0.374324 -0.138965 0.000000
v 0.364271 -0.156255 0.010000
v 0.354219 -0.173545 0.010000
v 0.344166 -0.190835 0.000000
v 0.359245 -0.164900 0.015000
v 0.382791 -0.146122 0.000000
v 0.368314 -0.159921 0.010000
v 0.353836 -0.173720 0.010000
v 0.339359 -0.187518 0.000000
v 0.361075 -0.166820 0.015000
v 0.394737 -0.168652 0.000000
v 0.376469 -0.176794 0.010000
v 0.358201 -0.184936 0.010000
v 0.339934 -0.193078 0.000000
v 0.367335 -0.180865 0.015000
v 0.399730 -0.189045 0.000000
v 0.380163 -0.193185 0.010000
v 0.360597 -0.197325 0.010000
v 0.341030 -0.201466 0.000000
v 0.370380 -0.195255 0.015000
v 0.400203 -0.210263 0.000000
v 0.380204 -0.210025 0.010000
v 0.360206 -0.209786 0.010000
v 0.340207 -0.209547 0.000000
v 0.370205 -0.209905 0.015000
v 0.396045 -0.231431 0.000000
v 0.376552 -0.226957 0.010000
v 0.357058 -0.222483 0.010000
v 0.337565 -0.218010 0.000000
v 0.366805 -0.224720 0.015000
v 0.391451 -0.244780 0.000000
v 0.372644 -0.237977 0.010000
v 0.353836 -0.231173 0.010000
v 0.335029 -0.224370 0.000000
v 0.363240 -0.234575 0.015000
v 0.386943 -0.255761 0.000000
v 0.368461 -0.248117 0.010000
v 0.349979 -0.240473 0.010000
v 0.331498 -0.232829 0.000000
v 0.359220 -0.244295 0.015000
v 0.381869 -0.266602 0.000000
v 0.363780 -0.258071 0.010000
v 0.345690 -0.249540 0.010000
v 0.327601 -0.241008 0.000000
v 0.354735 -0.253805 0.015000
v 0.376206 -0.277227 0.000000
v 0.358589 -0.267759 0.010000
v 0.340971 -0.258291 0.010000
v 0.323354 -0.248823 0.000000
v 0.349780 -0.263025 0.015000
v 0.358251 -0.304744 0.000000
v 0.341540 -0.293755 0.010000
v 0.324830 -0.282766 0.010000
v 0.308119 -0.271777 0.000000
v 0.333185 -0.288260 0.015000
v 0.336685 -0.330397 0.000000
v 0.321465 -0.317423 0.010000
v 0.306245 -0.304448 0.010000
v 0.291025 -0.291473 0.000000
v 0.313855 -0.310935 0.015000
v 0.312094 -0.353195 0.000000
v 0.298598 -0.338435 0.010000
v 0.285102 -0.323675 0.010000
v 0.271606 -0.308915 0.000000
v 0.291850 -0.331055 0.015000
v 0.284660 -0.373047 0.000000
v 0.273040 -0.356769 0.010000
v 0.261420 -0.340491 0.010000
v 0.249800 -0.324213 0.000000
v 0.267230 -0.348630 0.015000
v 0.268878 -0.382134 0.000000
v 0.259063 -0.364708 0.010000
v 0.249247 -0.347282 0.010000
v 0.239432 -0.329857 0.000000
v 0.254155 -0.355995 0.015000
v 0.253085 -0.389487 0.000000
v 0.244752 -0.371306 0.010000
v 0.236418 -0.353125 0.010000
v 0.228085 -0.334943 0.000000
v 0.240585 -0.362215 0.015000
v 0.237465 -0.395592 0.000000
v 0.230245 -0.376941 0.010000
v 0.223025 -0.358289 0.010000
v 0.215805 -0.339638 0.000000
v 0.226635 -0.367615 0.015000
v 0.222189 -0.400878 0.000000
v 0.215673 -0.381970 0.010000
v 0.209157 -0.363061 0.010000
v 0.202641 -0.344152 0.000000
v 0.212415 -0.372515 0.015000
v 0.194054 -0.403611 0.000000
v 0.192915 -0.383644 0.010000
v 0.191776 -0.363676 0.010000
v 0.190636 -0.343709 0.000000
v 0.192345 -0.373660 0.015000
v 0.161232 -0.393005 0.000000
v 0.169077 -0.374609 0.010000
v 0.176923 -0.356212 0.010000
v 0.184769 -0.337815 0.000000
v 0.173000 -0.365410 0.015000
v 0.313915 0.094130 0.000000
v 0.338291 0.075500 0.000000
v 0.320210 0.084050 0.010000
v 0.302130 0.092600 0.010000
v 0.284049 0.101150 0.000000
v 0.311170 0.088325 0.015000
v 0.326031 0.061730 0.000000
v 0.313384 0.077223 0.010000
v 0.300736 0.092717 0.010000
v 0.288089 0.108210 0.000000
v 0.307060 0.084970 0.015000
v 0.306712 0.054556 0.000000
v 0.303641 0.074319 0.010000
v 0.300569 0.094081 0.010000
v 0.297498 0.113844 0.000000
v 0.302105 0.084200 0.015000
v 0.283075 0.057027 0.000000
v 0.286458 0.076739 0.010000
v 0.289841 0.096451 0.010000
v 0.293224 0.116163 0.000000
v 0.288150 0.086595 0.015000
v 0.266114 0.061910 0.000000
v 0.271895 0.081057 0.010000
v 0.277675 0.100203 0.010000
v 0.283456 0.119350 0.000000
v 0.274785 0.090630 0.015000
v 0.249902 0.068815 0.000000
v 0.257970 0.087115 0.010000
v 0.266039 0.105415 0.010000
v 0.274108 0.123715 0.000000
v 0.262005 0.096265 0.015000
v 0.234573 0.077609 0.000000
v 0.244728 0.094840 0.010000
v 0.254882 0.112070 0.010000
v 0.265037 0.129300 0.000000
v 0.249805 0.103455 0.015000
v 0.225067 0.086140 0.000000
v 0.240042 0.099397 0.010000
v 0.255018 0.112653 0.010000
v 0.269993 0.125910 0.000000
v 0.247530 0.106025 0.015000
v 0.218004 0.099487 0.000000
v 0.236831 0.106236 0.010000
v 0.255658 0.112984 0.010000
v 0.274486 0.119733 0.000000
v 0.246245 0.109610 0.015000
v 0.216097 0.112107 0.000000
v 0.236076 0.113032 0.010000
v 0.256054 0.113958 0.010000
v 0.276033 0.114883 0.000000
v 0.246065 0.113495 0.015000
v 0.218361 0.125565 0.000000
v 0.237524 0.119838 0.010000
v 0.256686 0.114112 0.010000
v 0.275849 0.108385 0.000000
v 0.247105 0.116975 0.015000
v 0.220858 0.131583 0.000000
v 0.238799 0.122744 0.010000
v 0.256741 0.113906 0.010000
v 0.274682 0.105067 0.000000
v 0.247770 0.118325 0.015000
v 0.221152 0.132245 0.000000
v 0.239321 0.123885 0.010000
v 0.257489 0.115525 0.010000
v 0.275658 0.107165 0.000000
v 0.248405 0.119705 0.015000
v 0.222785 0.135384 0.000000
v 0.240338 0.125798 0.010000
v 0.257891 0.116212 0.010000
v 0.275445 0.106626 0.000000
v 0.249115 0.121005 0.015000
v 0.226838 0.141149 0.000000
v 0.242289 0.128450 0.010000
v 0.257740 0.115750 0.010000
v 0.273191 0.103051 0.000000
v 0.250015 0.122100 0.015000
v 0.237789 0.151664 0.000000
v 0.251376 0.136988 0.010000
v 0.264964 0.122312 0.010000
v 0.278551 0.107636 0.000000
v 0.258170 0.129650 0.015000
v 0.246077 0.159270 0.000000
v 0.259599 0.144533 0.010000
v 0.273121 0.129797 0.010000
v 0.286643 0.115060 0.000000
v 0.266360 0.137165 0.015000
v 0.254446 0.166857 0.000000
v 0.267879 0.152039 0.010000
v 0.281311 0.137221 0.010000
v 0.294744 0.122403 0.000000
v 0.274595 0.144630 0.015000
v 0.262880 0.174401 0.000000
v 0.276213 0.159494 0.010000
v 0.289547 0.144586 0.010000
v 0.302880 0.129679 0.000000
v 0.282880 0.152040 0.015000
v 0.273356 0.180688 0.000000
v 0.281752 0.162536 0.010000
v 0.290148 0.144384 0.010000
v 0.298544 0.126232 0.000000
v 0.285950 0.153460 0.015000
v 0.290118 0.183402 0.000000
v 0.289823 0.163404 0.010000
v 0.289527 0.143406 0.010000
v 0.289232 0.123408 0.000000
v 0.289675 0.153405 0.015000
v 0.303739 0.180187 0.000000
v 0.296793 0.161433 0.010000
v 0.289847 0.142677 0.010000
v 0.282901 0.123923 0.000000
v 0.293320 0.152055 0.015000
v 0.315838 0.172227 0.000000
v 0.302706 0.157142 0.010000
v 0.289574 0.142058 0.010000
v 0.276442 0.126973 0.000000
v 0.296140 0.149600 0.015000
v 0.329065 0.153556 0.000000
v 0.312118 0.142935 0.010000
v 0.295172 0.132315 0.010000
v 0.278225 0.121694 0.000000
v 0.303645 0.137625 0.015000
v 0.336507 0.137690 0.000000
v 0.318266 0.129490 0.010000
v 0.300024 0.121290 0.010000
v 0.281783 0.113090 0.000000
v 0.309145 0.125390 0.015000
v -0.244235 -0.047570 0.000000
v -0.214215 -0.070123 0.000000
v -0.234215 -0.070141 -0.010000
v -0.254215 -0.070159 -0.010000
v -0.274215 -0.070177 0.000000
v -0.244215 -0.070150 -0.015000
v -0.214225 -0.092743 0.000000
v -0.234225 -0.092734 -0.010000
v -0.254225 -0.092726 -0.010000
v -0.274225 -0.092717 0.000000
v -0.244225 -0.092730 -0.015000
v -0.214310 -0.115423 0.000000
v -0.234310 -0.115348 -0.010000
v -0.254310 -0.115272 -0.010000
v -0.274310 -0.115197 0.000000
v -0.244310 -0.115310 -0.015000
v -0.213961 -0.124028 0.000000
v -0.233947 -0.124779 -0.010000
v -0.253933 -0.125531 -0.010000
v -0.273919 -0.126282 0.000000
v -0.243940 -0.125155 -0.015000
v -0.212923 -0.130875 0.000000
v -0.232751 -0.133495 -0.010000
v -0.252579 -0.136115 -0.010000
v -0.272407 -0.138735 0.000000
v -0.242665 -0.134805 -0.015000
v -0.211229 -0.137269 0.000000
v -0.230680 -0.141923 -0.010000
v -0.250130 -0.146577 -0.010000
v -0.269581 -0.151231 0.000000
v -0.240405 -0.144250 -0.015000
v -0.208857 -0.143316 0.000000
v -0.227676 -0.150089 -0.010000
v -0.246494 -0.156861 -0.010000
v -0.265313 -0.163634 0.000000
v -0.237085 -0.153475 -0.015000
v -0.207664 -0.144283 0.000000
v -0.224875 -0.154471 -0.010000
v -0.242085 -0.164659 -0.010000
v -0.259296 -0.174847 0.000000
v -0.233480 -0.159565 -0.015000
v -0.208391 -0.141855 0.000000
v -0.221887 -0.156615 -0.010000
v -0.235383 -0.171375 -0.010000
v -0.248879 -0.186135 0.000000
v -0.228635 -0.163995 -0.015000
v -0.210243 -0.139411 0.000000
v -0.218544 -0.157607 -0.010000
v -0.226846 -0.175803 -0.010000
v -0.235147 -0.193999 0.000000
v -0.222695 -0.166705 -0.015000
v -0.211773 -0.137913 0.000000
v -0.214464 -0.157731 -0.010000
v -0.217156 -0.177549 -0.010000
v -0.219847 -0.197367 0.000000
v -0.215810 -0.167640 -0.015000
v -0.208015 -0.137304 0.000000
v -0.207215 -0.157288 -0.010000
v -0.206415 -0.177272 -0.010000
v -0.205615 -0.197256 0.000000
v -0.206815 -0.167280 -0.015000
v -0.201832 -0.136366 0.000000
v -0.199224 -0.156195 -0.010000
v -0.196616 -0.176025 -0.010000
v -0.194008 -0.195854 0.000000
v -0.197920 -0.166110 -0.015000
v -0.195940 -0.134852 0.000000
v -0.191417 -0.154334 -0.010000
v -0.186893 -0.173816 -0.010000
v -0.182370 -0.193298 0.000000
v -0.189155 -0.164075 -0.015000
v -0.190294 -0.132746 0.000000
v -0.183798 -0.151662 -0.010000
v -0.177302 -0.170578 -0.010000
v -0.170806 -0.189494 0.000000
v -0.180550 -0.161120 -0.015000
v -0.177648 -0.127691 0.000000
v -0.170269 -0.146280 -0.010000
v -0.162891 -0.164870 -0.010000
v -0.155512 -0.183459 0.000000
v -0.166580 -0.155575 -0.015000
v -0.163472 -0.122164 0.000000
v -0.156207 -0.140798 -0.010000
v -0.148943 -0.159432 -0.010000
v -0.141678 -0.178066 0.000000
v -0.152575 -0.150115 -0.015000
v -0.149484 -0.116704 0.000000
v -0.142211 -0.135335 -0.010000
v -0.134939 -0.153965 -0.010000
v -0.127666 -0.172596 0.000000
v -0.138575 -0.144650 -0.015000
v -0.135724 -0.111218 0.000000
v -0.128318 -0.129796 -0.010000
v -0.120912 -0.148374 -0.010000
v -0.113506 -0.166952 0.000000
v -0.124615 -0.139085 -0.015000
v -0.124300 -0.106481 0.000000
v -0.116643 -0.124957 -0.010000
v -0.108987 -0.143433 -0.010000
v -0.101330 -0.161910 0.000000
v -0.112815 -0.134195 -0.015000
v -0.112802 -0.101589 0.000000
v -0.104974 -0.119993 -0.010000
v -0.097146 -0.138397 -0.010000
v -0.089318 -0.156801 0.000000
v -0.101060 -0.129195 -0.015000
v -0.101037 -0.096589 0.000000
v -0.093216 -0.114997 -0.010000
v -0.085394 -0.133404 -0.010000
v -0.077573 -0.151811 0.000000
v -0.089305 -0.124200 -0.015000
v -0.088980 -0.091596 0.000000
v -0.081330 -0.110076 -0.010000
v -0.073680 -0.128555 -0.010000
v -0.066030 -0.147034 0.000000
v -0.077505 -0.119315 -0.015000
v -0.083900 -0.089665 0.000000
v -0.076843 -0.108378 -0.010000
v -0.069787 -0.127092 -0.010000
v -0.062730 -0.145806 0.000000
v -0.073315 -0.117735 -0.015000
v -0.078136 -0.087785 0.000000
v -0.072065 -0.106842 -0.010000
v -0.065995 -0.125898 -0.010000
v -0.059924 -0.144955 0.000000
v -0.069030 -0.116370 -0.015000
v -0.072079 -0.086191 0.000000
v -0.067150 -0.105574 -0.010000
v -0.062220 -0.124957 -0.010000
v -0.057291 -0.144340 0.000000
v -0.064685 -0.115265 -0.015000
v -0.065728 -0.084954 0.000000
v -0.062113 -0.104625 -0.010000
v -0.058497 -0.124295 -0.010000
v -0.054882 -0.143966 0.000000
v -0.060305 -0.114460 -0.015000
v -0.054131 -0.085050 0.000000
v -0.057087 -0.104830 -0.010000
v -0.060043 -0.124610 -0.010000
v -0.062999 -0.144391 0.000000
v -0.058565 -0.114720 -0.015000
v -0.042300 -0.089421 0.000000
v -0.051893 -0.106970 -0.010000
v -0.061487 -0.124520 -0.010000
v -0.071080 -0.142069 0.000000
v -0.056690 -0.115745 -0.015000
v -0.036071 -0.093830 0.000000
v -0.048607 -0.109413 -0.010000
v -0.061143 -0.124997 -0.010000
v -0.073679 -0.140580 0.000000
v -0.054875 -0.117205 -0.015000
v -0.032097 -0.097557 0.000000
v -0.046239 -0.111699 -0.010000
v -0.060381 -0.125841 -0.010000
v -0.074523 -0.139984 0.000000
v -0.053310 -0.118770 -0.015000
v -0.024945 -0.108940 0.000000
v -0.043588 -0.116180 -0.010000
v -0.062232 -0.123420 -0.010000
v -0.080875 -0.130660 0.000000
v -0.052910 -0.119800 -0.015000
v -0.022927 -0.121573 0.000000
v -0.042926 -0.121368 -0.010000
v -0.062925 -0.121162 -0.010000
v -0.082924 -0.120957 0.000000
v -0.052925 -0.121265 -0.015000
v -0.023925 -0.129109 0.000000
v -0.043482 -0.124923 -0.010000
v -0.063039 -0.120737 -0.010000
v -0.082596 -0.116551 0.000000
v -0.053260 -0.122830 -0.015000
v -0.026272 -0.136010 0.000000
v -0.044644 -0.128107 -0.010000
v -0.063016 -0.120203 -0.010000
v -0.081388 -0.112300 0.000000
v -0.053830 -0.124155 -0.015000
v -0.030186 -0.142755 0.000000
v -0.046779 -0.131588 -0.010000
v -0.063371 -0.120422 -0.010000
v -0.079964 -0.109255 0.000000
v -0.055075 -0.126005 -0.015000
v -0.033199 -0.146658 0.000000
v -0.048730 -0.134056 -0.010000
v -0.064260 -0.121454 -0.010000
v -0.079791 -0.108852 0.000000
v -0.056495 -0.127755 -0.015000
v -0.036110 -0.149882 0.000000
v -0.050730 -0.136234 -0.010000
v -0.065350 -0.122586 -0.010000
v -0.079970 -0.108938 0.000000
v -0.058040 -0.129410 -0.015000
v -0.038889 -0.152612 0.000000
v -0.052740 -0.138184 -0.010000
v -0.066590 -0.123756 -0.010000
v -0.080441 -0.109328 0.000000
v -0.059665 -0.130970 -0.015000
v -0.056646 -0.167971 0.000000
v -0.069702 -0.152820 -0.010000
v -0.082758 -0.137670 -0.010000
v -0.095814 -0.122519 0.000000
v -0.076230 -0.145245 -0.015000
v -0.075548 -0.182304 0.000000
v -0.087589 -0.166335 -0.010000
v -0.099631 -0.150365 -0.010000
v -0.111672 -0.134396 0.000000
v -0.093610 -0.158350 -0.015000
v -0.095656 -0.195351 0.000000
v -0.106485 -0.178537 -0.010000
v -0.117315 -0.161723 -0.010000
v -0.128144 -0.144909 0.000000
v -0.111900 -0.170130 -0.015000
v -0.117067 -0.206895 0.000000
v -0.126486 -0.189252 -0.010000
v -0.135904 -0.171608 -0.010000
v -0.145323 -0.153965 0.000000
v -0.131195 -0.180430 -0.015000
v -0.145427 -0.220454 0.000000
v -0.154036 -0.202401 -0.010000
v -0.162645 -0.184349 -0.010000
v -0.171253 -0.166296 0.000000
v -0.158340 -0.193375 -0.015000
v -0.172677 -0.233362 0.000000
v -0.181239 -0.215287 -0.010000
v -0.189801 -0.197213 -0.010000
v -0.198363 -0.179138 0.000000
v -0.185520 -0.206250 -0.015000
v -0.199846 -0.246239 0.000000
v -0.208412 -0.228166 -0.010000
v -0.216978 -0.210094 -0.010000
v -0.225544 -0.192021 0.000000
v -0.212695 -0.219130 -0.015000
v -0.226897 -0.259164 0.000000
v -0.235519 -0.241118 -0.010000
v -0.244141 -0.223072 -0.010000
v -0.252763 -0.205026 0.000000
v -0.239830 -0.232095 -0.015000
v -0.236469 -0.263474 0.000000
v -0.244666 -0.245231 -0.010000
v -0.252864 -0.226989 -0.010000
v -0.261061 -0.208746 0.000000
v -0.248765 -0.236110 -0.015000
v -0.247089 -0.267607 0.000000
v -0.254266 -0.248939 -0.010000
v -0.261444 -0.230271 -0.010000
v -0.268621 -0.211603 0.000000
v -0.257855 -0.239605 -0.015000
v -0.258009 -0.271145 0.000000
v -0.264090 -0.252092 -0.010000
v -0.270170 -0.233038 -0.010000
v -0.276251 -0.213985 0.000000
v -0.267130 -0.242565 -0.015000
v -0.269250 -0.274051 0.000000
v -0.274163 -0.254664 -0.010000
v -0.279077 -0.235276 -0.010000
v -0.283990 -0.215889 0.000000
v -0.276620 -0.244970 -0.015000
v -0.292374 -0.276614 0.000000
v -0.294278 -0.256705 -0.010000
v -0.296182 -0.236795 -0.010000
v -0.298087 -0.216886 0.000000
v -0.295230 -0.246750 -0.015000
v -0.317526 -0.273293 0.000000
v -0.314065 -0.253594 -0.010000
v -0.310605 -0.233896 -0.010000
v -0.307144 -0.214198 0.000000
v -0.312335 -0.243745 -0.015000
v -0.340924 -0.263365 0.000000
v -0.332331 -0.245305 -0.010000
v -0.323739 -0.227245 -0.010000
v -0.315146 -0.209185 0.000000
v -0.328035 -0.236275 -0.015000
v -0.361260 -0.248029 0.000000
v -0.348710 -0.232456 -0.010000
v -0.336160 -0.216884 -0.010000
v -0.323610 -0.201311 0.000000
v -0.342435 -0.224670 -0.015000
v -0.370301 -0.238539 0.000000
v -0.355420 -0.225176 -0.010000
v -0.340540 -0.211814 -0.010000
v -0.325659 -0.198451 0.000000
v -0.347980 -0.218495 -0.015000
v -0.377187 -0.229216 0.000000
v -0.360909 -0.217595 -0.010000
v -0.344631 -0.205975 -0.010000
v -0.328353 -0.194355 0.000000
v -0.352770 -0.211785 -0.015000
v -0.382841 -0.219788 0.000000
v -0.365574 -0.209696 -0.010000
v -0.348306 -0.199604 -0.010000
v -0.331039 -0.189513 0.000000
v -0.356940 -0.204650 -0.015000
v -0.387518 -0.210486 0.000000
v -0.369586 -0.201629 -0.010000
v -0.351654 -0.192771 -0.010000
v -0.333723 -0.183914 0.000000
v -0.360620 -0.197200 -0.015000
v -0.397128 -0.186314 0.000000
v -0.378513 -0.179001 -0.010000
v -0.359897 -0.171689 -0.010000
v -0.341282 -0.164377 0.000000
v -0.369205 -0.175345 -0.015000
v -0.404074 -0.160527 0.000000
v -0.384721 -0.155479 -0.010000
v -0.365369 -0.150431 -0.010000
v -0.346016 -0.145384 0.000000
v -0.375045 -0.152955 -0.015000
v -0.407800 -0.133930 0.000000
v -0.387970 -0.131327 -0.010000
v -0.368140 -0.128724 -0.010000
v -0.348310 -0.126121 0.000000
v -0.378055 -0.130025 -0.015000
v -0.408140 -0.106664 0.000000
v -0.388140 -0.106591 -0.010000
v -0.368140 -0.106519 -0.010000
v -0.348140 -0.106446 0.000000
v -0.378140 -0.106555 -0.015000
v -0.407593 -0.097104 0.000000
v -0.387634 -0.098392 -0.010000
v -0.367676 -0.099679 -0.010000
v -0.347717 -0.100966 0.000000
v -0.377655 -0.099035 -0.015000
v -0.406867 -0.088853 0.000000
v -0.386946 -0.090628 -0.010000
v -0.367025 -0.092403 -0.010000
v -0.347103 -0.094177 0.000000
v -0.376985 -0.091515 -0.015000
v -0.405727 -0.080089 0.000000
v -0.385902 -0.082733 -0.010000
v -0.366078 -0.085377 -0.010000
v -0.346253 -0.088021 0.000000
v -0.375990 -0.084055 -0.015000
v -0.403954 -0.070861 0.000000
v -0.384338 -0.074760 -0.010000
v -0.364722 -0.078660 -0.010000
v -0.345106 -0.082559 0.000000
v -0.374530 -0.076710 -0.015000
v -0.401470 -0.057749 0.000000
v -0.381820 -0.061473 -0.010000
v -0.362170 -0.065197 -0.010000
v -0.342520 -0.068922 0.000000
v -0.371995 -0.063335 -0.015000
v -0.400427 -0.046780 0.000000
v -0.380536 -0.048860 -0.010000
v -0.360644 -0.050940 -0.010000
v -0.340753 -0.053020 0.000000
v -0.370590 -0.049900 -0.015000
v -0.399971 -0.035104 0.000000
v -0.379991 -0.035978 -0.010000
v -0.360010 -0.036852 -0.010000
v -0.340029 -0.037726 0.000000
v -0.370000 -0.036415 -0.015000
v -0.399909 -0.022681 0.000000
v -0.379910 -0.022814 -0.010000
v -0.359910 -0.022947 -0.010000
v -0.339911 -0.023080 0.000000
v -0.369910 -0.022880 -0.015000
v -0.399940 -0.013187 0.000000
v -0.379940 -0.013126 -0.010000
v -0.359940 -0.013064 -0.010000
v -0.339940 -0.013003 0.000000
v -0.369940 -0.013095 -0.015000
v -0.399980 -0.003433 0.000000
v -0.379980 -0.003351 -0.010000
v -0.359980 -0.003269 -0.010000
v -0.339980 -0.003187 0.000000
v -0.369980 -0.003310 -0.015000
v -0.400059 0.006230 0.000000
v -0.380060 0.006393 -0.010000
v -0.360060 0.006557 -0.010000
v -0.340061 0.006720 0.000000
v -0.370060 0.006475 -0.015000
v -0.400216 0.015769 0.000000
v -0.380219 0.016096 -0.010000
v -0.360221 0.016423 -0.010000
v -0.340224 0.016750 0.000000
v -0.370220 0.016260 -0.015000
v -0.399988 0.038431 0.000000
v -0.379990 0.038220 -0.010000
v -0.359991 0.038010 -0.010000
v -0.339992 0.037799 0.000000
v -0.369990 0.038115 -0.015000
v -0.398506 0.061828 0.000000
v -0.378549 0.060526 -0.010000
v -0.358591 0.059224 -0.010000
v -0.338634 0.057921 0.000000
v -0.368570 0.059875 -0.015000
v -0.396114 0.084710 0.000000
v -0.376225 0.082610 -0.010000
v -0.356335 0.080510 -0.010000
v -0.336446 0.078409 0.000000
v -0.366280 0.081560 -0.015000
v -0.393179 0.107106 0.000000
v -0.373350 0.104499 -0.010000
v -0.353520 0.101891 -0.010000
v -0.333691 0.099284 0.000000
v -0.363435 0.103195 -0.015000
v -0.391917 0.114787 0.000000
v -0.372189 0.111499 -0.010000
v -0.352461 0.108211 -0.010000
v -0.332733 0.104923 0.000000
v -0.362325 0.109855 -0.015000
v -0.390228 0.122788 0.000000
v -0.370676 0.118579 -0.010000
v -0.351124 0.114371 -0.010000
v -0.331572 0.110162 0.000000
v -0.360900 0.116475 -0.015000
v -0.388295 0.130456 0.000000
v -0.368915 0.125515 -0.010000
v -0.349535 0.120574 -0.010000
v -0.330155 0.115634 0.000000
v -0.359225 0.123045 -0.015000
v -0.386187 0.137838 0.000000
v -0.366966 0.132313 -0.010000
v -0.347744 0.126787 -0.010000
v -0.328523 0.121261 0.000000
v -0.357355 0.129550 -0.015000
v -0.378856 0.155561 0.000000
v -0.360469 0.147694 -0.010000
v -0.342081 0.139826 -0.010000
v -0.323694 0.131959 0.000000
v -0.351275 0.143760 -0.015000
v -0.366374 0.173518 0.000000
v -0.350428 0.161446 -0.010000
v -0.334482 0.149374 -0.010000
v -0.318537 0.137302 0.000000
v -0.342455 0.155410 -0.015000
v -0.349723 0.187980 0.000000
v -0.337258 0.172340 -0.010000
v -0.324792 0.156700 -0.010000
v -0.312327 0.141060 0.000000
v -0.331025 0.164520 -0.015000
v -0.329951 0.198220 0.000000
v -0.321394 0.180143 -0.010000
v -0.312836 0.162067 -0.010000
v -0.304279 0.143990 0.000000
v -0.317115 0.171105 -0.015000
v -0.318729 0.202178 0.000000
v -0.312430 0.183196 -0.010000
v -0.306131 0.164214 -0.010000
v -0.299832 0.145232 0.000000
v -0.309280 0.173705 -0.015000
v -0.309080 0.204820 0.000000
v -0.303897 0.185503 -0.010000
v -0.298713 0.166187 -0.010000
v -0.293530 0.146870 0.000000
v -0.301305 0.175845 -0.015000
v -0.298338 0.206820 0.000000
v -0.294890 0.187120 -0.010000
v -0.291441 0.167420 -0.010000
v -0.287992 0.147719 0.000000
v -0.293165 0.177270 -0.015000
v -0.286489 0.207684 0.000000
v -0.285387 0.187715 -0.010000
v -0.284284 0.167745 -0.010000
v -0.283181 0.147776 0.000000
v -0.284835 0.177730 -0.015000
v -0.282024 0.207749 0.000000
v -0.281891 0.187750 -0.010000
v -0.281759 0.167750 -0.010000
v -0.281626 0.147751 0.000000
v -0.281825 0.177750 -0.015000
v -0.279712 0.207826 0.000000
v -0.279114 0.187835 -0.010000
v -0.278516 0.167844 -0.010000
v -0.277918 0.147853 0.000000
v -0.278815 0.177840 -0.015000
v -0.276802 0.207923 0.000000
v -0.276137 0.187934 -0.010000
v -0.275473 0.167945 -0.010000
v -0.274809 0.147956 0.000000
v -0.275805 0.177940 -0.015000
v -0.273392 0.207994 0.000000
v -0.272994 0.187998 -0.010000
v -0.272596 0.168002 -0.010000
v -0.272198 0.148006 0.000000
v -0.272795 0.178000 -0.015000
v -0.235367 0.209210 0.000000
v -0.234729 0.189220 -0.010000
v -0.234091 0.169230 -0.010000
v -0.233453 0.149240 0.000000
v -0.234410 0.179225 -0.015000
v -0.198627 0.212222 0.000000
v -0.197013 0.192287 -0.010000
v -0.195398 0.172353 -0.010000
v -0.193783 0.152418 0.000000
v -0.196205 0.182320 -0.015000
v -0.161844 0.216793 0.000000
v -0.159391 0.196944 -0.010000
v -0.156939 0.177095 -0.010000
v -0.154486 0.157246 0.000000
v -0.158165 0.187020 -0.015000
v -0.124983 0.222682 0.000000
v -0.121838 0.202930 -0.010000
v -0.118693 0.183179 -0.010000
v -0.115547 0.163428 0.000000
v -0.120265 0.193055 -0.015000
v -0.114223 0.224291 0.000000
v -0.111268 0.204510 -0.010000
v -0.108312 0.184730 -0.010000
v -0.105357 0.164949 0.000000
v -0.109790 0.194620 -0.015000
v -0.102138 0.225477 0.000000
v -0.100256 0.205566 -0.010000
v -0.098374 0.185654 -0.010000
v -0.096492 0.165743 0.000000
v -0.099315 0.195610 -0.015000
v -0.089831 0.225943 0.000000
v -0.089164 0.205954 -0.010000
v -0.088496 0.185965 -0.010000
v -0.087829 0.165977 0.000000
v -0.088830 0.195960 -0.015000
v -0.077302 0.225582 0.000000
v -0.077987 0.205594 -0.010000
v -0.078673 0.185606 -0.010000
v -0.079358 0.165617 0.000000
v -0.078330 0.195600 -0.015000
v -0.055289 0.222594 0.000000
v -0.058136 0.202798 -0.010000
v -0.060984 0.183002 -0.010000
v -0.063831 0.163206 0.000000
v -0.059560 0.192900 -0.015000
v -0.033003 0.216083 0.000000
v -0.038918 0.196978 -0.010000
v -0.044832 0.177872 -0.010000
v -0.050747 0.158767 0.000000
v -0.041875 0.187425 -0.015000
v -0.011793 0.205804 0.000000
v -0.020841 0.187968 -0.010000
v -0.029889 0.170132 -0.010000
v -0.038937 0.152295 0.000000
v -0.025365 0.179050 -0.015000
v 0.007841 0.191684 0.000000
v -0.004133 0.175665 -0.010000
v -0.016107 0.159645 -0.010000
v -0.028081 0.143626 0.000000
v -0.010120 0.167655 -0.015000
v 0.015354 0.183548 0.000000
v -0.001162 0.172269 -0.010000
v -0.017678 0.160990 -0.010000
v -0.034194 0.149712 0.000000
v -0.009420 0.166630 -0.015000
v 0.019671 0.174095 0.000000
v 0.000553 0.168218 -0.010000
v -0.018564 0.162341 -0.010000
v -0.037681 0.156465 0.000000
v -0.009005 0.165280 -0.015000
v 0.020729 0.169545 0.000000
v 0.001100 0.165712 -0.010000
v -0.018530 0.161878 -0.010000
v -0.038159 0.158045 0.000000
v -0.008715 0.163795 -0.015000
v 0.020835 0.169180 0.000000
v 0.001358 0.164633 -0.010000
v -0.018118 0.160087 -0.010000
v -0.037595 0.155540 0.000000
v -0.008380 0.162360 -0.015000
v -0.001199 0.133194 0.000000
v -0.006933 0.152355 -0.010000
v -0.012667 0.171515 -0.010000
v -0.018402 0.190675 0.000000
v -0.009800 0.161935 -0.015000
v -0.001883 0.132960 0.000000
v -0.008108 0.151967 -0.010000
v -0.014332 0.170973 -0.010000
v -0.020557 0.189980 0.000000
v -0.011220 0.161470 -0.015000
v -0.005501 0.131984 0.000000
v -0.010254 0.151411 -0.010000
v -0.015006 0.170838 -0.010000
v -0.019759 0.190265 0.000000
v -0.012630 0.161125 -0.015000
v -0.012511 0.131093 0.000000
v -0.013517 0.151068 -0.010000
v -0.014523 0.171042 -0.010000
v -0.015529 0.191017 0.000000
v -0.014020 0.161055 -0.015000
v -0.020199 0.131614 0.000000
v -0.017553 0.151438 -0.010000
v -0.014907 0.171262 -0.010000
v -0.012261 0.191086 0.000000
v -0.016230 0.161350 -0.015000
v -0.024634 0.132463 0.000000
v -0.020498 0.152031 -0.010000
v -0.016362 0.171599 -0.010000
v -0.012226 0.191166 0.000000
v -0.018430 0.161815 -0.015000
v -0.028386 0.133425 0.000000
v -0.023202 0.152742 -0.010000
v -0.018018 0.172058 -0.010000
v -0.012834 0.191375 0.000000
v -0.020610 0.162400 -0.015000
v -0.031428 0.134328 0.000000
v -0.025653 0.153476 -0.010000
v -0.019877 0.172624 -0.010000
v -0.014102 0.191772 0.000000
v -0.022765 0.163050 -0.015000
v -0.051003 0.138764 0.000000
v -0.046518 0.158255 -0.010000
v -0.042032 0.177745 -0.010000
v -0.037547 0.197236 0.000000
v -0.044275 0.168000 -0.015000
v -0.067896 0.139606 0.000000
v -0.066475 0.159555 -0.010000
v -0.065055 0.179505 -0.010000
v -0.063635 0.199454 0.000000
v -0.065765 0.169530 -0.015000
v -0.084565 0.137756 0.000000
v -0.086322 0.157679 -0.010000
v -0.088078 0.177601 -0.010000
v -0.089835 0.197524 0.000000
v -0.087200 0.167640 -0.015000
v -0.101309 0.133217 0.000000
v -0.106137 0.152626 -0.010000
v -0.110964 0.172034 -0.010000
v -0.115791 0.191443 0.000000
v -0.108550 0.162330 -0.015000
v -0.115241 0.128364 0.000000
v -0.121684 0.147298 -0.010000
v -0.128126 0.166232 -0.010000
v -0.134569 0.185166 0.000000
v -0.124905 0.156765 -0.015000
v -0.131101 0.122703 0.000000
v -0.137821 0.141541 -0.010000
v -0.144540 0.160379 -0.010000
v -0.151259 0.179216 0.000000
v -0.141180 0.150960 -0.015000
v -0.147099 0.116847 0.000000
v -0.153973 0.135629 -0.010000
v -0.160847 0.154411 -0.010000
v -0.167721 0.173192 0.000000
v -0.157410 0.145020 -0.015000
v -0.163283 0.110901 0.000000
v -0.170181 0.129673 -0.010000
v -0.177079 0.148446 -0.010000
v -0.183977 0.167219 0.000000
v -0.173630 0.139060 -0.015000
v -0.172025 0.107549 0.000000
v -0.179178 0.126226 -0.010000
v -0.186332 0.144903 -0.010000
v -0.193485 0.163580 0.000000
v -0.182755 0.135565 -0.015000
v -0.180712 0.104078 0.000000
v -0.188127 0.122653 -0.010000
v -0.195543 0.141227 -0.010000
v -0.202958 0.159802 0.000000
v -0.191835 0.131940 -0.015000
v -0.190119 0.100436 0.000000
v -0.197336 0.119089 -0.010000
v -0.204554 0.137741 -0.010000
v -0.211771 0.156393 0.000000
v -0.200945 0.128415 -0.015000
v -0.200319 0.096875 0.000000
v -0.206880 0.115768 -0.010000
v -0.213440 0.134661 -0.010000
v -0.220001 0.153555 0.000000
v -0.210160 0.125215 -0.015000
v -0.210747 0.091649 0.000000
v -0.219409 0.109676 -0.010000
v -0.228071 0.127703 -0.010000
v -0.236733 0.145731 0.000000
v -0.223740 0.118690 -0.015000
v -0.212977 0.087535 0.000000
v -0.226752 0.102035 -0.010000
v -0.240528 0.116535 -0.010000
v -0.254303 0.131035 0.000000
v -0.233640 0.109285 -0.015000
v -0.214091 0.082749 0.000000
v -0.231557 0.092493 -0.010000
v -0.249023 0.102237 -0.010000
v -0.266489 0.111981 0.000000
v -0.240290 0.097365 -0.015000
v -0.215182 0.075408 0.000000
v -0.234477 0.080669 -0.010000
v -0.253773 0.085931 -0.010000
v -0.273068 0.091192 0.000000
v -0.244125 0.083300 -0.015000
v -0.215333 0.072031 0.000000
v -0.235168 0.074597 -0.010000
v -0.255002 0.077163 -0.010000
v -0.274837 0.079729 0.000000
v -0.245085 0.075880 -0.015000
v -0.215620 0.066480 0.000000
v -0.235580 0.067743 -0.010000
v -0.255540 0.069007 -0.010000
v -0.275500 0.070270 0.000000
v -0.245560 0.068375 -0.015000
v -0.215743 0.060134 0.000000
v -0.235738 0.060598 -0.010000
v -0.255732 0.061062 -0.010000
v -0.275727 0.061526 0.000000
v -0.245735 0.060830 -0.015000
v -0.215796 0.053056 0.000000
v -0.235795 0.053215 -0.010000
v -0.255795 0.053375 -0.010000
v -0.275794 0.053534 0.000000
v -0.245795 0.053295 -0.015000
v -0.215895 0.033572 0.000000
v -0.235895 0.033674 -0.010000
v -0.255895 0.033776 -0.010000
v -0.275895 0.033878 0.000000
v -0.245895 0.033725 -0.015000
v -0.215910 0.014132 0.000000
v -0.235910 0.014147 -0.010000
v -0.255910 0.014163 -0.010000
v -0.275910 0.014178 0.000000
v -0.245910 0.014155 -0.015000
v -0.215885 -0.005377 0.000000
v -0.235885 -0.005402 -0.010000
v -0.255885 -0.005428 -0.010000
v -0.275885 -0.005453 0.000000
v -0.245885 -0.005415 -0.015000
v -0.215865 -0.024954 0.000000
v -0.235865 -0.024975 -0.010000
v -0.255865 -0.024995 -0.010000
v -0.275865 -0.025016 0.000000
v -0.245865 -0.024985 -0.015000
v -0.245465 0.005015 0.000000
v -0.245465 -0.014985 -0.010000
v -0.245465 -0.034985 -0.010000
v -0.245465 -0.054985 0.000000
v -0.245465 -0.024985 -0.015000
v -0.245065 0.005015 0.000000
v -0.245065 -0.014985 -0.010000
v -0.245065 -0.034985 -0.010000
v -0.245065 -0.054985 0.000000
v -0.245065 -0.024985 -0.015000
v -0.133130 -0.406205 0.000000
v -0.166073 -0.431259 0.000000
v -0.162874 -0.411516 -0.010000
v -0.159676 -0.391774 -0.010000
v -0.156477 -0.372031 0.000000
v -0.161275 -0.401645 -0.015000
v -0.196126 -0.423947 0.000000
v -0.191335 -0.404529 -0.010000
v -0.186545 -0.385111 -0.010000
v -0.181754 -0.365693 0.000000
v -0.188940 -0.394820 -0.015000
v -0.225314 -0.414720 0.000000
v -0.219245 -0.395663 -0.010000
v -0.213175 -0.376607 -0.010000
v -0.207106 -0.357550 0.000000
v -0.216210 -0.386135 -0.015000
v -0.233171 -0.411581 0.000000
v -0.225517 -0.393104 -0.010000
v -0.217863 -0.374626 -0.010000
v -0.210209 -0.356149 0.000000
v -0.221690 -0.383865 -0.015000
v -0.241076 -0.407535 0.000000
v -0.231689 -0.389875 -0.010000
v -0.222301 -0.372215 -0.010000
v -0.212914 -0.354555 0.000000
v -0.226995 -0.381045 -0.015000
v -0.248105 -0.403199 0.000000
v -0.237435 -0.386283 -0.010000
v -0.226765 -0.369367 -0.010000
v -0.216095 -0.352451 0.000000
v -0.232100 -0.377825 -0.015000
v -0.254405 -0.398762 0.000000
v -0.242785 -0.382484 -0.010000
v -0.231165 -0.366206 -0.010000
v -0.219545 -0.349928 0.000000
v -0.236975 -0.374345 -0.015000
v -0.265097 -0.388835 0.000000
v -0.251146 -0.374505 -0.010000
v -0.237194 -0.360175 -0.010000
v -0.223242 -0.345845 0.000000
v -0.244170 -0.367340 -0.015000
v -0.274897 -0.373998 0.000000
v -0.257512 -0.364109 -0.010000
v -0.240128 -0.354221 -0.010000
v -0.222743 -0.344332 0.000000
v -0.248820 -0.359165 -0.015000
v -0.280207 -0.357015 0.000000
v -0.260769 -0.352309 -0.010000
v -0.241331 -0.347602 -0.010000
v -0.221892 -0.342895 0.000000
v -0.251050 -0.349955 -0.015000
v -0.280995 -0.339687 0.000000
v -0.260995 -0.339796 -0.010000
v -0.240995 -0.339905 -0.010000
v -0.220995 -0.340014 0.000000
v -0.250995 -0.339850 -0.015000
v -0.279987 -0.330498 0.000000
v -0.260176 -0.333236 -0.010000
v -0.240364 -0.335974 -0.010000
v -0.220553 -0.338713 0.000000
v -0.250270 -0.334605 -0.015000
v -0.278367 -0.322855 0.000000
v -0.258862 -0.327278 -0.010000
v -0.239358 -0.331702 -0.010000
v -0.219853 -0.336125 0.000000
v -0.249110 -0.329490 -0.015000
v -0.275420 -0.314161 0.000000
v -0.256670 -0.321121 -0.010000
v -0.237920 -0.328080 -0.010000
v -0.219170 -0.335039 0.000000
v -0.247295 -0.324600 -0.015000
v -0.270466 -0.304820 0.000000
v -0.253225 -0.314957 -0.010000
v -0.235985 -0.325094 -0.010000
v -0.218744 -0.335231 0.000000
v -0.244605 -0.320025 -0.015000
v -0.264713 -0.296525 0.000000
v -0.248404 -0.308102 -0.010000
v -0.232096 -0.319679 -0.010000
v -0.215787 -0.331256 0.000000
v -0.240250 -0.313890 -0.015000
v -0.260378 -0.290403 0.000000
v -0.244056 -0.301961 -0.010000
v -0.227734 -0.313519 -0.010000
v -0.211412 -0.325077 0.000000
v -0.235895 -0.307740 -0.015000
v -0.255154 -0.283546 0.000000
v -0.239275 -0.295705 -0.010000
v -0.223395 -0.307865 -0.010000
v -0.207516 -0.320024 0.000000
v -0.231335 -0.301785 -0.015000
v -0.248696 -0.276212 0.000000
v -0.233809 -0.289567 -0.010000
v -0.218921 -0.302923 -0.010000
v -0.204034 -0.316278 0.000000
v -0.226365 -0.296245 -0.015000
v -0.223574 -0.251093 0.000000
v -0.209451 -0.265254 -0.010000
v -0.195329 -0.279416 -0.010000
v -0.181206 -0.293577 0.000000
v -0.202390 -0.272335 -0.015000
v -0.199363 -0.227198 0.000000
v -0.185314 -0.241433 -0.010000
v -0.171266 -0.255668 -0.010000
v -0.157217 -0.269902 0.000000
v -0.178290 -0.248550 -0.015000
v -0.175093 -0.203424 0.000000
v -0.161098 -0.217711 -0.010000
v -0.147102 -0.231999 -0.010000
v -0.133107 -0.246286 0.000000
v -0.154100 -0.224855 -0.015000
v -0.150798 -0.179736 0.000000
v -0.136836 -0.194055 -0.010000
v -0.122874 -0.208375 -0.010000
v -0.108912 -0.222695 0.000000
v -0.129855 -0.201215 -0.015000
v -0.146119 -0.175846 0.000000
v -0.133780 -0.191585 -0.010000
v -0.121440 -0.207325 -0.010000
v -0.109101 -0.223065 0.000000
v -0.127610 -0.199455 -0.015000
v -0.139312 -0.171674 0.000000
v -0.129777 -0.189255 -0.010000
v -0.120243 -0.206836 -0.010000
v -0.110708 -0.224417 0.000000
v -0.125010 -0.198045 -0.015000
v -0.133675 -0.169166 0.000000
v -0.126042 -0.187652 -0.010000
v -0.118408 -0.206138 -0.010000
v -0.110775 -0.224624 0.000000
v -0.122225 -0.196895 -0.015000
v -0.129360 -0.167605 0.000000
v -0.122733 -0.186475 -0.010000
v -0.116107 -0.205345 -0.010000
v -0.109480 -0.224216 0.000000
v -0.119420 -0.195910 -0.015000
v -0.119796 -0.165888 0.000000
v -0.118732 -0.185859 -0.010000
v -0.117668 -0.205831 -0.010000
v -0.116604 -0.225803 0.000000
v -0.118200 -0.195845 -0.015000
v -0.108551 -0.167401 0.000000
v -0.114037 -0.186634 -0.010000
v -0.119523 -0.205867 -0.010000
v -0.125008 -0.225100 0.000000
v -0.116780 -0.196250 -0.015000
v -0.101481 -0.170397 0.000000
v -0.110757 -0.188116 -0.010000
v -0.120033 -0.205835 -0.010000
v -0.129309 -0.223554 0.000000
v -0.115395 -0.196975 -0.015000
v -0.095611 -0.174377 0.000000
v -0.108054 -0.190036 -0.010000
v -0.120496 -0.205694 -0.010000
v -0.132938 -0.221353 0.000000
v -0.114275 -0.197865 -0.015000
v -0.089653 -0.180669 0.000000
v -0.105498 -0.192873 -0.010000
v -0.121342 -0.205077 -0.010000
v -0.137187 -0.217281 0.000000
v -0.113420 -0.198975 -0.015000
v -0.085877 -0.186989 0.000000
v -0.103792 -0.195880 -0.010000
v -0.121708 -0.204771 -0.010000
v -0.139623 -0.213662 0.000000
v -0.112750 -0.200325 -0.015000
v -0.083473 -0.193612 0.000000
v -0.102721 -0.199044 -0.010000
v -0.121969 -0.204476 -0.010000
v -0.141217 -0.209909 0.000000
v -0.112345 -0.201760 -0.015000
v -0.082314 -0.201917 0.000000
v -0.102298 -0.202722 -0.010000
v -0.122282 -0.203528 -0.010000
v -0.142266 -0.204333 0.000000
v -0.112290 -0.203125 -0.015000
v -0.083002 -0.209989 0.000000
v -0.102757 -0.206870 -0.010000
v -0.122513 -0.203750 -0.010000
v -0.142268 -0.200631 0.000000
v -0.112635 -0.205310 -0.015000
v -0.084080 -0.214777 0.000000
v -0.103480 -0.209916 -0.010000
v -0.122880 -0.205054 -0.010000
v -0.142280 -0.200193 0.000000
v -0.113180 -0.207485 -0.015000
v -0.085663 -0.219643 0.000000
v -0.104508 -0.212944 -0.010000
v -0.123352 -0.206246 -0.010000
v -0.142197 -0.199548 0.000000
v -0.113930 -0.209595 -0.015000
v -0.087883 -0.224641 0.000000
v -0.105888 -0.215934 -0.010000
v -0.123892 -0.207226 -0.010000
v -0.141897 -0.198519 0.000000
v -0.114890 -0.211580 -0.015000
v -0.096442 -0.240021 0.000000
v -0.113887 -0.230240 -0.010000
v -0.131333 -0.220460 -0.010000
v -0.148778 -0.210679 0.000000
v -0.122610 -0.225350 -0.015000
v -0.104266 -0.253858 0.000000
v -0.121675 -0.244013 -0.010000
v -0.139085 -0.234168 -0.010000
v -0.156494 -0.224323 0.000000
v -0.130380 -0.239090 -0.015000
v -0.112089 -0.267631 0.000000
v -0.129480 -0.257754 -0.010000
v -0.146870 -0.247877 -0.010000
v -0.164261 -0.238000 0.000000
v -0.138175 -0.252815 -0.015000
v -0.119893 -0.281363 0.000000
v -0.137281 -0.271481 -0.010000
v -0.154669 -0.261599 -0.010000
v -0.172057 -0.251718 0.000000
v -0.145975 -0.266540 -0.015000
v -0.122041 -0.285015 0.000000
v -0.139270 -0.274859 -0.010000
v -0.156500 -0.264702 -0.010000
v -0.173729 -0.254545 0.000000
v -0.147885 -0.269780 -0.015000
v -0.124151 -0.288511 0.000000
v -0.141270 -0.278171 -0.010000
v -0.158390 -0.267830 -0.010000
v -0.175509 -0.257489 0.000000
v -0.149830 -0.273000 -0.015000
v -0.125719 -0.291242 0.000000
v -0.143043 -0.281247 -0.010000
v -0.160367 -0.271253 -0.010000
v -0.177691 -0.261259 0.000000
v -0.151705 -0.276250 -0.015000
v -0.126656 -0.293178 0.000000
v -0.144485 -0.284116 -0.010000
v -0.162315 -0.275054 -0.010000
v -0.180144 -0.265992 0.000000
v -0.153400 -0.279585 -0.015000
v -0.126320 -0.294440 0.000000
v -0.145640 -0.289270 -0.010000
v -0.164960 -0.284100 -0.010000
v -0.184280 -0.278930 0.000000
v -0.155300 -0.286685 -0.015000
v -0.124959 -0.292607 0.000000
v -0.144933 -0.293626 -0.010000
v -0.164907 -0.294645 -0.010000
v -0.184881 -0.295663 0.000000
v -0.154920 -0.294135 -0.015000
v -0.124095 -0.291521 0.000000
v -0.143008 -0.298024 -0.010000
v -0.161922 -0.304527 -0.010000
v -0.180835 -0.311030 0.000000
v -0.152465 -0.301275 -0.015000
v -0.123583 -0.290199 0.000000
v -0.139948 -0.301696 -0.010000
v -0.156312 -0.313194 -0.010000
v -0.172677 -0.324692 0.000000
v -0.148130 -0.307445 -0.015000
v -0.121309 -0.291637 0.000000
v -0.135196 -0.306029 -0.010000
v -0.149084 -0.320421 -0.010000
v -0.162971 -0.334813 0.000000
v -0.142140 -0.313225 -0.015000
v -0.116871 -0.295071 0.000000
v -0.129437 -0.310631 -0.010000
v -0.142003 -0.326190 -0.010000
v -0.154569 -0.341749 0.000000
v -0.135720 -0.318410 -0.015000
v -0.112323 -0.297908 0.000000
v -0.123341 -0.314600 -0.010000
v -0.134359 -0.331291 -0.010000
v -0.145377 -0.347982 0.000000
v -0.128850 -0.322945 -0.015000
v -0.107603 -0.300203 0.000000
v -0.116874 -0.317924 -0.010000
v -0.126146 -0.335646 -0.010000
v -0.135417 -0.353367 0.000000
v -0.121510 -0.326785 -0.015000
v -0.085499 -0.307703 0.000000
v -0.092170 -0.326558 -0.010000
v -0.098840 -0.345413 -0.010000
v -0.105511 -0.364267 0.000000
v -0.095505 -0.335985 -0.015000
v -0.065295 -0.309860 0.000000
v -0.068022 -0.329674 -0.010000
v -0.070748 -0.349487 -0.010000
v -0.073475 -0.369300 0.000000
v -0.069385 -0.339580 -0.015000
v -0.045793 -0.307363 0.000000
v -0.044021 -0.327285 -0.010000
v -0.042249 -0.347206 -0.010000
v -0.040477 -0.367127 0.000000
v -0.043135 -0.337245 -0.015000
v -0.026032 -0.300132 0.000000
v -0.019844 -0.319151 -0.010000
v -0.013656 -0.338170 -0.010000
v -0.007468 -0.357188 0.000000
v -0.016750 -0.328660 -0.015000
v -0.015990 -0.294727 0.000000
v -0.007033 -0.312609 -0.010000
v 0.001923 -0.330491 -0.010000
v 0.010880 -0.348374 0.000000
v -0.002555 -0.321550 -0.015000
v -0.005013 -0.287769 0.000000
v 0.005532 -0.304763 -0.010000
v 0.016078 -0.321757 -0.010000
v 0.026623 -0.338751 0.000000
v 0.010805 -0.313260 -0.015000
v 0.005162 -0.279872 0.000000
v 0.017261 -0.295797 -0.010000
v 0.029359 -0.311723 -0.010000
v 0.041458 -0.327649 0.000000
v 0.023310 -0.303760 -0.015000
v 0.014597 -0.270976 0.000000
v 0.028162 -0.285672 -0.010000
v 0.041728 -0.300368 -0.010000
v 0.055293 -0.315064 0.000000
v 0.034945 -0.293020 -0.015000
v 0.036811 -0.248384 0.000000
v 0.051057 -0.262421 -0.010000
v 0.065303 -0.276459 -0.010000
v 0.079549 -0.290496 0.000000
v 0.058180 -0.269440 -0.015000
v 0.059999 -0.224802 0.000000
v 0.074260 -0.238824 -0.010000
v 0.088520 -0.252846 -0.010000
v 0.102781 -0.266869 0.000000
v 0.081390 -0.245835 -0.015000
v 0.083038 -0.201189 0.000000
v 0.097353 -0.215157 -0.010000
v 0.111667 -0.229124 -0.010000
v 0.125982 -0.243091 0.000000
v 0.104510 -0.222140 -0.015000
v 0.105860 -0.177487 0.000000
v 0.120266 -0.191359 -0.010000
v 0.134673 -0.205231 -0.010000
v 0.149080 -0.219104 0.000000
v 0.127470 -0.198295 -0.015000
v 0.118861 -0.163534 0.000000
v 0.133490 -0.177172 -0.010000
v 0.148120 -0.190809 -0.010000
v 0.162749 -0.204446 0.000000
v 0.140805 -0.183990 -0.015000
v 0.131578 -0.149385 0.000000
v 0.146449 -0.162759 -0.010000
v 0.161321 -0.176132 -0.010000
v 0.176192 -0.189505 0.000000
v 0.153885 -0.169445 -0.015000
v 0.144369 -0.134915 0.000000
v 0.159353 -0.148162 -0.010000
v 0.174337 -0.161409 -0.010000
v 0.189321 -0.174655 0.000000
v 0.166845 -0.154785 -0.015000
v 0.157365 -0.120246 0.000000
v 0.172335 -0.133509 -0.010000
v 0.187305 -0.146772 -0.010000
v 0.202275 -0.160035 0.000000
v 0.179820 -0.140140 -0.015000
v 0.161165 -0.115887 0.000000
v 0.176238 -0.129033 -0.010000
v 0.191312 -0.142178 -0.010000
v 0.206385 -0.155323 0.000000
v 0.183775 -0.135605 -0.015000
v 0.164779 -0.111619 0.000000
v 0.180036 -0.124550 -0.010000
v 0.195294 -0.137481 -0.010000
v 0.210551 -0.150411 0.000000
v 0.187665 -0.131015 -0.015000
v 0.168641 -0.107051 0.000000
v 0.183914 -0.119964 -0.010000
v 0.199186 -0.132877 -0.010000
v 0.214459 -0.145789 0.000000
v 0.191550 -0.126420 -0.015000
v 0.172811 -0.102232 0.000000
v 0.187930 -0.115324 -0.010000
v 0.203050 -0.128416 -0.010000
v 0.218169 -0.141509 0.000000
v 0.195490 -0.121870 -0.015000
v 0.186631 -0.081794 0.000000
v 0.203114 -0.093121 -0.010000
v 0.219596 -0.104449 -0.010000
v 0.236079 -0.115777 0.000000
v 0.211355 -0.098785 -0.015000
v 0.191647 -0.064221 0.000000
v 0.210529 -0.070814 -0.010000
v 0.229411 -0.077406 -0.010000
v 0.248293 -0.083999 0.000000
v 0.219970 -0.074110 -0.015000
v 0.191949 -0.045823 0.000000
v 0.211896 -0.047274 -0.010000
v 0.231844 -0.048726 -0.010000
v 0.251791 -0.050178 0.000000
v 0.221870 -0.048000 -0.015000
v 0.187954 -0.025231 0.000000
v 0.207715 -0.022147 -0.010000
v 0.227475 -0.019063 -0.010000
v 0.247236 -0.015980 0.000000
v 0.217595 -0.020605 -0.015000
v 0.185690 -0.017626 0.000000
v 0.204987 -0.012369 -0.010000
v 0.224283 -0.007112 -0.010000
v 0.243580 -0.001855 0.000000
v 0.214635 -0.009740 -0.015000
v 0.182655 -0.007630 0.000000
v 0.201798 -0.001840 -0.010000
v 0.220942 0.003950 -0.010000
v 0.240085 0.009740 0.000000
v 0.211370 0.001055 -0.015000
v 0.179347 0.002362 0.000000
v 0.198339 0.008630 -0.010000
v 0.217331 0.014899 -0.010000
v 0.236323 0.021168 0.000000
v 0.207835 0.011765 -0.015000
v 0.175794 0.012316 0.000000
v 0.194635 0.019025 -0.010000
v 0.213476 0.025734 -0.010000
v 0.232317 0.032444 0.000000
v 0.204055 0.022380 -0.015000
v 0.165217 0.040866 0.000000
v 0.183972 0.047812 -0.010000
v 0.202728 0.054758 -0.010000
v 0.221483 0.061704 0.000000
v 0.193350 0.051285 -0.015000
v 0.154442 0.069624 0.000000
v 0.173171 0.076641 -0.010000
v 0.191899 0.083658 -0.010000
v 0.210628 0.090675 0.000000
v 0.182535 0.080150 -0.015000
v 0.143548 0.098316 0.000000
v 0.162246 0.105415 -0.010000
v 0.180944 0.112514 -0.010000
v 0.199642 0.119613 0.000000
v 0.171595 0.108965 -0.015000
v 0.132523 0.126951 0.000000
v 0.151188 0.134137 -0.010000
v 0.169852 0.141323 -0.010000
v 0.188517 0.148509 0.000000
v 0.160520 0.137730 -0.015000
v 0.125665 0.146026 0.000000
v 0.144489 0.152785 -0.010000
v 0.163312 0.159544 -0.010000
v 0.182135 0.166304 0.000000
v 0.153900 0.156165 -0.015000
v 0.119619 0.166364 0.000000
v 0.138803 0.172018 -0.010000
v 0.157987 0.177672 -0.010000
v 0.177172 0.183325 0.000000
v 0.148395 0.174845 -0.015000
v 0.114908 0.187404 0.000000
v 0.134439 0.191708 -0.010000
v 0.153971 0.196012 -0.010000
v 0.173502 0.200315 0.000000
v 0.144205 0.193860 -0.015000
v 0.111810 0.209198 0.000000
v 0.131624 0.211926 -0.010000
v 0.151437 0.214654 -0.010000
v 0.171250 0.217381 0.000000
v 0.141530 0.213290 -0.015000
v 0.110820 0.216888 0.000000
v 0.130657 0.219439 -0.010000
v 0.150493 0.221990 -0.010000
v 0.170330 0.224542 0.000000
v 0.140575 0.220715 -0.015000
v 0.109705 0.222598 0.000000
v 0.129365 0.226269 -0.010000
v 0.149025 0.229940 -0.010000
v 0.168685 0.233612 0.000000
v 0.139195 0.228105 -0.015000
v 0.108270 0.228761 0.000000
v 0.127767 0.233220 -0.010000
v 0.147263 0.237679 -0.010000
v 0.166760 0.242139 0.000000
v 0.137515 0.235450 -0.015000
v 0.106587 0.235342 0.000000
v 0.125969 0.240274 -0.010000
v 0.145351 0.245206 -0.010000
v 0.164734 0.250138 0.000000
v 0.135660 0.242740 -0.015000
v 0.101688 0.248296 0.000000
v 0.120473 0.255162 -0.010000
v 0.139257 0.262028 -0.010000
v 0.158042 0.268893 0.000000
v 0.129865 0.258595 -0.015000
v 0.095836 0.256512 0.000000
v 0.112822 0.267071 -0.010000
v 0.129808 0.277629 -0.010000
v 0.146794 0.288187 0.000000
v 0.121315 0.272350 -0.015000
v 0.088569 0.262896 0.000000
v 0.102850 0.276899 -0.010000
v 0.117130 0.290901 -0.010000
v 0.131411 0.304903 0.000000
v 0.109990 0.283900 -0.015000
v 0.079444 0.268040 0.000000
v 0.090398 0.284773 -0.010000
v 0.101352 0.301506 -0.010000
v 0.112306 0.318240 0.000000
v 0.095875 0.293140 -0.015000
v 0.062280 0.275154 0.000000
v 0.070340 0.293458 -0.010000
v 0.078400 0.311762 -0.010000
v 0.086461 0.330065 0.000000
v 0.074370 0.302610 -0.015000
v 0.043939 0.280104 0.000000
v 0.049433 0.299334 -0.010000
v 0.054927 0.318565 -0.010000
v 0.060422 0.337795 0.000000
v 0.052180 0.308950 -0.015000
v 0.025348 0.282263 0.000000
v 0.027993 0.302088 -0.010000
v 0.030637 0.321912 -0.010000
v 0.033282 0.341736 0.000000
v 0.029315 0.312000 -0.015000
v 0.006301 0.281599 0.000000
v 0.005957 0.301596 -0.010000
v 0.005613 0.321593 -0.010000
v 0.005269 0.341590 0.000000
v 0.005785 0.311595 -0.015000
v -0.001947 0.279495 0.000000
v -0.005812 0.299118 -0.010000
v -0.009677 0.318741 -0.010000
v -0.013543 0.338364 0.000000
v -0.007745 0.308930 -0.015000
v -0.008085 0.276115 0.000000
v -0.016002 0.294481 -0.010000
v -0.023918 0.312848 -0.010000
v -0.031834 0.331215 0.000000
v -0.019960 0.303665 -0.015000
v -0.013580 0.271471 0.000000
v -0.025090 0.287827 -0.010000
v -0.036600 0.304183 -0.010000
v -0.048110 0.320539 0.000000
v -0.030845 0.296005 -0.015000
v -0.018814 0.265295 0.000000
v -0.033188 0.279201 -0.010000
v -0.047562 0.293108 -0.010000
v -0.061935 0.307015 0.000000
v -0.040375 0.286155 -0.015000
v -0.021316 0.261571 0.000000
v -0.037312 0.273577 -0.010000
v -0.053308 0.285583 -0.010000
v -0.069303 0.297588 0.000000
v -0.045310 0.279580 -0.015000
v -0.024845 0.256142 0.000000
v -0.041525 0.267177 -0.010000
v -0.058205 0.278212 -0.010000
v -0.074885 0.289248 0.000000
v -0.049865 0.272695 -0.015000
v -0.028676 0.249901 0.000000
v -0.045699 0.260400 -0.010000
v -0.062721 0.270899 -0.010000
v -0.079744 0.281398 0.000000
v -0.054210 0.265650 -0.015000
v -0.032914 0.242958 0.000000
v -0.049985 0.253379 -0.010000
v -0.067055 0.263800 -0.010000
v -0.084126 0.274222 0.000000
v -0.058520 0.258590 -0.015000
v -0.036563 0.236812 0.000000
v -0.053758 0.247027 -0.010000
v -0.070952 0.257243 -0.010000
v -0.088146 0.267458 0.000000
v -0.062355 0.252135 -0.015000
v -0.039976 0.230789 0.000000
v -0.057369 0.240663 -0.010000
v -0.074761 0.250537 -0.010000
v -0.092154 0.260411 0.000000
v -0.066065 0.245600 -0.015000
v -0.043824 0.224112 0.000000
v -0.061151 0.234100 -0.010000
v -0.078478 0.244089 -0.010000
v -0.095806 0.254078 0.000000
v -0.069815 0.239095 -0.015000
v -0.048277 0.216904 0.000000
v -0.065272 0.227448 -0.010000
v -0.082267 0.237992 -0.010000
v -0.099263 0.248535 0.000000
v -0.073770 0.232720 -0.015000
v -0.055062 0.208287 0.000000
v -0.070451 0.221062 -0.010000
v -0.085839 0.233837 -0.010000
v -0.101227 0.246612 0.000000
v -0.078145 0.227450 -0.015000
v -0.065747 0.199365 0.000000
v -0.077522 0.215532 -0.010000
v -0.089298 0.231698 -0.010000
v -0.101073 0.247864 0.000000
v -0.083410 0.223615 -0.015000
v -0.078622 0.193277 0.000000
v -0.085901 0.211905 -0.010000
v -0.093179 0.230534 -0.010000
v -0.100457 0.249163 0.000000
v -0.089540 0.221220 -0.015000
v -0.092459 0.190545 0.000000
v -0.095160 0.210361 -0.010000
v -0.097860 0.230178 -0.010000
v -0.100561 0.249995 0.000000
v -0.096510 0.220270 -0.015000
v -0.113212 0.190310 0.000000
v -0.113164 0.210310 -0.010000
v -0.113116 0.230310 -0.010000
v -0.113068 0.250310 0.000000
v -0.113140 0.220310 -0.015000
v -0.131893 0.191646 0.000000
v -0.130381 0.211588 -0.010000
v -0.128869 0.231531 -0.010000
v -0.127357 0.251474 0.000000
v -0.129625 0.221560 -0.015000
v -0.150672 0.194561 0.000000
v -0.147494 0.214307 -0.010000
v -0.144316 0.234053 -0.010000
v -0.141138 0.253799 0.000000
v -0.145905 0.224180 -0.015000
v -0.169448 0.199288 0.000000
v -0.164433 0.218649 -0.010000
v -0.159417 0.238010 -0.010000
v -0.154402 0.257371 0.000000
v -0.161925 0.228330 -0.015000
v -0.211915 0.220493 0.000000
v -0.202695 0.238241 -0.010000
v -0.193475 0.255989 -0.010000
v -0.184255 0.273737 0.000000
v -0.198085 0.247115 -0.015000
v -0.247294 0.256006 0.000000
v -0.232641 0.269618 -0.010000
v -0.217989 0.283231 -0.010000
v -0.203336 0.296844 0.000000
v -0.225315 0.276425 -0.015000
v -0.268707 0.301202 0.000000
v -0.250349 0.309137 -0.010000
v -0.231991 0.317072 -0.010000
v -0.213632 0.325008 0.000000
v -0.241170 0.313105 -0.015000
v -0.273168 0.352504 0.000000
v -0.253193 0.353498 -0.010000
v -0.233217 0.354492 -0.010000
v -0.213242 0.355486 0.000000
v -0.243205 0.353995 -0.015000
v -0.271029 0.367967 0.000000
v -0.251406 0.364102 -0.010000
v -0.231783 0.360237 -0.010000
v -0.212160 0.356373 0.000000
v -0.241595 0.362170 -0.015000
v -0.267569 0.379290 0.000000
v -0.248553 0.373093 -0.010000
v -0.229537 0.366896 -0.010000
v -0.210521 0.360700 0.000000
v -0.239045 0.369995 -0.015000
v -0.262770 0.390111 0.000000
v -0.244640 0.381667 -0.010000
v -0.226510 0.373222 -0.010000
v -0.208380 0.364778 0.000000
v -0.235575 0.377445 -0.015000
v -0.256714 0.400294 0.000000
v -0.239708 0.389768 -0.010000
v -0.222702 0.379242 -0.010000
v -0.205696 0.368715 0.000000
v -0.231205 0.384505 -0.015000
v -0.246448 0.412806 0.000000
v -0.231273 0.399778 -0.010000
v -0.216097 0.386751 -0.010000
v -0.200922 0.373724 0.000000
v -0.223685 0.393265 -0.015000
v -0.232960 0.423863 0.000000
v -0.220897 0.407911 -0.010000
v -0.208833 0.391959 -0.010000
v -0.196769 0.376007 0.000000
v -0.214865 0.399935 -0.015000
v -0.216932 0.431825 0.000000
v -0.208841 0.413535 -0.010000
v -0.200749 0.395245 -0.010000
v -0.192658 0.376955 0.000000
v -0.204795 0.404390 -0.015000
v -0.199078 0.435992 0.000000
v -0.195379 0.416337 -0.010000
v -0.191680 0.396682 -0.010000
v -0.187982 0.377027 0.000000
v -0.193530 0.406510 -0.015000
v -0.186974 0.436927 0.000000
v -0.185848 0.416959 -0.010000
v -0.184722 0.396991 -0.010000
v -0.183596 0.377022 0.000000
v -0.185285 0.406975 -0.015000
v -0.177302 0.437058 0.000000
v -0.177097 0.417059 -0.010000
v -0.176892 0.397060 -0.010000
v -0.176688 0.377061 0.000000
v -0.176995 0.407060 -0.015000
v -0.167470 0.436689 0.000000
v -0.168303 0.416706 -0.010000
v -0.169136 0.396723 -0.010000
v -0.169969 0.376741 0.000000
v -0.168720 0.406715 -0.015000
v -0.157484 0.435725 0.000000
v -0.159511 0.415828 -0.010000
v -0.161539 0.395931 -0.010000
v -0.163566 0.376034 0.000000
v -0.160525 0.405880 -0.015000
v -0.133262 0.432325 0.000000
v -0.136060 0.412521 -0.010000
v -0.138859 0.392718 -0.010000
v -0.141658 0.372915 0.000000
v -0.137460 0.402620 -0.015000
v -0.109931 0.428791 0.000000
v -0.112927 0.409017 -0.010000
v -0.115923 0.389243 -0.010000
v -0.118919 0.369468 0.000000
v -0.114425 0.399130 -0.015000
v -0.086757 0.425157 0.000000
v -0.089856 0.405399 -0.010000
v -0.092954 0.385640 -0.010000
v -0.096053 0.365882 0.000000
v -0.091405 0.395520 -0.015000
v -0.063716 0.421523 0.000000
v -0.066832 0.401768 -0.010000
v -0.069948 0.382012 -0.010000
v -0.073064 0.362256 0.000000
v -0.068390 0.391890 -0.015000
v -0.039900 0.417713 0.000000
v -0.043060 0.397964 -0.010000
v -0.046220 0.378215 -0.010000
v -0.049380 0.358467 0.000000
v -0.044640 0.388090 -0.015000
v -0.016079 0.413835 0.000000
v -0.019293 0.394095 -0.010000
v -0.022507 0.374355 -0.010000
v -0.025721 0.354615 0.000000
v -0.020900 0.384225 -0.015000
v 0.007584 0.410054 0.000000
v 0.004428 0.390304 -0.010000
v 0.001272 0.370555 -0.010000
v -0.001884 0.350806 0.000000
v 0.002850 0.380430 -0.015000
v 0.031108 0.406504 0.000000
v 0.028123 0.386728 -0.010000
v 0.025137 0.366952 -0.010000
v 0.022152 0.347176 0.000000
v 0.026630 0.376840 -0.015000
v 0.065159 0.400580 0.000000
v 0.061726 0.380876 -0.010000
v 0.058294 0.361173 -0.010000
v 0.054861 0.341470 0.000000
v 0.060010 0.371025 -0.015000
v 0.099753 0.392448 0.000000
v 0.095148 0.372986 -0.010000
v 0.090542 0.353523 -0.010000
v 0.085937 0.334061 0.000000
v 0.092845 0.363255 -0.015000
v 0.133849 0.382129 0.000000
v 0.128023 0.362996 -0.010000
v 0.122197 0.343863 -0.010000
v 0.116371 0.324731 0.000000
v 0.125110 0.353430 -0.015000
v 0.167394 0.369509 0.000000
v 0.160318 0.350803 -0.010000
v 0.153242 0.332097 -0.010000
v 0.146166 0.313390 0.000000
v 0.156780 0.341450 -0.015000
v 0.175526 0.366045 0.000000
v 0.167625 0.347671 -0.010000
v 0.159725 0.329298 -0.010000
v 0.151824 0.310925 0.000000
v 0.163675 0.338485 -0.015000
v 0.183293 0.362398 0.000000
v 0.174754 0.344313 -0.010000
v 0.166216 0.326227 -0.010000
v 0.157678 0.308141 0.000000
v 0.170485 0.335270 -0.015000
v 0.191358 0.358087 0.000000
v 0.181843 0.340495 -0.010000
v 0.172327 0.322904 -0.010000
v 0.162812 0.305313 0.000000
v 0.177085 0.331700 -0.015000
v 0.199607 0.352869 0.000000
v 0.188759 0.336066 -0.010000
v 0.177911 0.319263 -0.010000
v 0.167064 0.302461 0.000000
v 0.183335 0.327665 -0.015000
v 0.220270 0.334369 0.000000
v 0.206690 0.319686 -0.010000
v 0.193110 0.305003 -0.010000
v 0.179531 0.290320 0.000000
v 0.199900 0.312345 -0.015000
v 0.236400 0.309886 0.000000
v 0.219267 0.299568 -0.010000
v 0.202133 0.289251 -0.010000
v 0.185000 0.278934 0.000000
v 0.210700 0.294410 -0.015000
v 0.245033 0.281661 0.000000
v 0.225681 0.276610 -0.010000
v 0.206329 0.271559 -0.010000
v 0.186978 0.266508 0.000000
v 0.216005 0.274085 -0.015000
v 0.246080 0.251705 0.000000
v 0.226080 0.251638 -0.010000
v 0.206080 0.251571 -0.010000
v 0.186080 0.251505 0.000000
v 0.216080 0.251605 -0.015000
v 0.243615 0.234123 0.000000
v 0.223879 0.237357 -0.010000
v 0.204142 0.240592 -0.010000
v 0.184405 0.243827 0.000000
v 0.214010 0.238975 -0.015000
v 0.239594 0.218790 0.000000
v 0.220301 0.224063 -0.010000
v 0.201009 0.229336 -0.010000
v 0.181717 0.234609 0.000000
v 0.210655 0.226700 -0.015000
v 0.234435 0.204396 0.000000
v 0.215655 0.211275 -0.010000
v 0.196875 0.218154 -0.010000
v 0.178096 0.225033 0.000000
v 0.206265 0.214715 -0.015000
v 0.228557 0.190882 0.000000
v 0.210249 0.198934 -0.010000
v 0.191941 0.206986 -0.010000
v 0.173634 0.215038 0.000000
v 0.201095 0.202960 -0.015000
v 0.224897 0.182921 0.000000
v 0.206729 0.191283 -0.010000
v 0.188561 0.199646 -0.010000
v 0.170394 0.208009 0.000000
v 0.197645 0.195465 -0.015000
v 0.221820 0.175874 0.000000
v 0.203497 0.183891 -0.010000
v 0.185174 0.191908 -0.010000
v 0.166851 0.199925 0.000000
v 0.194335 0.187900 -0.015000
v 0.219062 0.169014 0.000000
v 0.200517 0.176504 -0.010000
v 0.181973 0.183995 -0.010000
v 0.163429 0.191485 0.000000
v 0.191245 0.180250 -0.015000
v 0.216647 0.162289 0.000000
v 0.197843 0.169099 -0.010000
v 0.179038 0.175910 -0.010000
v 0.160233 0.182721 0.000000
v 0.188440 0.172505 -0.015000
v 0.212909 0.144881 0.000000
v 0.193410 0.149330 -0.010000
v 0.173911 0.153779 -0.010000
v 0.154412 0.158228 0.000000
v 0.183660 0.151555 -0.015000
v 0.213408 0.130561 0.000000
v 0.193409 0.130804 -0.010000
v 0.173411 0.131046 -0.010000
v 0.153412 0.131288 0.000000
v 0.183410 0.130925 -0.015000
v 0.216859 0.116530 0.000000
v 0.197243 0.112630 -0.010000
v 0.177627 0.108730 -0.010000
v 0.158011 0.104830 0.000000
v 0.187435 0.110680 -0.015000
v 0.223278 0.102192 0.000000
v 0.204753 0.094654 -0.010000
v 0.186228 0.087116 -0.010000
v 0.167703 0.079577 0.000000
v 0.195490 0.090885 -0.015000
v 0.226457 0.096867 0.000000
v 0.208949 0.087199 -0.010000
v 0.191441 0.077531 -0.010000
v 0.173934 0.067862 0.000000
v 0.200195 0.082365 -0.015000
v 0.230823 0.089939 0.000000
v 0.213848 0.079363 -0.010000
v 0.196873 0.068787 -0.010000
v 0.179898 0.058211 0.000000
v 0.205360 0.074075 -0.015000
v 0.235722 0.082672 0.000000
v 0.219118 0.071524 -0.010000
v 0.202513 0.060376 -0.010000
v 0.185908 0.049227 0.000000
v 0.210815 0.065950 -0.015000
v 0.241026 0.075051 0.000000
v 0.224606 0.063634 -0.010000
v 0.208185 0.052216 -0.010000
v 0.191764 0.040798 0.000000
v 0.216395 0.057925 -0.015000
v 0.248662 0.064417 0.000000
v 0.232414 0.052756 -0.010000
v 0.216166 0.041094 -0.010000
v 0.199918 0.029432 0.000000
v 0.224290 0.046925 -0.015000
v 0.256460 0.053885 0.000000
v 0.240384 0.041988 -0.010000
v 0.224307 0.030091 -0.010000
v 0.208230 0.018194 0.000000
v 0.232345 0.036040 -0.015000
v 0.264524 0.042965 0.000000
v 0.248435 0.031085 -0.010000
v 0.232346 0.019204 -0.010000
v 0.216257 0.007324 0.000000
v 0.240390 0.025145 -0.015000
v 0.272678 0.031527 0.000000
v 0.256390 0.019922 -0.010000
v 0.240101 0.008317 -0.010000
v 0.223812 -0.003288 0.000000
v 0.248245 0.014120 -0.015000
v 0.277730 0.024069 0.000000
v 0.261160 0.012870 -0.010000
v 0.244590 0.001670 -0.010000
v 0.228020 -0.009530 0.000000
v 0.252875 0.007270 -0.015000
v 0.282652 0.016326 0.000000
v 0.265758 0.005622 -0.010000
v 0.248863 -0.005082 -0.010000
v 0.231968 -0.015786 0.000000
v 0.257310 0.000270 -0.015000
v 0.287446 0.008033 0.000000
v 0.270102 -0.001926 -0.010000
v 0.252758 -0.011885 -0.010000
v 0.235414 -0.021844 0.000000
v 0.261430 -0.006905 -0.015000
v 0.291944 -0.000847 0.000000
v 0.274058 -0.009796 -0.010000
v 0.256172 -0.018745 -0.010000
v 0.238286 -0.027694 0.000000
v 0.265115 -0.014270 -0.015000
v 0.300174 -0.024358 0.000000
v 0.281221 -0.030746 -0.010000
v 0.262269 -0.037134 -0.010000
v 0.243317 -0.043522 0.000000
v 0.271745 -0.033940 -0.015000
v 0.303446 -0.050780 0.000000
v 0.283532 -0.052637 -0.010000
v 0.263618 -0.054494 -0.010000
v 0.243705 -0.056351 0.000000
v 0.273575 -0.053565 -0.015000
v 0.300288 -0.077572 0.000000
v 0.280513 -0.074584 -0.010000
v 0.260737 -0.071596 -0.010000
v 0.240962 -0.068609 0.000000
v 0.270625 -0.073090 -0.015000
v 0.290790 -0.103560 0.000000
v 0.272207 -0.096167 -0.010000
v 0.253623 -0.088774 -0.010000
v 0.235040 -0.081381 0.000000
v 0.262915 -0.092470 -0.015000
v 0.282671 -0.118431 0.000000
v 0.265280 -0.108554 -0.010000
v 0.247890 -0.098677 -0.010000
v 0.230499 -0.088799 0.000000
v 0.256585 -0.103615 -0.015000
v 0.274693 -0.130732 0.000000
v 0.257958 -0.119781 -0.010000
v 0.241222 -0.108830 -0.010000
v 0.224487 -0.097879 0.000000
v 0.249590 -0.114305 -0.015000
v 0.266251 -0.142333 0.000000
v 0.250114 -0.130518 -0.010000
v 0.233977 -0.118703 -0.010000
v 0.217839 -0.106888 0.000000
v 0.242045 -0.124610 -0.015000
v 0.257509 -0.153323 0.000000
v 0.241880 -0.140845 -0.010000
v 0.226250 -0.128366 -0.010000
v 0.210621 -0.115887 0.000000
v 0.234065 -0.134605 -0.015000
v 0.249313 -0.163107 0.000000
v 0.233991 -0.150252 -0.010000
v 0.218669 -0.137398 -0.010000
v 0.203347 -0.124544 0.000000
v 0.226330 -0.143825 -0.015000
v 0.241256 -0.172498 0.000000
v 0.226079 -0.159473 -0.010000
v 0.210902 -0.146448 -0.010000
v 0.195725 -0.133422 0.000000
v 0.218490 -0.152960 -0.015000
v 0.233195 -0.181747 0.000000
v 0.218118 -0.168606 -0.010000
v 0.203042 -0.155465 -0.010000
v 0.187965 -0.142323 0.000000
v 0.210580 -0.162035 -0.015000
v 0.225175 -0.190879 0.000000
v 0.210148 -0.177680 -0.010000
v 0.195122 -0.164481 -0.010000
v 0.180096 -0.151282 0.000000
v 0.202635 -0.171080 -0.015000
v 0.188291 -0.232683 0.000000
v 0.173294 -0.219451 -0.010000
v 0.158296 -0.206219 -0.010000
v 0.143299 -0.192987 0.000000
v 0.165795 -0.212835 -0.015000
v 0.151406 -0.274425 0.000000
v 0.136419 -0.261182 -0.010000
v 0.121432 -0.247939 -0.010000
v 0.106444 -0.234695 0.000000
v 0.128925 -0.254560 -0.015000
v 0.114640 -0.316177 0.000000
v 0.099630 -0.302959 -0.010000
v 0.084620 -0.289742 -0.010000
v 0.069610 -0.276524 0.000000
v 0.092125 -0.296350 -0.015000
v 0.078104 -0.358025 0.000000
v 0.063038 -0.344872 -0.010000
v 0.047972 -0.331719 -0.010000
v 0.032906 -0.318565 0.000000
v 0.055505 -0.338295 -0.015000
v 0.053426 -0.382730 0.000000
v 0.039306 -0.368567 -0.010000
v 0.025185 -0.354404 -0.010000
v 0.011064 -0.340240 0.000000
v 0.032245 -0.361485 -0.015000
v 0.023962 -0.404461 0.000000
v 0.012258 -0.388244 -0.010000
v 0.000553 -0.372027 -0.010000
v -0.011152 -0.355810 0.000000
v 0.006405 -0.380135 -0.015000
v -0.009070 -0.420994 0.000000
v -0.017803 -0.403002 -0.010000
v -0.026537 -0.385009 -0.010000
v -0.035270 -0.367017 0.000000
v -0.022170 -0.394005 -0.015000
v -0.045512 -0.431735 0.000000
v -0.050927 -0.412482 -0.010000
v -0.056343 -0.393229 -0.010000
v -0.061758 -0.373976 0.000000
v -0.053635 -0.402855 -0.015000
v -0.061695 -0.434432 0.000000
v -0.064712 -0.414661 -0.010000
v -0.067728 -0.394890 -0.010000
v -0.070744 -0.375119 0.000000
v -0.066220 -0.404775 -0.015000
v -0.075959 -0.435893 0.000000
v -0.077940 -0.415991 -0.010000
v -0.079920 -0.396090 -0.010000
v -0.081901 -0.376188 0.000000
v -0.078930 -0.406040 -0.015000
v 0.155315 -0.311040 0.000000
v 0.131170 -0.288023 0.000000
v 0.150223 -0.294104 -0.010000
v 0.169277 -0.300186 -0.010000
v 0.188330 -0.306267 0.000000
v 0.159750 -0.297145 -0.015000
v 0.141736 -0.269081 0.000000
v 0.158805 -0.279504 -0.010000
v 0.175875 -0.289926 -0.010000
v 0.192944 -0.300349 0.000000
v 0.167340 -0.284715 -0.015000
v 0.156977 -0.252626 0.000000
v 0.171136 -0.266752 -0.010000
v 0.185294 -0.280878 -0.010000
v 0.199453 -0.295004 0.000000
v 0.178215 -0.273815 -0.015000
v 0.169809 -0.242003 0.000000
v 0.182410 -0.257534 -0.010000
v 0.195011 -0.273066 -0.010000
v 0.207612 -0.288597 0.000000
v 0.188710 -0.265300 -0.015000
v 0.180286 -0.233493 0.000000
v 0.192896 -0.249018 -0.010000
v 0.205505 -0.264542 -0.010000
v 0.218114 -0.280067 0.000000
v 0.199200 -0.256780 -0.015000
v 0.191068 -0.224899 0.000000
v 0.203533 -0.240540 -0.010000
v 0.215998 -0.256180 -0.010000
v 0.228463 -0.271821 0.000000
v 0.209765 -0.248360 -0.015000
v 0.202255 -0.216328 0.000000
v 0.214412 -0.232210 -0.010000
v 0.226569 -0.248091 -0.010000
v 0.238725 -0.263972 0.000000
v 0.220490 -0.240150 -0.015000
v 0.220226 -0.203088 0.000000
v 0.232086 -0.219193 -0.010000
v 0.243945 -0.235297 -0.010000
v 0.255804 -0.251402 0.000000
v 0.238015 -0.227245 -0.015000
v 0.238060 -0.190178 0.000000
v 0.249787 -0.206380 -0.010000
v 0.261514 -0.222581 -0.010000
v 0.273241 -0.238782 0.000000
v 0.255650 -0.214480 -0.015000
v 0.255828 -0.177415 0.000000
v 0.267496 -0.193658 -0.010000
v 0.279164 -0.209902 -0.010000
v 0.290832 -0.226145 0.000000
v 0.273330 -0.201780 -0.015000
v 0.273490 -0.164714 0.000000
v 0.285167 -0.180951 -0.010000
v 0.296843 -0.197189 -0.010000
v 0.308520 -0.213427 0.000000
v 0.291005 -0.189070 -0.015000
v 0.288515 -0.154888 0.000000
v 0.299432 -0.171646 -0.010000
v 0.310348 -0.188404 -0.010000
v 0.321265 -0.205162 0.000000
v 0.304890 -0.180025 -0.015000
v 0.305686 -0.145844 0.000000
v 0.314869 -0.163611 -0.010000
v 0.324051 -0.181379 -0.010000
v 0.333234 -0.199146 0.000000
v 0.319460 -0.172495 -0.015000
v 0.323814 -0.138583 0.000000
v 0.331095 -0.157211 -0.010000
v 0.338375 -0.175839 -0.010000
v 0.345656 -0.194467 0.000000
v 0.334735 -0.166525 -0.015000
v 0.342856 -0.133223 0.000000
v 0.348109 -0.152521 -0.010000
v 0.353361 -0.171819 -0.010000
v 0.358614 -0.191117 0.000000
v 0.350735 -0.162170 -0.015000
v 0.354401 -0.132278 0.000000
v 0.353720 -0.152266 -0.010000
v 0.353040 -0.172254 -0.010000
v 0.352359 -0.192243 0.000000
v 0.353380 -0.162260 -0.015000
v 0.365867 -0.134792 0.000000
v 0.359589 -0.153781 -0.010000
v 0.353311 -0.172770 -0.010000
v 0.347033 -0.191759 0.000000
v 0.356450 -0.163275 -0.015000
v 0.374324 -0.138965 0.000000
v 0.364271 -0.156255 -0.010000
v 0.354219 -0.173545 -0.010000
v 0.344166 -0.190835 0.000000
v 0.359245 -0.164900 -0.015000
v 0.382791 -0.146122 0.000000
v 0.368314 -0.159921 -0.010000
v 0.353836 -0.173720 -0.010000
v 0.339359 -0.187518 0.000000
v 0.361075 -0.166820 -0.015000
v 0.394737 -0.168652 0.000000
v 0.376469 -0.176794 -0.010000
v 0.358201 -0.184936 -0.010000
v 0.339934 -0.193078 0.000000
v 0.367335 -0.180865 -0.015000
v 0.399730 -0.189045 0.000000
v 0.380163 -0.193185 -0.010000
v 0.360597 -0.197325 -0.010000
v 0.341030 -0.201466 0.000000
v 0.370380 -0.195255 -0.015000
v 0.400203 -0.210263 0.000000
v 0.380204 -0.210025 -0.010000
v 0.360206 -0.209786 -0.010000
v 0.340207 -0.209547 0.000000
v 0.370205 -0.209905 -0.015000
v 0.396045 -0.231431 0.000000
v 0.376552 -0.226957 -0.010000
v 0.357058 -0.222483 -0.010000
v 0.337565 -0.218010 0.000000
v 0.366805 -0.224720 -0.015000
v 0.391451 -0.244780 0.000000
v 0.372644 -0.237977 -0.010000
v 0.353836 -0.231173 -0.010000
v 0.335029 -0.224370 0.000000
v 0.363240 -0.234575 -0.015000
v 0.386943 -0.255761 0.000000
v 0.368461 -0.248117 -0.010000
v 0.349979 -0.240473 -0.010000
v 0.331498 -0.232829 0.000000
v 0.359220 -0.244295 -0.015000
v 0.381869 -0.266602 0.000000
v 0.363780 -0.258071 -0.010000
v 0.345690 -0.249540 -0.010000
v 0.327601 -0.241008 0.000000
v 0.354735 -0.253805 -0.015000
v 0.376206 -0.277227 0.000000
v 0.358589 -0.267759 -0.010000
v 0.340971 -0.258291 -0.010000
v 0.323354 -0.248823 0.000000
v 0.349780 -0.263025 -0.015000
v 0.358251 -0.304744 0.000000
v 0.341540 -0.293755 -0.010000
v 0.324830 -0.282766 -0.010000
v 0.308119 -0.271777 0.000000
v 0.333185 -0.288260 -0.015000
v 0.336685 -0.330397 0.000000
v 0.321465 -0.317423 -0.010000
v 0.306245 -0.304448 -0.010000
v 0.291025 -0.291473 0.000000
v 0.313855 -0.310935 -0.015000
v 0.312094 -0.353195 0.000000
v 0.298598 -0.338435 -0.010000
v 0.285102 -0.323675 -0.010000
v 0.271606 -0.308915 0.000000
v 0.291850 -0.331055 -0.015000
v 0.284660 -0.373047 0.000000
v 0.273040 -0.356769 -0.010000
v 0.261420 -0.340491 -0.010000
v 0.249800 -0.324213 0.000000
v 0.267230 -0.348630 -0.015000
v 0.268878 -0.382134 0.000000
v 0.259063 -0.364708 -0.010000
v 0.249247 -0.347282 -0.010000
v 0.239432 -0.329857 0.000000
v 0.254155 -0.355995 -0.015000
v 0.253085 -0.389487 0.000000
v 0.244752 -0.371306 -0.010000
v 0.236418 -0.353125 -0.010000
v 0.228085 -0.334943 0.000000
v 0.240585 -0.362215 -0.015000
v 0.237465 -0.395592 0.000000
v 0.230245 -0.376941 -0.010000
v 0.223025 -0.358289 -0.010000
v 0.215805 -0.339638 0.000000
v 0.226635 -0.367615 -0.015000
v 0.222189 -0.400878 0.000000
v 0.215673 -0.381970 -0.010000
v 0.209157 -0.363061 -0.010000
v 0.202641 -0.344152 0.000000
v 0.212415 -0.372515 -0.015000
v 0.194054 -0.403611 0.000000
v 0.192915 -0.383644 -0.010000
v 0.191776 -0.363676 -0.010000
v 0.190636 -0.343709 0.000000
v 0.192345 -0.373660 -0.015000
v 0.161232 -0.393005 0.000000
v 0.169077 -0.374609 -0.010000
v 0.176923 -0.356212 -0.010000
v 0.184769 -0.337815 0.000000
v 0.173000 -0.365410 -0.015000
v 0.313915 0.094130 0.000000
v 0.338291 0.075500 0.000000
v 0.320210 0.084050 -0.010000
v 0.302130 0.092600 -0.010000
v 0.284049 0.101150 0.000000
v 0.311170 0.088325 -0.015000
v 0.326031 0.061730 0.000000
v 0.313384 0.077223 -0.010000
v 0.300736 0.092717 -0.010000
v 0.288089 0.108210 0.000000
v 0.307060 0.084970 -0.015000
v 0.306712 0.054556 0.000000
v 0.303641 0.074319 -0.010000
v 0.300569 0.094081 -0.010000
v 0.297498 0.113844 0.000000
v 0.302105 0.084200 -0.015000
v 0.283075 0.057027 0.000000
v 0.286458 0.076739 -0.010000
v 0.289841 0.096451 -0.010000
v 0.293224 0.116163 0.000000
v 0.288150 0.086595 -0.015000
v 0.266114 0.061910 0.000000
v 0.271895 0.081057 -0.010000
v 0.277675 0.100203 -0.010000
v 0.283456 0.119350 0.000000
v 0.274785 0.090630 -0.015000
v 0.249902 0.068815 0.000000
v 0.257970 0.087115 -0.010000
v 0.266039 0.105415 -0.010000
v 0.274108 0.123715 0.000000
v 0.262005 0.096265 -0.015000
v 0.234573 0.077609 0.000000
v 0.244728 0.094840 -0.010000
v 0.254882 0.112070 -0.010000
v 0.265037 0.129300 0.000000
v 0.249805 0.103455 -0.015000
v 0.225067 0.086140 0.000000
v 0.240042 0.099397 -0.010000
v 0.255018 0.112653 -0.010000
v 0.269993 0.125910 0.000000
v 0.247530 0.106025 -0.015000
v 0.218004 0.099487 0.000000
v 0.236831 0.106236 -0.010000
v 0.255658 0.112984 -0.010000
v 0.274486 0.119733 0.000000
v 0.246245 0.109610 -0.015000
v 0.216097 0.112107 0.000000
v 0.236076 0.113032 -0.010000
v 0.256054 0.113958 -0.010000
v 0.276033 0.114883 0.000000
v 0.246065 0.113495 -0.015000
v 0.218361 0.125565 0.000000
v 0.237524 0.119838 -0.010000
v 0.256686 0.114112 -0.010000
v 0.275849 0.108385 0.000000
v 0.247105 0.116975 -0.015000
v 0.220858 0.131583 0.000000
v 0.238799 0.122744 -0.010000
v 0.256741 0.113906 -0.010000
v 0.274682 0.105067 0.000000
v 0.247770 0.118325 -0.015000
v 0.221152 0.132245 0.000000
v 0.239321 0.123885 -0.010000
v 0.257489 0.115525 -0.010000
v 0.275658 0.107165 0.000000
v 0.248405 0.119705 -0.015000
v 0.222785 0.135384 0.000000
v 0.240338 0.125798 -0.010000
v 0.257891 0.116212 -0.010000
v 0.275445 0.106626 0.000000
v 0.249115 0.121005 -0.015000
v 0.226838 0.141149 0.000000
v 0.242289 0.128450 -0.010000
v 0.257740 0.115750 -0.010000
v 0.273191 0.103051 0.000000
v 0.250015 0.122100 -0.015000
v 0.237789 0.151664 0.000000
v 0.251376 0.136988 -0.010000
v 0.264964 0.122312 -0.010000
v 0.278551 0.107636 0.000000
v 0.258170 0.129650 -0.015000
v 0.246077 0.159270 0.000000
v 0.259599 0.144533 -0.010000
v 0.273121 0.129797 -0.010000
v 0.286643 0.115060 0.000000
v 0.266360 0.137165 -0.015000
v 0.254446 0.166857 0.000000
v 0.267879 0.152039 -0.010000
v 0.281311 0.137221 -0.010000
v 0.294744 0.122403 0.000000
v 0.274595 0.144630 -0.015000
v 0.262880 0.174401 0.000000
v 0.276213 0.159494 -0.010000
v 0.289547 0.144586 -0.010000
v 0.302880 0.129679 0.000000
v 0.282880 0.152040 -0.015000
v 0.273356 0.180688 0.000000
v 0.281752 0.162536 -0.010000
v 0.290148 0.144384 -0.010000
v 0.298544 0.126232 0.000000
v 0.285950 0.153460 -0.015000
v 0.290118 0.183402 0.000000
v 0.289823 0.163404 -0.010000
v 0.289527 0.143406 -0.010000
v 0.289232 0.123408 0.000000
v 0.289675 0.153405 -0.015000
v 0.303739 0.180187 0.000000
v 0.296793 0.161433 -0.010000
v 0.289847 0.142677 -0.010000
v 0.282901 0.123923 0.000000
v 0.293320 0.152055 -0.015000
v 0.315838 0.172227 0.000000
v 0.302706 0.157142 -0.010000
v 0.289574 0.142058 -0.010000
v 0.276442 0.126973 0.000000
v 0.296140 0.149600 -0.015000
v 0.329065 0.153556 0.000000
v 0.312118 0.142935 -0.010000
v 0.295172 0.132315 -0.010000
v 0.278225 0.121694 0.000000
v 0.303645 0.137625 -0.015000
v 0.336507 0.137690 0.000000
v 0.318266 0.129490 -0.010000
v 0.300024 0.121290 -0.010000
v 0.281783 0.113090 0.000000
v 0.309145 0.125390 -0.015000
vt 0.255765 0.452430
vt 0.265785 0.429859
vt 0.285785 0.429877
vt 0.255765 0.452430
vt 0.255785 0.429850
vt 0.265785 0.429859
vt 0.255765 0.452430
vt 0.245785 0.429841
vt 0.255785 0.429850
vt 0.255765 0.452430
vt 0.225785 0.429823
vt 0.245785 0.429841
vt 0.285785 0.429877
vt 0.265785 0.429859
vt 0.285775 0.407257
vt 0.265785 0.429859
vt 0.265775 0.407266
vt 0.285775 0.407257
vt 0.265785 0.429859
vt 0.255785 0.429850
vt 0.265775 0.407266
vt 0.255785 0.429850
vt 0.255775 0.407270
vt 0.265775 0.407266
vt 0.255785 0.429850
vt 0.245775 0.407274
vt 0.255775 0.407270
vt 0.245785 0.429841
vt 0.245775 0.407274
vt 0.255785 0.429850
vt 0.245785 0.429841
vt 0.225775 0.407283
vt 0.245775 0.407274
vt 0.225785 0.429823
vt 0.225775 0.407283
vt 0.245785 0.429841
vt 0.285775 0.407257
vt 0.265775 0.407266
vt 0.285690 0.384577
vt 0.265775 0.407266
vt 0.265690 0.384652
vt 0.285690 0.384577
vt 0.265775 0.407266
vt 0.255775 0.407270
vt 0.265690 0.384652
vt 0.255775 0.407270
vt 0.255690 0.384690
vt 0.265690 0.384652
vt 0.255775 0.407270
vt 0.245690 0.384728
vt 0.255690 0.384690
vt 0.245775 0.407274
vt 0.245690 0.384728
vt 0.255775 0.407270
vt 0.245775 0.407274
vt 0.225690 0.384803
vt 0.245690 0.384728
vt 0.225775 0.407283
vt 0.225690 0.384803
vt 0.245775 0.407274
vt 0.285690 0.384577
vt 0.265690 0.384652
vt 0.286039 0.375972
vt 0.265690 0.384652
vt 0.266053 0.375221
vt 0.286039 0.375972
vt 0.265690 0.384652
vt 0.255690 0.384690
vt 0.266053 0.375221
vt 0.255690 0.384690
vt 0.256060 0.374845
vt 0.266053 0.375221
vt 0.255690 0.384690
vt 0.246067 0.374469
vt 0.256060 0.374845
vt 0.245690 0.384728
vt 0.246067 0.374469
vt 0.255690 0.384690
vt 0.245690 0.384728
vt 0.226081 0.373718
vt 0.246067 0.374469
vt 0.225690 0.384803
vt 0.226081 0.373718
vt 0.245690 0.384728
vt 0.286039 0.375972
vt 0.266053 0.375221
vt 0.287077 0.369125
vt 0.266053 0.375221
vt 0.267249 0.366505
vt 0.287077 0.369125
vt 0.266053 0.375221
vt 0.256060 0.374845
vt 0.267249 0.366505
vt 0.256060 0.374845
vt 0.257335 0.365195
vt 0.267249 0.366505
vt 0.256060 0.374845
vt 0.247421 0.363885
vt 0.257335 0.365195
vt 0.246067 0.374469
vt 0.247421 0.363885
vt 0.256060 0.374845
vt 0.246067 0.374469
vt 0.227593 0.361265
vt 0.247421 0.363885
vt 0.226081 0.373718
vt 0.227593 0.361265
vt 0.246067 0.374469
vt 0.287077 0.369125
vt 0.267249 0.366505
vt 0.288771 0.362731
vt 0.267249 0.366505
vt 0.269320 0.358077
vt 0.288771 0.362731
vt 0.267249 0.366505
vt 0.257335 0.365195
vt 0.269320 0.358077
vt 0.257335 0.365195
vt 0.259595 0.355750
vt 0.269320 0.358077
vt 0.257335 0.365195
vt 0.249870 0.353423
vt 0.259595 0.355750
vt 0.247421 0.363885
vt 0.249870 0.353423
vt 0.257335 0.365195
vt 0.247421 0.363885
vt 0.230419 0.348769
vt 0.249870 0.353423
vt 0.227593 0.361265
vt 0.230419 0.348769
vt 0.247421 0.363885
vt 0.288771 0.362731
vt 0.269320 0.358077
vt 0.291143 0.356684
vt 0.269320 0.358077
vt 0.272324 0.349911
vt 0.291143 0.356684
vt 0.269320 0.358077
vt 0.259595 0.355750
vt 0.272324 0.349911
vt 0.259595 0.355750
vt 0.262915 0.346525
vt 0.272324 0.349911
vt 0.259595 0.355750
vt 0.253506 0.343139
vt 0.262915 0.346525
vt 0.249870 0.353423
vt 0.253506 0.343139
vt 0.259595 0.355750
vt 0.249870 0.353423
vt 0.234687 0.336366
vt 0.253506 0.343139
vt 0.230419 0.348769
vt 0.234687 0.336366
vt 0.249870 0.353423
vt 0.291143 0.356684
vt 0.272324 0.349911
vt 0.292336 0.355717
vt 0.272324 0.349911
vt 0.275125 0.345529
vt 0.292336 0.355717
vt 0.272324 0.349911
vt 0.262915 0.346525
vt 0.275125 0.345529
vt 0.262915 0.346525
vt 0.266520 0.340435
vt 0.275125 0.345529
vt 0.262915 0.346525
vt 0.257915 0.335341
vt 0.266520 0.340435
vt 0.253506 0.343139
vt 0.257915 0.335341
vt 0.262915 0.346525
vt 0.253506 0.343139
vt 0.240704 0.325153
vt 0.257915 0.335341
vt 0.234687 0.336366
vt 0.240704 0.325153
vt 0.253506 0.343139
vt 0.292336 0.355717
vt 0.275125 0.345529
vt 0.291609 0.358145
vt 0.275125 0.345529
vt 0.278113 0.343385
vt 0.291609 0.358145
vt 0.275125 0.345529
vt 0.266520 0.340435
vt 0.278113 0.343385
vt 0.266520 0.340435
vt 0.271365 0.336005
vt 0.278113 0.343385
vt 0.266520 0.340435
vt 0.264617 0.328625
vt 0.271365 0.336005
vt 0.257915 0.335341
vt 0.264617 0.328625
vt 0.266520 0.340435
vt 0.257915 0.335341
vt 0.251121 0.313865
vt 0.264617 0.328625
vt 0.240704 0.325153
vt 0.251121 0.313865
vt 0.257915 0.335341
vt 0.291609 0.358145
vt 0.278113 0.343385
vt 0.289757 0.360589
vt 0.278113 0.343385
vt 0.281456 0.342393
vt 0.289757 0.360589
vt 0.278113 0.343385
vt 0.271365 0.336005
vt 0.281456 0.342393
vt 0.271365 0.336005
vt 0.277305 0.333295
vt 0.281456 0.342393
vt 0.271365 0.336005
vt 0.273154 0.324197
vt 0.277305 0.333295
vt 0.264617 0.328625
vt 0.273154 0.324197
vt 0.271365 0.336005
vt 0.264617 0.328625
vt 0.264853 0.306001
vt 0.273154 0.324197
vt 0.251121 0.313865
vt 0.264853 0.306001
vt 0.264617 0.328625
vt 0.289757 0.360589
vt 0.281456 0.342393
vt 0.288227 0.362087
vt 0.281456 0.342393
vt 0.285536 0.342269
vt 0.288227 0.362087
vt 0.281456 0.342393
vt 0.277305 0.333295
vt 0.285536 0.342269
vt 0.277305 0.333295
vt 0.284190 0.332360
vt 0.285536 0.342269
vt 0.277305 0.333295
vt 0.282844 0.322451
vt 0.284190 0.332360
vt 0.273154 0.324197
vt 0.282844 0.322451
vt 0.277305 0.333295
vt 0.273154 0.324197
vt 0.280153 0.302633
vt 0.282844 0.322451
vt 0.264853 0.306001
vt 0.280153 0.302633
vt 0.273154 0.324197
vt 0.288227 0.362087
vt 0.285536 0.342269
vt 0.291985 0.362696
vt 0.285536 0.342269
vt 0.292785 0.342712
vt 0.291985 0.362696
vt 0.285536 0.342269
vt 0.284190 0.332360
vt 0.292785 0.342712
vt 0.284190 0.332360
vt 0.293185 0.332720
vt 0.292785 0.342712
vt 0.284190 0.332360
vt 0.293585 0.322728
vt 0.293185 0.332720
vt 0.282844 0.322451
vt 0.293585 0.322728
vt 0.284190 0.332360
vt 0.282844 0.322451
vt 0.294385 0.302744
vt 0.293585 0.322728
vt 0.280153 0.302633
vt 0.294385 0.302744
vt 0.282844 0.322451
vt 0.291985 0.362696
vt 0.292785 0.342712
vt 0.298168 0.363634
vt 0.292785 0.342712
vt 0.300776 0.343805
vt 0.298168 0.363634
vt 0.292785 0.342712
vt 0.293185 0.332720
vt 0.300776 0.343805
vt 0.293185 0.332720
vt 0.302080 0.333890
vt 0.300776 0.343805
vt 0.293185 0.332720
vt 0.303384 0.323975
vt 0.302080 0.333890
vt 0.293585 0.322728
vt 0.303384 0.323975
vt 0.293185 0.332720
vt 0.293585 0.322728
vt 0.305992 0.304146
vt 0.303384 0.323975
vt 0.294385 0.302744
vt 0.305992 0.304146
vt 0.293585 0.322728
vt 0.298168 0.363634
vt 0.300776 0.343805
vt 0.304060 0.365148
vt 0.300776 0.343805
vt 0.308583 0.345666
vt 0.304060 0.365148
vt 0.300776 0.343805
vt 0.302080 0.333890
vt 0.308583 0.345666
vt 0.302080 0.333890
vt 0.310845 0.335925
vt 0.308583 0.345666
vt 0.302080 0.333890
vt 0.313107 0.326184
vt 0.310845 0.335925
vt 0.303384 0.323975
vt 0.313107 0.326184
vt 0.302080 0.333890
vt 0.303384 0.323975
vt 0.317630 0.306702
vt 0.313107 0.326184
vt 0.305992 0.304146
vt 0.317630 0.306702
vt 0.303384 0.323975
vt 0.304060 0.365148
vt 0.308583 0.345666
vt 0.309706 0.367254
vt 0.308583 0.345666
vt 0.316202 0.348338
vt 0.309706 0.367254
vt 0.308583 0.345666
vt 0.310845 0.335925
vt 0.316202 0.348338
vt 0.310845 0.335925
vt 0.319450 0.338880
vt 0.316202 0.348338
vt 0.310845 0.335925
vt 0.322698 0.329422
vt 0.319450 0.338880
vt 0.313107 0.326184
vt 0.322698 0.329422
vt 0.310845 0.335925
vt 0.313107 0.326184
vt 0.329194 0.310506
vt 0.322698 0.329422
vt 0.317630 0.306702
vt 0.329194 0.310506
vt 0.313107 0.326184
vt 0.309706 0.367254
vt 0.316202 0.348338
vt 0.322352 0.372309
vt 0.316202 0.348338
vt 0.329731 0.353720
vt 0.322352 0.372309
vt 0.316202 0.348338
vt 0.319450 0.338880
vt 0.329731 0.353720
vt 0.319450 0.338880
vt 0.333420 0.344425
vt 0.329731 0.353720
vt 0.319450 0.338880
vt 0.337109 0.335130
vt 0.333420 0.344425
vt 0.322698 0.329422
vt 0.337109 0.335130
vt 0.319450 0.338880
vt 0.322698 0.329422
vt 0.344488 0.316541
vt 0.337109 0.335130
vt 0.329194 0.310506
vt 0.344488 0.316541
vt 0.322698 0.329422
vt 0.322352 0.372309
vt 0.329731 0.353720
vt 0.336528 0.377836
vt 0.329731 0.353720
vt 0.343793 0.359202
vt 0.336528 0.377836
vt 0.329731 0.353720
vt 0.333420 0.344425
vt 0.343793 0.359202
vt 0.333420 0.344425
vt 0.347425 0.349885
vt 0.343793 0.359202
vt 0.333420 0.344425
vt 0.351057 0.340568
vt 0.347425 0.349885
vt 0.337109 0.335130
vt 0.351057 0.340568
vt 0.333420 0.344425
vt 0.337109 0.335130
vt 0.358322 0.321934
vt 0.351057 0.340568
vt 0.344488 0.316541
vt 0.358322 0.321934
vt 0.337109 0.335130
vt 0.336528 0.377836
vt 0.343793 0.359202
vt 0.350516 0.383296
vt 0.343793 0.359202
vt 0.357789 0.364665
vt 0.350516 0.383296
vt 0.343793 0.359202
vt 0.347425 0.349885
vt 0.357789 0.364665
vt 0.347425 0.349885
vt 0.361425 0.355350
vt 0.357789 0.364665
vt 0.347425 0.349885
vt 0.365061 0.346035
vt 0.361425 0.355350
vt 0.351057 0.340568
vt 0.365061 0.346035
vt 0.347425 0.349885
vt 0.351057 0.340568
vt 0.372334 0.327404
vt 0.365061 0.346035
vt 0.358322 0.321934
vt 0.372334 0.327404
vt 0.351057 0.340568
vt 0.350516 0.383296
vt 0.357789 0.364665
vt 0.364276 0.388782
vt 0.357789 0.364665
vt 0.371682 0.370204
vt 0.364276 0.388782
vt 0.357789 0.364665
vt 0.361425 0.355350
vt 0.371682 0.370204
vt 0.361425 0.355350
vt 0.375385 0.360915
vt 0.371682 0.370204
vt 0.361425 0.355350
vt 0.379088 0.351626
vt 0.375385 0.360915
vt 0.365061 0.346035
vt 0.379088 0.351626
vt 0.361425 0.355350
vt 0.365061 0.346035
vt 0.386494 0.333048
vt 0.379088 0.351626
vt 0.372334 0.327404
vt 0.386494 0.333048
vt 0.365061 0.346035
vt 0.364276 0.388782
vt 0.371682 0.370204
vt 0.375700 0.393519
vt 0.371682 0.370204
vt 0.383357 0.375043
vt 0.375700 0.393519
vt 0.371682 0.370204
vt 0.375385 0.360915
vt 0.383357 0.375043
vt 0.375385 0.360915
vt 0.387185 0.365805
vt 0.383357 0.375043
vt 0.375385 0.360915
vt 0.391013 0.356567
vt 0.387185 0.365805
vt 0.379088 0.351626
vt 0.391013 0.356567
vt 0.375385 0.360915
vt 0.379088 0.351626
vt 0.398670 0.338090
vt 0.391013 0.356567
vt 0.386494 0.333048
vt 0.398670 0.338090
vt 0.379088 0.351626
vt 0.375700 0.393519
vt 0.383357 0.375043
vt 0.387198 0.398411
vt 0.383357 0.375043
vt 0.395026 0.380007
vt 0.387198 0.398411
vt 0.383357 0.375043
vt 0.387185 0.365805
vt 0.395026 0.380007
vt 0.387185 0.365805
vt 0.398940 0.370805
vt 0.395026 0.380007
vt 0.387185 0.365805
vt 0.402854 0.361603
vt 0.398940 0.370805
vt 0.391013 0.356567
vt 0.402854 0.361603
vt 0.387185 0.365805
vt 0.391013 0.356567
vt 0.410682 0.343199
vt 0.402854 0.361603
vt 0.398670 0.338090
vt 0.410682 0.343199
vt 0.391013 0.356567
vt 0.387198 0.398411
vt 0.395026 0.380007
vt 0.398963 0.403411
vt 0.395026 0.380007
vt 0.406784 0.385003
vt 0.398963 0.403411
vt 0.395026 0.380007
vt 0.398940 0.370805
vt 0.406784 0.385003
vt 0.398940 0.370805
vt 0.410695 0.375800
vt 0.406784 0.385003
vt 0.398940 0.370805
vt 0.414606 0.366596
vt 0.410695 0.375800
vt 0.402854 0.361603
vt 0.414606 0.366596
vt 0.398940 0.370805
vt 0.402854 0.361603
vt 0.422427 0.348189
vt 0.414606 0.366596
vt 0.410682 0.343199
vt 0.422427 0.348189
vt 0.402854 0.361603
vt 0.398963 0.403411
vt 0.406784 0.385003
vt 0.411020 0.408404
vt 0.406784 0.385003
vt 0.418670 0.389924
vt 0.411020 0.408404
vt 0.406784 0.385003
vt 0.410695 0.375800
vt 0.418670 0.389924
vt 0.410695 0.375800
vt 0.422495 0.380685
vt 0.418670 0.389924
vt 0.410695 0.375800
vt 0.426320 0.371445
vt 0.422495 0.380685
vt 0.414606 0.366596
vt 0.426320 0.371445
vt 0.410695 0.375800
vt 0.414606 0.366596
vt 0.433970 0.352966
vt 0.426320 0.371445
vt 0.422427 0.348189
vt 0.433970 0.352966
vt 0.414606 0.366596
vt 0.411020 0.408404
vt 0.418670 0.389924
vt 0.416100 0.410335
vt 0.418670 0.389924
vt 0.423157 0.391622
vt 0.416100 0.410335
vt 0.418670 0.389924
vt 0.422495 0.380685
vt 0.423157 0.391622
vt 0.422495 0.380685
vt 0.426685 0.382265
vt 0.423157 0.391622
vt 0.422495 0.380685
vt 0.430213 0.372908
vt 0.426685 0.382265
vt 0.426320 0.371445
vt 0.430213 0.372908
vt 0.422495 0.380685
vt 0.426320 0.371445
vt 0.437270 0.354194
vt 0.430213 0.372908
vt 0.433970 0.352966
vt 0.437270 0.354194
vt 0.426320 0.371445
vt 0.416100 0.410335
vt 0.423157 0.391622
vt 0.421864 0.412215
vt 0.423157 0.391622
vt 0.427935 0.393158
vt 0.421864 0.412215
vt 0.423157 0.391622
vt 0.426685 0.382265
vt 0.427935 0.393158
vt 0.426685 0.382265
vt 0.430970 0.383630
vt 0.427935 0.393158
vt 0.426685 0.382265
vt 0.434005 0.374102
vt 0.430970 0.383630
vt 0.430213 0.372908
vt 0.434005 0.374102
vt 0.426685 0.382265
vt 0.430213 0.372908
vt 0.440076 0.355045
vt 0.434005 0.374102
vt 0.437270 0.354194
vt 0.440076 0.355045
vt 0.430213 0.372908
vt 0.421864 0.412215
vt 0.427935 0.393158
vt 0.427921 0.413809
vt 0.427935 0.393158
vt 0.432850 0.394426
vt 0.427921 0.413809
vt 0.427935 0.393158
vt 0.430970 0.383630
vt 0.432850 0.394426
vt 0.430970 0.383630
vt 0.435315 0.384735
vt 0.432850 0.394426
vt 0.430970 0.383630
vt 0.437780 0.375043
vt 0.435315 0.384735
vt 0.434005 0.374102
vt 0.437780 0.375043
vt 0.430970 0.383630
vt 0.434005 0.374102
vt 0.442709 0.355660
vt 0.437780 0.375043
vt 0.440076 0.355045
vt 0.442709 0.355660
vt 0.434005 0.374102
vt 0.427921 0.413809
vt 0.432850 0.394426
vt 0.434272 0.415046
vt 0.432850 0.394426
vt 0.437887 0.395375
vt 0.434272 0.415046
vt 0.432850 0.394426
vt 0.435315 0.384735
vt 0.437887 0.395375
vt 0.435315 0.384735
vt 0.439695 0.385540
vt 0.437887 0.395375
vt 0.435315 0.384735
vt 0.441503 0.375705
vt 0.439695 0.385540
vt 0.437780 0.375043
vt 0.441503 0.375705
vt 0.435315 0.384735
vt 0.437780 0.375043
vt 0.445118 0.356034
vt 0.441503 0.375705
vt 0.442709 0.355660
vt 0.445118 0.356034
vt 0.437780 0.375043
vt 0.434272 0.415046
vt 0.437887 0.395375
vt 0.445869 0.414950
vt 0.437887 0.395375
vt 0.442913 0.395170
vt 0.445869 0.414950
vt 0.437887 0.395375
vt 0.439695 0.385540
vt 0.442913 0.395170
vt 0.439695 0.385540
vt 0.441435 0.385280
vt 0.442913 0.395170
vt 0.439695 0.385540
vt 0.439957 0.375390
vt 0.441435 0.385280
vt 0.441503 0.375705
vt 0.439957 0.375390
vt 0.439695 0.385540
vt 0.441503 0.375705
vt 0.437001 0.355609
vt 0.439957 0.375390
vt 0.445118 0.356034
vt 0.437001 0.355609
vt 0.441503 0.375705
vt 0.445869 0.414950
vt 0.442913 0.395170
vt 0.457700 0.410579
vt 0.442913 0.395170
vt 0.448107 0.393030
vt 0.457700 0.410579
vt 0.442913 0.395170
vt 0.441435 0.385280
vt 0.448107 0.393030
vt 0.441435 0.385280
vt 0.443310 0.384255
vt 0.448107 0.393030
vt 0.441435 0.385280
vt 0.438513 0.375480
vt 0.443310 0.384255
vt 0.439957 0.375390
vt 0.438513 0.375480
vt 0.441435 0.385280
vt 0.439957 0.375390
vt 0.428920 0.357931
vt 0.438513 0.375480
vt 0.437001 0.355609
vt 0.428920 0.357931
vt 0.439957 0.375390
vt 0.457700 0.410579
vt 0.448107 0.393030
vt 0.463929 0.406170
vt 0.448107 0.393030
vt 0.451393 0.390587
vt 0.463929 0.406170
vt 0.448107 0.393030
vt 0.443310 0.384255
vt 0.451393 0.390587
vt 0.443310 0.384255
vt 0.445125 0.382795
vt 0.451393 0.390587
vt 0.443310 0.384255
vt 0.438857 0.375003
vt 0.445125 0.382795
vt 0.438513 0.375480
vt 0.438857 0.375003
vt 0.443310 0.384255
vt 0.438513 0.375480
vt 0.426321 0.359420
vt 0.438857 0.375003
vt 0.428920 0.357931
vt 0.426321 0.359420
vt 0.438513 0.375480
vt 0.463929 0.406170
vt 0.451393 0.390587
vt 0.467903 0.402443
vt 0.451393 0.390587
vt 0.453761 0.388301
vt 0.467903 0.402443
vt 0.451393 0.390587
vt 0.445125 0.382795
vt 0.453761 0.388301
vt 0.445125 0.382795
vt 0.446690 0.381230
vt 0.453761 0.388301
vt 0.445125 0.382795
vt 0.439619 0.374159
vt 0.446690 0.381230
vt 0.438857 0.375003
vt 0.439619 0.374159
vt 0.445125 0.382795
vt 0.438857 0.375003
vt 0.425477 0.360016
vt 0.439619 0.374159
vt 0.426321 0.359420
vt 0.425477 0.360016
vt 0.438857 0.375003
vt 0.467903 0.402443
vt 0.453761 0.388301
vt 0.475055 0.391060
vt 0.453761 0.388301
vt 0.456412 0.383820
vt 0.475055 0.391060
vt 0.453761 0.388301
vt 0.446690 0.381230
vt 0.456412 0.383820
vt 0.446690 0.381230
vt 0.447090 0.380200
vt 0.456412 0.383820
vt 0.446690 0.381230
vt 0.437768 0.376580
vt 0.447090 0.380200
vt 0.439619 0.374159
vt 0.437768 0.376580
vt 0.446690 0.381230
vt 0.439619 0.374159
vt 0.419125 0.369340
vt 0.437768 0.376580
vt 0.425477 0.360016
vt 0.419125 0.369340
vt 0.439619 0.374159
vt 0.475055 0.391060
vt 0.456412 0.383820
vt 0.477073 0.378427
vt 0.456412 0.383820
vt 0.457074 0.378632
vt 0.477073 0.378427
vt 0.456412 0.383820
vt 0.447090 0.380200
vt 0.457074 0.378632
vt 0.447090 0.380200
vt 0.447075 0.378735
vt 0.457074 0.378632
vt 0.447090 0.380200
vt 0.437075 0.378838
vt 0.447075 0.378735
vt 0.437768 0.376580
vt 0.437075 0.378838
vt 0.447090 0.380200
vt 0.437768 0.376580
vt 0.417076 0.379043
vt 0.437075 0.378838
vt 0.419125 0.369340
vt 0.417076 0.379043
vt 0.437768 0.376580
vt 0.477073 0.378427
vt 0.457074 0.378632
vt 0.476075 0.370891
vt 0.457074 0.378632
vt 0.456518 0.375077
vt 0.476075 0.370891
vt 0.457074 0.378632
vt 0.447075 0.378735
vt 0.456518 0.375077
vt 0.447075 0.378735
vt 0.446740 0.377170
vt 0.456518 0.375077
vt 0.447075 0.378735
vt 0.436961 0.379263
vt 0.446740 0.377170
vt 0.437075 0.378838
vt 0.436961 0.379263
vt 0.447075 0.378735
vt 0.437075 0.378838
vt 0.417404 0.383449
vt 0.436961 0.379263
vt 0.417076 0.379043
vt 0.417404 0.383449
vt 0.437075 0.378838
vt 0.476075 0.370891
vt 0.456518 0.375077
vt 0.473728 0.363990
vt 0.456518 0.375077
vt 0.455356 0.371893
vt 0.473728 0.363990
vt 0.456518 0.375077
vt 0.446740 0.377170
vt 0.455356 0.371893
vt 0.446740 0.377170
vt 0.446170 0.375845
vt 0.455356 0.371893
vt 0.446740 0.377170
vt 0.436984 0.379797
vt 0.446170 0.375845
vt 0.436961 0.379263
vt 0.436984 0.379797
vt 0.446740 0.377170
vt 0.436961 0.379263
vt 0.418612 0.387700
vt 0.436984 0.379797
vt 0.417404 0.383449
vt 0.418612 0.387700
vt 0.436961 0.379263
vt 0.473728 0.363990
vt 0.455356 0.371893
vt 0.469814 0.357245
vt 0.455356 0.371893
vt 0.453221 0.368412
vt 0.469814 0.357245
vt 0.455356 0.371893
vt 0.446170 0.375845
vt 0.453221 0.368412
vt 0.446170 0.375845
vt 0.444925 0.373995
vt 0.453221 0.368412
vt 0.446170 0.375845
vt 0.436629 0.379578
vt 0.444925 0.373995
vt 0.436984 0.379797
vt 0.436629 0.379578
vt 0.446170 0.375845
vt 0.436984 0.379797
vt 0.420036 0.390745
vt 0.436629 0.379578
vt 0.418612 0.387700
vt 0.420036 0.390745
vt 0.436984 0.379797
vt 0.469814 0.357245
vt 0.453221 0.368412
vt 0.466801 0.353342
vt 0.453221 0.368412
vt 0.451270 0.365944
vt 0.466801 0.353342
vt 0.453221 0.368412
vt 0.444925 0.373995
vt 0.451270 0.365944
vt 0.444925 0.373995
vt 0.443505 0.372245
vt 0.451270 0.365944
vt 0.444925 0.373995
vt 0.435740 0.378546
vt 0.443505 0.372245
vt 0.436629 0.379578
vt 0.435740 0.378546
vt 0.444925 0.373995
vt 0.436629 0.379578
vt 0.420209 0.391148
vt 0.435740 0.378546
vt 0.420036 0.390745
vt 0.420209 0.391148
vt 0.436629 0.379578
vt 0.466801 0.353342
vt 0.451270 0.365944
vt 0.463890 0.350118
vt 0.451270 0.365944
vt 0.449270 0.363766
vt 0.463890 0.350118
vt 0.451270 0.365944
vt 0.443505 0.372245
vt 0.449270 0.363766
vt 0.443505 0.372245
vt 0.441960 0.370590
vt 0.449270 0.363766
vt 0.443505 0.372245
vt 0.434650 0.377414
vt 0.441960 0.370590
vt 0.435740 0.378546
vt 0.434650 0.377414
vt 0.443505 0.372245
vt 0.435740 0.378546
vt 0.420030 0.391062
vt 0.434650 0.377414
vt 0.420209 0.391148
vt 0.420030 0.391062
vt 0.435740 0.378546
vt 0.463890 0.350118
vt 0.449270 0.363766
vt 0.461111 0.347388
vt 0.449270 0.363766
vt 0.447260 0.361816
vt 0.461111 0.347388
vt 0.449270 0.363766
vt 0.441960 0.370590
vt 0.447260 0.361816
vt 0.441960 0.370590
vt 0.440335 0.369030
vt 0.447260 0.361816
vt 0.441960 0.370590
vt 0.433410 0.376244
vt 0.440335 0.369030
vt 0.434650 0.377414
vt 0.433410 0.376244
vt 0.441960 0.370590
vt 0.434650 0.377414
vt 0.419559 0.390672
vt 0.433410 0.376244
vt 0.420030 0.391062
vt 0.419559 0.390672
vt 0.434650 0.377414
vt 0.461111 0.347388
vt 0.447260 0.361816
vt 0.443354 0.332029
vt 0.447260 0.361816
vt 0.430298 0.347180
vt 0.443354 0.332029
vt 0.447260 0.361816
vt 0.440335 0.369030
vt 0.430298 0.347180
vt 0.440335 0.369030
vt 0.423770 0.354755
vt 0.430298 0.347180
vt 0.440335 0.369030
vt 0.417242 0.362330
vt 0.423770 0.354755
vt 0.433410 0.376244
vt 0.417242 0.362330
vt 0.440335 0.369030
vt 0.433410 0.376244
vt 0.404186 0.377481
vt 0.417242 0.362330
vt 0.419559 0.390672
vt 0.404186 0.377481
vt 0.433410 0.376244
vt 0.443354 0.332029
vt 0.430298 0.347180
vt 0.424452 0.317696
vt 0.430298 0.347180
vt 0.412411 0.333665
vt 0.424452 0.317696
vt 0.430298 0.347180
vt 0.423770 0.354755
vt 0.412411 0.333665
vt 0.423770 0.354755
vt 0.406390 0.341650
vt 0.412411 0.333665
vt 0.423770 0.354755
vt 0.400369 0.349635
vt 0.406390 0.341650
vt 0.417242 0.362330
vt 0.400369 0.349635
vt 0.423770 0.354755
vt 0.417242 0.362330
vt 0.388328 0.365604
vt 0.400369 0.349635
vt 0.404186 0.377481
vt 0.388328 0.365604
vt 0.417242 0.362330
vt 0.424452 0.317696
vt 0.412411 0.333665
vt 0.404344 0.304649
vt 0.412411 0.333665
vt 0.393515 0.321463
vt 0.404344 0.304649
vt 0.412411 0.333665
vt 0.406390 0.341650
vt 0.393515 0.321463
vt 0.406390 0.341650
vt 0.388100 0.329870
vt 0.393515 0.321463
vt 0.406390 0.341650
vt 0.382685 0.338277
vt 0.388100 0.329870
vt 0.400369 0.349635
vt 0.382685 0.338277
vt 0.406390 0.341650
vt 0.400369 0.349635
vt 0.371856 0.355091
vt 0.382685 0.338277
vt 0.388328 0.365604
vt 0.371856 0.355091
vt 0.400369 0.349635
vt 0.404344 0.304649
vt 0.393515 0.321463
vt 0.382933 0.293105
vt 0.393515 0.321463
vt 0.373514 0.310748
vt 0.382933 0.293105
vt 0.393515 0.321463
vt 0.388100 0.329870
vt 0.373514 0.310748
vt 0.388100 0.329870
vt 0.368805 0.319570
vt 0.373514 0.310748
vt 0.388100 0.329870
vt 0.364096 0.328392
vt 0.368805 0.319570
vt 0.382685 0.338277
vt 0.364096 0.328392
vt 0.388100 0.329870
vt 0.382685 0.338277
vt 0.354677 0.346035
vt 0.364096 0.328392
vt 0.371856 0.355091
vt 0.354677 0.346035
vt 0.382685 0.338277
vt 0.382933 0.293105
vt 0.373514 0.310748
vt 0.354573 0.279546
vt 0.373514 0.310748
vt 0.345964 0.297599
vt 0.354573 0.279546
vt 0.373514 0.310748
vt 0.368805 0.319570
vt 0.345964 0.297599
vt 0.368805 0.319570
vt 0.341660 0.306625
vt 0.345964 0.297599
vt 0.368805 0.319570
vt 0.337355 0.315651
vt 0.341660 0.306625
vt 0.364096 0.328392
vt 0.337355 0.315651
vt 0.368805 0.319570
vt 0.364096 0.328392
vt 0.328747 0.333704
vt 0.337355 0.315651
vt 0.354677 0.346035
vt 0.328747 0.333704
vt 0.364096 0.328392
vt 0.354573 0.279546
vt 0.345964 0.297599
vt 0.327323 0.266638
vt 0.345964 0.297599
vt 0.318761 0.284713
vt 0.327323 0.266638
vt 0.345964 0.297599
vt 0.341660 0.306625
vt 0.318761 0.284713
vt 0.341660 0.306625
vt 0.314480 0.293750
vt 0.318761 0.284713
vt 0.341660 0.306625
vt 0.310199 0.302787
vt 0.314480 0.293750
vt 0.337355 0.315651
vt 0.310199 0.302787
vt 0.341660 0.306625
vt 0.337355 0.315651
vt 0.301637 0.320862
vt 0.310199 0.302787
vt 0.328747 0.333704
vt 0.301637 0.320862
vt 0.337355 0.315651
vt 0.327323 0.266638
vt 0.318761 0.284713
vt 0.300154 0.253761
vt 0.318761 0.284713
vt 0.291588 0.271834
vt 0.300154 0.253761
vt 0.318761 0.284713
vt 0.314480 0.293750
vt 0.291588 0.271834
vt 0.314480 0.293750
vt 0.287305 0.280870
vt 0.291588 0.271834
vt 0.314480 0.293750
vt 0.283022 0.289906
vt 0.287305 0.280870
vt 0.310199 0.302787
vt 0.283022 0.289906
vt 0.314480 0.293750
vt 0.310199 0.302787
vt 0.274456 0.307979
vt 0.283022 0.289906
vt 0.301637 0.320862
vt 0.274456 0.307979
vt 0.310199 0.302787
vt 0.300154 0.253761
vt 0.291588 0.271834
vt 0.273103 0.240836
vt 0.291588 0.271834
vt 0.264481 0.258882
vt 0.273103 0.240836
vt 0.291588 0.271834
vt 0.287305 0.280870
vt 0.264481 0.258882
vt 0.287305 0.280870
vt 0.260170 0.267905
vt 0.264481 0.258882
vt 0.287305 0.280870
vt 0.255859 0.276928
vt 0.260170 0.267905
vt 0.283022 0.289906
vt 0.255859 0.276928
vt 0.287305 0.280870
vt 0.283022 0.289906
vt 0.247237 0.294974
vt 0.255859 0.276928
vt 0.274456 0.307979
vt 0.247237 0.294974
vt 0.283022 0.289906
vt 0.273103 0.240836
vt 0.264481 0.258882
vt 0.263531 0.236526
vt 0.264481 0.258882
vt 0.255334 0.254769
vt 0.263531 0.236526
vt 0.264481 0.258882
vt 0.260170 0.267905
vt 0.255334 0.254769
vt 0.260170 0.267905
vt 0.251235 0.263890
vt 0.255334 0.254769
vt 0.260170 0.267905
vt 0.247136 0.273011
vt 0.251235 0.263890
vt 0.255859 0.276928
vt 0.247136 0.273011
vt 0.260170 0.267905
vt 0.255859 0.276928
vt 0.238939 0.291254
vt 0.247136 0.273011
vt 0.247237 0.294974
vt 0.238939 0.291254
vt 0.255859 0.276928
vt 0.263531 0.236526
vt 0.255334 0.254769
vt 0.252911 0.232393
vt 0.255334 0.254769
vt 0.245734 0.251061
vt 0.252911 0.232393
vt 0.255334 0.254769
vt 0.251235 0.263890
vt 0.245734 0.251061
vt 0.251235 0.263890
vt 0.242145 0.260395
vt 0.245734 0.251061
vt 0.251235 0.263890
vt 0.238556 0.269729
vt 0.242145 0.260395
vt 0.247136 0.273011
vt 0.238556 0.269729
vt 0.251235 0.263890
vt 0.247136 0.273011
vt 0.231379 0.288397
vt 0.238556 0.269729
vt 0.238939 0.291254
vt 0.231379 0.288397
vt 0.247136 0.273011
vt 0.252911 0.232393
vt 0.245734 0.251061
vt 0.241991 0.228855
vt 0.245734 0.251061
vt 0.235910 0.247908
vt 0.241991 0.228855
vt 0.245734 0.251061
vt 0.242145 0.260395
vt 0.235910 0.247908
vt 0.242145 0.260395
vt 0.232870 0.257435
vt 0.235910 0.247908
vt 0.242145 0.260395
vt 0.229830 0.266962
vt 0.232870 0.257435
vt 0.238556 0.269729
vt 0.229830 0.266962
vt 0.242145 0.260395
vt 0.238556 0.269729
vt 0.223749 0.286015
vt 0.229830 0.266962
vt 0.231379 0.288397
vt 0.223749 0.286015
vt 0.238556 0.269729
vt 0.241991 0.228855
vt 0.235910 0.247908
vt 0.230750 0.225949
vt 0.235910 0.247908
vt 0.225837 0.245336
vt 0.230750 0.225949
vt 0.235910 0.247908
vt 0.232870 0.257435
vt 0.225837 0.245336
vt 0.232870 0.257435
vt 0.223380 0.255030
vt 0.225837 0.245336
vt 0.232870 0.257435
vt 0.220923 0.264724
vt 0.223380 0.255030
vt 0.229830 0.266962
vt 0.220923 0.264724
vt 0.232870 0.257435
vt 0.229830 0.266962
vt 0.216010 0.284111
vt 0.220923 0.264724
vt 0.223749 0.286015
vt 0.216010 0.284111
vt 0.229830 0.266962
vt 0.230750 0.225949
vt 0.225837 0.245336
vt 0.207626 0.223386
vt 0.225837 0.245336
vt 0.205722 0.243295
vt 0.207626 0.223386
vt 0.225837 0.245336
vt 0.223380 0.255030
vt 0.205722 0.243295
vt 0.223380 0.255030
vt 0.204770 0.253250
vt 0.205722 0.243295
vt 0.223380 0.255030
vt 0.203818 0.263205
vt 0.204770 0.253250
vt 0.220923 0.264724
vt 0.203818 0.263205
vt 0.223380 0.255030
vt 0.220923 0.264724
vt 0.201913 0.283114
vt 0.203818 0.263205
vt 0.216010 0.284111
vt 0.201913 0.283114
vt 0.220923 0.264724
vt 0.207626 0.223386
vt 0.205722 0.243295
vt 0.182474 0.226707
vt 0.205722 0.243295
vt 0.185935 0.246406
vt 0.182474 0.226707
vt 0.205722 0.243295
vt 0.204770 0.253250
vt 0.185935 0.246406
vt 0.204770 0.253250
vt 0.187665 0.256255
vt 0.185935 0.246406
vt 0.204770 0.253250
vt 0.189395 0.266104
vt 0.187665 0.256255
vt 0.203818 0.263205
vt 0.189395 0.266104
vt 0.204770 0.253250
vt 0.203818 0.263205
vt 0.192856 0.285802
vt 0.189395 0.266104
vt 0.201913 0.283114
vt 0.192856 0.285802
vt 0.203818 0.263205
vt 0.182474 0.226707
vt 0.185935 0.246406
vt 0.159076 0.236635
vt 0.185935 0.246406
vt 0.167669 0.254695
vt 0.159076 0.236635
vt 0.185935 0.246406
vt 0.187665 0.256255
vt 0.167669 0.254695
vt 0.187665 0.256255
vt 0.171965 0.263725
vt 0.167669 0.254695
vt 0.187665 0.256255
vt 0.176261 0.272755
vt 0.171965 0.263725
vt 0.189395 0.266104
vt 0.176261 0.272755
vt 0.187665 0.256255
vt 0.189395 0.266104
vt 0.184854 0.290815
vt 0.176261 0.272755
vt 0.192856 0.285802
vt 0.184854 0.290815
vt 0.189395 0.266104
vt 0.159076 0.236635
vt 0.167669 0.254695
vt 0.138740 0.251971
vt 0.167669 0.254695
vt 0.151290 0.267544
vt 0.138740 0.251971
vt 0.167669 0.254695
vt 0.171965 0.263725
vt 0.151290 0.267544
vt 0.171965 0.263725
vt 0.157565 0.275330
vt 0.151290 0.267544
vt 0.171965 0.263725
vt 0.163840 0.283116
vt 0.157565 0.275330
vt 0.176261 0.272755
vt 0.163840 0.283116
vt 0.171965 0.263725
vt 0.176261 0.272755
vt 0.176390 0.298689
vt 0.163840 0.283116
vt 0.184854 0.290815
vt 0.176390 0.298689
vt 0.176261 0.272755
vt 0.138740 0.251971
vt 0.151290 0.267544
vt 0.129699 0.261461
vt 0.151290 0.267544
vt 0.144580 0.274824
vt 0.129699 0.261461
vt 0.151290 0.267544
vt 0.157565 0.275330
vt 0.144580 0.274824
vt 0.157565 0.275330
vt 0.152020 0.281505
vt 0.144580 0.274824
vt 0.157565 0.275330
vt 0.159460 0.288186
vt 0.152020 0.281505
vt 0.163840 0.283116
vt 0.159460 0.288186
vt 0.157565 0.275330
vt 0.163840 0.283116
vt 0.174341 0.301549
vt 0.159460 0.288186
vt 0.176390 0.298689
vt 0.174341 0.301549
vt 0.163840 0.283116
vt 0.129699 0.261461
vt 0.144580 0.274824
vt 0.122813 0.270784
vt 0.144580 0.274824
vt 0.139091 0.282405
vt 0.122813 0.270784
vt 0.144580 0.274824
vt 0.152020 0.281505
vt 0.139091 0.282405
vt 0.152020 0.281505
vt 0.147230 0.288215
vt 0.139091 0.282405
vt 0.152020 0.281505
vt 0.155369 0.294025
vt 0.147230 0.288215
vt 0.159460 0.288186
vt 0.155369 0.294025
vt 0.152020 0.281505
vt 0.159460 0.288186
vt 0.171647 0.305645
vt 0.155369 0.294025
vt 0.174341 0.301549
vt 0.171647 0.305645
vt 0.159460 0.288186
vt 0.122813 0.270784
vt 0.139091 0.282405
vt 0.117159 0.280212
vt 0.139091 0.282405
vt 0.134426 0.290304
vt 0.117159 0.280212
vt 0.139091 0.282405
vt 0.147230 0.288215
vt 0.134426 0.290304
vt 0.147230 0.288215
vt 0.143060 0.295350
vt 0.134426 0.290304
vt 0.147230 0.288215
vt 0.151694 0.300396
vt 0.143060 0.295350
vt 0.155369 0.294025
vt 0.151694 0.300396
vt 0.147230 0.288215
vt 0.155369 0.294025
vt 0.168961 0.310487
vt 0.151694 0.300396
vt 0.171647 0.305645
vt 0.168961 0.310487
vt 0.155369 0.294025
vt 0.117159 0.280212
vt 0.134426 0.290304
vt 0.112482 0.289514
vt 0.134426 0.290304
vt 0.130414 0.298371
vt 0.112482 0.289514
vt 0.134426 0.290304
vt 0.143060 0.295350
vt 0.130414 0.298371
vt 0.143060 0.295350
vt 0.139380 0.302800
vt 0.130414 0.298371
vt 0.143060 0.295350
vt 0.148346 0.307229
vt 0.139380 0.302800
vt 0.151694 0.300396
vt 0.148346 0.307229
vt 0.143060 0.295350
vt 0.151694 0.300396
vt 0.166277 0.316086
vt 0.148346 0.307229
vt 0.168961 0.310487
vt 0.166277 0.316086
vt 0.151694 0.300396
vt 0.112482 0.289514
vt 0.130414 0.298371
vt 0.102872 0.313686
vt 0.130414 0.298371
vt 0.121487 0.320999
vt 0.102872 0.313686
vt 0.130414 0.298371
vt 0.139380 0.302800
vt 0.121487 0.320999
vt 0.139380 0.302800
vt 0.130795 0.324655
vt 0.121487 0.320999
vt 0.139380 0.302800
vt 0.140103 0.328311
vt 0.130795 0.324655
vt 0.148346 0.307229
vt 0.140103 0.328311
vt 0.139380 0.302800
vt 0.148346 0.307229
vt 0.158718 0.335623
vt 0.140103 0.328311
vt 0.166277 0.316086
vt 0.158718 0.335623
vt 0.148346 0.307229
vt 0.102872 0.313686
vt 0.121487 0.320999
vt 0.095926 0.339473
vt 0.121487 0.320999
vt 0.115279 0.344521
vt 0.095926 0.339473
vt 0.121487 0.320999
vt 0.130795 0.324655
vt 0.115279 0.344521
vt 0.130795 0.324655
vt 0.124955 0.347045
vt 0.115279 0.344521
vt 0.130795 0.324655
vt 0.134631 0.349569
vt 0.124955 0.347045
vt 0.140103 0.328311
vt 0.134631 0.349569
vt 0.130795 0.324655
vt 0.140103 0.328311
vt 0.153984 0.354616
vt 0.134631 0.349569
vt 0.158718 0.335623
vt 0.153984 0.354616
vt 0.140103 0.328311
vt 0.095926 0.339473
vt 0.115279 0.344521
vt 0.092200 0.366070
vt 0.115279 0.344521
vt 0.112030 0.368673
vt 0.092200 0.366070
vt 0.115279 0.344521
vt 0.124955 0.347045
vt 0.112030 0.368673
vt 0.124955 0.347045
vt 0.121945 0.369975
vt 0.112030 0.368673
vt 0.124955 0.347045
vt 0.131860 0.371276
vt 0.121945 0.369975
vt 0.134631 0.349569
vt 0.131860 0.371276
vt 0.124955 0.347045
vt 0.134631 0.349569
vt 0.151690 0.373879
vt 0.131860 0.371276
vt 0.153984 0.354616
vt 0.151690 0.373879
vt 0.134631 0.349569
vt 0.092200 0.366070
vt 0.112030 0.368673
vt 0.091860 0.393336
vt 0.112030 0.368673
vt 0.111860 0.393409
vt 0.091860 0.393336
vt 0.112030 0.368673
vt 0.121945 0.369975
vt 0.111860 0.393409
vt 0.121945 0.369975
vt 0.121860 0.393445
vt 0.111860 0.393409
vt 0.121945 0.369975
vt 0.131860 0.393481
vt 0.121860 0.393445
vt 0.131860 0.371276
vt 0.131860 0.393481
vt 0.121945 0.369975
vt 0.131860 0.371276
vt 0.151860 0.393554
vt 0.131860 0.393481
vt 0.151690 0.373879
vt 0.151860 0.393554
vt 0.131860 0.371276
vt 0.091860 0.393336
vt 0.111860 0.393409
vt 0.092407 0.402896
vt 0.111860 0.393409
vt 0.112366 0.401608
vt 0.092407 0.402896
vt 0.111860 0.393409
vt 0.121860 0.393445
vt 0.112366 0.401608
vt 0.121860 0.393445
vt 0.122345 0.400965
vt 0.112366 0.401608
vt 0.121860 0.393445
vt 0.132324 0.400321
vt 0.122345 0.400965
vt 0.131860 0.393481
vt 0.132324 0.400321
vt 0.121860 0.393445
vt 0.131860 0.393481
vt 0.152283 0.399034
vt 0.132324 0.400321
vt 0.151860 0.393554
vt 0.152283 0.399034
vt 0.131860 0.393481
vt 0.092407 0.402896
vt 0.112366 0.401608
vt 0.093133 0.411147
vt 0.112366 0.401608
vt 0.113054 0.409372
vt 0.093133 0.411147
vt 0.112366 0.401608
vt 0.122345 0.400965
vt 0.113054 0.409372
vt 0.122345 0.400965
vt 0.123015 0.408485
vt 0.113054 0.409372
vt 0.122345 0.400965
vt 0.132975 0.407597
vt 0.123015 0.408485
vt 0.132324 0.400321
vt 0.132975 0.407597
vt 0.122345 0.400965
vt 0.132324 0.400321
vt 0.152897 0.405823
vt 0.132975 0.407597
vt 0.152283 0.399034
vt 0.152897 0.405823
vt 0.132324 0.400321
vt 0.093133 0.411147
vt 0.113054 0.409372
vt 0.094273 0.419911
vt 0.113054 0.409372
vt 0.114098 0.417267
vt 0.094273 0.419911
vt 0.113054 0.409372
vt 0.123015 0.408485
vt 0.114098 0.417267
vt 0.123015 0.408485
vt 0.124010 0.415945
vt 0.114098 0.417267
vt 0.123015 0.408485
vt 0.133922 0.414623
vt 0.124010 0.415945
vt 0.132975 0.407597
vt 0.133922 0.414623
vt 0.123015 0.408485
vt 0.132975 0.407597
vt 0.153747 0.411979
vt 0.133922 0.414623
vt 0.152897 0.405823
vt 0.153747 0.411979
vt 0.132975 0.407597
vt 0.094273 0.419911
vt 0.114098 0.417267
vt 0.096046 0.429139
vt 0.114098 0.417267
vt 0.115662 0.425240
vt 0.096046 0.429139
vt 0.114098 0.417267
vt 0.124010 0.415945
vt 0.115662 0.425240
vt 0.124010 0.415945
vt 0.125470 0.423290
vt 0.115662 0.425240
vt 0.124010 0.415945
vt 0.135278 0.421340
vt 0.125470 0.423290
vt 0.133922 0.414623
vt 0.135278 0.421340
vt 0.124010 0.415945
vt 0.133922 0.414623
vt 0.154894 0.417441
vt 0.135278 0.421340
vt 0.153747 0.411979
vt 0.154894 0.417441
vt 0.133922 0.414623
vt 0.096046 0.429139
vt 0.115662 0.425240
vt 0.098530 0.442251
vt 0.115662 0.425240
vt 0.118180 0.438527
vt 0.098530 0.442251
vt 0.115662 0.425240
vt 0.125470 0.423290
vt 0.118180 0.438527
vt 0.125470 0.423290
vt 0.128005 0.436665
vt 0.118180 0.438527
vt 0.125470 0.423290
vt 0.137830 0.434803
vt 0.128005 0.436665
vt 0.135278 0.421340
vt 0.137830 0.434803
vt 0.125470 0.423290
vt 0.135278 0.421340
vt 0.157480 0.431078
vt 0.137830 0.434803
vt 0.154894 0.417441
vt 0.157480 0.431078
vt 0.135278 0.421340
vt 0.098530 0.442251
vt 0.118180 0.438527
vt 0.099573 0.453220
vt 0.118180 0.438527
vt 0.119464 0.451140
vt 0.099573 0.453220
vt 0.118180 0.438527
vt 0.128005 0.436665
vt 0.119464 0.451140
vt 0.128005 0.436665
vt 0.129410 0.450100
vt 0.119464 0.451140
vt 0.128005 0.436665
vt 0.139356 0.449060
vt 0.129410 0.450100
vt 0.137830 0.434803
vt 0.139356 0.449060
vt 0.128005 0.436665
vt 0.137830 0.434803
vt 0.159247 0.446980
vt 0.139356 0.449060
vt 0.157480 0.431078
vt 0.159247 0.446980
vt 0.137830 0.434803
vt 0.099573 0.453220
vt 0.119464 0.451140
vt 0.100029 0.464896
vt 0.119464 0.451140
vt 0.120009 0.464022
vt 0.100029 0.464896
vt 0.119464 0.451140
vt 0.129410 0.450100
vt 0.120009 0.464022
vt 0.129410 0.450100
vt 0.130000 0.463585
vt 0.120009 0.464022
vt 0.129410 0.450100
vt 0.139990 0.463148
vt 0.130000 0.463585
vt 0.139356 0.449060
vt 0.139990 0.463148
vt 0.129410 0.450100
vt 0.139356 0.449060
vt 0.159971 0.462274
vt 0.139990 0.463148
vt 0.159247 0.446980
vt 0.159971 0.462274
vt 0.139356 0.449060
vt 0.100029 0.464896
vt 0.120009 0.464022
vt 0.100091 0.477319
vt 0.120009 0.464022
vt 0.120090 0.477186
vt 0.100091 0.477319
vt 0.120009 0.464022
vt 0.130000 0.463585
vt 0.120090 0.477186
vt 0.130000 0.463585
vt 0.130090 0.477120
vt 0.120090 0.477186
vt 0.130000 0.463585
vt 0.140090 0.477053
vt 0.130090 0.477120
vt 0.139990 0.463148
vt 0.140090 0.477053
vt 0.130000 0.463585
vt 0.139990 0.463148
vt 0.160089 0.476920
vt 0.140090 0.477053
vt 0.159971 0.462274
vt 0.160089 0.476920
vt 0.139990 0.463148
vt 0.100091 0.477319
vt 0.120090 0.477186
vt 0.100060 0.486813
vt 0.120090 0.477186
vt 0.120060 0.486874
vt 0.100060 0.486813
vt 0.120090 0.477186
vt 0.130090 0.477120
vt 0.120060 0.486874
vt 0.130090 0.477120
vt 0.130060 0.486905
vt 0.120060 0.486874
vt 0.130090 0.477120
vt 0.140060 0.486936
vt 0.130060 0.486905
vt 0.140090 0.477053
vt 0.140060 0.486936
vt 0.130090 0.477120
vt 0.140090 0.477053
vt 0.160060 0.486997
vt 0.140060 0.486936
vt 0.160089 0.476920
vt 0.160060 0.486997
vt 0.140090 0.477053
vt 0.100060 0.486813
vt 0.120060 0.486874
vt 0.100020 0.496567
vt 0.120060 0.486874
vt 0.120020 0.496649
vt 0.100020 0.496567
vt 0.120060 0.486874
vt 0.130060 0.486905
vt 0.120020 0.496649
vt 0.130060 0.486905
vt 0.130020 0.496690
vt 0.120020 0.496649
vt 0.130060 0.486905
vt 0.140020 0.496731
vt 0.130020 0.496690
vt 0.140060 0.486936
vt 0.140020 0.496731
vt 0.130060 0.486905
vt 0.140060 0.486936
vt 0.160020 0.496813
vt 0.140020 0.496731
vt 0.160060 0.486997
vt 0.160020 0.496813
vt 0.140060 0.486936
vt 0.100020 0.496567
vt 0.120020 0.496649
vt 0.099941 0.506230
vt 0.120020 0.496649
vt 0.119940 0.506393
vt 0.099941 0.506230
vt 0.120020 0.496649
vt 0.130020 0.496690
vt 0.119940 0.506393
vt 0.130020 0.496690
vt 0.129940 0.506475
vt 0.119940 0.506393
vt 0.130020 0.496690
vt 0.139940 0.506557
vt 0.129940 0.506475
vt 0.140020 0.496731
vt 0.139940 0.506557
vt 0.130020 0.496690
vt 0.140020 0.496731
vt 0.159939 0.506720
vt 0.139940 0.506557
vt 0.160020 0.496813
vt 0.159939 0.506720
vt 0.140020 0.496731
vt 0.099941 0.506230
vt 0.119940 0.506393
vt 0.099784 0.515769
vt 0.119940 0.506393
vt 0.119781 0.516096
vt 0.099784 0.515769
vt 0.119940 0.506393
vt 0.129940 0.506475
vt 0.119781 0.516096
vt 0.129940 0.506475
vt 0.129780 0.516260
vt 0.119781 0.516096
vt 0.129940 0.506475
vt 0.139779 0.516423
vt 0.129780 0.516260
vt 0.139940 0.506557
vt 0.139779 0.516423
vt 0.129940 0.506475
vt 0.139940 0.506557
vt 0.159776 0.516750
vt 0.139779 0.516423
vt 0.159939 0.506720
vt 0.159776 0.516750
vt 0.139940 0.506557
vt 0.099784 0.515769
vt 0.119781 0.516096
vt 0.100012 0.538431
vt 0.119781 0.516096
vt 0.120010 0.538220
vt 0.100012 0.538431
vt 0.119781 0.516096
vt 0.129780 0.516260
vt 0.120010 0.538220
vt 0.129780 0.516260
vt 0.130010 0.538115
vt 0.120010 0.538220
vt 0.129780 0.516260
vt 0.140009 0.538010
vt 0.130010 0.538115
vt 0.139779 0.516423
vt 0.140009 0.538010
vt 0.129780 0.516260
vt 0.139779 0.516423
vt 0.160008 0.537799
vt 0.140009 0.538010
vt 0.159776 0.516750
vt 0.160008 0.537799
vt 0.139779 0.516423
vt 0.100012 0.538431
vt 0.120010 0.538220
vt 0.101494 0.561828
vt 0.120010 0.538220
vt 0.121451 0.560526
vt 0.101494 0.561828
vt 0.120010 0.538220
vt 0.130010 0.538115
vt 0.121451 0.560526
vt 0.130010 0.538115
vt 0.131430 0.559875
vt 0.121451 0.560526
vt 0.130010 0.538115
vt 0.141409 0.559224
vt 0.131430 0.559875
vt 0.140009 0.538010
vt 0.141409 0.559224
vt 0.130010 0.538115
vt 0.140009 0.538010
vt 0.161366 0.557921
vt 0.141409 0.559224
vt 0.160008 0.537799
vt 0.161366 0.557921
vt 0.140009 0.538010
vt 0.101494 0.561828
vt 0.121451 0.560526
vt 0.103886 0.584710
vt 0.121451 0.560526
vt 0.123775 0.582610
vt 0.103886 0.584710
vt 0.121451 0.560526
vt 0.131430 0.559875
vt 0.123775 0.582610
vt 0.131430 0.559875
vt 0.133720 0.581560
vt 0.123775 0.582610
vt 0.131430 0.559875
vt 0.143665 0.580510
vt 0.133720 0.581560
vt 0.141409 0.559224
vt 0.143665 0.580510
vt 0.131430 0.559875
vt 0.141409 0.559224
vt 0.163554 0.578409
vt 0.143665 0.580510
vt 0.161366 0.557921
vt 0.163554 0.578409
vt 0.141409 0.559224
vt 0.103886 0.584710
vt 0.123775 0.582610
vt 0.106821 0.607106
vt 0.123775 0.582610
vt 0.126650 0.604499
vt 0.106821 0.607106
vt 0.123775 0.582610
vt 0.133720 0.581560
vt 0.126650 0.604499
vt 0.133720 0.581560
vt 0.136565 0.603195
vt 0.126650 0.604499
vt 0.133720 0.581560
vt 0.146480 0.601891
vt 0.136565 0.603195
vt 0.143665 0.580510
vt 0.146480 0.601891
vt 0.133720 0.581560
vt 0.143665 0.580510
vt 0.166309 0.599284
vt 0.146480 0.601891
vt 0.163554 0.578409
vt 0.166309 0.599284
vt 0.143665 0.580510
vt 0.106821 0.607106
vt 0.126650 0.604499
vt 0.108083 0.614787
vt 0.126650 0.604499
vt 0.127811 0.611499
vt 0.108083 0.614787
vt 0.126650 0.604499
vt 0.136565 0.603195
vt 0.127811 0.611499
vt 0.136565 0.603195
vt 0.137675 0.609855
vt 0.127811 0.611499
vt 0.136565 0.603195
vt 0.147539 0.608211
vt 0.137675 0.609855
vt 0.146480 0.601891
vt 0.147539 0.608211
vt 0.136565 0.603195
vt 0.146480 0.601891
vt 0.167267 0.604923
vt 0.147539 0.608211
vt 0.166309 0.599284
vt 0.167267 0.604923
vt 0.146480 0.601891
vt 0.108083 0.614787
vt 0.127811 0.611499
vt 0.109772 0.622788
vt 0.127811 0.611499
vt 0.129324 0.618579
vt 0.109772 0.622788
vt 0.127811 0.611499
vt 0.137675 0.609855
vt 0.129324 0.618579
vt 0.137675 0.609855
vt 0.139100 0.616475
vt 0.129324 0.618579
vt 0.137675 0.609855
vt 0.148876 0.614371
vt 0.139100 0.616475
vt 0.147539 0.608211
vt 0.148876 0.614371
vt 0.137675 0.609855
vt 0.147539 0.608211
vt 0.168428 0.610162
vt 0.148876 0.614371
vt 0.167267 0.604923
vt 0.168428 0.610162
vt 0.147539 0.608211
vt 0.109772 0.622788
vt 0.129324 0.618579
vt 0.111705 0.630456
vt 0.129324 0.618579
vt 0.131085 0.625515
vt 0.111705 0.630456
vt 0.129324 0.618579
vt 0.139100 0.616475
vt 0.131085 0.625515
vt 0.139100 0.616475
vt 0.140775 0.623045
vt 0.131085 0.625515
vt 0.139100 0.616475
vt 0.150465 0.620574
vt 0.140775 0.623045
vt 0.148876 0.614371
vt 0.150465 0.620574
vt 0.139100 0.616475
vt 0.148876 0.614371
vt 0.169845 0.615634
vt 0.150465 0.620574
vt 0.168428 0.610162
vt 0.169845 0.615634
vt 0.148876 0.614371
vt 0.111705 0.630456
vt 0.131085 0.625515
vt 0.113813 0.637838
vt 0.131085 0.625515
vt 0.133034 0.632313
vt 0.113813 0.637838
vt 0.131085 0.625515
vt 0.140775 0.623045
vt 0.133034 0.632313
vt 0.140775 0.623045
vt 0.142645 0.629550
vt 0.133034 0.632313
vt 0.140775 0.623045
vt 0.152256 0.626787
vt 0.142645 0.629550
vt 0.150465 0.620574
vt 0.152256 0.626787
vt 0.140775 0.623045
vt 0.150465 0.620574
vt 0.171477 0.621261
vt 0.152256 0.626787
vt 0.169845 0.615634
vt 0.171477 0.621261
vt 0.150465 0.620574
vt 0.113813 0.637838
vt 0.133034 0.632313
vt 0.121144 0.655561
vt 0.133034 0.632313
vt 0.139531 0.647694
vt 0.121144 0.655561
vt 0.133034 0.632313
vt 0.142645 0.629550
vt 0.139531 0.647694
vt 0.142645 0.629550
vt 0.148725 0.643760
vt 0.139531 0.647694
vt 0.142645 0.629550
vt 0.157919 0.639826
vt 0.148725 0.643760
vt 0.152256 0.626787
vt 0.157919 0.639826
vt 0.142645 0.629550
vt 0.152256 0.626787
vt 0.176306 0.631959
vt 0.157919 0.639826
vt 0.171477 0.621261
vt 0.176306 0.631959
vt 0.152256 0.626787
vt 0.121144 0.655561
vt 0.139531 0.647694
vt 0.133626 0.673518
vt 0.139531 0.647694
vt 0.149572 0.661446
vt 0.133626 0.673518
vt 0.139531 0.647694
vt 0.148725 0.643760
vt 0.149572 0.661446
vt 0.148725 0.643760
vt 0.157545 0.655410
vt 0.149572 0.661446
vt 0.148725 0.643760
vt 0.165518 0.649374
vt 0.157545 0.655410
vt 0.157919 0.639826
vt 0.165518 0.649374
vt 0.148725 0.643760
vt 0.157919 0.639826
vt 0.181463 0.637302
vt 0.165518 0.649374
vt 0.176306 0.631959
vt 0.181463 0.637302
vt 0.157919 0.639826
vt 0.133626 0.673518
vt 0.149572 0.661446
vt 0.150277 0.687980
vt 0.149572 0.661446
vt 0.162742 0.672340
vt 0.150277 0.687980
vt 0.149572 0.661446
vt 0.157545 0.655410
vt 0.162742 0.672340
vt 0.157545 0.655410
vt 0.168975 0.664520
vt 0.162742 0.672340
vt 0.157545 0.655410
vt 0.175208 0.656700
vt 0.168975 0.664520
vt 0.165518 0.649374
vt 0.175208 0.656700
vt 0.157545 0.655410
vt 0.165518 0.649374
vt 0.187673 0.641060
vt 0.175208 0.656700
vt 0.181463 0.637302
vt 0.187673 0.641060
vt 0.165518 0.649374
vt 0.150277 0.687980
vt 0.162742 0.672340
vt 0.170049 0.698220
vt 0.162742 0.672340
vt 0.178606 0.680143
vt 0.170049 0.698220
vt 0.162742 0.672340
vt 0.168975 0.664520
vt 0.178606 0.680143
vt 0.168975 0.664520
vt 0.182885 0.671105
vt 0.178606 0.680143
vt 0.168975 0.664520
vt 0.187164 0.662067
vt 0.182885 0.671105
vt 0.175208 0.656700
vt 0.187164 0.662067
vt 0.168975 0.664520
vt 0.175208 0.656700
vt 0.195721 0.643990
vt 0.187164 0.662067
vt 0.187673 0.641060
vt 0.195721 0.643990
vt 0.175208 0.656700
vt 0.170049 0.698220
vt 0.178606 0.680143
vt 0.181271 0.702178
vt 0.178606 0.680143
vt 0.187570 0.683196
vt 0.181271 0.702178
vt 0.178606 0.680143
vt 0.182885 0.671105
vt 0.187570 0.683196
vt 0.182885 0.671105
vt 0.190720 0.673705
vt 0.187570 0.683196
vt 0.182885 0.671105
vt 0.193869 0.664214
vt 0.190720 0.673705
vt 0.187164 0.662067
vt 0.193869 0.664214
vt 0.182885 0.671105
vt 0.187164 0.662067
vt 0.200168 0.645232
vt 0.193869 0.664214
vt 0.195721 0.643990
vt 0.200168 0.645232
vt 0.187164 0.662067
vt 0.181271 0.702178
vt 0.187570 0.683196
vt 0.190920 0.704820
vt 0.187570 0.683196
vt 0.196103 0.685503
vt 0.190920 0.704820
vt 0.187570 0.683196
vt 0.190720 0.673705
vt 0.196103 0.685503
vt 0.190720 0.673705
vt 0.198695 0.675845
vt 0.196103 0.685503
vt 0.190720 0.673705
vt 0.201287 0.666187
vt 0.198695 0.675845
vt 0.193869 0.664214
vt 0.201287 0.666187
vt 0.190720 0.673705
vt 0.193869 0.664214
vt 0.206470 0.646870
vt 0.201287 0.666187
vt 0.200168 0.645232
vt 0.206470 0.646870
vt 0.193869 0.664214
vt 0.190920 0.704820
vt 0.196103 0.685503
vt 0.201662 0.706820
vt 0.196103 0.685503
vt 0.205110 0.687120
vt 0.201662 0.706820
vt 0.196103 0.685503
vt 0.198695 0.675845
vt 0.205110 0.687120
vt 0.198695 0.675845
vt 0.206835 0.677270
vt 0.205110 0.687120
vt 0.198695 0.675845
vt 0.208559 0.667420
vt 0.206835 0.677270
vt 0.201287 0.666187
vt 0.208559 0.667420
vt 0.198695 0.675845
vt 0.201287 0.666187
vt 0.212008 0.647719
vt 0.208559 0.667420
vt 0.206470 0.646870
vt 0.212008 0.647719
vt 0.201287 0.666187
vt 0.201662 0.706820
vt 0.205110 0.687120
vt 0.213511 0.707684
vt 0.205110 0.687120
vt 0.214613 0.687715
vt 0.213511 0.707684
vt 0.205110 0.687120
vt 0.206835 0.677270
vt 0.214613 0.687715
vt 0.206835 0.677270
vt 0.215165 0.677730
vt 0.214613 0.687715
vt 0.206835 0.677270
vt 0.215716 0.667745
vt 0.215165 0.677730
vt 0.208559 0.667420
vt 0.215716 0.667745
vt 0.206835 0.677270
vt 0.208559 0.667420
vt 0.216819 0.647776
vt 0.215716 0.667745
vt 0.212008 0.647719
vt 0.216819 0.647776
vt 0.208559 0.667420
vt 0.213511 0.707684
vt 0.214613 0.687715
vt 0.217976 0.707749
vt 0.214613 0.687715
vt 0.218109 0.687750
vt 0.217976 0.707749
vt 0.214613 0.687715
vt 0.215165 0.677730
vt 0.218109 0.687750
vt 0.215165 0.677730
vt 0.218175 0.677750
vt 0.218109 0.687750
vt 0.215165 0.677730
vt 0.218241 0.667750
vt 0.218175 0.677750
vt 0.215716 0.667745
vt 0.218241 0.667750
vt 0.215165 0.677730
vt 0.215716 0.667745
vt 0.218374 0.647751
vt 0.218241 0.667750
vt 0.216819 0.647776
vt 0.218374 0.647751
vt 0.215716 0.667745
vt 0.217976 0.707749
vt 0.218109 0.687750
vt 0.220288 0.707826
vt 0.218109 0.687750
vt 0.220886 0.687835
vt 0.220288 0.707826
vt 0.218109 0.687750
vt 0.218175 0.677750
vt 0.220886 0.687835
vt 0.218175 0.677750
vt 0.221185 0.677840
vt 0.220886 0.687835
vt 0.218175 0.677750
vt 0.221484 0.667844
vt 0.221185 0.677840
vt 0.218241 0.667750
vt 0.221484 0.667844
vt 0.218175 0.677750
vt 0.218241 0.667750
vt 0.222082 0.647853
vt 0.221484 0.667844
vt 0.218374 0.647751
vt 0.222082 0.647853
vt 0.218241 0.667750
vt 0.220288 0.707826
vt 0.220886 0.687835
vt 0.223198 0.707923
vt 0.220886 0.687835
vt 0.223863 0.687934
vt 0.223198 0.707923
vt 0.220886 0.687835
vt 0.221185 0.677840
vt 0.223863 0.687934
vt 0.221185 0.677840
vt 0.224195 0.677940
vt 0.223863 0.687934
vt 0.221185 0.677840
vt 0.224527 0.667945
vt 0.224195 0.677940
vt 0.221484 0.667844
vt 0.224527 0.667945
vt 0.221185 0.677840
vt 0.221484 0.667844
vt 0.225191 0.647956
vt 0.224527 0.667945
vt 0.222082 0.647853
vt 0.225191 0.647956
vt 0.221484 0.667844
vt 0.223198 0.707923
vt 0.223863 0.687934
vt 0.226608 0.707994
vt 0.223863 0.687934
vt 0.227006 0.687998
vt 0.226608 0.707994
vt 0.223863 0.687934
vt 0.224195 0.677940
vt 0.227006 0.687998
vt 0.224195 0.677940
vt 0.227205 0.678000
vt 0.227006 0.687998
vt 0.224195 0.677940
vt 0.227404 0.668002
vt 0.227205 0.678000
vt 0.224527 0.667945
vt 0.227404 0.668002
vt 0.224195 0.677940
vt 0.224527 0.667945
vt 0.227802 0.648006
vt 0.227404 0.668002
vt 0.225191 0.647956
vt 0.227802 0.648006
vt 0.224527 0.667945
vt 0.226608 0.707994
vt 0.227006 0.687998
vt 0.264633 0.709210
vt 0.227006 0.687998
vt 0.265271 0.689220
vt 0.264633 0.709210
vt 0.227006 0.687998
vt 0.227205 0.678000
vt 0.265271 0.689220
vt 0.227205 0.678000
vt 0.265590 0.679225
vt 0.265271 0.689220
vt 0.227205 0.678000
vt 0.265909 0.669230
vt 0.265590 0.679225
vt 0.227404 0.668002
vt 0.265909 0.669230
vt 0.227205 0.678000
vt 0.227404 0.668002
vt 0.266547 0.649240
vt 0.265909 0.669230
vt 0.227802 0.648006
vt 0.266547 0.649240
vt 0.227404 0.668002
vt 0.264633 0.709210
vt 0.265271 0.689220
vt 0.301373 0.712222
vt 0.265271 0.689220
vt 0.302987 0.692287
vt 0.301373 0.712222
vt 0.265271 0.689220
vt 0.265590 0.679225
vt 0.302987 0.692287
vt 0.265590 0.679225
vt 0.303795 0.682320
vt 0.302987 0.692287
vt 0.265590 0.679225
vt 0.304602 0.672353
vt 0.303795 0.682320
vt 0.265909 0.669230
vt 0.304602 0.672353
vt 0.265590 0.679225
vt 0.265909 0.669230
vt 0.306217 0.652418
vt 0.304602 0.672353
vt 0.266547 0.649240
vt 0.306217 0.652418
vt 0.265909 0.669230
vt 0.301373 0.712222
vt 0.302987 0.692287
vt 0.338156 0.716793
vt 0.302987 0.692287
vt 0.340609 0.696944
vt 0.338156 0.716793
vt 0.302987 0.692287
vt 0.303795 0.682320
vt 0.340609 0.696944
vt 0.303795 0.682320
vt 0.341835 0.687020
vt 0.340609 0.696944
vt 0.303795 0.682320
vt 0.343061 0.677095
vt 0.341835 0.687020
vt 0.304602 0.672353
vt 0.343061 0.677095
vt 0.303795 0.682320
vt 0.304602 0.672353
vt 0.345514 0.657246
vt 0.343061 0.677095
vt 0.306217 0.652418
vt 0.345514 0.657246
vt 0.304602 0.672353
vt 0.338156 0.716793
vt 0.340609 0.696944
vt 0.375017 0.722682
vt 0.340609 0.696944
vt 0.378162 0.702930
vt 0.375017 0.722682
vt 0.340609 0.696944
vt 0.341835 0.687020
vt 0.378162 0.702930
vt 0.341835 0.687020
vt 0.379735 0.693055
vt 0.378162 0.702930
vt 0.341835 0.687020
vt 0.381307 0.683179
vt 0.379735 0.693055
vt 0.343061 0.677095
vt 0.381307 0.683179
vt 0.341835 0.687020
vt 0.343061 0.677095
vt 0.384453 0.663428
vt 0.381307 0.683179
vt 0.345514 0.657246
vt 0.384453 0.663428
vt 0.343061 0.677095
vt 0.375017 0.722682
vt 0.378162 0.702930
vt 0.385777 0.724291
vt 0.378162 0.702930
vt 0.388732 0.704510
vt 0.385777 0.724291
vt 0.378162 0.702930
vt 0.379735 0.693055
vt 0.388732 0.704510
vt 0.379735 0.693055
vt 0.390210 0.694620
vt 0.388732 0.704510
vt 0.379735 0.693055
vt 0.391688 0.684730
vt 0.390210 0.694620
vt 0.381307 0.683179
vt 0.391688 0.684730
vt 0.379735 0.693055
vt 0.381307 0.683179
vt 0.394643 0.664949
vt 0.391688 0.684730
vt 0.384453 0.663428
vt 0.394643 0.664949
vt 0.381307 0.683179
vt 0.385777 0.724291
vt 0.388732 0.704510
vt 0.397862 0.725477
vt 0.388732 0.704510
vt 0.399744 0.705566
vt 0.397862 0.725477
vt 0.388732 0.704510
vt 0.390210 0.694620
vt 0.399744 0.705566
vt 0.390210 0.694620
vt 0.400685 0.695610
vt 0.399744 0.705566
vt 0.390210 0.694620
vt 0.401626 0.685654
vt 0.400685 0.695610
vt 0.391688 0.684730
vt 0.401626 0.685654
vt 0.390210 0.694620
vt 0.391688 0.684730
vt 0.403508 0.665743
vt 0.401626 0.685654
vt 0.394643 0.664949
vt 0.403508 0.665743
vt 0.391688 0.684730
vt 0.397862 0.725477
vt 0.399744 0.705566
vt 0.410169 0.725943
vt 0.399744 0.705566
vt 0.410836 0.705954
vt 0.410169 0.725943
vt 0.399744 0.705566
vt 0.400685 0.695610
vt 0.410836 0.705954
vt 0.400685 0.695610
vt 0.411170 0.695960
vt 0.410836 0.705954
vt 0.400685 0.695610
vt 0.411504 0.685965
vt 0.411170 0.695960
vt 0.401626 0.685654
vt 0.411504 0.685965
vt 0.400685 0.695610
vt 0.401626 0.685654
vt 0.412171 0.665977
vt 0.411504 0.685965
vt 0.403508 0.665743
vt 0.412171 0.665977
vt 0.401626 0.685654
vt 0.410169 0.725943
vt 0.410836 0.705954
vt 0.422698 0.725582
vt 0.410836 0.705954
vt 0.422013 0.705594
vt 0.422698 0.725582
vt 0.410836 0.705954
vt 0.411170 0.695960
vt 0.422013 0.705594
vt 0.411170 0.695960
vt 0.421670 0.695600
vt 0.422013 0.705594
vt 0.411170 0.695960
vt 0.421327 0.685606
vt 0.421670 0.695600
vt 0.411504 0.685965
vt 0.421327 0.685606
vt 0.411170 0.695960
vt 0.411504 0.685965
vt 0.420642 0.665617
vt 0.421327 0.685606
vt 0.412171 0.665977
vt 0.420642 0.665617
vt 0.411504 0.685965
vt 0.422698 0.725582
vt 0.422013 0.705594
vt 0.444711 0.722594
vt 0.422013 0.705594
vt 0.441864 0.702798
vt 0.444711 0.722594
vt 0.422013 0.705594
vt 0.421670 0.695600
vt 0.441864 0.702798
vt 0.421670 0.695600
vt 0.440440 0.692900
vt 0.441864 0.702798
vt 0.421670 0.695600
vt 0.439016 0.683002
vt 0.440440 0.692900
vt 0.421327 0.685606
vt 0.439016 0.683002
vt 0.421670 0.695600
vt 0.421327 0.685606
vt 0.436169 0.663206
vt 0.439016 0.683002
vt 0.420642 0.665617
vt 0.436169 0.663206
vt 0.421327 0.685606
vt 0.444711 0.722594
vt 0.441864 0.702798
vt 0.466997 0.716083
vt 0.441864 0.702798
vt 0.461082 0.696978
vt 0.466997 0.716083
vt 0.441864 0.702798
vt 0.440440 0.692900
vt 0.461082 0.696978
vt 0.440440 0.692900
vt 0.458125 0.687425
vt 0.461082 0.696978
vt 0.440440 0.692900
vt 0.455168 0.677872
vt 0.458125 0.687425
vt 0.439016 0.683002
vt 0.455168 0.677872
vt 0.440440 0.692900
vt 0.439016 0.683002
vt 0.449253 0.658767
vt 0.455168 0.677872
vt 0.436169 0.663206
vt 0.449253 0.658767
vt 0.439016 0.683002
vt 0.466997 0.716083
vt 0.461082 0.696978
vt 0.488207 0.705804
vt 0.461082 0.696978
vt 0.479159 0.687968
vt 0.488207 0.705804
vt 0.461082 0.696978
vt 0.458125 0.687425
vt 0.479159 0.687968
vt 0.458125 0.687425
vt 0.474635 0.679050
vt 0.479159 0.687968
vt 0.458125 0.687425
vt 0.470111 0.670132
vt 0.474635 0.679050
vt 0.455168 0.677872
vt 0.470111 0.670132
vt 0.458125 0.687425
vt 0.455168 0.677872
vt 0.461063 0.652295
vt 0.470111 0.670132
vt 0.449253 0.658767
vt 0.461063 0.652295
vt 0.455168 0.677872
vt 0.488207 0.705804
vt 0.479159 0.687968
vt 0.507841 0.691684
vt 0.479159 0.687968
vt 0.495867 0.675665
vt 0.507841 0.691684
vt 0.479159 0.687968
vt 0.474635 0.679050
vt 0.495867 0.675665
vt 0.474635 0.679050
vt 0.489880 0.667655
vt 0.495867 0.675665
vt 0.474635 0.679050
vt 0.483893 0.659645
vt 0.489880 0.667655
vt 0.470111 0.670132
vt 0.483893 0.659645
vt 0.474635 0.679050
vt 0.470111 0.670132
vt 0.471919 0.643626
vt 0.483893 0.659645
vt 0.461063 0.652295
vt 0.471919 0.643626
vt 0.470111 0.670132
vt 0.507841 0.691684
vt 0.495867 0.675665
vt 0.515354 0.683548
vt 0.495867 0.675665
vt 0.498838 0.672269
vt 0.515354 0.683548
vt 0.495867 0.675665
vt 0.489880 0.667655
vt 0.498838 0.672269
vt 0.489880 0.667655
vt 0.490580 0.666630
vt 0.498838 0.672269
vt 0.489880 0.667655
vt 0.482322 0.660990
vt 0.490580 0.666630
vt 0.483893 0.659645
vt 0.482322 0.660990
vt 0.489880 0.667655
vt 0.483893 0.659645
vt 0.465806 0.649712
vt 0.482322 0.660990
vt 0.471919 0.643626
vt 0.465806 0.649712
vt 0.483893 0.659645
vt 0.515354 0.683548
vt 0.498838 0.672269
vt 0.519671 0.674095
vt 0.498838 0.672269
vt 0.500553 0.668218
vt 0.519671 0.674095
vt 0.498838 0.672269
vt 0.490580 0.666630
vt 0.500553 0.668218
vt 0.490580 0.666630
vt 0.490995 0.665280
vt 0.500553 0.668218
vt 0.490580 0.666630
vt 0.481436 0.662341
vt 0.490995 0.665280
vt 0.482322 0.660990
vt 0.481436 0.662341
vt 0.490580 0.666630
vt 0.482322 0.660990
vt 0.462319 0.656465
vt 0.481436 0.662341
vt 0.465806 0.649712
vt 0.462319 0.656465
vt 0.482322 0.660990
vt 0.519671 0.674095
vt 0.500553 0.668218
vt 0.520729 0.669545
vt 0.500553 0.668218
vt 0.501100 0.665712
vt 0.520729 0.669545
vt 0.500553 0.668218
vt 0.490995 0.665280
vt 0.501100 0.665712
vt 0.490995 0.665280
vt 0.491285 0.663795
vt 0.501100 0.665712
vt 0.490995 0.665280
vt 0.481470 0.661878
vt 0.491285 0.663795
vt 0.481436 0.662341
vt 0.481470 0.661878
vt 0.490995 0.665280
vt 0.481436 0.662341
vt 0.461841 0.658045
vt 0.481470 0.661878
vt 0.462319 0.656465
vt 0.461841 0.658045
vt 0.481436 0.662341
vt 0.520729 0.669545
vt 0.501100 0.665712
vt 0.520835 0.669180
vt 0.501100 0.665712
vt 0.501358 0.664633
vt 0.520835 0.669180
vt 0.501100 0.665712
vt 0.491285 0.663795
vt 0.501358 0.664633
vt 0.491285 0.663795
vt 0.491620 0.662360
vt 0.501358 0.664633
vt 0.491285 0.663795
vt 0.481882 0.660087
vt 0.491620 0.662360
vt 0.481470 0.661878
vt 0.481882 0.660087
vt 0.491285 0.663795
vt 0.481470 0.661878
vt 0.462405 0.655540
vt 0.481882 0.660087
vt 0.461841 0.658045
vt 0.462405 0.655540
vt 0.481470 0.661878
vt 0.520835 0.669180
vt 0.501358 0.664633
vt 0.498801 0.633194
vt 0.501358 0.664633
vt 0.493067 0.652355
vt 0.498801 0.633194
vt 0.501358 0.664633
vt 0.491620 0.662360
vt 0.493067 0.652355
vt 0.491620 0.662360
vt 0.490200 0.661935
vt 0.493067 0.652355
vt 0.491620 0.662360
vt 0.487333 0.671515
vt 0.490200 0.661935
vt 0.481882 0.660087
vt 0.487333 0.671515
vt 0.491620 0.662360
vt 0.481882 0.660087
vt 0.481598 0.690675
vt 0.487333 0.671515
vt 0.462405 0.655540
vt 0.481598 0.690675
vt 0.481882 0.660087
vt 0.498801 0.633194
vt 0.493067 0.652355
vt 0.498117 0.632960
vt 0.493067 0.652355
vt 0.491892 0.651967
vt 0.498117 0.632960
vt 0.493067 0.652355
vt 0.490200 0.661935
vt 0.491892 0.651967
vt 0.490200 0.661935
vt 0.488780 0.661470
vt 0.491892 0.651967
vt 0.490200 0.661935
vt 0.485668 0.670973
vt 0.488780 0.661470
vt 0.487333 0.671515
vt 0.485668 0.670973
vt 0.490200 0.661935
vt 0.487333 0.671515
vt 0.479443 0.689980
vt 0.485668 0.670973
vt 0.481598 0.690675
vt 0.479443 0.689980
vt 0.487333 0.671515
vt 0.498117 0.632960
vt 0.491892 0.651967
vt 0.494499 0.631984
vt 0.491892 0.651967
vt 0.489746 0.651411
vt 0.494499 0.631984
vt 0.491892 0.651967
vt 0.488780 0.661470
vt 0.489746 0.651411
vt 0.488780 0.661470
vt 0.487370 0.661125
vt 0.489746 0.651411
vt 0.488780 0.661470
vt 0.484994 0.670838
vt 0.487370 0.661125
vt 0.485668 0.670973
vt 0.484994 0.670838
vt 0.488780 0.661470
vt 0.485668 0.670973
vt 0.480241 0.690265
vt 0.484994 0.670838
vt 0.479443 0.689980
vt 0.480241 0.690265
vt 0.485668 0.670973
vt 0.494499 0.631984
vt 0.489746 0.651411
vt 0.487489 0.631093
vt 0.489746 0.651411
vt 0.486483 0.651068
vt 0.487489 0.631093
vt 0.489746 0.651411
vt 0.487370 0.661125
vt 0.486483 0.651068
vt 0.487370 0.661125
vt 0.485980 0.661055
vt 0.486483 0.651068
vt 0.487370 0.661125
vt 0.485477 0.671042
vt 0.485980 0.661055
vt 0.484994 0.670838
vt 0.485477 0.671042
vt 0.487370 0.661125
vt 0.484994 0.670838
vt 0.484471 0.691017
vt 0.485477 0.671042
vt 0.480241 0.690265
vt 0.484471 0.691017
vt 0.484994 0.670838
vt 0.487489 0.631093
vt 0.486483 0.651068
vt 0.479801 0.631614
vt 0.486483 0.651068
vt 0.482447 0.651438
vt 0.479801 0.631614
vt 0.486483 0.651068
vt 0.485980 0.661055
vt 0.482447 0.651438
vt 0.485980 0.661055
vt 0.483770 0.661350
vt 0.482447 0.651438
vt 0.485980 0.661055
vt 0.485093 0.671262
vt 0.483770 0.661350
vt 0.485477 0.671042
vt 0.485093 0.671262
vt 0.485980 0.661055
vt 0.485477 0.671042
vt 0.487739 0.691086
vt 0.485093 0.671262
vt 0.484471 0.691017
vt 0.487739 0.691086
vt 0.485477 0.671042
vt 0.479801 0.631614
vt 0.482447 0.651438
vt 0.475366 0.632463
vt 0.482447 0.651438
vt 0.479502 0.652031
vt 0.475366 0.632463
vt 0.482447 0.651438
vt 0.483770 0.661350
vt 0.479502 0.652031
vt 0.483770 0.661350
vt 0.481570 0.661815
vt 0.479502 0.652031
vt 0.483770 0.661350
vt 0.483638 0.671599
vt 0.481570 0.661815
vt 0.485093 0.671262
vt 0.483638 0.671599
vt 0.483770 0.661350
vt 0.485093 0.671262
vt 0.487774 0.691166
vt 0.483638 0.671599
vt 0.487739 0.691086
vt 0.487774 0.691166
vt 0.485093 0.671262
vt 0.475366 0.632463
vt 0.479502 0.652031
vt 0.471614 0.633425
vt 0.479502 0.652031
vt 0.476798 0.652742
vt 0.471614 0.633425
vt 0.479502 0.652031
vt 0.481570 0.661815
vt 0.476798 0.652742
vt 0.481570 0.661815
vt 0.479390 0.662400
vt 0.476798 0.652742
vt 0.481570 0.661815
vt 0.481982 0.672058
vt 0.479390 0.662400
vt 0.483638 0.671599
vt 0.481982 0.672058
vt 0.481570 0.661815
vt 0.483638 0.671599
vt 0.487166 0.691375
vt 0.481982 0.672058
vt 0.487774 0.691166
vt 0.487166 0.691375
vt 0.483638 0.671599
vt 0.471614 0.633425
vt 0.476798 0.652742
vt 0.468572 0.634328
vt 0.476798 0.652742
vt 0.474347 0.653476
vt 0.468572 0.634328
vt 0.476798 0.652742
vt 0.479390 0.662400
vt 0.474347 0.653476
vt 0.479390 0.662400
vt 0.477235 0.663050
vt 0.474347 0.653476
vt 0.479390 0.662400
vt 0.480123 0.672624
vt 0.477235 0.663050
vt 0.481982 0.672058
vt 0.480123 0.672624
vt 0.479390 0.662400
vt 0.481982 0.672058
vt 0.485898 0.691772
vt 0.480123 0.672624
vt 0.487166 0.691375
vt 0.485898 0.691772
vt 0.481982 0.672058
vt 0.468572 0.634328
vt 0.474347 0.653476
vt 0.448997 0.638764
vt 0.474347 0.653476
vt 0.453482 0.658255
vt 0.448997 0.638764
vt 0.474347 0.653476
vt 0.477235 0.663050
vt 0.453482 0.658255
vt 0.477235 0.663050
vt 0.455725 0.668000
vt 0.453482 0.658255
vt 0.477235 0.663050
vt 0.457968 0.677745
vt 0.455725 0.668000
vt 0.480123 0.672624
vt 0.457968 0.677745
vt 0.477235 0.663050
vt 0.480123 0.672624
vt 0.462453 0.697236
vt 0.457968 0.677745
vt 0.485898 0.691772
vt 0.462453 0.697236
vt 0.480123 0.672624
vt 0.448997 0.638764
vt 0.453482 0.658255
vt 0.432104 0.639606
vt 0.453482 0.658255
vt 0.433525 0.659555
vt 0.432104 0.639606
vt 0.453482 0.658255
vt 0.455725 0.668000
vt 0.433525 0.659555
vt 0.455725 0.668000
vt 0.434235 0.669530
vt 0.433525 0.659555
vt 0.455725 0.668000
vt 0.434945 0.679505
vt 0.434235 0.669530
vt 0.457968 0.677745
vt 0.434945 0.679505
vt 0.455725 0.668000
vt 0.457968 0.677745
vt 0.436365 0.699454
vt 0.434945 0.679505
vt 0.462453 0.697236
vt 0.436365 0.699454
vt 0.457968 0.677745
vt 0.432104 0.639606
vt 0.433525 0.659555
vt 0.415435 0.637756
vt 0.433525 0.659555
vt 0.413678 0.657679
vt 0.415435 0.637756
vt 0.433525 0.659555
vt 0.434235 0.669530
vt 0.413678 0.657679
vt 0.434235 0.669530
vt 0.412800 0.667640
vt 0.413678 0.657679
vt 0.434235 0.669530
vt 0.411922 0.677601
vt 0.412800 0.667640
vt 0.434945 0.679505
vt 0.411922 0.677601
vt 0.434235 0.669530
vt 0.434945 0.679505
vt 0.410165 0.697524
vt 0.411922 0.677601
vt 0.436365 0.699454
vt 0.410165 0.697524
vt 0.434945 0.679505
vt 0.415435 0.637756
vt 0.413678 0.657679
vt 0.398691 0.633217
vt 0.413678 0.657679
vt 0.393863 0.652626
vt 0.398691 0.633217
vt 0.413678 0.657679
vt 0.412800 0.667640
vt 0.393863 0.652626
vt 0.412800 0.667640
vt 0.391450 0.662330
vt 0.393863 0.652626
vt 0.412800 0.667640
vt 0.389036 0.672034
vt 0.391450 0.662330
vt 0.411922 0.677601
vt 0.389036 0.672034
vt 0.412800 0.667640
vt 0.411922 0.677601
vt 0.384209 0.691443
vt 0.389036 0.672034
vt 0.410165 0.697524
vt 0.384209 0.691443
vt 0.411922 0.677601
vt 0.398691 0.633217
vt 0.393863 0.652626
vt 0.384759 0.628364
vt 0.393863 0.652626
vt 0.378316 0.647298
vt 0.384759 0.628364
vt 0.393863 0.652626
vt 0.391450 0.662330
vt 0.378316 0.647298
vt 0.391450 0.662330
vt 0.375095 0.656765
vt 0.378316 0.647298
vt 0.391450 0.662330
vt 0.371874 0.666232
vt 0.375095 0.656765
vt 0.389036 0.672034
vt 0.371874 0.666232
vt 0.391450 0.662330
vt 0.389036 0.672034
vt 0.365431 0.685166
vt 0.371874 0.666232
vt 0.384209 0.691443
vt 0.365431 0.685166
vt 0.389036 0.672034
vt 0.384759 0.628364
vt 0.378316 0.647298
vt 0.368899 0.622703
vt 0.378316 0.647298
vt 0.362179 0.641541
vt 0.368899 0.622703
vt 0.378316 0.647298
vt 0.375095 0.656765
vt 0.362179 0.641541
vt 0.375095 0.656765
vt 0.358820 0.650960
vt 0.362179 0.641541
vt 0.375095 0.656765
vt 0.355460 0.660379
vt 0.358820 0.650960
vt 0.371874 0.666232
vt 0.355460 0.660379
vt 0.375095 0.656765
vt 0.371874 0.666232
vt 0.348741 0.679216
vt 0.355460 0.660379
vt 0.365431 0.685166
vt 0.348741 0.679216
vt 0.371874 0.666232
vt 0.368899 0.622703
vt 0.362179 0.641541
vt 0.352901 0.616847
vt 0.362179 0.641541
vt 0.346027 0.635629
vt 0.352901 0.616847
vt 0.362179 0.641541
vt 0.358820 0.650960
vt 0.346027 0.635629
vt 0.358820 0.650960
vt 0.342590 0.645020
vt 0.346027 0.635629
vt 0.358820 0.650960
vt 0.339153 0.654411
vt 0.342590 0.645020
vt 0.355460 0.660379
vt 0.339153 0.654411
vt 0.358820 0.650960
vt 0.355460 0.660379
vt 0.332279 0.673192
vt 0.339153 0.654411
vt 0.348741 0.679216
vt 0.332279 0.673192
vt 0.355460 0.660379
vt 0.352901 0.616847
vt 0.346027 0.635629
vt 0.336717 0.610901
vt 0.346027 0.635629
vt 0.329819 0.629673
vt 0.336717 0.610901
vt 0.346027 0.635629
vt 0.342590 0.645020
vt 0.329819 0.629673
vt 0.342590 0.645020
vt 0.326370 0.639060
vt 0.329819 0.629673
vt 0.342590 0.645020
vt 0.322921 0.648446
vt 0.326370 0.639060
vt 0.339153 0.654411
vt 0.322921 0.648446
vt 0.342590 0.645020
vt 0.339153 0.654411
vt 0.316023 0.667219
vt 0.322921 0.648446
vt 0.332279 0.673192
vt 0.316023 0.667219
vt 0.339153 0.654411
vt 0.336717 0.610901
vt 0.329819 0.629673
vt 0.327975 0.607549
vt 0.329819 0.629673
vt 0.320822 0.626226
vt 0.327975 0.607549
vt 0.329819 0.629673
vt 0.326370 0.639060
vt 0.320822 0.626226
vt 0.326370 0.639060
vt 0.317245 0.635565
vt 0.320822 0.626226
vt 0.326370 0.639060
vt 0.313668 0.644903
vt 0.317245 0.635565
vt 0.322921 0.648446
vt 0.313668 0.644903
vt 0.326370 0.639060
vt 0.322921 0.648446
vt 0.306515 0.663580
vt 0.313668 0.644903
vt 0.316023 0.667219
vt 0.306515 0.663580
vt 0.322921 0.648446
vt 0.327975 0.607549
vt 0.320822 0.626226
vt 0.319288 0.604078
vt 0.320822 0.626226
vt 0.311873 0.622653
vt 0.319288 0.604078
vt 0.320822 0.626226
vt 0.317245 0.635565
vt 0.311873 0.622653
vt 0.317245 0.635565
vt 0.308165 0.631940
vt 0.311873 0.622653
vt 0.317245 0.635565
vt 0.304457 0.641227
vt 0.308165 0.631940
vt 0.313668 0.644903
vt 0.304457 0.641227
vt 0.317245 0.635565
vt 0.313668 0.644903
vt 0.297042 0.659802
vt 0.304457 0.641227
vt 0.306515 0.663580
vt 0.297042 0.659802
vt 0.313668 0.644903
vt 0.319288 0.604078
vt 0.311873 0.622653
vt 0.309881 0.600436
vt 0.311873 0.622653
vt 0.302664 0.619089
vt 0.309881 0.600436
vt 0.311873 0.622653
vt 0.308165 0.631940
vt 0.302664 0.619089
vt 0.308165 0.631940
vt 0.299055 0.628415
vt 0.302664 0.619089
vt 0.308165 0.631940
vt 0.295446 0.637741
vt 0.299055 0.628415
vt 0.304457 0.641227
vt 0.295446 0.637741
vt 0.308165 0.631940
vt 0.304457 0.641227
vt 0.288229 0.656393
vt 0.295446 0.637741
vt 0.297042 0.659802
vt 0.288229 0.656393
vt 0.304457 0.641227
vt 0.309881 0.600436
vt 0.302664 0.619089
vt 0.299681 0.596875
vt 0.302664 0.619089
vt 0.293120 0.615768
vt 0.299681 0.596875
vt 0.302664 0.619089
vt 0.299055 0.628415
vt 0.293120 0.615768
vt 0.299055 0.628415
vt 0.289840 0.625215
vt 0.293120 0.615768
vt 0.299055 0.628415
vt 0.286560 0.634661
vt 0.289840 0.625215
vt 0.295446 0.637741
vt 0.286560 0.634661
vt 0.299055 0.628415
vt 0.295446 0.637741
vt 0.279999 0.653555
vt 0.286560 0.634661
vt 0.288229 0.656393
vt 0.279999 0.653555
vt 0.295446 0.637741
vt 0.299681 0.596875
vt 0.293120 0.615768
vt 0.289253 0.591649
vt 0.293120 0.615768
vt 0.280591 0.609676
vt 0.289253 0.591649
vt 0.293120 0.615768
vt 0.289840 0.625215
vt 0.280591 0.609676
vt 0.289840 0.625215
vt 0.276260 0.618690
vt 0.280591 0.609676
vt 0.289840 0.625215
vt 0.271929 0.627703
vt 0.276260 0.618690
vt 0.286560 0.634661
vt 0.271929 0.627703
vt 0.289840 0.625215
vt 0.286560 0.634661
vt 0.263267 0.645731
vt 0.271929 0.627703
vt 0.279999 0.653555
vt 0.263267 0.645731
vt 0.286560 0.634661
vt 0.289253 0.591649
vt 0.280591 0.609676
vt 0.287023 0.587535
vt 0.280591 0.609676
vt 0.273248 0.602035
vt 0.287023 0.587535
vt 0.280591 0.609676
vt 0.276260 0.618690
vt 0.273248 0.602035
vt 0.276260 0.618690
vt 0.266360 0.609285
vt 0.273248 0.602035
vt 0.276260 0.618690
vt 0.259472 0.616535
vt 0.266360 0.609285
vt 0.271929 0.627703
vt 0.259472 0.616535
vt 0.276260 0.618690
vt 0.271929 0.627703
vt 0.245697 0.631035
vt 0.259472 0.616535
vt 0.263267 0.645731
vt 0.245697 0.631035
vt 0.271929 0.627703
vt 0.287023 0.587535
vt 0.273248 0.602035
vt 0.285909 0.582749
vt 0.273248 0.602035
vt 0.268443 0.592493
vt 0.285909 0.582749
vt 0.273248 0.602035
vt 0.266360 0.609285
vt 0.268443 0.592493
vt 0.266360 0.609285
vt 0.259710 0.597365
vt 0.268443 0.592493
vt 0.266360 0.609285
vt 0.250977 0.602237
vt 0.259710 0.597365
vt 0.259472 0.616535
vt 0.250977 0.602237
vt 0.266360 0.609285
vt 0.259472 0.616535
vt 0.233511 0.611981
vt 0.250977 0.602237
vt 0.245697 0.631035
vt 0.233511 0.611981
vt 0.259472 0.616535
vt 0.285909 0.582749
vt 0.268443 0.592493
vt 0.284818 0.575408
vt 0.268443 0.592493
vt 0.265523 0.580669
vt 0.284818 0.575408
vt 0.268443 0.592493
vt 0.259710 0.597365
vt 0.265523 0.580669
vt 0.259710 0.597365
vt 0.255875 0.583300
vt 0.265523 0.580669
vt 0.259710 0.597365
vt 0.246227 0.585931
vt 0.255875 0.583300
vt 0.250977 0.602237
vt 0.246227 0.585931
vt 0.259710 0.597365
vt 0.250977 0.602237
vt 0.226932 0.591192
vt 0.246227 0.585931
vt 0.233511 0.611981
vt 0.226932 0.591192
vt 0.250977 0.602237
vt 0.284818 0.575408
vt 0.265523 0.580669
vt 0.284667 0.572031
vt 0.265523 0.580669
vt 0.264832 0.574597
vt 0.284667 0.572031
vt 0.265523 0.580669
vt 0.255875 0.583300
vt 0.264832 0.574597
vt 0.255875 0.583300
vt 0.254915 0.575880
vt 0.264832 0.574597
vt 0.255875 0.583300
vt 0.244998 0.577163
vt 0.254915 0.575880
vt 0.246227 0.585931
vt 0.244998 0.577163
vt 0.255875 0.583300
vt 0.246227 0.585931
vt 0.225163 0.579729
vt 0.244998 0.577163
vt 0.226932 0.591192
vt 0.225163 0.579729
vt 0.246227 0.585931
vt 0.284667 0.572031
vt 0.264832 0.574597
vt 0.284380 0.566480
vt 0.264832 0.574597
vt 0.264420 0.567743
vt 0.284380 0.566480
vt 0.264832 0.574597
vt 0.254915 0.575880
vt 0.264420 0.567743
vt 0.254915 0.575880
vt 0.254440 0.568375
vt 0.264420 0.567743
vt 0.254915 0.575880
vt 0.244460 0.569007
vt 0.254440 0.568375
vt 0.244998 0.577163
vt 0.244460 0.569007
vt 0.254915 0.575880
vt 0.244998 0.577163
vt 0.224500 0.570270
vt 0.244460 0.569007
vt 0.225163 0.579729
vt 0.224500 0.570270
vt 0.244998 0.577163
vt 0.284380 0.566480
vt 0.264420 0.567743
vt 0.284257 0.560134
vt 0.264420 0.567743
vt 0.264262 0.560598
vt 0.284257 0.560134
vt 0.264420 0.567743
vt 0.254440 0.568375
vt 0.264262 0.560598
vt 0.254440 0.568375
vt 0.254265 0.560830
vt 0.264262 0.560598
vt 0.254440 0.568375
vt 0.244268 0.561062
vt 0.254265 0.560830
vt 0.244460 0.569007
vt 0.244268 0.561062
vt 0.254440 0.568375
vt 0.244460 0.569007
vt 0.224273 0.561526
vt 0.244268 0.561062
vt 0.224500 0.570270
vt 0.224273 0.561526
vt 0.244460 0.569007
vt 0.284257 0.560134
vt 0.264262 0.560598
vt 0.284204 0.553056
vt 0.264262 0.560598
vt 0.264205 0.553215
vt 0.284204 0.553056
vt 0.264262 0.560598
vt 0.254265 0.560830
vt 0.264205 0.553215
vt 0.254265 0.560830
vt 0.254205 0.553295
vt 0.264205 0.553215
vt 0.254265 0.560830
vt 0.244205 0.553375
vt 0.254205 0.553295
vt 0.244268 0.561062
vt 0.244205 0.553375
vt 0.254265 0.560830
vt 0.244268 0.561062
vt 0.224206 0.553534
vt 0.244205 0.553375
vt 0.224273 0.561526
vt 0.224206 0.553534
vt 0.244268 0.561062
vt 0.284204 0.553056
vt 0.264205 0.553215
vt 0.284105 0.533572
vt 0.264205 0.553215
vt 0.264105 0.533674
vt 0.284105 0.533572
vt 0.264205 0.553215
vt 0.254205 0.553295
vt 0.264105 0.533674
vt 0.254205 0.553295
vt 0.254105 0.533725
vt 0.264105 0.533674
vt 0.254205 0.553295
vt 0.244105 0.533776
vt 0.254105 0.533725
vt 0.244205 0.553375
vt 0.244105 0.533776
vt 0.254205 0.553295
vt 0.244205 0.553375
vt 0.224105 0.533878
vt 0.244105 0.533776
vt 0.224206 0.553534
vt 0.224105 0.533878
vt 0.244205 0.553375
vt 0.284105 0.533572
vt 0.264105 0.533674
vt 0.284090 0.514132
vt 0.264105 0.533674
vt 0.264090 0.514147
vt 0.284090 0.514132
vt 0.264105 0.533674
vt 0.254105 0.533725
vt 0.264090 0.514147
vt 0.254105 0.533725
vt 0.254090 0.514155
vt 0.264090 0.514147
vt 0.254105 0.533725
vt 0.244090 0.514163
vt 0.254090 0.514155
vt 0.244105 0.533776
vt 0.244090 0.514163
vt 0.254105 0.533725
vt 0.244105 0.533776
vt 0.224090 0.514178
vt 0.244090 0.514163
vt 0.224105 0.533878
vt 0.224090 0.514178
vt 0.244105 0.533776
vt 0.284090 0.514132
vt 0.264090 0.514147
vt 0.284115 0.494623
vt 0.264090 0.514147
vt 0.264115 0.494598
vt 0.284115 0.494623
vt 0.264090 0.514147
vt 0.254090 0.514155
vt 0.264115 0.494598
vt 0.254090 0.514155
vt 0.254115 0.494585
vt 0.264115 0.494598
vt 0.254090 0.514155
vt 0.244115 0.494572
vt 0.254115 0.494585
vt 0.244090 0.514163
vt 0.244115 0.494572
vt 0.254090 0.514155
vt 0.244090 0.514163
vt 0.224115 0.494547
vt 0.244115 0.494572
vt 0.224090 0.514178
vt 0.224115 0.494547
vt 0.244090 0.514163
vt 0.284115 0.494623
vt 0.264115 0.494598
vt 0.284135 0.475046
vt 0.264115 0.494598
vt 0.264135 0.475025
vt 0.284135 0.475046
vt 0.264115 0.494598
vt 0.254115 0.494585
vt 0.264135 0.475025
vt 0.254115 0.494585
vt 0.254135 0.475015
vt 0.264135 0.475025
vt 0.254115 0.494585
vt 0.244135 0.475005
vt 0.254135 0.475015
vt 0.244115 0.494572
vt 0.244135 0.475005
vt 0.254115 0.494585
vt 0.244115 0.494572
vt 0.224135 0.474984
vt 0.244135 0.475005
vt 0.224115 0.494547
vt 0.224135 0.474984
vt 0.244115 0.494572
vt 0.284135 0.475046
vt 0.264135 0.475025
vt 0.254535 0.505015
vt 0.264135 0.475025
vt 0.254535 0.485015
vt 0.254535 0.505015
vt 0.264135 0.475025
vt 0.254135 0.475015
vt 0.254535 0.485015
vt 0.254135 0.475015
vt 0.254535 0.475015
vt 0.254535 0.485015
vt 0.254135 0.475015
vt 0.254535 0.465015
vt 0.254535 0.475015
vt 0.244135 0.475005
vt 0.254535 0.465015
vt 0.254135 0.475015
vt 0.244135 0.475005
vt 0.254535 0.445015
vt 0.254535 0.465015
vt 0.224135 0.474984
vt 0.254535 0.445015
vt 0.244135 0.475005
vt 0.254535 0.505015
vt 0.254535 0.485015
vt 0.254935 0.505015
vt 0.254535 0.485015
vt 0.254935 0.485015
vt 0.254935 0.505015
vt 0.254535 0.485015
vt 0.254535 0.475015
vt 0.254935 0.485015
vt 0.254535 0.475015
vt 0.254935 0.475015
vt 0.254935 0.485015
vt 0.254535 0.475015
vt 0.254935 0.465015
vt 0.254935 0.475015
vt 0.254535 0.465015
vt 0.254935 0.465015
vt 0.254535 0.475015
vt 0.254535 0.465015
vt 0.254935 0.445015
vt 0.254935 0.465015
vt 0.254535 0.445015
vt 0.254935 0.445015
vt 0.254535 0.465015
vt 0.366870 0.093795
vt 0.337126 0.088484
vt 0.333927 0.068741
vt 0.366870 0.093795
vt 0.338725 0.098355
vt 0.337126 0.088484
vt 0.366870 0.093795
vt 0.340324 0.108226
vt 0.338725 0.098355
vt 0.366870 0.093795
vt 0.343523 0.127969
vt 0.340324 0.108226
vt 0.333927 0.068741
vt 0.337126 0.088484
vt 0.303874 0.076053
vt 0.337126 0.088484
vt 0.308665 0.095471
vt 0.303874 0.076053
vt 0.337126 0.088484
vt 0.338725 0.098355
vt 0.308665 0.095471
vt 0.338725 0.098355
vt 0.311060 0.105180
vt 0.308665 0.095471
vt 0.338725 0.098355
vt 0.313455 0.114889
vt 0.311060 0.105180
vt 0.340324 0.108226
vt 0.313455 0.114889
vt 0.338725 0.098355
vt 0.340324 0.108226
vt 0.318246 0.134307
vt 0.313455 0.114889
vt 0.343523 0.127969
vt 0.318246 0.134307
vt 0.340324 0.108226
vt 0.303874 0.076053
vt 0.308665 0.095471
vt 0.274686 0.085280
vt 0.308665 0.095471
vt 0.280755 0.104337
vt 0.274686 0.085280
vt 0.308665 0.095471
vt 0.311060 0.105180
vt 0.280755 0.104337
vt 0.311060 0.105180
vt 0.283790 0.113865
vt 0.280755 0.104337
vt 0.311060 0.105180
vt 0.286825 0.123393
vt 0.283790 0.113865
vt 0.313455 0.114889
vt 0.286825 0.123393
vt 0.311060 0.105180
vt 0.313455 0.114889
vt 0.292894 0.142450
vt 0.286825 0.123393
vt 0.318246 0.134307
vt 0.292894 0.142450
vt 0.313455 0.114889
vt 0.274686 0.085280
vt 0.280755 0.104337
vt 0.266829 0.088419
vt 0.280755 0.104337
vt 0.274483 0.106896
vt 0.266829 0.088419
vt 0.280755 0.104337
vt 0.283790 0.113865
vt 0.274483 0.106896
vt 0.283790 0.113865
vt 0.278310 0.116135
vt 0.274483 0.106896
vt 0.283790 0.113865
vt 0.282137 0.125374
vt 0.278310 0.116135
vt 0.286825 0.123393
vt 0.282137 0.125374
vt 0.283790 0.113865
vt 0.286825 0.123393
vt 0.289791 0.143851
vt 0.282137 0.125374
vt 0.292894 0.142450
vt 0.289791 0.143851
vt 0.286825 0.123393
vt 0.266829 0.088419
vt 0.274483 0.106896
vt 0.258924 0.092465
vt 0.274483 0.106896
vt 0.268311 0.110125
vt 0.258924 0.092465
vt 0.274483 0.106896
vt 0.278310 0.116135
vt 0.268311 0.110125
vt 0.278310 0.116135
vt 0.273005 0.118955
vt 0.268311 0.110125
vt 0.278310 0.116135
vt 0.277699 0.127785
vt 0.273005 0.118955
vt 0.282137 0.125374
vt 0.277699 0.127785
vt 0.278310 0.116135
vt 0.282137 0.125374
vt 0.287086 0.145445
vt 0.277699 0.127785
vt 0.289791 0.143851
vt 0.287086 0.145445
vt 0.282137 0.125374
vt 0.258924 0.092465
vt 0.268311 0.110125
vt 0.251895 0.096801
vt 0.268311 0.110125
vt 0.262565 0.113717
vt 0.251895 0.096801
vt 0.268311 0.110125
vt 0.273005 0.118955
vt 0.262565 0.113717
vt 0.273005 0.118955
vt 0.267900 0.122175
vt 0.262565 0.113717
vt 0.273005 0.118955
vt 0.273235 0.130633
vt 0.267900 0.122175
vt 0.277699 0.127785
vt 0.273235 0.130633
vt 0.273005 0.118955
vt 0.277699 0.127785
vt 0.283905 0.147549
vt 0.273235 0.130633
vt 0.287086 0.145445
vt 0.283905 0.147549
vt 0.277699 0.127785
vt 0.251895 0.096801
vt 0.262565 0.113717
vt 0.245595 0.101238
vt 0.262565 0.113717
vt 0.257215 0.117516
vt 0.245595 0.101238
vt 0.262565 0.113717
vt 0.267900 0.122175
vt 0.257215 0.117516
vt 0.267900 0.122175
vt 0.263025 0.125655
vt 0.257215 0.117516
vt 0.267900 0.122175
vt 0.268835 0.133794
vt 0.263025 0.125655
vt 0.273235 0.130633
vt 0.268835 0.133794
vt 0.267900 0.122175
vt 0.273235 0.130633
vt 0.280455 0.150072
vt 0.268835 0.133794
vt 0.283905 0.147549
vt 0.280455 0.150072
vt 0.273235 0.130633
vt 0.245595 0.101238
vt 0.257215 0.117516
vt 0.234903 0.111165
vt 0.257215 0.117516
vt 0.248854 0.125495
vt 0.234903 0.111165
vt 0.257215 0.117516
vt 0.263025 0.125655
vt 0.248854 0.125495
vt 0.263025 0.125655
vt 0.255830 0.132660
vt 0.248854 0.125495
vt 0.263025 0.125655
vt 0.262806 0.139825
vt 0.255830 0.132660
vt 0.268835 0.133794
vt 0.262806 0.139825
vt 0.263025 0.125655
vt 0.268835 0.133794
vt 0.276758 0.154155
vt 0.262806 0.139825
vt 0.280455 0.150072
vt 0.276758 0.154155
vt 0.268835 0.133794
vt 0.234903 0.111165
vt 0.248854 0.125495
vt 0.225103 0.126002
vt 0.248854 0.125495
vt 0.242488 0.135891
vt 0.225103 0.126002
vt 0.248854 0.125495
vt 0.255830 0.132660
vt 0.242488 0.135891
vt 0.255830 0.132660
vt 0.251180 0.140835
vt 0.242488 0.135891
vt 0.255830 0.132660
vt 0.259872 0.145779
vt 0.251180 0.140835
vt 0.262806 0.139825
vt 0.259872 0.145779
vt 0.255830 0.132660
vt 0.262806 0.139825
vt 0.277257 0.155668
vt 0.259872 0.145779
vt 0.276758 0.154155
vt 0.277257 0.155668
vt 0.262806 0.139825
vt 0.225103 0.126002
vt 0.242488 0.135891
vt 0.219793 0.142985
vt 0.242488 0.135891
vt 0.239231 0.147692
vt 0.219793 0.142985
vt 0.242488 0.135891
vt 0.251180 0.140835
vt 0.239231 0.147692
vt 0.251180 0.140835
vt 0.248950 0.150045
vt 0.239231 0.147692
vt 0.251180 0.140835
vt 0.258669 0.152398
vt 0.248950 0.150045
vt 0.259872 0.145779
vt 0.258669 0.152398
vt 0.251180 0.140835
vt 0.259872 0.145779
vt 0.278108 0.157105
vt 0.258669 0.152398
vt 0.277257 0.155668
vt 0.278108 0.157105
vt 0.259872 0.145779
vt 0.219793 0.142985
vt 0.239231 0.147692
vt 0.219005 0.160313
vt 0.239231 0.147692
vt 0.239005 0.160204
vt 0.219005 0.160313
vt 0.239231 0.147692
vt 0.248950 0.150045
vt 0.239005 0.160204
vt 0.248950 0.150045
vt 0.249005 0.160150
vt 0.239005 0.160204
vt 0.248950 0.150045
vt 0.259005 0.160095
vt 0.249005 0.160150
vt 0.258669 0.152398
vt 0.259005 0.160095
vt 0.248950 0.150045
vt 0.258669 0.152398
vt 0.279005 0.159986
vt 0.259005 0.160095
vt 0.278108 0.157105
vt 0.279005 0.159986
vt 0.258669 0.152398
vt 0.219005 0.160313
vt 0.239005 0.160204
vt 0.220013 0.169502
vt 0.239005 0.160204
vt 0.239824 0.166764
vt 0.220013 0.169502
vt 0.239005 0.160204
vt 0.249005 0.160150
vt 0.239824 0.166764
vt 0.249005 0.160150
vt 0.249730 0.165395
vt 0.239824 0.166764
vt 0.249005 0.160150
vt 0.259636 0.164026
vt 0.249730 0.165395
vt 0.259005 0.160095
vt 0.259636 0.164026
vt 0.249005 0.160150
vt 0.259005 0.160095
vt 0.279447 0.161287
vt 0.259636 0.164026
vt 0.279005 0.159986
vt 0.279447 0.161287
vt 0.259005 0.160095
vt 0.220013 0.169502
vt 0.239824 0.166764
vt 0.221633 0.177145
vt 0.239824 0.166764
vt 0.241138 0.172722
vt 0.221633 0.177145
vt 0.239824 0.166764
vt 0.249730 0.165395
vt 0.241138 0.172722
vt 0.249730 0.165395
vt 0.250890 0.170510
vt 0.241138 0.172722
vt 0.249730 0.165395
vt 0.260642 0.168298
vt 0.250890 0.170510
vt 0.259636 0.164026
vt 0.260642 0.168298
vt 0.249730 0.165395
vt 0.259636 0.164026
vt 0.280147 0.163875
vt 0.260642 0.168298
vt 0.279447 0.161287
vt 0.280147 0.163875
vt 0.259636 0.164026
vt 0.221633 0.177145
vt 0.241138 0.172722
vt 0.224580 0.185839
vt 0.241138 0.172722
vt 0.243330 0.178879
vt 0.224580 0.185839
vt 0.241138 0.172722
vt 0.250890 0.170510
vt 0.243330 0.178879
vt 0.250890 0.170510
vt 0.252705 0.175400
vt 0.243330 0.178879
vt 0.250890 0.170510
vt 0.262080 0.171920
vt 0.252705 0.175400
vt 0.260642 0.168298
vt 0.262080 0.171920
vt 0.250890 0.170510
vt 0.260642 0.168298
vt 0.280830 0.164961
vt 0.262080 0.171920
vt 0.280147 0.163875
vt 0.280830 0.164961
vt 0.260642 0.168298
vt 0.224580 0.185839
vt 0.243330 0.178879
vt 0.229534 0.195180
vt 0.243330 0.178879
vt 0.246775 0.185043
vt 0.229534 0.195180
vt 0.243330 0.178879
vt 0.252705 0.175400
vt 0.246775 0.185043
vt 0.252705 0.175400
vt 0.255395 0.179975
vt 0.246775 0.185043
vt 0.252705 0.175400
vt 0.264015 0.174906
vt 0.255395 0.179975
vt 0.262080 0.171920
vt 0.264015 0.174906
vt 0.252705 0.175400
vt 0.262080 0.171920
vt 0.281256 0.164769
vt 0.264015 0.174906
vt 0.280830 0.164961
vt 0.281256 0.164769
vt 0.262080 0.171920
vt 0.229534 0.195180
vt 0.246775 0.185043
vt 0.235287 0.203475
vt 0.246775 0.185043
vt 0.251596 0.191898
vt 0.235287 0.203475
vt 0.246775 0.185043
vt 0.255395 0.179975
vt 0.251596 0.191898
vt 0.255395 0.179975
vt 0.259750 0.186110
vt 0.251596 0.191898
vt 0.255395 0.179975
vt 0.267904 0.180321
vt 0.259750 0.186110
vt 0.264015 0.174906
vt 0.267904 0.180321
vt 0.255395 0.179975
vt 0.264015 0.174906
vt 0.284213 0.168744
vt 0.267904 0.180321
vt 0.281256 0.164769
vt 0.284213 0.168744
vt 0.264015 0.174906
vt 0.235287 0.203475
vt 0.251596 0.191898
vt 0.239622 0.209597
vt 0.251596 0.191898
vt 0.255944 0.198039
vt 0.239622 0.209597
vt 0.251596 0.191898
vt 0.259750 0.186110
vt 0.255944 0.198039
vt 0.259750 0.186110
vt 0.264105 0.192260
vt 0.255944 0.198039
vt 0.259750 0.186110
vt 0.272266 0.186481
vt 0.264105 0.192260
vt 0.267904 0.180321
vt 0.272266 0.186481
vt 0.259750 0.186110
vt 0.267904 0.180321
vt 0.288588 0.174923
vt 0.272266 0.186481
vt 0.284213 0.168744
vt 0.288588 0.174923
vt 0.267904 0.180321
vt 0.239622 0.209597
vt 0.255944 0.198039
vt 0.244846 0.216454
vt 0.255944 0.198039
vt 0.260725 0.204295
vt 0.244846 0.216454
vt 0.255944 0.198039
vt 0.264105 0.192260
vt 0.260725 0.204295
vt 0.264105 0.192260
vt 0.268665 0.198215
vt 0.260725 0.204295
vt 0.264105 0.192260
vt 0.276605 0.192135
vt 0.268665 0.198215
vt 0.272266 0.186481
vt 0.276605 0.192135
vt 0.264105 0.192260
vt 0.272266 0.186481
vt 0.292484 0.179976
vt 0.276605 0.192135
vt 0.288588 0.174923
vt 0.292484 0.179976
vt 0.272266 0.186481
vt 0.244846 0.216454
vt 0.260725 0.204295
vt 0.251304 0.223788
vt 0.260725 0.204295
vt 0.266191 0.210433
vt 0.251304 0.223788
vt 0.260725 0.204295
vt 0.268665 0.198215
vt 0.266191 0.210433
vt 0.268665 0.198215
vt 0.273635 0.203755
vt 0.266191 0.210433
vt 0.268665 0.198215
vt 0.281079 0.197077
vt 0.273635 0.203755
vt 0.276605 0.192135
vt 0.281079 0.197077
vt 0.268665 0.198215
vt 0.276605 0.192135
vt 0.295966 0.183722
vt 0.281079 0.197077
vt 0.292484 0.179976
vt 0.295966 0.183722
vt 0.276605 0.192135
vt 0.251304 0.223788
vt 0.266191 0.210433
vt 0.276426 0.248907
vt 0.266191 0.210433
vt 0.290549 0.234746
vt 0.276426 0.248907
vt 0.266191 0.210433
vt 0.273635 0.203755
vt 0.290549 0.234746
vt 0.273635 0.203755
vt 0.297610 0.227665
vt 0.290549 0.234746
vt 0.273635 0.203755
vt 0.304671 0.220584
vt 0.297610 0.227665
vt 0.281079 0.197077
vt 0.304671 0.220584
vt 0.273635 0.203755
vt 0.281079 0.197077
vt 0.318794 0.206423
vt 0.304671 0.220584
vt 0.295966 0.183722
vt 0.318794 0.206423
vt 0.281079 0.197077
vt 0.276426 0.248907
vt 0.290549 0.234746
vt 0.300637 0.272802
vt 0.290549 0.234746
vt 0.314686 0.258567
vt 0.300637 0.272802
vt 0.290549 0.234746
vt 0.297610 0.227665
vt 0.314686 0.258567
vt 0.297610 0.227665
vt 0.321710 0.251450
vt 0.314686 0.258567
vt 0.297610 0.227665
vt 0.328734 0.244332
vt 0.321710 0.251450
vt 0.304671 0.220584
vt 0.328734 0.244332
vt 0.297610 0.227665
vt 0.304671 0.220584
vt 0.342783 0.230098
vt 0.328734 0.244332
vt 0.318794 0.206423
vt 0.342783 0.230098
vt 0.304671 0.220584
vt 0.300637 0.272802
vt 0.314686 0.258567
vt 0.324907 0.296576
vt 0.314686 0.258567
vt 0.338902 0.282289
vt 0.324907 0.296576
vt 0.314686 0.258567
vt 0.321710 0.251450
vt 0.338902 0.282289
vt 0.321710 0.251450
vt 0.345900 0.275145
vt 0.338902 0.282289
vt 0.321710 0.251450
vt 0.352898 0.268001
vt 0.345900 0.275145
vt 0.328734 0.244332
vt 0.352898 0.268001
vt 0.321710 0.251450
vt 0.328734 0.244332
vt 0.366893 0.253714
vt 0.352898 0.268001
vt 0.342783 0.230098
vt 0.366893 0.253714
vt 0.328734 0.244332
vt 0.324907 0.296576
vt 0.338902 0.282289
vt 0.349202 0.320264
vt 0.338902 0.282289
vt 0.363164 0.305945
vt 0.349202 0.320264
vt 0.338902 0.282289
vt 0.345900 0.275145
vt 0.363164 0.305945
vt 0.345900 0.275145
vt 0.370145 0.298785
vt 0.363164 0.305945
vt 0.345900 0.275145
vt 0.377126 0.291625
vt 0.370145 0.298785
vt 0.352898 0.268001
vt 0.377126 0.291625
vt 0.345900 0.275145
vt 0.352898 0.268001
vt 0.391088 0.277305
vt 0.377126 0.291625
vt 0.366893 0.253714
vt 0.391088 0.277305
vt 0.352898 0.268001
vt 0.349202 0.320264
vt 0.363164 0.305945
vt 0.353881 0.324154
vt 0.363164 0.305945
vt 0.366220 0.308415
vt 0.353881 0.324154
vt 0.363164 0.305945
vt 0.370145 0.298785
vt 0.366220 0.308415
vt 0.370145 0.298785
vt 0.372390 0.300545
vt 0.366220 0.308415
vt 0.370145 0.298785
vt 0.378560 0.292675
vt 0.372390 0.300545
vt 0.377126 0.291625
vt 0.378560 0.292675
vt 0.370145 0.298785
vt 0.377126 0.291625
vt 0.390899 0.276935
vt 0.378560 0.292675
vt 0.391088 0.277305
vt 0.390899 0.276935
vt 0.377126 0.291625
vt 0.353881 0.324154
vt 0.366220 0.308415
vt 0.360688 0.328326
vt 0.366220 0.308415
vt 0.370223 0.310745
vt 0.360688 0.328326
vt 0.366220 0.308415
vt 0.372390 0.300545
vt 0.370223 0.310745
vt 0.372390 0.300545
vt 0.374990 0.301955
vt 0.370223 0.310745
vt 0.372390 0.300545
vt 0.379757 0.293164
vt 0.374990 0.301955
vt 0.378560 0.292675
vt 0.379757 0.293164
vt 0.372390 0.300545
vt 0.378560 0.292675
vt 0.389292 0.275583
vt 0.379757 0.293164
vt 0.390899 0.276935
vt 0.389292 0.275583
vt 0.378560 0.292675
vt 0.360688 0.328326
vt 0.370223 0.310745
vt 0.366325 0.330834
vt 0.370223 0.310745
vt 0.373958 0.312348
vt 0.366325 0.330834
vt 0.370223 0.310745
vt 0.374990 0.301955
vt 0.373958 0.312348
vt 0.374990 0.301955
vt 0.377775 0.303105
vt 0.373958 0.312348
vt 0.374990 0.301955
vt 0.381592 0.293862
vt 0.377775 0.303105
vt 0.379757 0.293164
vt 0.381592 0.293862
vt 0.374990 0.301955
vt 0.379757 0.293164
vt 0.389225 0.275376
vt 0.381592 0.293862
vt 0.389292 0.275583
vt 0.389225 0.275376
vt 0.379757 0.293164
vt 0.366325 0.330834
vt 0.373958 0.312348
vt 0.370640 0.332395
vt 0.373958 0.312348
vt 0.377267 0.313525
vt 0.370640 0.332395
vt 0.373958 0.312348
vt 0.377775 0.303105
vt 0.377267 0.313525
vt 0.377775 0.303105
vt 0.380580 0.304090
vt 0.377267 0.313525
vt 0.377775 0.303105
vt 0.383893 0.294655
vt 0.380580 0.304090
vt 0.381592 0.293862
vt 0.383893 0.294655
vt 0.377775 0.303105
vt 0.381592 0.293862
vt 0.390520 0.275784
vt 0.383893 0.294655
vt 0.389225 0.275376
vt 0.390520 0.275784
vt 0.381592 0.293862
vt 0.370640 0.332395
vt 0.377267 0.313525
vt 0.380204 0.334112
vt 0.377267 0.313525
vt 0.381268 0.314141
vt 0.380204 0.334112
vt 0.377267 0.313525
vt 0.380580 0.304090
vt 0.381268 0.314141
vt 0.380580 0.304090
vt 0.381800 0.304155
vt 0.381268 0.314141
vt 0.380580 0.304090
vt 0.382332 0.294169
vt 0.381800 0.304155
vt 0.383893 0.294655
vt 0.382332 0.294169
vt 0.380580 0.304090
vt 0.383893 0.294655
vt 0.383396 0.274197
vt 0.382332 0.294169
vt 0.390520 0.275784
vt 0.383396 0.274197
vt 0.383893 0.294655
vt 0.380204 0.334112
vt 0.381268 0.314141
vt 0.391449 0.332599
vt 0.381268 0.314141
vt 0.385963 0.313366
vt 0.391449 0.332599
vt 0.381268 0.314141
vt 0.381800 0.304155
vt 0.385963 0.313366
vt 0.381800 0.304155
vt 0.383220 0.303750
vt 0.385963 0.313366
vt 0.381800 0.304155
vt 0.380477 0.294133
vt 0.383220 0.303750
vt 0.382332 0.294169
vt 0.380477 0.294133
vt 0.381800 0.304155
vt 0.382332 0.294169
vt 0.374992 0.274900
vt 0.380477 0.294133
vt 0.383396 0.274197
vt 0.374992 0.274900
vt 0.382332 0.294169
vt 0.391449 0.332599
vt 0.385963 0.313366
vt 0.398519 0.329603
vt 0.385963 0.313366
vt 0.389243 0.311884
vt 0.398519 0.329603
vt 0.385963 0.313366
vt 0.383220 0.303750
vt 0.389243 0.311884
vt 0.383220 0.303750
vt 0.384605 0.303025
vt 0.389243 0.311884
vt 0.383220 0.303750
vt 0.379967 0.294165
vt 0.384605 0.303025
vt 0.380477 0.294133
vt 0.379967 0.294165
vt 0.383220 0.303750
vt 0.380477 0.294133
vt 0.370691 0.276446
vt 0.379967 0.294165
vt 0.374992 0.274900
vt 0.370691 0.276446
vt 0.380477 0.294133
vt 0.398519 0.329603
vt 0.389243 0.311884
vt 0.404389 0.325623
vt 0.389243 0.311884
vt 0.391946 0.309964
vt 0.404389 0.325623
vt 0.389243 0.311884
vt 0.384605 0.303025
vt 0.391946 0.309964
vt 0.384605 0.303025
vt 0.385725 0.302135
vt 0.391946 0.309964
vt 0.384605 0.303025
vt 0.379504 0.294306
vt 0.385725 0.302135
vt 0.379967 0.294165
vt 0.379504 0.294306
vt 0.384605 0.303025
vt 0.379967 0.294165
vt 0.367062 0.278647
vt 0.379504 0.294306
vt 0.370691 0.276446
vt 0.367062 0.278647
vt 0.379967 0.294165
vt 0.404389 0.325623
vt 0.391946 0.309964
vt 0.410347 0.319331
vt 0.391946 0.309964
vt 0.394502 0.307127
vt 0.410347 0.319331
vt 0.391946 0.309964
vt 0.385725 0.302135
vt 0.394502 0.307127
vt 0.385725 0.302135
vt 0.386580 0.301025
vt 0.394502 0.307127
vt 0.385725 0.302135
vt 0.378658 0.294923
vt 0.386580 0.301025
vt 0.379504 0.294306
vt 0.378658 0.294923
vt 0.385725 0.302135
vt 0.379504 0.294306
vt 0.362813 0.282719
vt 0.378658 0.294923
vt 0.367062 0.278647
vt 0.362813 0.282719
vt 0.379504 0.294306
vt 0.410347 0.319331
vt 0.394502 0.307127
vt 0.414123 0.313011
vt 0.394502 0.307127
vt 0.396208 0.304120
vt 0.414123 0.313011
vt 0.394502 0.307127
vt 0.386580 0.301025
vt 0.396208 0.304120
vt 0.386580 0.301025
vt 0.387250 0.299675
vt 0.396208 0.304120
vt 0.386580 0.301025
vt 0.378292 0.295229
vt 0.387250 0.299675
vt 0.378658 0.294923
vt 0.378292 0.295229
vt 0.386580 0.301025
vt 0.378658 0.294923
vt 0.360377 0.286338
vt 0.378292 0.295229
vt 0.362813 0.282719
vt 0.360377 0.286338
vt 0.378658 0.294923
vt 0.414123 0.313011
vt 0.396208 0.304120
vt 0.416527 0.306388
vt 0.396208 0.304120
vt 0.397279 0.300956
vt 0.416527 0.306388
vt 0.396208 0.304120
vt 0.387250 0.299675
vt 0.397279 0.300956
vt 0.387250 0.299675
vt 0.387655 0.298240
vt 0.397279 0.300956
vt 0.387250 0.299675
vt 0.378031 0.295524
vt 0.387655 0.298240
vt 0.378292 0.295229
vt 0.378031 0.295524
vt 0.387250 0.299675
vt 0.378292 0.295229
vt 0.358783 0.290091
vt 0.378031 0.295524
vt 0.360377 0.286338
vt 0.358783 0.290091
vt 0.378292 0.295229
vt 0.416527 0.306388
vt 0.397279 0.300956
vt 0.417686 0.298083
vt 0.397279 0.300956
vt 0.397702 0.297278
vt 0.417686 0.298083
vt 0.397279 0.300956
vt 0.387655 0.298240
vt 0.397702 0.297278
vt 0.387655 0.298240
vt 0.387710 0.296875
vt 0.397702 0.297278
vt 0.387655 0.298240
vt 0.377718 0.296472
vt 0.387710 0.296875
vt 0.378031 0.295524
vt 0.377718 0.296472
vt 0.387655 0.298240
vt 0.378031 0.295524
vt 0.357734 0.295667
vt 0.377718 0.296472
vt 0.358783 0.290091
vt 0.357734 0.295667
vt 0.378031 0.295524
vt 0.417686 0.298083
vt 0.397702 0.297278
vt 0.416998 0.290011
vt 0.397702 0.297278
vt 0.397243 0.293130
vt 0.416998 0.290011
vt 0.397702 0.297278
vt 0.387710 0.296875
vt 0.397243 0.293130
vt 0.387710 0.296875
vt 0.387365 0.294690
vt 0.397243 0.293130
vt 0.387710 0.296875
vt 0.377487 0.296250
vt 0.387365 0.294690
vt 0.377718 0.296472
vt 0.377487 0.296250
vt 0.387710 0.296875
vt 0.377718 0.296472
vt 0.357732 0.299369
vt 0.377487 0.296250
vt 0.357734 0.295667
vt 0.357732 0.299369
vt 0.377718 0.296472
vt 0.416998 0.290011
vt 0.397243 0.293130
vt 0.415920 0.285223
vt 0.397243 0.293130
vt 0.396520 0.290084
vt 0.415920 0.285223
vt 0.397243 0.293130
vt 0.387365 0.294690
vt 0.396520 0.290084
vt 0.387365 0.294690
vt 0.386820 0.292515
vt 0.396520 0.290084
vt 0.387365 0.294690
vt 0.377120 0.294946
vt 0.386820 0.292515
vt 0.377487 0.296250
vt 0.377120 0.294946
vt 0.387365 0.294690
vt 0.377487 0.296250
vt 0.357720 0.299807
vt 0.377120 0.294946
vt 0.357732 0.299369
vt 0.357720 0.299807
vt 0.377487 0.296250
vt 0.415920 0.285223
vt 0.396520 0.290084
vt 0.414337 0.280357
vt 0.396520 0.290084
vt 0.395492 0.287056
vt 0.414337 0.280357
vt 0.396520 0.290084
vt 0.386820 0.292515
vt 0.395492 0.287056
vt 0.386820 0.292515
vt 0.386070 0.290405
vt 0.395492 0.287056
vt 0.386820 0.292515
vt 0.376648 0.293754
vt 0.386070 0.290405
vt 0.377120 0.294946
vt 0.376648 0.293754
vt 0.386820 0.292515
vt 0.377120 0.294946
vt 0.357803 0.300452
vt 0.376648 0.293754
vt 0.357720 0.299807
vt 0.357803 0.300452
vt 0.377120 0.294946
vt 0.414337 0.280357
vt 0.395492 0.287056
vt 0.412117 0.275359
vt 0.395492 0.287056
vt 0.394112 0.284066
vt 0.412117 0.275359
vt 0.395492 0.287056
vt 0.386070 0.290405
vt 0.394112 0.284066
vt 0.386070 0.290405
vt 0.385110 0.288420
vt 0.394112 0.284066
vt 0.386070 0.290405
vt 0.376108 0.292774
vt 0.385110 0.288420
vt 0.376648 0.293754
vt 0.376108 0.292774
vt 0.386070 0.290405
vt 0.376648 0.293754
vt 0.358103 0.301481
vt 0.376108 0.292774
vt 0.357803 0.300452
vt 0.358103 0.301481
vt 0.376648 0.293754
vt 0.412117 0.275359
vt 0.394112 0.284066
vt 0.403558 0.259979
vt 0.394112 0.284066
vt 0.386113 0.269760
vt 0.403558 0.259979
vt 0.394112 0.284066
vt 0.385110 0.288420
vt 0.386113 0.269760
vt 0.385110 0.288420
vt 0.377390 0.274650
vt 0.386113 0.269760
vt 0.385110 0.288420
vt 0.368667 0.279540
vt 0.377390 0.274650
vt 0.376108 0.292774
vt 0.368667 0.279540
vt 0.385110 0.288420
vt 0.376108 0.292774
vt 0.351222 0.289321
vt 0.368667 0.279540
vt 0.358103 0.301481
vt 0.351222 0.289321
vt 0.376108 0.292774
vt 0.403558 0.259979
vt 0.386113 0.269760
vt 0.395734 0.246142
vt 0.386113 0.269760
vt 0.378325 0.255987
vt 0.395734 0.246142
vt 0.386113 0.269760
vt 0.377390 0.274650
vt 0.378325 0.255987
vt 0.377390 0.274650
vt 0.369620 0.260910
vt 0.378325 0.255987
vt 0.377390 0.274650
vt 0.360915 0.265832
vt 0.369620 0.260910
vt 0.368667 0.279540
vt 0.360915 0.265832
vt 0.377390 0.274650
vt 0.368667 0.279540
vt 0.343506 0.275677
vt 0.360915 0.265832
vt 0.351222 0.289321
vt 0.343506 0.275677
vt 0.368667 0.279540
vt 0.395734 0.246142
vt 0.378325 0.255987
vt 0.387911 0.232369
vt 0.378325 0.255987
vt 0.370520 0.242246
vt 0.387911 0.232369
vt 0.378325 0.255987
vt 0.369620 0.260910
vt 0.370520 0.242246
vt 0.369620 0.260910
vt 0.361825 0.247185
vt 0.370520 0.242246
vt 0.369620 0.260910
vt 0.353130 0.252123
vt 0.361825 0.247185
vt 0.360915 0.265832
vt 0.353130 0.252123
vt 0.369620 0.260910
vt 0.360915 0.265832
vt 0.335739 0.262000
vt 0.353130 0.252123
vt 0.343506 0.275677
vt 0.335739 0.262000
vt 0.360915 0.265832
vt 0.387911 0.232369
vt 0.370520 0.242246
vt 0.380107 0.218637
vt 0.370520 0.242246
vt 0.362719 0.228519
vt 0.380107 0.218637
vt 0.370520 0.242246
vt 0.361825 0.247185
vt 0.362719 0.228519
vt 0.361825 0.247185
vt 0.354025 0.233460
vt 0.362719 0.228519
vt 0.361825 0.247185
vt 0.345331 0.238401
vt 0.354025 0.233460
vt 0.353130 0.252123
vt 0.345331 0.238401
vt 0.361825 0.247185
vt 0.353130 0.252123
vt 0.327943 0.248282
vt 0.345331 0.238401
vt 0.335739 0.262000
vt 0.327943 0.248282
vt 0.353130 0.252123
vt 0.380107 0.218637
vt 0.362719 0.228519
vt 0.377959 0.214985
vt 0.362719 0.228519
vt 0.360730 0.225141
vt 0.377959 0.214985
vt 0.362719 0.228519
vt 0.354025 0.233460
vt 0.360730 0.225141
vt 0.354025 0.233460
vt 0.352115 0.230220
vt 0.360730 0.225141
vt 0.354025 0.233460
vt 0.343500 0.235298
vt 0.352115 0.230220
vt 0.345331 0.238401
vt 0.343500 0.235298
vt 0.354025 0.233460
vt 0.345331 0.238401
vt 0.326271 0.245455
vt 0.343500 0.235298
vt 0.327943 0.248282
vt 0.326271 0.245455
vt 0.345331 0.238401
vt 0.377959 0.214985
vt 0.360730 0.225141
vt 0.375849 0.211489
vt 0.360730 0.225141
vt 0.358730 0.221829
vt 0.375849 0.211489
vt 0.360730 0.225141
vt 0.352115 0.230220
vt 0.358730 0.221829
vt 0.352115 0.230220
vt 0.350170 0.227000
vt 0.358730 0.221829
vt 0.352115 0.230220
vt 0.341610 0.232170
vt 0.350170 0.227000
vt 0.343500 0.235298
vt 0.341610 0.232170
vt 0.352115 0.230220
vt 0.343500 0.235298
vt 0.324491 0.242511
vt 0.341610 0.232170
vt 0.326271 0.245455
vt 0.324491 0.242511
vt 0.343500 0.235298
vt 0.375849 0.211489
vt 0.358730 0.221829
vt 0.374281 0.208758
vt 0.358730 0.221829
vt 0.356957 0.218753
vt 0.374281 0.208758
vt 0.358730 0.221829
vt 0.350170 0.227000
vt 0.356957 0.218753
vt 0.350170 0.227000
vt 0.348295 0.223750
vt 0.356957 0.218753
vt 0.350170 0.227000
vt 0.339633 0.228747
vt 0.348295 0.223750
vt 0.341610 0.232170
vt 0.339633 0.228747
vt 0.350170 0.227000
vt 0.341610 0.232170
vt 0.322309 0.238741
vt 0.339633 0.228747
vt 0.324491 0.242511
vt 0.322309 0.238741
vt 0.341610 0.232170
vt 0.374281 0.208758
vt 0.356957 0.218753
vt 0.373344 0.206822
vt 0.356957 0.218753
vt 0.355515 0.215884
vt 0.373344 0.206822
vt 0.356957 0.218753
vt 0.348295 0.223750
vt 0.355515 0.215884
vt 0.348295 0.223750
vt 0.346600 0.220415
vt 0.355515 0.215884
vt 0.348295 0.223750
vt 0.337685 0.224946
vt 0.346600 0.220415
vt 0.339633 0.228747
vt 0.337685 0.224946
vt 0.348295 0.223750
vt 0.339633 0.228747
vt 0.319856 0.234008
vt 0.337685 0.224946
vt 0.322309 0.238741
vt 0.319856 0.234008
vt 0.339633 0.228747
vt 0.373344 0.206822
vt 0.355515 0.215884
vt 0.373680 0.205560
vt 0.355515 0.215884
vt 0.354360 0.210730
vt 0.373680 0.205560
vt 0.355515 0.215884
vt 0.346600 0.220415
vt 0.354360 0.210730
vt 0.346600 0.220415
vt 0.344700 0.213315
vt 0.354360 0.210730
vt 0.346600 0.220415
vt 0.335040 0.215900
vt 0.344700 0.213315
vt 0.337685 0.224946
vt 0.335040 0.215900
vt 0.346600 0.220415
vt 0.337685 0.224946
vt 0.315720 0.221070
vt 0.335040 0.215900
vt 0.319856 0.234008
vt 0.315720 0.221070
vt 0.337685 0.224946
vt 0.373680 0.205560
vt 0.354360 0.210730
vt 0.375041 0.207393
vt 0.354360 0.210730
vt 0.355067 0.206374
vt 0.375041 0.207393
vt 0.354360 0.210730
vt 0.344700 0.213315
vt 0.355067 0.206374
vt 0.344700 0.213315
vt 0.345080 0.205865
vt 0.355067 0.206374
vt 0.344700 0.213315
vt 0.335093 0.205355
vt 0.345080 0.205865
vt 0.335040 0.215900
vt 0.335093 0.205355
vt 0.344700 0.213315
vt 0.335040 0.215900
vt 0.315119 0.204337
vt 0.335093 0.205355
vt 0.315720 0.221070
vt 0.315119 0.204337
vt 0.335040 0.215900
vt 0.375041 0.207393
vt 0.355067 0.206374
vt 0.375905 0.208479
vt 0.355067 0.206374
vt 0.356992 0.201976
vt 0.375905 0.208479
vt 0.355067 0.206374
vt 0.345080 0.205865
vt 0.356992 0.201976
vt 0.345080 0.205865
vt 0.347535 0.198725
vt 0.356992 0.201976
vt 0.345080 0.205865
vt 0.338078 0.195473
vt 0.347535 0.198725
vt 0.335093 0.205355
vt 0.338078 0.195473
vt 0.345080 0.205865
vt 0.335093 0.205355
vt 0.319165 0.188970
vt 0.338078 0.195473
vt 0.315119 0.204337
vt 0.319165 0.188970
vt 0.335093 0.205355
vt 0.375905 0.208479
vt 0.356992 0.201976
vt 0.376417 0.209801
vt 0.356992 0.201976
vt 0.360052 0.198304
vt 0.376417 0.209801
vt 0.356992 0.201976
vt 0.347535 0.198725
vt 0.360052 0.198304
vt 0.347535 0.198725
vt 0.351870 0.192555
vt 0.360052 0.198304
vt 0.347535 0.198725
vt 0.343688 0.186806
vt 0.351870 0.192555
vt 0.338078 0.195473
vt 0.343688 0.186806
vt 0.347535 0.198725
vt 0.338078 0.195473
vt 0.327323 0.175308
vt 0.343688 0.186806
vt 0.319165 0.188970
vt 0.327323 0.175308
vt 0.338078 0.195473
vt 0.376417 0.209801
vt 0.360052 0.198304
vt 0.378691 0.208363
vt 0.360052 0.198304
vt 0.364804 0.193971
vt 0.378691 0.208363
vt 0.360052 0.198304
vt 0.351870 0.192555
vt 0.364804 0.193971
vt 0.351870 0.192555
vt 0.357860 0.186775
vt 0.364804 0.193971
vt 0.351870 0.192555
vt 0.350916 0.179579
vt 0.357860 0.186775
vt 0.343688 0.186806
vt 0.350916 0.179579
vt 0.351870 0.192555
vt 0.343688 0.186806
vt 0.337029 0.165187
vt 0.350916 0.179579
vt 0.327323 0.175308
vt 0.337029 0.165187
vt 0.343688 0.186806
vt 0.378691 0.208363
vt 0.364804 0.193971
vt 0.383129 0.204929
vt 0.364804 0.193971
vt 0.370563 0.189370
vt 0.383129 0.204929
vt 0.364804 0.193971
vt 0.357860 0.186775
vt 0.370563 0.189370
vt 0.357860 0.186775
vt 0.364280 0.181590
vt 0.370563 0.189370
vt 0.357860 0.186775
vt 0.357997 0.173810
vt 0.364280 0.181590
vt 0.350916 0.179579
vt 0.357997 0.173810
vt 0.357860 0.186775
vt 0.350916 0.179579
vt 0.345431 0.158251
vt 0.357997 0.173810
vt 0.337029 0.165187
vt 0.345431 0.158251
vt 0.350916 0.179579
vt 0.383129 0.204929
vt 0.370563 0.189370
vt 0.387677 0.202092
vt 0.370563 0.189370
vt 0.376659 0.185400
vt 0.387677 0.202092
vt 0.370563 0.189370
vt 0.364280 0.181590
vt 0.376659 0.185400
vt 0.364280 0.181590
vt 0.371150 0.177055
vt 0.376659 0.185400
vt 0.364280 0.181590
vt 0.365641 0.168709
vt 0.371150 0.177055
vt 0.357997 0.173810
vt 0.365641 0.168709
vt 0.364280 0.181590
vt 0.357997 0.173810
vt 0.354623 0.152018
vt 0.365641 0.168709
vt 0.345431 0.158251
vt 0.354623 0.152018
vt 0.357997 0.173810
vt 0.387677 0.202092
vt 0.376659 0.185400
vt 0.392397 0.199797
vt 0.376659 0.185400
vt 0.383126 0.182076
vt 0.392397 0.199797
vt 0.376659 0.185400
vt 0.371150 0.177055
vt 0.383126 0.182076
vt 0.371150 0.177055
vt 0.378490 0.173215
vt 0.383126 0.182076
vt 0.371150 0.177055
vt 0.373854 0.164354
vt 0.378490 0.173215
vt 0.365641 0.168709
vt 0.373854 0.164354
vt 0.371150 0.177055
vt 0.365641 0.168709
vt 0.364583 0.146633
vt 0.373854 0.164354
vt 0.354623 0.152018
vt 0.364583 0.146633
vt 0.365641 0.168709
vt 0.392397 0.199797
vt 0.383126 0.182076
vt 0.414501 0.192297
vt 0.383126 0.182076
vt 0.407830 0.173442
vt 0.414501 0.192297
vt 0.383126 0.182076
vt 0.378490 0.173215
vt 0.407830 0.173442
vt 0.378490 0.173215
vt 0.404495 0.164015
vt 0.407830 0.173442
vt 0.378490 0.173215
vt 0.401160 0.154587
vt 0.404495 0.164015
vt 0.373854 0.164354
vt 0.401160 0.154587
vt 0.378490 0.173215
vt 0.373854 0.164354
vt 0.394489 0.135733
vt 0.401160 0.154587
vt 0.364583 0.146633
vt 0.394489 0.135733
vt 0.373854 0.164354
vt 0.414501 0.192297
vt 0.407830 0.173442
vt 0.434705 0.190140
vt 0.407830 0.173442
vt 0.431978 0.170326
vt 0.434705 0.190140
vt 0.407830 0.173442
vt 0.404495 0.164015
vt 0.431978 0.170326
vt 0.404495 0.164015
vt 0.430615 0.160420
vt 0.431978 0.170326
vt 0.404495 0.164015
vt 0.429252 0.150513
vt 0.430615 0.160420
vt 0.401160 0.154587
vt 0.429252 0.150513
vt 0.404495 0.164015
vt 0.401160 0.154587
vt 0.426525 0.130700
vt 0.429252 0.150513
vt 0.394489 0.135733
vt 0.426525 0.130700
vt 0.401160 0.154587
vt 0.434705 0.190140
vt 0.431978 0.170326
vt 0.454207 0.192637
vt 0.431978 0.170326
vt 0.455979 0.172715
vt 0.454207 0.192637
vt 0.431978 0.170326
vt 0.430615 0.160420
vt 0.455979 0.172715
vt 0.430615 0.160420
vt 0.456865 0.162755
vt 0.455979 0.172715
vt 0.430615 0.160420
vt 0.457751 0.152794
vt 0.456865 0.162755
vt 0.429252 0.150513
vt 0.457751 0.152794
vt 0.430615 0.160420
vt 0.429252 0.150513
vt 0.459523 0.132873
vt 0.457751 0.152794
vt 0.426525 0.130700
vt 0.459523 0.132873
vt 0.429252 0.150513
vt 0.454207 0.192637
vt 0.455979 0.172715
vt 0.473968 0.199868
vt 0.455979 0.172715
vt 0.480156 0.180849
vt 0.473968 0.199868
vt 0.455979 0.172715
vt 0.456865 0.162755
vt 0.480156 0.180849
vt 0.456865 0.162755
vt 0.483250 0.171340
vt 0.480156 0.180849
vt 0.456865 0.162755
vt 0.486344 0.161830
vt 0.483250 0.171340
vt 0.457751 0.152794
vt 0.486344 0.161830
vt 0.456865 0.162755
vt 0.457751 0.152794
vt 0.492532 0.142812
vt 0.486344 0.161830
vt 0.459523 0.132873
vt 0.492532 0.142812
vt 0.457751 0.152794
vt 0.473968 0.199868
vt 0.480156 0.180849
vt 0.484010 0.205273
vt 0.480156 0.180849
vt 0.492967 0.187391
vt 0.484010 0.205273
vt 0.480156 0.180849
vt 0.483250 0.171340
vt 0.492967 0.187391
vt 0.483250 0.171340
vt 0.497445 0.178450
vt 0.492967 0.187391
vt 0.483250 0.171340
vt 0.501923 0.169509
vt 0.497445 0.178450
vt 0.486344 0.161830
vt 0.501923 0.169509
vt 0.483250 0.171340
vt 0.486344 0.161830
vt 0.510880 0.151626
vt 0.501923 0.169509
vt 0.492532 0.142812
vt 0.510880 0.151626
vt 0.486344 0.161830
vt 0.484010 0.205273
vt 0.492967 0.187391
vt 0.494987 0.212231
vt 0.492967 0.187391
vt 0.505532 0.195237
vt 0.494987 0.212231
vt 0.492967 0.187391
vt 0.497445 0.178450
vt 0.505532 0.195237
vt 0.497445 0.178450
vt 0.510805 0.186740
vt 0.505532 0.195237
vt 0.497445 0.178450
vt 0.516078 0.178243
vt 0.510805 0.186740
vt 0.501923 0.169509
vt 0.516078 0.178243
vt 0.497445 0.178450
vt 0.501923 0.169509
vt 0.526623 0.161249
vt 0.516078 0.178243
vt 0.510880 0.151626
vt 0.526623 0.161249
vt 0.501923 0.169509
vt 0.494987 0.212231
vt 0.505532 0.195237
vt 0.505162 0.220128
vt 0.505532 0.195237
vt 0.517261 0.204203
vt 0.505162 0.220128
vt 0.505532 0.195237
vt 0.510805 0.186740
vt 0.517261 0.204203
vt 0.510805 0.186740
vt 0.523310 0.196240
vt 0.517261 0.204203
vt 0.510805 0.186740
vt 0.529359 0.188277
vt 0.523310 0.196240
vt 0.516078 0.178243
vt 0.529359 0.188277
vt 0.510805 0.186740
vt 0.516078 0.178243
vt 0.541458 0.172351
vt 0.529359 0.188277
vt 0.526623 0.161249
vt 0.541458 0.172351
vt 0.516078 0.178243
vt 0.505162 0.220128
vt 0.517261 0.204203
vt 0.514597 0.229024
vt 0.517261 0.204203
vt 0.528162 0.214328
vt 0.514597 0.229024
vt 0.517261 0.204203
vt 0.523310 0.196240
vt 0.528162 0.214328
vt 0.523310 0.196240
vt 0.534945 0.206980
vt 0.528162 0.214328
vt 0.523310 0.196240
vt 0.541728 0.199632
vt 0.534945 0.206980
vt 0.529359 0.188277
vt 0.541728 0.199632
vt 0.523310 0.196240
vt 0.529359 0.188277
vt 0.555293 0.184936
vt 0.541728 0.199632
vt 0.541458 0.172351
vt 0.555293 0.184936
vt 0.529359 0.188277
vt 0.514597 0.229024
vt 0.528162 0.214328
vt 0.536811 0.251616
vt 0.528162 0.214328
vt 0.551057 0.237579
vt 0.536811 0.251616
vt 0.528162 0.214328
vt 0.534945 0.206980
vt 0.551057 0.237579
vt 0.534945 0.206980
vt 0.558180 0.230560
vt 0.551057 0.237579
vt 0.534945 0.206980
vt 0.565303 0.223541
vt 0.558180 0.230560
vt 0.541728 0.199632
vt 0.565303 0.223541
vt 0.534945 0.206980
vt 0.541728 0.199632
vt 0.579549 0.209504
vt 0.565303 0.223541
vt 0.555293 0.184936
vt 0.579549 0.209504
vt 0.541728 0.199632
vt 0.536811 0.251616
vt 0.551057 0.237579
vt 0.559999 0.275198
vt 0.551057 0.237579
vt 0.574260 0.261176
vt 0.559999 0.275198
vt 0.551057 0.237579
vt 0.558180 0.230560
vt 0.574260 0.261176
vt 0.558180 0.230560
vt 0.581390 0.254165
vt 0.574260 0.261176
vt 0.558180 0.230560
vt 0.588520 0.247154
vt 0.581390 0.254165
vt 0.565303 0.223541
vt 0.588520 0.247154
vt 0.558180 0.230560
vt 0.565303 0.223541
vt 0.602781 0.233131
vt 0.588520 0.247154
vt 0.579549 0.209504
vt 0.602781 0.233131
vt 0.565303 0.223541
vt 0.559999 0.275198
vt 0.574260 0.261176
vt 0.583038 0.298811
vt 0.574260 0.261176
vt 0.597353 0.284843
vt 0.583038 0.298811
vt 0.574260 0.261176
vt 0.581390 0.254165
vt 0.597353 0.284843
vt 0.581390 0.254165
vt 0.604510 0.277860
vt 0.597353 0.284843
vt 0.581390 0.254165
vt 0.611667 0.270876
vt 0.604510 0.277860
vt 0.588520 0.247154
vt 0.611667 0.270876
vt 0.581390 0.254165
vt 0.588520 0.247154
vt 0.625982 0.256909
vt 0.611667 0.270876
vt 0.602781 0.233131
vt 0.625982 0.256909
vt 0.588520 0.247154
vt 0.583038 0.298811
vt 0.597353 0.284843
vt 0.605860 0.322513
vt 0.597353 0.284843
vt 0.620266 0.308641
vt 0.605860 0.322513
vt 0.597353 0.284843
vt 0.604510 0.277860
vt 0.620266 0.308641
vt 0.604510 0.277860
vt 0.627470 0.301705
vt 0.620266 0.308641
vt 0.604510 0.277860
vt 0.634673 0.294769
vt 0.627470 0.301705
vt 0.611667 0.270876
vt 0.634673 0.294769
vt 0.604510 0.277860
vt 0.611667 0.270876
vt 0.649080 0.280896
vt 0.634673 0.294769
vt 0.625982 0.256909
vt 0.649080 0.280896
vt 0.611667 0.270876
vt 0.605860 0.322513
vt 0.620266 0.308641
vt 0.618861 0.336466
vt 0.620266 0.308641
vt 0.633490 0.322828
vt 0.618861 0.336466
vt 0.620266 0.308641
vt 0.627470 0.301705
vt 0.633490 0.322828
vt 0.627470 0.301705
vt 0.640805 0.316010
vt 0.633490 0.322828
vt 0.627470 0.301705
vt 0.648120 0.309191
vt 0.640805 0.316010
vt 0.634673 0.294769
vt 0.648120 0.309191
vt 0.627470 0.301705
vt 0.634673 0.294769
vt 0.662749 0.295554
vt 0.648120 0.309191
vt 0.649080 0.280896
vt 0.662749 0.295554
vt 0.634673 0.294769
vt 0.618861 0.336466
vt 0.633490 0.322828
vt 0.631578 0.350615
vt 0.633490 0.322828
vt 0.646449 0.337241
vt 0.631578 0.350615
vt 0.633490 0.322828
vt 0.640805 0.316010
vt 0.646449 0.337241
vt 0.640805 0.316010
vt 0.653885 0.330555
vt 0.646449 0.337241
vt 0.640805 0.316010
vt 0.661321 0.323868
vt 0.653885 0.330555
vt 0.648120 0.309191
vt 0.661321 0.323868
vt 0.640805 0.316010
vt 0.648120 0.309191
vt 0.676192 0.310495
vt 0.661321 0.323868
vt 0.662749 0.295554
vt 0.676192 0.310495
vt 0.648120 0.309191
vt 0.631578 0.350615
vt 0.646449 0.337241
vt 0.644369 0.365085
vt 0.646449 0.337241
vt 0.659353 0.351838
vt 0.644369 0.365085
vt 0.646449 0.337241
vt 0.653885 0.330555
vt 0.659353 0.351838
vt 0.653885 0.330555
vt 0.666845 0.345215
vt 0.659353 0.351838
vt 0.653885 0.330555
vt 0.674337 0.338591
vt 0.666845 0.345215
vt 0.661321 0.323868
vt 0.674337 0.338591
vt 0.653885 0.330555
vt 0.661321 0.323868
vt 0.689321 0.325345
vt 0.674337 0.338591
vt 0.676192 0.310495
vt 0.689321 0.325345
vt 0.661321 0.323868
vt 0.644369 0.365085
vt 0.659353 0.351838
vt 0.657365 0.379754
vt 0.659353 0.351838
vt 0.672335 0.366491
vt 0.657365 0.379754
vt 0.659353 0.351838
vt 0.666845 0.345215
vt 0.672335 0.366491
vt 0.666845 0.345215
vt 0.679820 0.359860
vt 0.672335 0.366491
vt 0.666845 0.345215
vt 0.687305 0.353228
vt 0.679820 0.359860
vt 0.674337 0.338591
vt 0.687305 0.353228
vt 0.666845 0.345215
vt 0.674337 0.338591
vt 0.702275 0.339965
vt 0.687305 0.353228
vt 0.689321 0.325345
vt 0.702275 0.339965
vt 0.674337 0.338591
vt 0.657365 0.379754
vt 0.672335 0.366491
vt 0.661165 0.384113
vt 0.672335 0.366491
vt 0.676238 0.370967
vt 0.661165 0.384113
vt 0.672335 0.366491
vt 0.679820 0.359860
vt 0.676238 0.370967
vt 0.679820 0.359860
vt 0.683775 0.364395
vt 0.676238 0.370967
vt 0.679820 0.359860
vt 0.691312 0.357822
vt 0.683775 0.364395
vt 0.687305 0.353228
vt 0.691312 0.357822
vt 0.679820 0.359860
vt 0.687305 0.353228
vt 0.706385 0.344677
vt 0.691312 0.357822
vt 0.702275 0.339965
vt 0.706385 0.344677
vt 0.687305 0.353228
vt 0.661165 0.384113
vt 0.676238 0.370967
vt 0.664779 0.388381
vt 0.676238 0.370967
vt 0.680036 0.375450
vt 0.664779 0.388381
vt 0.676238 0.370967
vt 0.683775 0.364395
vt 0.680036 0.375450
vt 0.683775 0.364395
vt 0.687665 0.368985
vt 0.680036 0.375450
vt 0.683775 0.364395
vt 0.695294 0.362519
vt 0.687665 0.368985
vt 0.691312 0.357822
vt 0.695294 0.362519
vt 0.683775 0.364395
vt 0.691312 0.357822
vt 0.710551 0.349589
vt 0.695294 0.362519
vt 0.706385 0.344677
vt 0.710551 0.349589
vt 0.691312 0.357822
vt 0.664779 0.388381
vt 0.680036 0.375450
vt 0.668641 0.392949
vt 0.680036 0.375450
vt 0.683914 0.380036
vt 0.668641 0.392949
vt 0.680036 0.375450
vt 0.687665 0.368985
vt 0.683914 0.380036
vt 0.687665 0.368985
vt 0.691550 0.373580
vt 0.683914 0.380036
vt 0.687665 0.368985
vt 0.699186 0.367123
vt 0.691550 0.373580
vt 0.695294 0.362519
vt 0.699186 0.367123
vt 0.687665 0.368985
vt 0.695294 0.362519
vt 0.714459 0.354211
vt 0.699186 0.367123
vt 0.710551 0.349589
vt 0.714459 0.354211
vt 0.695294 0.362519
vt 0.668641 0.392949
vt 0.683914 0.380036
vt 0.672811 0.397768
vt 0.683914 0.380036
vt 0.687930 0.384676
vt 0.672811 0.397768
vt 0.683914 0.380036
vt 0.691550 0.373580
vt 0.687930 0.384676
vt 0.691550 0.373580
vt 0.695490 0.378130
vt 0.687930 0.384676
vt 0.691550 0.373580
vt 0.703050 0.371584
vt 0.695490 0.378130
vt 0.699186 0.367123
vt 0.703050 0.371584
vt 0.691550 0.373580
vt 0.699186 0.367123
vt 0.718169 0.358491
vt 0.703050 0.371584
vt 0.714459 0.354211
vt 0.718169 0.358491
vt 0.699186 0.367123
vt 0.672811 0.397768
vt 0.687930 0.384676
vt 0.686631 0.418206
vt 0.687930 0.384676
vt 0.703114 0.406879
vt 0.686631 0.418206
vt 0.687930 0.384676
vt 0.695490 0.378130
vt 0.703114 0.406879
vt 0.695490 0.378130
vt 0.711355 0.401215
vt 0.703114 0.406879
vt 0.695490 0.378130
vt 0.719596 0.395551
vt 0.711355 0.401215
vt 0.703050 0.371584
vt 0.719596 0.395551
vt 0.695490 0.378130
vt 0.703050 0.371584
vt 0.736079 0.384223
vt 0.719596 0.395551
vt 0.718169 0.358491
vt 0.736079 0.384223
vt 0.703050 0.371584
vt 0.686631 0.418206
vt 0.703114 0.406879
vt 0.691647 0.435779
vt 0.703114 0.406879
vt 0.710529 0.429186
vt 0.691647 0.435779
vt 0.703114 0.406879
vt 0.711355 0.401215
vt 0.710529 0.429186
vt 0.711355 0.401215
vt 0.719970 0.425890
vt 0.710529 0.429186
vt 0.711355 0.401215
vt 0.729411 0.422594
vt 0.719970 0.425890
vt 0.719596 0.395551
vt 0.729411 0.422594
vt 0.711355 0.401215
vt 0.719596 0.395551
vt 0.748293 0.416001
vt 0.729411 0.422594
vt 0.736079 0.384223
vt 0.748293 0.416001
vt 0.719596 0.395551
vt 0.691647 0.435779
vt 0.710529 0.429186
vt 0.691949 0.454177
vt 0.710529 0.429186
vt 0.711896 0.452726
vt 0.691949 0.454177
vt 0.710529 0.429186
vt 0.719970 0.425890
vt 0.711896 0.452726
vt 0.719970 0.425890
vt 0.721870 0.452000
vt 0.711896 0.452726
vt 0.719970 0.425890
vt 0.731844 0.451274
vt 0.721870 0.452000
vt 0.729411 0.422594
vt 0.731844 0.451274
vt 0.719970 0.425890
vt 0.729411 0.422594
vt 0.751791 0.449822
vt 0.731844 0.451274
vt 0.748293 0.416001
vt 0.751791 0.449822
vt 0.729411 0.422594
vt 0.691949 0.454177
vt 0.711896 0.452726
vt 0.687954 0.474769
vt 0.711896 0.452726
vt 0.707715 0.477853
vt 0.687954 0.474769
vt 0.711896 0.452726
vt 0.721870 0.452000
vt 0.707715 0.477853
vt 0.721870 0.452000
vt 0.717595 0.479395
vt 0.707715 0.477853
vt 0.721870 0.452000
vt 0.727475 0.480937
vt 0.717595 0.479395
vt 0.731844 0.451274
vt 0.727475 0.480937
vt 0.721870 0.452000
vt 0.731844 0.451274
vt 0.747236 0.484020
vt 0.727475 0.480937
vt 0.751791 0.449822
vt 0.747236 0.484020
vt 0.731844 0.451274
vt 0.687954 0.474769
vt 0.707715 0.477853
vt 0.685690 0.482374
vt 0.707715 0.477853
vt 0.704987 0.487631
vt 0.685690 0.482374
vt 0.707715 0.477853
vt 0.717595 0.479395
vt 0.704987 0.487631
vt 0.717595 0.479395
vt 0.714635 0.490260
vt 0.704987 0.487631
vt 0.717595 0.479395
vt 0.724283 0.492888
vt 0.714635 0.490260
vt 0.727475 0.480937
vt 0.724283 0.492888
vt 0.717595 0.479395
vt 0.727475 0.480937
vt 0.743580 0.498145
vt 0.724283 0.492888
vt 0.747236 0.484020
vt 0.743580 0.498145
vt 0.727475 0.480937
vt 0.685690 0.482374
vt 0.704987 0.487631
vt 0.682655 0.492370
vt 0.704987 0.487631
vt 0.701798 0.498160
vt 0.682655 0.492370
vt 0.704987 0.487631
vt 0.714635 0.490260
vt 0.701798 0.498160
vt 0.714635 0.490260
vt 0.711370 0.501055
vt 0.701798 0.498160
vt 0.714635 0.490260
vt 0.720942 0.503950
vt 0.711370 0.501055
vt 0.724283 0.492888
vt 0.720942 0.503950
vt 0.714635 0.490260
vt 0.724283 0.492888
vt 0.740085 0.509740
vt 0.720942 0.503950
vt 0.743580 0.498145
vt 0.740085 0.509740
vt 0.724283 0.492888
vt 0.682655 0.492370
vt 0.701798 0.498160
vt 0.679347 0.502362
vt 0.701798 0.498160
vt 0.698339 0.508630
vt 0.679347 0.502362
vt 0.701798 0.498160
vt 0.711370 0.501055
vt 0.698339 0.508630
vt 0.711370 0.501055
vt 0.707835 0.511765
vt 0.698339 0.508630
vt 0.711370 0.501055
vt 0.717331 0.514899
vt 0.707835 0.511765
vt 0.720942 0.503950
vt 0.717331 0.514899
vt 0.711370 0.501055
vt 0.720942 0.503950
vt 0.736323 0.521168
vt 0.717331 0.514899
vt 0.740085 0.509740
vt 0.736323 0.521168
vt 0.720942 0.503950
vt 0.679347 0.502362
vt 0.698339 0.508630
vt 0.675794 0.512316
vt 0.698339 0.508630
vt 0.694635 0.519025
vt 0.675794 0.512316
vt 0.698339 0.508630
vt 0.707835 0.511765
vt 0.694635 0.519025
vt 0.707835 0.511765
vt 0.704055 0.522380
vt 0.694635 0.519025
vt 0.707835 0.511765
vt 0.713476 0.525734
vt 0.704055 0.522380
vt 0.717331 0.514899
vt 0.713476 0.525734
vt 0.707835 0.511765
vt 0.717331 0.514899
vt 0.732317 0.532444
vt 0.713476 0.525734
vt 0.736323 0.521168
vt 0.732317 0.532444
vt 0.717331 0.514899
vt 0.675794 0.512316
vt 0.694635 0.519025
vt 0.665217 0.540866
vt 0.694635 0.519025
vt 0.683972 0.547812
vt 0.665217 0.540866
vt 0.694635 0.519025
vt 0.704055 0.522380
vt 0.683972 0.547812
vt 0.704055 0.522380
vt 0.693350 0.551285
vt 0.683972 0.547812
vt 0.704055 0.522380
vt 0.702728 0.554758
vt 0.693350 0.551285
vt 0.713476 0.525734
vt 0.702728 0.554758
vt 0.704055 0.522380
vt 0.713476 0.525734
vt 0.721483 0.561704
vt 0.702728 0.554758
vt 0.732317 0.532444
vt 0.721483 0.561704
vt 0.713476 0.525734
vt 0.665217 0.540866
vt 0.683972 0.547812
vt 0.654442 0.569624
vt 0.683972 0.547812
vt 0.673171 0.576641
vt 0.654442 0.569624
vt 0.683972 0.547812
vt 0.693350 0.551285
vt 0.673171 0.576641
vt 0.693350 0.551285
vt 0.682535 0.580150
vt 0.673171 0.576641
vt 0.693350 0.551285
vt 0.691899 0.583658
vt 0.682535 0.580150
vt 0.702728 0.554758
vt 0.691899 0.583658
vt 0.693350 0.551285
vt 0.702728 0.554758
vt 0.710628 0.590675
vt 0.691899 0.583658
vt 0.721483 0.561704
vt 0.710628 0.590675
vt 0.702728 0.554758
vt 0.654442 0.569624
vt 0.673171 0.576641
vt 0.643548 0.598316
vt 0.673171 0.576641
vt 0.662246 0.605415
vt 0.643548 0.598316
vt 0.673171 0.576641
vt 0.682535 0.580150
vt 0.662246 0.605415
vt 0.682535 0.580150
vt 0.671595 0.608965
vt 0.662246 0.605415
vt 0.682535 0.580150
vt 0.680944 0.612514
vt 0.671595 0.608965
vt 0.691899 0.583658
vt 0.680944 0.612514
vt 0.682535 0.580150
vt 0.691899 0.583658
vt 0.699642 0.619613
vt 0.680944 0.612514
vt 0.710628 0.590675
vt 0.699642 0.619613
vt 0.691899 0.583658
vt 0.643548 0.598316
vt 0.662246 0.605415
vt 0.632523 0.626951
vt 0.662246 0.605415
vt 0.651188 0.634137
vt 0.632523 0.626951
vt 0.662246 0.605415
vt 0.671595 0.608965
vt 0.651188 0.634137
vt 0.671595 0.608965
vt 0.660520 0.637730
vt 0.651188 0.634137
vt 0.671595 0.608965
vt 0.669852 0.641323
vt 0.660520 0.637730
vt 0.680944 0.612514
vt 0.669852 0.641323
vt 0.671595 0.608965
vt 0.680944 0.612514
vt 0.688517 0.648509
vt 0.669852 0.641323
vt 0.699642 0.619613
vt 0.688517 0.648509
vt 0.680944 0.612514
vt 0.632523 0.626951
vt 0.651188 0.634137
vt 0.625665 0.646026
vt 0.651188 0.634137
vt 0.644489 0.652785
vt 0.625665 0.646026
vt 0.651188 0.634137
vt 0.660520 0.637730
vt 0.644489 0.652785
vt 0.660520 0.637730
vt 0.653900 0.656165
vt 0.644489 0.652785
vt 0.660520 0.637730
vt 0.663312 0.659544
vt 0.653900 0.656165
vt 0.669852 0.641323
vt 0.663312 0.659544
vt 0.660520 0.637730
vt 0.669852 0.641323
vt 0.682135 0.666304
vt 0.663312 0.659544
vt 0.688517 0.648509
vt 0.682135 0.666304
vt 0.669852 0.641323
vt 0.625665 0.646026
vt 0.644489 0.652785
vt 0.619619 0.666364
vt 0.644489 0.652785
vt 0.638803 0.672018
vt 0.619619 0.666364
vt 0.644489 0.652785
vt 0.653900 0.656165
vt 0.638803 0.672018
vt 0.653900 0.656165
vt 0.648395 0.674845
vt 0.638803 0.672018
vt 0.653900 0.656165
vt 0.657987 0.677672
vt 0.648395 0.674845
vt 0.663312 0.659544
vt 0.657987 0.677672
vt 0.653900 0.656165
vt 0.663312 0.659544
vt 0.677172 0.683325
vt 0.657987 0.677672
vt 0.682135 0.666304
vt 0.677172 0.683325
vt 0.663312 0.659544
vt 0.619619 0.666364
vt 0.638803 0.672018
vt 0.614908 0.687404
vt 0.638803 0.672018
vt 0.634439 0.691708
vt 0.614908 0.687404
vt 0.638803 0.672018
vt 0.648395 0.674845
vt 0.634439 0.691708
vt 0.648395 0.674845
vt 0.644205 0.693860
vt 0.634439 0.691708
vt 0.648395 0.674845
vt 0.653971 0.696012
vt 0.644205 0.693860
vt 0.657987 0.677672
vt 0.653971 0.696012
vt 0.648395 0.674845
vt 0.657987 0.677672
vt 0.673502 0.700315
vt 0.653971 0.696012
vt 0.677172 0.683325
vt 0.673502 0.700315
vt 0.657987 0.677672
vt 0.614908 0.687404
vt 0.634439 0.691708
vt 0.611810 0.709198
vt 0.634439 0.691708
vt 0.631624 0.711926
vt 0.611810 0.709198
vt 0.634439 0.691708
vt 0.644205 0.693860
vt 0.631624 0.711926
vt 0.644205 0.693860
vt 0.641530 0.713290
vt 0.631624 0.711926
vt 0.644205 0.693860
vt 0.651437 0.714654
vt 0.641530 0.713290
vt 0.653971 0.696012
vt 0.651437 0.714654
vt 0.644205 0.693860
vt 0.653971 0.696012
vt 0.671250 0.717381
vt 0.651437 0.714654
vt 0.673502 0.700315
vt 0.671250 0.717381
vt 0.653971 0.696012
vt 0.611810 0.709198
vt 0.631624 0.711926
vt 0.610820 0.716888
vt 0.631624 0.711926
vt 0.630657 0.719439
vt 0.610820 0.716888
vt 0.631624 0.711926
vt 0.641530 0.713290
vt 0.630657 0.719439
vt 0.641530 0.713290
vt 0.640575 0.720715
vt 0.630657 0.719439
vt 0.641530 0.713290
vt 0.650493 0.721990
vt 0.640575 0.720715
vt 0.651437 0.714654
vt 0.650493 0.721990
vt 0.641530 0.713290
vt 0.651437 0.714654
vt 0.670330 0.724542
vt 0.650493 0.721990
vt 0.671250 0.717381
vt 0.670330 0.724542
vt 0.651437 0.714654
vt 0.610820 0.716888
vt 0.630657 0.719439
vt 0.609705 0.722598
vt 0.630657 0.719439
vt 0.629365 0.726269
vt 0.609705 0.722598
vt 0.630657 0.719439
vt 0.640575 0.720715
vt 0.629365 0.726269
vt 0.640575 0.720715
vt 0.639195 0.728105
vt 0.629365 0.726269
vt 0.640575 0.720715
vt 0.649025 0.729940
vt 0.639195 0.728105
vt 0.650493 0.721990
vt 0.649025 0.729940
vt 0.640575 0.720715
vt 0.650493 0.721990
vt 0.668685 0.733612
vt 0.649025 0.729940
vt 0.670330 0.724542
vt 0.668685 0.733612
vt 0.650493 0.721990
vt 0.609705 0.722598
vt 0.629365 0.726269
vt 0.608270 0.728761
vt 0.629365 0.726269
vt 0.627767 0.733220
vt 0.608270 0.728761
vt 0.629365 0.726269
vt 0.639195 0.728105
vt 0.627767 0.733220
vt 0.639195 0.728105
vt 0.637515 0.735450
vt 0.627767 0.733220
vt 0.639195 0.728105
vt 0.647263 0.737679
vt 0.637515 0.735450
vt 0.649025 0.729940
vt 0.647263 0.737679
vt 0.639195 0.728105
vt 0.649025 0.729940
vt 0.666760 0.742139
vt 0.647263 0.737679
vt 0.668685 0.733612
vt 0.666760 0.742139
vt 0.649025 0.729940
vt 0.608270 0.728761
vt 0.627767 0.733220
vt 0.606587 0.735342
vt 0.627767 0.733220
vt 0.625969 0.740274
vt 0.606587 0.735342
vt 0.627767 0.733220
vt 0.637515 0.735450
vt 0.625969 0.740274
vt 0.637515 0.735450
vt 0.635660 0.742740
vt 0.625969 0.740274
vt 0.637515 0.735450
vt 0.645351 0.745206
vt 0.635660 0.742740
vt 0.647263 0.737679
vt 0.645351 0.745206
vt 0.637515 0.735450
vt 0.647263 0.737679
vt 0.664734 0.750138
vt 0.645351 0.745206
vt 0.666760 0.742139
vt 0.664734 0.750138
vt 0.647263 0.737679
vt 0.606587 0.735342
vt 0.625969 0.740274
vt 0.601688 0.748296
vt 0.625969 0.740274
vt 0.620473 0.755162
vt 0.601688 0.748296
vt 0.625969 0.740274
vt 0.635660 0.742740
vt 0.620473 0.755162
vt 0.635660 0.742740
vt 0.629865 0.758595
vt 0.620473 0.755162
vt 0.635660 0.742740
vt 0.639257 0.762028
vt 0.629865 0.758595
vt 0.645351 0.745206
vt 0.639257 0.762028
vt 0.635660 0.742740
vt 0.645351 0.745206
vt 0.658042 0.768893
vt 0.639257 0.762028
vt 0.664734 0.750138
vt 0.658042 0.768893
vt 0.645351 0.745206
vt 0.601688 0.748296
vt 0.620473 0.755162
vt 0.595836 0.756512
vt 0.620473 0.755162
vt 0.612822 0.767071
vt 0.595836 0.756512
vt 0.620473 0.755162
vt 0.629865 0.758595
vt 0.612822 0.767071
vt 0.629865 0.758595
vt 0.621315 0.772350
vt 0.612822 0.767071
vt 0.629865 0.758595
vt 0.629808 0.777629
vt 0.621315 0.772350
vt 0.639257 0.762028
vt 0.629808 0.777629
vt 0.629865 0.758595
vt 0.639257 0.762028
vt 0.646794 0.788187
vt 0.629808 0.777629
vt 0.658042 0.768893
vt 0.646794 0.788187
vt 0.639257 0.762028
vt 0.595836 0.756512
vt 0.612822 0.767071
vt 0.588569 0.762896
vt 0.612822 0.767071
vt 0.602850 0.776899
vt 0.588569 0.762896
vt 0.612822 0.767071
vt 0.621315 0.772350
vt 0.602850 0.776899
vt 0.621315 0.772350
vt 0.609990 0.783900
vt 0.602850 0.776899
vt 0.621315 0.772350
vt 0.617130 0.790901
vt 0.609990 0.783900
vt 0.629808 0.777629
vt 0.617130 0.790901
vt 0.621315 0.772350
vt 0.629808 0.777629
vt 0.631411 0.804903
vt 0.617130 0.790901
vt 0.646794 0.788187
vt 0.631411 0.804903
vt 0.629808 0.777629
vt 0.588569 0.762896
vt 0.602850 0.776899
vt 0.579444 0.768040
vt 0.602850 0.776899
vt 0.590398 0.784773
vt 0.579444 0.768040
vt 0.602850 0.776899
vt 0.609990 0.783900
vt 0.590398 0.784773
vt 0.609990 0.783900
vt 0.595875 0.793140
vt 0.590398 0.784773
vt 0.609990 0.783900
vt 0.601352 0.801506
vt 0.595875 0.793140
vt 0.617130 0.790901
vt 0.601352 0.801506
vt 0.609990 0.783900
vt 0.617130 0.790901
vt 0.612306 0.818240
vt 0.601352 0.801506
vt 0.631411 0.804903
vt 0.612306 0.818240
vt 0.617130 0.790901
vt 0.579444 0.768040
vt 0.590398 0.784773
vt 0.562280 0.775154
vt 0.590398 0.784773
vt 0.570340 0.793458
vt 0.562280 0.775154
vt 0.590398 0.784773
vt 0.595875 0.793140
vt 0.570340 0.793458
vt 0.595875 0.793140
vt 0.574370 0.802610
vt 0.570340 0.793458
vt 0.595875 0.793140
vt 0.578400 0.811762
vt 0.574370 0.802610
vt 0.601352 0.801506
vt 0.578400 0.811762
vt 0.595875 0.793140
vt 0.601352 0.801506
vt 0.586461 0.830065
vt 0.578400 0.811762
vt 0.612306 0.818240
vt 0.586461 0.830065
vt 0.601352 0.801506
vt 0.562280 0.775154
vt 0.570340 0.793458
vt 0.543939 0.780104
vt 0.570340 0.793458
vt 0.549433 0.799334
vt 0.543939 0.780104
vt 0.570340 0.793458
vt 0.574370 0.802610
vt 0.549433 0.799334
vt 0.574370 0.802610
vt 0.552180 0.808950
vt 0.549433 0.799334
vt 0.574370 0.802610
vt 0.554927 0.818565
vt 0.552180 0.808950
vt 0.578400 0.811762
vt 0.554927 0.818565
vt 0.574370 0.802610
vt 0.578400 0.811762
vt 0.560422 0.837795
vt 0.554927 0.818565
vt 0.586461 0.830065
vt 0.560422 0.837795
vt 0.578400 0.811762
vt 0.543939 0.780104
vt 0.549433 0.799334
vt 0.525348 0.782263
vt 0.549433 0.799334
vt 0.527993 0.802088
vt 0.525348 0.782263
vt 0.549433 0.799334
vt 0.552180 0.808950
vt 0.527993 0.802088
vt 0.552180 0.808950
vt 0.529315 0.812000
vt 0.527993 0.802088
vt 0.552180 0.808950
vt 0.530637 0.821912
vt 0.529315 0.812000
vt 0.554927 0.818565
vt 0.530637 0.821912
vt 0.552180 0.808950
vt 0.554927 0.818565
vt 0.533282 0.841736
vt 0.530637 0.821912
vt 0.560422 0.837795
vt 0.533282 0.841736
vt 0.554927 0.818565
vt 0.525348 0.782263
vt 0.527993 0.802088
vt 0.506301 0.781599
vt 0.527993 0.802088
vt 0.505957 0.801596
vt 0.506301 0.781599
vt 0.527993 0.802088
vt 0.529315 0.812000
vt 0.505957 0.801596
vt 0.529315 0.812000
vt 0.505785 0.811595
vt 0.505957 0.801596
vt 0.529315 0.812000
vt 0.505613 0.821593
vt 0.505785 0.811595
vt 0.530637 0.821912
vt 0.505613 0.821593
vt 0.529315 0.812000
vt 0.530637 0.821912
vt 0.505269 0.841590
vt 0.505613 0.821593
vt 0.533282 0.841736
vt 0.505269 0.841590
vt 0.530637 0.821912
vt 0.506301 0.781599
vt 0.505957 0.801596
vt 0.498053 0.779495
vt 0.505957 0.801596
vt 0.494188 0.799118
vt 0.498053 0.779495
vt 0.505957 0.801596
vt 0.505785 0.811595
vt 0.494188 0.799118
vt 0.505785 0.811595
vt 0.492255 0.808930
vt 0.494188 0.799118
vt 0.505785 0.811595
vt 0.490323 0.818741
vt 0.492255 0.808930
vt 0.505613 0.821593
vt 0.490323 0.818741
vt 0.505785 0.811595
vt 0.505613 0.821593
vt 0.486457 0.838364
vt 0.490323 0.818741
vt 0.505269 0.841590
vt 0.486457 0.838364
vt 0.505613 0.821593
vt 0.498053 0.779495
vt 0.494188 0.799118
vt 0.491915 0.776115
vt 0.494188 0.799118
vt 0.483998 0.794481
vt 0.491915 0.776115
vt 0.494188 0.799118
vt 0.492255 0.808930
vt 0.483998 0.794481
vt 0.492255 0.808930
vt 0.480040 0.803665
vt 0.483998 0.794481
vt 0.492255 0.808930
vt 0.476082 0.812848
vt 0.480040 0.803665
vt 0.490323 0.818741
vt 0.476082 0.812848
vt 0.492255 0.808930
vt 0.490323 0.818741
vt 0.468166 0.831215
vt 0.476082 0.812848
vt 0.486457 0.838364
vt 0.468166 0.831215
vt 0.490323 0.818741
vt 0.491915 0.776115
vt 0.483998 0.794481
vt 0.486420 0.771471
vt 0.483998 0.794481
vt 0.474910 0.787827
vt 0.486420 0.771471
vt 0.483998 0.794481
vt 0.480040 0.803665
vt 0.474910 0.787827
vt 0.480040 0.803665
vt 0.469155 0.796005
vt 0.474910 0.787827
vt 0.480040 0.803665
vt 0.463400 0.804183
vt 0.469155 0.796005
vt 0.476082 0.812848
vt 0.463400 0.804183
vt 0.480040 0.803665
vt 0.476082 0.812848
vt 0.451890 0.820539
vt 0.463400 0.804183
vt 0.468166 0.831215
vt 0.451890 0.820539
vt 0.476082 0.812848
vt 0.486420 0.771471
vt 0.474910 0.787827
vt 0.481186 0.765295
vt 0.474910 0.787827
vt 0.466812 0.779201
vt 0.481186 0.765295
vt 0.474910 0.787827
vt 0.469155 0.796005
vt 0.466812 0.779201
vt 0.469155 0.796005
vt 0.459625 0.786155
vt 0.466812 0.779201
vt 0.469155 0.796005
vt 0.452438 0.793108
vt 0.459625 0.786155
vt 0.463400 0.804183
vt 0.452438 0.793108
vt 0.469155 0.796005
vt 0.463400 0.804183
vt 0.438065 0.807015
vt 0.452438 0.793108
vt 0.451890 0.820539
vt 0.438065 0.807015
vt 0.463400 0.804183
vt 0.481186 0.765295
vt 0.466812 0.779201
vt 0.478684 0.761571
vt 0.466812 0.779201
vt 0.462688 0.773577
vt 0.478684 0.761571
vt 0.466812 0.779201
vt 0.459625 0.786155
vt 0.462688 0.773577
vt 0.459625 0.786155
vt 0.454690 0.779580
vt 0.462688 0.773577
vt 0.459625 0.786155
vt 0.446692 0.785583
vt 0.454690 0.779580
vt 0.452438 0.793108
vt 0.446692 0.785583
vt 0.459625 0.786155
vt 0.452438 0.793108
vt 0.430697 0.797588
vt 0.446692 0.785583
vt 0.438065 0.807015
vt 0.430697 0.797588
vt 0.452438 0.793108
vt 0.478684 0.761571
vt 0.462688 0.773577
vt 0.475155 0.756142
vt 0.462688 0.773577
vt 0.458475 0.767177
vt 0.475155 0.756142
vt 0.462688 0.773577
vt 0.454690 0.779580
vt 0.458475 0.767177
vt 0.454690 0.779580
vt 0.450135 0.772695
vt 0.458475 0.767177
vt 0.454690 0.779580
vt 0.441795 0.778212
vt 0.450135 0.772695
vt 0.446692 0.785583
vt 0.441795 0.778212
vt 0.454690 0.779580
vt 0.446692 0.785583
vt 0.425115 0.789248
vt 0.441795 0.778212
vt 0.430697 0.797588
vt 0.425115 0.789248
vt 0.446692 0.785583
vt 0.475155 0.756142
vt 0.458475 0.767177
vt 0.471324 0.749901
vt 0.458475 0.767177
vt 0.454301 0.760400
vt 0.471324 0.749901
vt 0.458475 0.767177
vt 0.450135 0.772695
vt 0.454301 0.760400
vt 0.450135 0.772695
vt 0.445790 0.765650
vt 0.454301 0.760400
vt 0.450135 0.772695
vt 0.437279 0.770899
vt 0.445790 0.765650
vt 0.441795 0.778212
vt 0.437279 0.770899
vt 0.450135 0.772695
vt 0.441795 0.778212
vt 0.420256 0.781398
vt 0.437279 0.770899
vt 0.425115 0.789248
vt 0.420256 0.781398
vt 0.441795 0.778212
vt 0.471324 0.749901
vt 0.454301 0.760400
vt 0.467086 0.742958
vt 0.454301 0.760400
vt 0.450015 0.753379
vt 0.467086 0.742958
vt 0.454301 0.760400
vt 0.445790 0.765650
vt 0.450015 0.753379
vt 0.445790 0.765650
vt 0.441480 0.758590
vt 0.450015 0.753379
vt 0.445790 0.765650
vt 0.432945 0.763800
vt 0.441480 0.758590
vt 0.437279 0.770899
vt 0.432945 0.763800
vt 0.445790 0.765650
vt 0.437279 0.770899
vt 0.415874 0.774222
vt 0.432945 0.763800
vt 0.420256 0.781398
vt 0.415874 0.774222
vt 0.437279 0.770899
vt 0.467086 0.742958
vt 0.450015 0.753379
vt 0.463437 0.736812
vt 0.450015 0.753379
vt 0.446242 0.747027
vt 0.463437 0.736812
vt 0.450015 0.753379
vt 0.441480 0.758590
vt 0.446242 0.747027
vt 0.441480 0.758590
vt 0.437645 0.752135
vt 0.446242 0.747027
vt 0.441480 0.758590
vt 0.429048 0.757243
vt 0.437645 0.752135
vt 0.432945 0.763800
vt 0.429048 0.757243
vt 0.441480 0.758590
vt 0.432945 0.763800
vt 0.411854 0.767458
vt 0.429048 0.757243
vt 0.415874 0.774222
vt 0.411854 0.767458
vt 0.432945 0.763800
vt 0.463437 0.736812
vt 0.446242 0.747027
vt 0.460024 0.730789
vt 0.446242 0.747027
vt 0.442631 0.740663
vt 0.460024 0.730789
vt 0.446242 0.747027
vt 0.437645 0.752135
vt 0.442631 0.740663
vt 0.437645 0.752135
vt 0.433935 0.745600
vt 0.442631 0.740663
vt 0.437645 0.752135
vt 0.425239 0.750537
vt 0.433935 0.745600
vt 0.429048 0.757243
vt 0.425239 0.750537
vt 0.437645 0.752135
vt 0.429048 0.757243
vt 0.407846 0.760411
vt 0.425239 0.750537
vt 0.411854 0.767458
vt 0.407846 0.760411
vt 0.429048 0.757243
vt 0.460024 0.730789
vt 0.442631 0.740663
vt 0.456176 0.724112
vt 0.442631 0.740663
vt 0.438849 0.734100
vt 0.456176 0.724112
vt 0.442631 0.740663
vt 0.433935 0.745600
vt 0.438849 0.734100
vt 0.433935 0.745600
vt 0.430185 0.739095
vt 0.438849 0.734100
vt 0.433935 0.745600
vt 0.421522 0.744089
vt 0.430185 0.739095
vt 0.425239 0.750537
vt 0.421522 0.744089
vt 0.433935 0.745600
vt 0.425239 0.750537
vt 0.404194 0.754078
vt 0.421522 0.744089
vt 0.407846 0.760411
vt 0.404194 0.754078
vt 0.425239 0.750537
vt 0.456176 0.724112
vt 0.438849 0.734100
vt 0.451723 0.716904
vt 0.438849 0.734100
vt 0.434728 0.727448
vt 0.451723 0.716904
vt 0.438849 0.734100
vt 0.430185 0.739095
vt 0.434728 0.727448
vt 0.430185 0.739095
vt 0.426230 0.732720
vt 0.434728 0.727448
vt 0.430185 0.739095
vt 0.417733 0.737992
vt 0.426230 0.732720
vt 0.421522 0.744089
vt 0.417733 0.737992
vt 0.430185 0.739095
vt 0.421522 0.744089
vt 0.400737 0.748535
vt 0.417733 0.737992
vt 0.404194 0.754078
vt 0.400737 0.748535
vt 0.421522 0.744089
vt 0.451723 0.716904
vt 0.434728 0.727448
vt 0.444938 0.708287
vt 0.434728 0.727448
vt 0.429549 0.721062
vt 0.444938 0.708287
vt 0.434728 0.727448
vt 0.426230 0.732720
vt 0.429549 0.721062
vt 0.426230 0.732720
vt 0.421855 0.727450
vt 0.429549 0.721062
vt 0.426230 0.732720
vt 0.414161 0.733837
vt 0.421855 0.727450
vt 0.417733 0.737992
vt 0.414161 0.733837
vt 0.426230 0.732720
vt 0.417733 0.737992
vt 0.398773 0.746612
vt 0.414161 0.733837
vt 0.400737 0.748535
vt 0.398773 0.746612
vt 0.417733 0.737992
vt 0.444938 0.708287
vt 0.429549 0.721062
vt 0.434253 0.699365
vt 0.429549 0.721062
vt 0.422478 0.715532
vt 0.434253 0.699365
vt 0.429549 0.721062
vt 0.421855 0.727450
vt 0.422478 0.715532
vt 0.421855 0.727450
vt 0.416590 0.723615
vt 0.422478 0.715532
vt 0.421855 0.727450
vt 0.410702 0.731698
vt 0.416590 0.723615
vt 0.414161 0.733837
vt 0.410702 0.731698
vt 0.421855 0.727450
vt 0.414161 0.733837
vt 0.398927 0.747864
vt 0.410702 0.731698
vt 0.398773 0.746612
vt 0.398927 0.747864
vt 0.414161 0.733837
vt 0.434253 0.699365
vt 0.422478 0.715532
vt 0.421378 0.693277
vt 0.422478 0.715532
vt 0.414099 0.711905
vt 0.421378 0.693277
vt 0.422478 0.715532
vt 0.416590 0.723615
vt 0.414099 0.711905
vt 0.416590 0.723615
vt 0.410460 0.721220
vt 0.414099 0.711905
vt 0.416590 0.723615
vt 0.406821 0.730534
vt 0.410460 0.721220
vt 0.410702 0.731698
vt 0.406821 0.730534
vt 0.416590 0.723615
vt 0.410702 0.731698
vt 0.399543 0.749163
vt 0.406821 0.730534
vt 0.398927 0.747864
vt 0.399543 0.749163
vt 0.410702 0.731698
vt 0.421378 0.693277
vt 0.414099 0.711905
vt 0.407541 0.690545
vt 0.414099 0.711905
vt 0.404840 0.710361
vt 0.407541 0.690545
vt 0.414099 0.711905
vt 0.410460 0.721220
vt 0.404840 0.710361
vt 0.410460 0.721220
vt 0.403490 0.720270
vt 0.404840 0.710361
vt 0.410460 0.721220
vt 0.402140 0.730178
vt 0.403490 0.720270
vt 0.406821 0.730534
vt 0.402140 0.730178
vt 0.410460 0.721220
vt 0.406821 0.730534
vt 0.399439 0.749995
vt 0.402140 0.730178
vt 0.399543 0.749163
vt 0.399439 0.749995
vt 0.406821 0.730534
vt 0.407541 0.690545
vt 0.404840 0.710361
vt 0.386788 0.690310
vt 0.404840 0.710361
vt 0.386836 0.710310
vt 0.386788 0.690310
vt 0.404840 0.710361
vt 0.403490 0.720270
vt 0.386836 0.710310
vt 0.403490 0.720270
vt 0.386860 0.720310
vt 0.386836 0.710310
vt 0.403490 0.720270
vt 0.386884 0.730310
vt 0.386860 0.720310
vt 0.402140 0.730178
vt 0.386884 0.730310
vt 0.403490 0.720270
vt 0.402140 0.730178
vt 0.386932 0.750310
vt 0.386884 0.730310
vt 0.399439 0.749995
vt 0.386932 0.750310
vt 0.402140 0.730178
vt 0.386788 0.690310
vt 0.386836 0.710310
vt 0.368107 0.691646
vt 0.386836 0.710310
vt 0.369619 0.711588
vt 0.368107 0.691646
vt 0.386836 0.710310
vt 0.386860 0.720310
vt 0.369619 0.711588
vt 0.386860 0.720310
vt 0.370375 0.721560
vt 0.369619 0.711588
vt 0.386860 0.720310
vt 0.371131 0.731531
vt 0.370375 0.721560
vt 0.386884 0.730310
vt 0.371131 0.731531
vt 0.386860 0.720310
vt 0.386884 0.730310
vt 0.372643 0.751474
vt 0.371131 0.731531
vt 0.386932 0.750310
vt 0.372643 0.751474
vt 0.386884 0.730310
vt 0.368107 0.691646
vt 0.369619 0.711588
vt 0.349328 0.694561
vt 0.369619 0.711588
vt 0.352506 0.714307
vt 0.349328 0.694561
vt 0.369619 0.711588
vt 0.370375 0.721560
vt 0.352506 0.714307
vt 0.370375 0.721560
vt 0.354095 0.724180
vt 0.352506 0.714307
vt 0.370375 0.721560
vt 0.355684 0.734053
vt 0.354095 0.724180
vt 0.371131 0.731531
vt 0.355684 0.734053
vt 0.370375 0.721560
vt 0.371131 0.731531
vt 0.358862 0.753799
vt 0.355684 0.734053
vt 0.372643 0.751474
vt 0.358862 0.753799
vt 0.371131 0.731531
vt 0.349328 0.694561
vt 0.352506 0.714307
vt 0.330552 0.699288
vt 0.352506 0.714307
vt 0.335567 0.718649
vt 0.330552 0.699288
vt 0.352506 0.714307
vt 0.354095 0.724180
vt 0.335567 0.718649
vt 0.354095 0.724180
vt 0.338075 0.728330
vt 0.335567 0.718649
vt 0.354095 0.724180
vt 0.340583 0.738010
vt 0.338075 0.728330
vt 0.355684 0.734053
vt 0.340583 0.738010
vt 0.354095 0.724180
vt 0.355684 0.734053
vt 0.345598 0.757371
vt 0.340583 0.738010
vt 0.358862 0.753799
vt 0.345598 0.757371
vt 0.355684 0.734053
vt 0.330552 0.699288
vt 0.335567 0.718649
vt 0.288085 0.720493
vt 0.335567 0.718649
vt 0.297305 0.738241
vt 0.288085 0.720493
vt 0.335567 0.718649
vt 0.338075 0.728330
vt 0.297305 0.738241
vt 0.338075 0.728330
vt 0.301915 0.747115
vt 0.297305 0.738241
vt 0.338075 0.728330
vt 0.306525 0.755989
vt 0.301915 0.747115
vt 0.340583 0.738010
vt 0.306525 0.755989
vt 0.338075 0.728330
vt 0.340583 0.738010
vt 0.315745 0.773737
vt 0.306525 0.755989
vt 0.345598 0.757371
vt 0.315745 0.773737
vt 0.340583 0.738010
vt 0.288085 0.720493
vt 0.297305 0.738241
vt 0.252706 0.756006
vt 0.297305 0.738241
vt 0.267359 0.769618
vt 0.252706 0.756006
vt 0.297305 0.738241
vt 0.301915 0.747115
vt 0.267359 0.769618
vt 0.301915 0.747115
vt 0.274685 0.776425
vt 0.267359 0.769618
vt 0.301915 0.747115
vt 0.282011 0.783231
vt 0.274685 0.776425
vt 0.306525 0.755989
vt 0.282011 0.783231
vt 0.301915 0.747115
vt 0.306525 0.755989
vt 0.296664 0.796844
vt 0.282011 0.783231
vt 0.315745 0.773737
vt 0.296664 0.796844
vt 0.306525 0.755989
vt 0.252706 0.756006
vt 0.267359 0.769618
vt 0.231293 0.801202
vt 0.267359 0.769618
vt 0.249651 0.809137
vt 0.231293 0.801202
vt 0.267359 0.769618
vt 0.274685 0.776425
vt 0.249651 0.809137
vt 0.274685 0.776425
vt 0.258830 0.813105
vt 0.249651 0.809137
vt 0.274685 0.776425
vt 0.268009 0.817072
vt 0.258830 0.813105
vt 0.282011 0.783231
vt 0.268009 0.817072
vt 0.274685 0.776425
vt 0.282011 0.783231
vt 0.286368 0.825008
vt 0.268009 0.817072
vt 0.296664 0.796844
vt 0.286368 0.825008
vt 0.282011 0.783231
vt 0.231293 0.801202
vt 0.249651 0.809137
vt 0.226832 0.852504
vt 0.249651 0.809137
vt 0.246807 0.853498
vt 0.226832 0.852504
vt 0.249651 0.809137
vt 0.258830 0.813105
vt 0.246807 0.853498
vt 0.258830 0.813105
vt 0.256795 0.853995
vt 0.246807 0.853498
vt 0.258830 0.813105
vt 0.266783 0.854492
vt 0.256795 0.853995
vt 0.268009 0.817072
vt 0.266783 0.854492
vt 0.258830 0.813105
vt 0.268009 0.817072
vt 0.286758 0.855486
vt 0.266783 0.854492
vt 0.286368 0.825008
vt 0.286758 0.855486
vt 0.268009 0.817072
vt 0.226832 0.852504
vt 0.246807 0.853498
vt 0.228971 0.867967
vt 0.246807 0.853498
vt 0.248594 0.864102
vt 0.228971 0.867967
vt 0.246807 0.853498
vt 0.256795 0.853995
vt 0.248594 0.864102
vt 0.256795 0.853995
vt 0.258405 0.862170
vt 0.248594 0.864102
vt 0.256795 0.853995
vt 0.268217 0.860237
vt 0.258405 0.862170
vt 0.266783 0.854492
vt 0.268217 0.860237
vt 0.256795 0.853995
vt 0.266783 0.854492
vt 0.287840 0.856373
vt 0.268217 0.860237
vt 0.286758 0.855486
vt 0.287840 0.856373
vt 0.266783 0.854492
vt 0.228971 0.867967
vt 0.248594 0.864102
vt 0.232431 0.879290
vt 0.248594 0.864102
vt 0.251447 0.873093
vt 0.232431 0.879290
vt 0.248594 0.864102
vt 0.258405 0.862170
vt 0.251447 0.873093
vt 0.258405 0.862170
vt 0.260955 0.869995
vt 0.251447 0.873093
vt 0.258405 0.862170
vt 0.270463 0.866896
vt 0.260955 0.869995
vt 0.268217 0.860237
vt 0.270463 0.866896
vt 0.258405 0.862170
vt 0.268217 0.860237
vt 0.289479 0.860700
vt 0.270463 0.866896
vt 0.287840 0.856373
vt 0.289479 0.860700
vt 0.268217 0.860237
vt 0.232431 0.879290
vt 0.251447 0.873093
vt 0.237230 0.890111
vt 0.251447 0.873093
vt 0.255360 0.881667
vt 0.237230 0.890111
vt 0.251447 0.873093
vt 0.260955 0.869995
vt 0.255360 0.881667
vt 0.260955 0.869995
vt 0.264425 0.877445
vt 0.255360 0.881667
vt 0.260955 0.869995
vt 0.273490 0.873222
vt 0.264425 0.877445
vt 0.270463 0.866896
vt 0.273490 0.873222
vt 0.260955 0.869995
vt 0.270463 0.866896
vt 0.291620 0.864778
vt 0.273490 0.873222
vt 0.289479 0.860700
vt 0.291620 0.864778
vt 0.270463 0.866896
vt 0.237230 0.890111
vt 0.255360 0.881667
vt 0.243286 0.900294
vt 0.255360 0.881667
vt 0.260292 0.889768
vt 0.243286 0.900294
vt 0.255360 0.881667
vt 0.264425 0.877445
vt 0.260292 0.889768
vt 0.264425 0.877445
vt 0.268795 0.884505
vt 0.260292 0.889768
vt 0.264425 0.877445
vt 0.277298 0.879242
vt 0.268795 0.884505
vt 0.273490 0.873222
vt 0.277298 0.879242
vt 0.264425 0.877445
vt 0.273490 0.873222
vt 0.294304 0.868715
vt 0.277298 0.879242
vt 0.291620 0.864778
vt 0.294304 0.868715
vt 0.273490 0.873222
vt 0.243286 0.900294
vt 0.260292 0.889768
vt 0.253552 0.912806
vt 0.260292 0.889768
vt 0.268727 0.899778
vt 0.253552 0.912806
vt 0.260292 0.889768
vt 0.268795 0.884505
vt 0.268727 0.899778
vt 0.268795 0.884505
vt 0.276315 0.893265
vt 0.268727 0.899778
vt 0.268795 0.884505
vt 0.283903 0.886751
vt 0.276315 0.893265
vt 0.277298 0.879242
vt 0.283903 0.886751
vt 0.268795 0.884505
vt 0.277298 0.879242
vt 0.299078 0.873724
vt 0.283903 0.886751
vt 0.294304 0.868715
vt 0.299078 0.873724
vt 0.277298 0.879242
vt 0.253552 0.912806
vt 0.268727 0.899778
vt 0.267040 0.923863
vt 0.268727 0.899778
vt 0.279103 0.907911
vt 0.267040 0.923863
vt 0.268727 0.899778
vt 0.276315 0.893265
vt 0.279103 0.907911
vt 0.276315 0.893265
vt 0.285135 0.899935
vt 0.279103 0.907911
vt 0.276315 0.893265
vt 0.291167 0.891959
vt 0.285135 0.899935
vt 0.283903 0.886751
vt 0.291167 0.891959
vt 0.276315 0.893265
vt 0.283903 0.886751
vt 0.303231 0.876007
vt 0.291167 0.891959
vt 0.299078 0.873724
vt 0.303231 0.876007
vt 0.283903 0.886751
vt 0.267040 0.923863
vt 0.279103 0.907911
vt 0.283068 0.931825
vt 0.279103 0.907911
vt 0.291159 0.913535
vt 0.283068 0.931825
vt 0.279103 0.907911
vt 0.285135 0.899935
vt 0.291159 0.913535
vt 0.285135 0.899935
vt 0.295205 0.904390
vt 0.291159 0.913535
vt 0.285135 0.899935
vt 0.299251 0.895245
vt 0.295205 0.904390
vt 0.291167 0.891959
vt 0.299251 0.895245
vt 0.285135 0.899935
vt 0.291167 0.891959
vt 0.307342 0.876955
vt 0.299251 0.895245
vt 0.303231 0.876007
vt 0.307342 0.876955
vt 0.291167 0.891959
vt 0.283068 0.931825
vt 0.291159 0.913535
vt 0.300922 0.935992
vt 0.291159 0.913535
vt 0.304621 0.916337
vt 0.300922 0.935992
vt 0.291159 0.913535
vt 0.295205 0.904390
vt 0.304621 0.916337
vt 0.295205 0.904390
vt 0.306470 0.906510
vt 0.304621 0.916337
vt 0.295205 0.904390
vt 0.308320 0.896682
vt 0.306470 0.906510
vt 0.299251 0.895245
vt 0.308320 0.896682
vt 0.295205 0.904390
vt 0.299251 0.895245
vt 0.312018 0.877027
vt 0.308320 0.896682
vt 0.307342 0.876955
vt 0.312018 0.877027
vt 0.299251 0.895245
vt 0.300922 0.935992
vt 0.304621 0.916337
vt 0.313026 0.936927
vt 0.304621 0.916337
vt 0.314152 0.916959
vt 0.313026 0.936927
vt 0.304621 0.916337
vt 0.306470 0.906510
vt 0.314152 0.916959
vt 0.306470 0.906510
vt 0.314715 0.906975
vt 0.314152 0.916959
vt 0.306470 0.906510
vt 0.315278 0.896991
vt 0.314715 0.906975
vt 0.308320 0.896682
vt 0.315278 0.896991
vt 0.306470 0.906510
vt 0.308320 0.896682
vt 0.316404 0.877022
vt 0.315278 0.896991
vt 0.312018 0.877027
vt 0.316404 0.877022
vt 0.308320 0.896682
vt 0.313026 0.936927
vt 0.314152 0.916959
vt 0.322698 0.937058
vt 0.314152 0.916959
vt 0.322903 0.917059
vt 0.322698 0.937058
vt 0.314152 0.916959
vt 0.314715 0.906975
vt 0.322903 0.917059
vt 0.314715 0.906975
vt 0.323005 0.907060
vt 0.322903 0.917059
vt 0.314715 0.906975
vt 0.323108 0.897060
vt 0.323005 0.907060
vt 0.315278 0.896991
vt 0.323108 0.897060
vt 0.314715 0.906975
vt 0.315278 0.896991
vt 0.323312 0.877061
vt 0.323108 0.897060
vt 0.316404 0.877022
vt 0.323312 0.877061
vt 0.315278 0.896991
vt 0.322698 0.937058
vt 0.322903 0.917059
vt 0.332530 0.936689
vt 0.322903 0.917059
vt 0.331697 0.916706
vt 0.332530 0.936689
vt 0.322903 0.917059
vt 0.323005 0.907060
vt 0.331697 0.916706
vt 0.323005 0.907060
vt 0.331280 0.906715
vt 0.331697 0.916706
vt 0.323005 0.907060
vt 0.330864 0.896723
vt 0.331280 0.906715
vt 0.323108 0.897060
vt 0.330864 0.896723
vt 0.323005 0.907060
vt 0.323108 0.897060
vt 0.330031 0.876741
vt 0.330864 0.896723
vt 0.323312 0.877061
vt 0.330031 0.876741
vt 0.323108 0.897060
vt 0.332530 0.936689
vt 0.331697 0.916706
vt 0.342516 0.935725
vt 0.331697 0.916706
vt 0.340489 0.915828
vt 0.342516 0.935725
vt 0.331697 0.916706
vt 0.331280 0.906715
vt 0.340489 0.915828
vt 0.331280 0.906715
vt 0.339475 0.905880
vt 0.340489 0.915828
vt 0.331280 0.906715
vt 0.338461 0.895931
vt 0.339475 0.905880
vt 0.330864 0.896723
vt 0.338461 0.895931
vt 0.331280 0.906715
vt 0.330864 0.896723
vt 0.336434 0.876034
vt 0.338461 0.895931
vt 0.330031 0.876741
vt 0.336434 0.876034
vt 0.330864 0.896723
vt 0.342516 0.935725
vt 0.340489 0.915828
vt 0.366738 0.932325
vt 0.340489 0.915828
vt 0.363940 0.912521
vt 0.366738 0.932325
vt 0.340489 0.915828
vt 0.339475 0.905880
vt 0.363940 0.912521
vt 0.339475 0.905880
vt 0.362540 0.902620
vt 0.363940 0.912521
vt 0.339475 0.905880
vt 0.361141 0.892718
vt 0.362540 0.902620
vt 0.338461 0.895931
vt 0.361141 0.892718
vt 0.339475 0.905880
vt 0.338461 0.895931
vt 0.358342 0.872915
vt 0.361141 0.892718
vt 0.336434 0.876034
vt 0.358342 0.872915
vt 0.338461 0.895931
vt 0.366738 0.932325
vt 0.363940 0.912521
vt 0.390069 0.928791
vt 0.363940 0.912521
vt 0.387073 0.909017
vt 0.390069 0.928791
vt 0.363940 0.912521
vt 0.362540 0.902620
vt 0.387073 0.909017
vt 0.362540 0.902620
vt 0.385575 0.899130
vt 0.387073 0.909017
vt 0.362540 0.902620
vt 0.384077 0.889243
vt 0.385575 0.899130
vt 0.361141 0.892718
vt 0.384077 0.889243
vt 0.362540 0.902620
vt 0.361141 0.892718
vt 0.381081 0.869468
vt 0.384077 0.889243
vt 0.358342 0.872915
vt 0.381081 0.869468
vt 0.361141 0.892718
vt 0.390069 0.928791
vt 0.387073 0.909017
vt 0.413243 0.925157
vt 0.387073 0.909017
vt 0.410144 0.905399
vt 0.413243 0.925157
vt 0.387073 0.909017
vt 0.385575 0.899130
vt 0.410144 0.905399
vt 0.385575 0.899130
vt 0.408595 0.895520
vt 0.410144 0.905399
vt 0.385575 0.899130
vt 0.407046 0.885640
vt 0.408595 0.895520
vt 0.384077 0.889243
vt 0.407046 0.885640
vt 0.385575 0.899130
vt 0.384077 0.889243
vt 0.403947 0.865882
vt 0.407046 0.885640
vt 0.381081 0.869468
vt 0.403947 0.865882
vt 0.384077 0.889243
vt 0.413243 0.925157
vt 0.410144 0.905399
vt 0.436284 0.921523
vt 0.410144 0.905399
vt 0.433168 0.901768
vt 0.436284 0.921523
vt 0.410144 0.905399
vt 0.408595 0.895520
vt 0.433168 0.901768
vt 0.408595 0.895520
vt 0.431610 0.891890
vt 0.433168 0.901768
vt 0.408595 0.895520
vt 0.430052 0.882012
vt 0.431610 0.891890
vt 0.407046 0.885640
vt 0.430052 0.882012
vt 0.408595 0.895520
vt 0.407046 0.885640
vt 0.426936 0.862256
vt 0.430052 0.882012
vt 0.403947 0.865882
vt 0.426936 0.862256
vt 0.407046 0.885640
vt 0.436284 0.921523
vt 0.433168 0.901768
vt 0.460100 0.917713
vt 0.433168 0.901768
vt 0.456940 0.897964
vt 0.460100 0.917713
vt 0.433168 0.901768
vt 0.431610 0.891890
vt 0.456940 0.897964
vt 0.431610 0.891890
vt 0.455360 0.888090
vt 0.456940 0.897964
vt 0.431610 0.891890
vt 0.453780 0.878215
vt 0.455360 0.888090
vt 0.430052 0.882012
vt 0.453780 0.878215
vt 0.431610 0.891890
vt 0.430052 0.882012
vt 0.450620 0.858467
vt 0.453780 0.878215
vt 0.426936 0.862256
vt 0.450620 0.858467
vt 0.430052 0.882012
vt 0.460100 0.917713
vt 0.456940 0.897964
vt 0.483921 0.913835
vt 0.456940 0.897964
vt 0.480707 0.894095
vt 0.483921 0.913835
vt 0.456940 0.897964
vt 0.455360 0.888090
vt 0.480707 0.894095
vt 0.455360 0.888090
vt 0.479100 0.884225
vt 0.480707 0.894095
vt 0.455360 0.888090
vt 0.477493 0.874355
vt 0.479100 0.884225
vt 0.453780 0.878215
vt 0.477493 0.874355
vt 0.455360 0.888090
vt 0.453780 0.878215
vt 0.474279 0.854615
vt 0.477493 0.874355
vt 0.450620 0.858467
vt 0.474279 0.854615
vt 0.453780 0.878215
vt 0.483921 0.913835
vt 0.480707 0.894095
vt 0.507584 0.910054
vt 0.480707 0.894095
vt 0.504428 0.890304
vt 0.507584 0.910054
vt 0.480707 0.894095
vt 0.479100 0.884225
vt 0.504428 0.890304
vt 0.479100 0.884225
vt 0.502850 0.880430
vt 0.504428 0.890304
vt 0.479100 0.884225
vt 0.501272 0.870555
vt 0.502850 0.880430
vt 0.477493 0.874355
vt 0.501272 0.870555
vt 0.479100 0.884225
vt 0.477493 0.874355
vt 0.498116 0.850806
vt 0.501272 0.870555
vt 0.474279 0.854615
vt 0.498116 0.850806
vt 0.477493 0.874355
vt 0.507584 0.910054
vt 0.504428 0.890304
vt 0.531108 0.906504
vt 0.504428 0.890304
vt 0.528123 0.886728
vt 0.531108 0.906504
vt 0.504428 0.890304
vt 0.502850 0.880430
vt 0.528123 0.886728
vt 0.502850 0.880430
vt 0.526630 0.876840
vt 0.528123 0.886728
vt 0.502850 0.880430
vt 0.525137 0.866952
vt 0.526630 0.876840
vt 0.501272 0.870555
vt 0.525137 0.866952
vt 0.502850 0.880430
vt 0.501272 0.870555
vt 0.522152 0.847176
vt 0.525137 0.866952
vt 0.498116 0.850806
vt 0.522152 0.847176
vt 0.501272 0.870555
vt 0.531108 0.906504
vt 0.528123 0.886728
vt 0.565159 0.900580
vt 0.528123 0.886728
vt 0.561726 0.880876
vt 0.565159 0.900580
vt 0.528123 0.886728
vt 0.526630 0.876840
vt 0.561726 0.880876
vt 0.526630 0.876840
vt 0.560010 0.871025
vt 0.561726 0.880876
vt 0.526630 0.876840
vt 0.558294 0.861173
vt 0.560010 0.871025
vt 0.525137 0.866952
vt 0.558294 0.861173
vt 0.526630 0.876840
vt 0.525137 0.866952
vt 0.554861 0.841470
vt 0.558294 0.861173
vt 0.522152 0.847176
vt 0.554861 0.841470
vt 0.525137 0.866952
vt 0.565159 0.900580
vt 0.561726 0.880876
vt 0.599753 0.892448
vt 0.561726 0.880876
vt 0.595148 0.872986
vt 0.599753 0.892448
vt 0.561726 0.880876
vt 0.560010 0.871025
vt 0.595148 0.872986
vt 0.560010 0.871025
vt 0.592845 0.863255
vt 0.595148 0.872986
vt 0.560010 0.871025
vt 0.590542 0.853523
vt 0.592845 0.863255
vt 0.558294 0.861173
vt 0.590542 0.853523
vt 0.560010 0.871025
vt 0.558294 0.861173
vt 0.585937 0.834061
vt 0.590542 0.853523
vt 0.554861 0.841470
vt 0.585937 0.834061
vt 0.558294 0.861173
vt 0.599753 0.892448
vt 0.595148 0.872986
vt 0.633849 0.882129
vt 0.595148 0.872986
vt 0.628023 0.862996
vt 0.633849 0.882129
vt 0.595148 0.872986
vt 0.592845 0.863255
vt 0.628023 0.862996
vt 0.592845 0.863255
vt 0.625110 0.853430
vt 0.628023 0.862996
vt 0.592845 0.863255
vt 0.622197 0.843863
vt 0.625110 0.853430
vt 0.590542 0.853523
vt 0.622197 0.843863
vt 0.592845 0.863255
vt 0.590542 0.853523
vt 0.616371 0.824731
vt 0.622197 0.843863
vt 0.585937 0.834061
vt 0.616371 0.824731
vt 0.590542 0.853523
vt 0.633849 0.882129
vt 0.628023 0.862996
vt 0.667394 0.869509
vt 0.628023 0.862996
vt 0.660318 0.850803
vt 0.667394 0.869509
vt 0.628023 0.862996
vt 0.625110 0.853430
vt 0.660318 0.850803
vt 0.625110 0.853430
vt 0.656780 0.841450
vt 0.660318 0.850803
vt 0.625110 0.853430
vt 0.653242 0.832097
vt 0.656780 0.841450
vt 0.622197 0.843863
vt 0.653242 0.832097
vt 0.625110 0.853430
vt 0.622197 0.843863
vt 0.646166 0.813390
vt 0.653242 0.832097
vt 0.616371 0.824731
vt 0.646166 0.813390
vt 0.622197 0.843863
vt 0.667394 0.869509
vt 0.660318 0.850803
vt 0.675526 0.866045
vt 0.660318 0.850803
vt 0.667625 0.847671
vt 0.675526 0.866045
vt 0.660318 0.850803
vt 0.656780 0.841450
vt 0.667625 0.847671
vt 0.656780 0.841450
vt 0.663675 0.838485
vt 0.667625 0.847671
vt 0.656780 0.841450
vt 0.659725 0.829298
vt 0.663675 0.838485
vt 0.653242 0.832097
vt 0.659725 0.829298
vt 0.656780 0.841450
vt 0.653242 0.832097
vt 0.651824 0.810925
vt 0.659725 0.829298
vt 0.646166 0.813390
vt 0.651824 0.810925
vt 0.653242 0.832097
vt 0.675526 0.866045
vt 0.667625 0.847671
vt 0.683293 0.862398
vt 0.667625 0.847671
vt 0.674754 0.844313
vt 0.683293 0.862398
vt 0.667625 0.847671
vt 0.663675 0.838485
vt 0.674754 0.844313
vt 0.663675 0.838485
vt 0.670485 0.835270
vt 0.674754 0.844313
vt 0.663675 0.838485
vt 0.666216 0.826227
vt 0.670485 0.835270
vt 0.659725 0.829298
vt 0.666216 0.826227
vt 0.663675 0.838485
vt 0.659725 0.829298
vt 0.657678 0.808141
vt 0.666216 0.826227
vt 0.651824 0.810925
vt 0.657678 0.808141
vt 0.659725 0.829298
vt 0.683293 0.862398
vt 0.674754 0.844313
vt 0.691358 0.858087
vt 0.674754 0.844313
vt 0.681843 0.840495
vt 0.691358 0.858087
vt 0.674754 0.844313
vt 0.670485 0.835270
vt 0.681843 0.840495
vt 0.670485 0.835270
vt 0.677085 0.831700
vt 0.681843 0.840495
vt 0.670485 0.835270
vt 0.672327 0.822904
vt 0.677085 0.831700
vt 0.666216 0.826227
vt 0.672327 0.822904
vt 0.670485 0.835270
vt 0.666216 0.826227
vt 0.662812 0.805313
vt 0.672327 0.822904
vt 0.657678 0.808141
vt 0.662812 0.805313
vt 0.666216 0.826227
vt 0.691358 0.858087
vt 0.681843 0.840495
vt 0.699607 0.852869
vt 0.681843 0.840495
vt 0.688759 0.836066
vt 0.699607 0.852869
vt 0.681843 0.840495
vt 0.677085 0.831700
vt 0.688759 0.836066
vt 0.677085 0.831700
vt 0.683335 0.827665
vt 0.688759 0.836066
vt 0.677085 0.831700
vt 0.677911 0.819263
vt 0.683335 0.827665
vt 0.672327 0.822904
vt 0.677911 0.819263
vt 0.677085 0.831700
vt 0.672327 0.822904
vt 0.667064 0.802461
vt 0.677911 0.819263
vt 0.662812 0.805313
vt 0.667064 0.802461
vt 0.672327 0.822904
vt 0.699607 0.852869
vt 0.688759 0.836066
vt 0.720270 0.834369
vt 0.688759 0.836066
vt 0.706690 0.819686
vt 0.720270 0.834369
vt 0.688759 0.836066
vt 0.683335 0.827665
vt 0.706690 0.819686
vt 0.683335 0.827665
vt 0.699900 0.812345
vt 0.706690 0.819686
vt 0.683335 0.827665
vt 0.693110 0.805003
vt 0.699900 0.812345
vt 0.677911 0.819263
vt 0.693110 0.805003
vt 0.683335 0.827665
vt 0.677911 0.819263
vt 0.679531 0.790320
vt 0.693110 0.805003
vt 0.667064 0.802461
vt 0.679531 0.790320
vt 0.677911 0.819263
vt 0.720270 0.834369
vt 0.706690 0.819686
vt 0.736400 0.809886
vt 0.706690 0.819686
vt 0.719267 0.799568
vt 0.736400 0.809886
vt 0.706690 0.819686
vt 0.699900 0.812345
vt 0.719267 0.799568
vt 0.699900 0.812345
vt 0.710700 0.794410
vt 0.719267 0.799568
vt 0.699900 0.812345
vt 0.702133 0.789251
vt 0.710700 0.794410
vt 0.693110 0.805003
vt 0.702133 0.789251
vt 0.699900 0.812345
vt 0.693110 0.805003
vt 0.685000 0.778934
vt 0.702133 0.789251
vt 0.679531 0.790320
vt 0.685000 0.778934
vt 0.693110 0.805003
vt 0.736400 0.809886
vt 0.719267 0.799568
vt 0.745033 0.781661
vt 0.719267 0.799568
vt 0.725681 0.776610
vt 0.745033 0.781661
vt 0.719267 0.799568
vt 0.710700 0.794410
vt 0.725681 0.776610
vt 0.710700 0.794410
vt 0.716005 0.774085
vt 0.725681 0.776610
vt 0.710700 0.794410
vt 0.706329 0.771559
vt 0.716005 0.774085
vt 0.702133 0.789251
vt 0.706329 0.771559
vt 0.710700 0.794410
vt 0.702133 0.789251
vt 0.686978 0.766508
vt 0.706329 0.771559
vt 0.685000 0.778934
vt 0.686978 0.766508
vt 0.702133 0.789251
vt 0.745033 0.781661
vt 0.725681 0.776610
vt 0.746080 0.751705
vt 0.725681 0.776610
vt 0.726080 0.751638
vt 0.746080 0.751705
vt 0.725681 0.776610
vt 0.716005 0.774085
vt 0.726080 0.751638
vt 0.716005 0.774085
vt 0.716080 0.751605
vt 0.726080 0.751638
vt 0.716005 0.774085
vt 0.706080 0.751571
vt 0.716080 0.751605
vt 0.706329 0.771559
vt 0.706080 0.751571
vt 0.716005 0.774085
vt 0.706329 0.771559
vt 0.686080 0.751505
vt 0.706080 0.751571
vt 0.686978 0.766508
vt 0.686080 0.751505
vt 0.706329 0.771559
vt 0.746080 0.751705
vt 0.726080 0.751638
vt 0.743615 0.734123
vt 0.726080 0.751638
vt 0.723879 0.737357
vt 0.743615 0.734123
vt 0.726080 0.751638
vt 0.716080 0.751605
vt 0.723879 0.737357
vt 0.716080 0.751605
vt 0.714010 0.738975
vt 0.723879 0.737357
vt 0.716080 0.751605
vt 0.704142 0.740592
vt 0.714010 0.738975
vt 0.706080 0.751571
vt 0.704142 0.740592
vt 0.716080 0.751605
vt 0.706080 0.751571
vt 0.684405 0.743827
vt 0.704142 0.740592
vt 0.686080 0.751505
vt 0.684405 0.743827
vt 0.706080 0.751571
vt 0.743615 0.734123
vt 0.723879 0.737357
vt 0.739594 0.718790
vt 0.723879 0.737357
vt 0.720301 0.724063
vt 0.739594 0.718790
vt 0.723879 0.737357
vt 0.714010 0.738975
vt 0.720301 0.724063
vt 0.714010 0.738975
vt 0.710655 0.726700
vt 0.720301 0.724063
vt 0.714010 0.738975
vt 0.701009 0.729336
vt 0.710655 0.726700
vt 0.704142 0.740592
vt 0.701009 0.729336
vt 0.714010 0.738975
vt 0.704142 0.740592
vt 0.681717 0.734609
vt 0.701009 0.729336
vt 0.684405 0.743827
vt 0.681717 0.734609
vt 0.704142 0.740592
vt 0.739594 0.718790
vt 0.720301 0.724063
vt 0.734435 0.704396
vt 0.720301 0.724063
vt 0.715655 0.711275
vt 0.734435 0.704396
vt 0.720301 0.724063
vt 0.710655 0.726700
vt 0.715655 0.711275
vt 0.710655 0.726700
vt 0.706265 0.714715
vt 0.715655 0.711275
vt 0.710655 0.726700
vt 0.696875 0.718154
vt 0.706265 0.714715
vt 0.701009 0.729336
vt 0.696875 0.718154
vt 0.710655 0.726700
vt 0.701009 0.729336
vt 0.678096 0.725033
vt 0.696875 0.718154
vt 0.681717 0.734609
vt 0.678096 0.725033
vt 0.701009 0.729336
vt 0.734435 0.704396
vt 0.715655 0.711275
vt 0.728557 0.690882
vt 0.715655 0.711275
vt 0.710249 0.698934
vt 0.728557 0.690882
vt 0.715655 0.711275
vt 0.706265 0.714715
vt 0.710249 0.698934
vt 0.706265 0.714715
vt 0.701095 0.702960
vt 0.710249 0.698934
vt 0.706265 0.714715
vt 0.691941 0.706986
vt 0.701095 0.702960
vt 0.696875 0.718154
vt 0.691941 0.706986
vt 0.706265 0.714715
vt 0.696875 0.718154
vt 0.673634 0.715038
vt 0.691941 0.706986
vt 0.678096 0.725033
vt 0.673634 0.715038
vt 0.696875 0.718154
vt 0.728557 0.690882
vt 0.710249 0.698934
vt 0.724897 0.682921
vt 0.710249 0.698934
vt 0.706729 0.691283
vt 0.724897 0.682921
vt 0.710249 0.698934
vt 0.701095 0.702960
vt 0.706729 0.691283
vt 0.701095 0.702960
vt 0.697645 0.695465
vt 0.706729 0.691283
vt 0.701095 0.702960
vt 0.688561 0.699646
vt 0.697645 0.695465
vt 0.691941 0.706986
vt 0.688561 0.699646
vt 0.701095 0.702960
vt 0.691941 0.706986
vt 0.670394 0.708009
vt 0.688561 0.699646
vt 0.673634 0.715038
vt 0.670394 0.708009
vt 0.691941 0.706986
vt 0.724897 0.682921
vt 0.706729 0.691283
vt 0.721820 0.675874
vt 0.706729 0.691283
vt 0.703497 0.683891
vt 0.721820 0.675874
vt 0.706729 0.691283
vt 0.697645 0.695465
vt 0.703497 0.683891
vt 0.697645 0.695465
vt 0.694335 0.687900
vt 0.703497 0.683891
vt 0.697645 0.695465
vt 0.685174 0.691908
vt 0.694335 0.687900
vt 0.688561 0.699646
vt 0.685174 0.691908
vt 0.697645 0.695465
vt 0.688561 0.699646
vt 0.666851 0.699925
vt 0.685174 0.691908
vt 0.670394 0.708009
vt 0.666851 0.699925
vt 0.688561 0.699646
vt 0.721820 0.675874
vt 0.703497 0.683891
vt 0.719062 0.669014
vt 0.703497 0.683891
vt 0.700517 0.676504
vt 0.719062 0.669014
vt 0.703497 0.683891
vt 0.694335 0.687900
vt 0.700517 0.676504
vt 0.694335 0.687900
vt 0.691245 0.680250
vt 0.700517 0.676504
vt 0.694335 0.687900
vt 0.681973 0.683995
vt 0.691245 0.680250
vt 0.685174 0.691908
vt 0.681973 0.683995
vt 0.694335 0.687900
vt 0.685174 0.691908
vt 0.663429 0.691485
vt 0.681973 0.683995
vt 0.666851 0.699925
vt 0.663429 0.691485
vt 0.685174 0.691908
vt 0.719062 0.669014
vt 0.700517 0.676504
vt 0.716647 0.662289
vt 0.700517 0.676504
vt 0.697843 0.669099
vt 0.716647 0.662289
vt 0.700517 0.676504
vt 0.691245 0.680250
vt 0.697843 0.669099
vt 0.691245 0.680250
vt 0.688440 0.672505
vt 0.697843 0.669099
vt 0.691245 0.680250
vt 0.679038 0.675910
vt 0.688440 0.672505
vt 0.681973 0.683995
vt 0.679038 0.675910
vt 0.691245 0.680250
vt 0.681973 0.683995
vt 0.660233 0.682721
vt 0.679038 0.675910
vt 0.663429 0.691485
vt 0.660233 0.682721
vt 0.681973 0.683995
vt 0.716647 0.662289
vt 0.697843 0.669099
vt 0.712909 0.644881
vt 0.697843 0.669099
vt 0.693410 0.649330
vt 0.712909 0.644881
vt 0.697843 0.669099
vt 0.688440 0.672505
vt 0.693410 0.649330
vt 0.688440 0.672505
vt 0.683660 0.651555
vt 0.693410 0.649330
vt 0.688440 0.672505
vt 0.673911 0.653779
vt 0.683660 0.651555
vt 0.679038 0.675910
vt 0.673911 0.653779
vt 0.688440 0.672505
vt 0.679038 0.675910
vt 0.654412 0.658228
vt 0.673911 0.653779
vt 0.660233 0.682721
vt 0.654412 0.658228
vt 0.679038 0.675910
vt 0.712909 0.644881
vt 0.693410 0.649330
vt 0.713408 0.630561
vt 0.693410 0.649330
vt 0.693409 0.630804
vt 0.713408 0.630561
vt 0.693410 0.649330
vt 0.683660 0.651555
vt 0.693409 0.630804
vt 0.683660 0.651555
vt 0.683410 0.630925
vt 0.693409 0.630804
vt 0.683660 0.651555
vt 0.673411 0.631046
vt 0.683410 0.630925
vt 0.673911 0.653779
vt 0.673411 0.631046
vt 0.683660 0.651555
vt 0.673911 0.653779
vt 0.653412 0.631288
vt 0.673411 0.631046
vt 0.654412 0.658228
vt 0.653412 0.631288
vt 0.673911 0.653779
vt 0.713408 0.630561
vt 0.693409 0.630804
vt 0.716859 0.616530
vt 0.693409 0.630804
vt 0.697243 0.612630
vt 0.716859 0.616530
vt 0.693409 0.630804
vt 0.683410 0.630925
vt 0.697243 0.612630
vt 0.683410 0.630925
vt 0.687435 0.610680
vt 0.697243 0.612630
vt 0.683410 0.630925
vt 0.677627 0.608730
vt 0.687435 0.610680
vt 0.673411 0.631046
vt 0.677627 0.608730
vt 0.683410 0.630925
vt 0.673411 0.631046
vt 0.658011 0.604830
vt 0.677627 0.608730
vt 0.653412 0.631288
vt 0.658011 0.604830
vt 0.673411 0.631046
vt 0.716859 0.616530
vt 0.697243 0.612630
vt 0.723278 0.602192
vt 0.697243 0.612630
vt 0.704753 0.594654
vt 0.723278 0.602192
vt 0.697243 0.612630
vt 0.687435 0.610680
vt 0.704753 0.594654
vt 0.687435 0.610680
vt 0.695490 0.590885
vt 0.704753 0.594654
vt 0.687435 0.610680
vt 0.686228 0.587116
vt 0.695490 0.590885
vt 0.677627 0.608730
vt 0.686228 0.587116
vt 0.687435 0.610680
vt 0.677627 0.608730
vt 0.667703 0.579577
vt 0.686228 0.587116
vt 0.658011 0.604830
vt 0.667703 0.579577
vt 0.677627 0.608730
vt 0.723278 0.602192
vt 0.704753 0.594654
vt 0.726457 0.596867
vt 0.704753 0.594654
vt 0.708949 0.587199
vt 0.726457 0.596867
vt 0.704753 0.594654
vt 0.695490 0.590885
vt 0.708949 0.587199
vt 0.695490 0.590885
vt 0.700195 0.582365
vt 0.708949 0.587199
vt 0.695490 0.590885
vt 0.691441 0.577531
vt 0.700195 0.582365
vt 0.686228 0.587116
vt 0.691441 0.577531
vt 0.695490 0.590885
vt 0.686228 0.587116
vt 0.673934 0.567862
vt 0.691441 0.577531
vt 0.667703 0.579577
vt 0.673934 0.567862
vt 0.686228 0.587116
vt 0.726457 0.596867
vt 0.708949 0.587199
vt 0.730823 0.589939
vt 0.708949 0.587199
vt 0.713848 0.579363
vt 0.730823 0.589939
vt 0.708949 0.587199
vt 0.700195 0.582365
vt 0.713848 0.579363
vt 0.700195 0.582365
vt 0.705360 0.574075
vt 0.713848 0.579363
vt 0.700195 0.582365
vt 0.696873 0.568787
vt 0.705360 0.574075
vt 0.691441 0.577531
vt 0.696873 0.568787
vt 0.700195 0.582365
vt 0.691441 0.577531
vt 0.679898 0.558211
vt 0.696873 0.568787
vt 0.673934 0.567862
vt 0.679898 0.558211
vt 0.691441 0.577531
vt 0.730823 0.589939
vt 0.713848 0.579363
vt 0.735722 0.582672
vt 0.713848 0.579363
vt 0.719118 0.571524
vt 0.735722 0.582672
vt 0.713848 0.579363
vt 0.705360 0.574075
vt 0.719118 0.571524
vt 0.705360 0.574075
vt 0.710815 0.565950
vt 0.719118 0.571524
vt 0.705360 0.574075
vt 0.702513 0.560376
vt 0.710815 0.565950
vt 0.696873 0.568787
vt 0.702513 0.560376
vt 0.705360 0.574075
vt 0.696873 0.568787
vt 0.685908 0.549227
vt 0.702513 0.560376
vt 0.679898 0.558211
vt 0.685908 0.549227
vt 0.696873 0.568787
vt 0.735722 0.582672
vt 0.719118 0.571524
vt 0.741026 0.575051
vt 0.719118 0.571524
vt 0.724606 0.563634
vt 0.741026 0.575051
vt 0.719118 0.571524
vt 0.710815 0.565950
vt 0.724606 0.563634
vt 0.710815 0.565950
vt 0.716395 0.557925
vt 0.724606 0.563634
vt 0.710815 0.565950
vt 0.708185 0.552216
vt 0.716395 0.557925
vt 0.702513 0.560376
vt 0.708185 0.552216
vt 0.710815 0.565950
vt 0.702513 0.560376
vt 0.691764 0.540798
vt 0.708185 0.552216
vt 0.685908 0.549227
vt 0.691764 0.540798
vt 0.702513 0.560376
vt 0.741026 0.575051
vt 0.724606 0.563634
vt 0.748662 0.564417
vt 0.724606 0.563634
vt 0.732414 0.552756
vt 0.748662 0.564417
vt 0.724606 0.563634
vt 0.716395 0.557925
vt 0.732414 0.552756
vt 0.716395 0.557925
vt 0.724290 0.546925
vt 0.732414 0.552756
vt 0.716395 0.557925
vt 0.716166 0.541094
vt 0.724290 0.546925
vt 0.708185 0.552216
vt 0.716166 0.541094
vt 0.716395 0.557925
vt 0.708185 0.552216
vt 0.699918 0.529432
vt 0.716166 0.541094
vt 0.691764 0.540798
vt 0.699918 0.529432
vt 0.708185 0.552216
vt 0.748662 0.564417
vt 0.732414 0.552756
vt 0.756460 0.553885
vt 0.732414 0.552756
vt 0.740384 0.541988
vt 0.756460 0.553885
vt 0.732414 0.552756
vt 0.724290 0.546925
vt 0.740384 0.541988
vt 0.724290 0.546925
vt 0.732345 0.536040
vt 0.740384 0.541988
vt 0.724290 0.546925
vt 0.724307 0.530091
vt 0.732345 0.536040
vt 0.716166 0.541094
vt 0.724307 0.530091
vt 0.724290 0.546925
vt 0.716166 0.541094
vt 0.708230 0.518194
vt 0.724307 0.530091
vt 0.699918 0.529432
vt 0.708230 0.518194
vt 0.716166 0.541094
vt 0.756460 0.553885
vt 0.740384 0.541988
vt 0.764524 0.542965
vt 0.740384 0.541988
vt 0.748435 0.531085
vt 0.764524 0.542965
vt 0.740384 0.541988
vt 0.732345 0.536040
vt 0.748435 0.531085
vt 0.732345 0.536040
vt 0.740390 0.525145
vt 0.748435 0.531085
vt 0.732345 0.536040
vt 0.732346 0.519204
vt 0.740390 0.525145
vt 0.724307 0.530091
vt 0.732346 0.519204
vt 0.732345 0.536040
vt 0.724307 0.530091
vt 0.716257 0.507324
vt 0.732346 0.519204
vt 0.708230 0.518194
vt 0.716257 0.507324
vt 0.724307 0.530091
vt 0.764524 0.542965
vt 0.748435 0.531085
vt 0.772678 0.531527
vt 0.748435 0.531085
vt 0.756390 0.519922
vt 0.772678 0.531527
vt 0.748435 0.531085
vt 0.740390 0.525145
vt 0.756390 0.519922
vt 0.740390 0.525145
vt 0.748245 0.514120
vt 0.756390 0.519922
vt 0.740390 0.525145
vt 0.740101 0.508317
vt 0.748245 0.514120
vt 0.732346 0.519204
vt 0.740101 0.508317
vt 0.740390 0.525145
vt 0.732346 0.519204
vt 0.723812 0.496712
vt 0.740101 0.508317
vt 0.716257 0.507324
vt 0.723812 0.496712
vt 0.732346 0.519204
vt 0.772678 0.531527
vt 0.756390 0.519922
vt 0.777730 0.524069
vt 0.756390 0.519922
vt 0.761160 0.512870
vt 0.777730 0.524069
vt 0.756390 0.519922
vt 0.748245 0.514120
vt 0.761160 0.512870
vt 0.748245 0.514120
vt 0.752875 0.507270
vt 0.761160 0.512870
vt 0.748245 0.514120
vt 0.744590 0.501670
vt 0.752875 0.507270
vt 0.740101 0.508317
vt 0.744590 0.501670
vt 0.748245 0.514120
vt 0.740101 0.508317
vt 0.728020 0.490470
vt 0.744590 0.501670
vt 0.723812 0.496712
vt 0.728020 0.490470
vt 0.740101 0.508317
vt 0.777730 0.524069
vt 0.761160 0.512870
vt 0.782652 0.516326
vt 0.761160 0.512870
vt 0.765758 0.505622
vt 0.782652 0.516326
vt 0.761160 0.512870
vt 0.752875 0.507270
vt 0.765758 0.505622
vt 0.752875 0.507270
vt 0.757310 0.500270
vt 0.765758 0.505622
vt 0.752875 0.507270
vt 0.748863 0.494918
vt 0.757310 0.500270
vt 0.744590 0.501670
vt 0.748863 0.494918
vt 0.752875 0.507270
vt 0.744590 0.501670
vt 0.731968 0.484214
vt 0.748863 0.494918
vt 0.728020 0.490470
vt 0.731968 0.484214
vt 0.744590 0.501670
vt 0.782652 0.516326
vt 0.765758 0.505622
vt 0.787446 0.508033
vt 0.765758 0.505622
vt 0.770102 0.498074
vt 0.787446 0.508033
vt 0.765758 0.505622
vt 0.757310 0.500270
vt 0.770102 0.498074
vt 0.757310 0.500270
vt 0.761430 0.493095
vt 0.770102 0.498074
vt 0.757310 0.500270
vt 0.752758 0.488115
vt 0.761430 0.493095
vt 0.748863 0.494918
vt 0.752758 0.488115
vt 0.757310 0.500270
vt 0.748863 0.494918
vt 0.735414 0.478156
vt 0.752758 0.488115
vt 0.731968 0.484214
vt 0.735414 0.478156
vt 0.748863 0.494918
vt 0.787446 0.508033
vt 0.770102 0.498074
vt 0.791944 0.499153
vt 0.770102 0.498074
vt 0.774058 0.490204
vt 0.791944 0.499153
vt 0.770102 0.498074
vt 0.761430 0.493095
vt 0.774058 0.490204
vt 0.761430 0.493095
vt 0.765115 0.485730
vt 0.774058 0.490204
vt 0.761430 0.493095
vt 0.756172 0.481255
vt 0.765115 0.485730
vt 0.752758 0.488115
vt 0.756172 0.481255
vt 0.761430 0.493095
vt 0.752758 0.488115
vt 0.738286 0.472306
vt 0.756172 0.481255
vt 0.735414 0.478156
vt 0.738286 0.472306
vt 0.752758 0.488115
vt 0.791944 0.499153
vt 0.774058 0.490204
vt 0.800174 0.475642
vt 0.774058 0.490204
vt 0.781221 0.469254
vt 0.800174 0.475642
vt 0.774058 0.490204
vt 0.765115 0.485730
vt 0.781221 0.469254
vt 0.765115 0.485730
vt 0.771745 0.466060
vt 0.781221 0.469254
vt 0.765115 0.485730
vt 0.762269 0.462866
vt 0.771745 0.466060
vt 0.756172 0.481255
vt 0.762269 0.462866
vt 0.765115 0.485730
vt 0.756172 0.481255
vt 0.743317 0.456478
vt 0.762269 0.462866
vt 0.738286 0.472306
vt 0.743317 0.456478
vt 0.756172 0.481255
vt 0.800174 0.475642
vt 0.781221 0.469254
vt 0.803446 0.449220
vt 0.781221 0.469254
vt 0.783532 0.447363
vt 0.803446 0.449220
vt 0.781221 0.469254
vt 0.771745 0.466060
vt 0.783532 0.447363
vt 0.771745 0.466060
vt 0.773575 0.446435
vt 0.783532 0.447363
vt 0.771745 0.466060
vt 0.763618 0.445506
vt 0.773575 0.446435
vt 0.762269 0.462866
vt 0.763618 0.445506
vt 0.771745 0.466060
vt 0.762269 0.462866
vt 0.743705 0.443649
vt 0.763618 0.445506
vt 0.743317 0.456478
vt 0.743705 0.443649
vt 0.762269 0.462866
vt 0.803446 0.449220
vt 0.783532 0.447363
vt 0.800288 0.422428
vt 0.783532 0.447363
vt 0.780513 0.425416
vt 0.800288 0.422428
vt 0.783532 0.447363
vt 0.773575 0.446435
vt 0.780513 0.425416
vt 0.773575 0.446435
vt 0.770625 0.426910
vt 0.780513 0.425416
vt 0.773575 0.446435
vt 0.760737 0.428404
vt 0.770625 0.426910
vt 0.763618 0.445506
vt 0.760737 0.428404
vt 0.773575 0.446435
vt 0.763618 0.445506
vt 0.740962 0.431391
vt 0.760737 0.428404
vt 0.743705 0.443649
vt 0.740962 0.431391
vt 0.763618 0.445506
vt 0.800288 0.422428
vt 0.780513 0.425416
vt 0.790790 0.396440
vt 0.780513 0.425416
vt 0.772207 0.403833
vt 0.790790 0.396440
vt 0.780513 0.425416
vt 0.770625 0.426910
vt 0.772207 0.403833
vt 0.770625 0.426910
vt 0.762915 0.407530
vt 0.772207 0.403833
vt 0.770625 0.426910
vt 0.753623 0.411226
vt 0.762915 0.407530
vt 0.760737 0.428404
vt 0.753623 0.411226
vt 0.770625 0.426910
vt 0.760737 0.428404
vt 0.735040 0.418619
vt 0.753623 0.411226
vt 0.740962 0.431391
vt 0.735040 0.418619
vt 0.760737 0.428404
vt 0.790790 0.396440
vt 0.772207 0.403833
vt 0.782671 0.381569
vt 0.772207 0.403833
vt 0.765280 0.391446
vt 0.782671 0.381569
vt 0.772207 0.403833
vt 0.762915 0.407530
vt 0.765280 0.391446
vt 0.762915 0.407530
vt 0.756585 0.396385
vt 0.765280 0.391446
vt 0.762915 0.407530
vt 0.747890 0.401323
vt 0.756585 0.396385
vt 0.753623 0.411226
vt 0.747890 0.401323
vt 0.762915 0.407530
vt 0.753623 0.411226
vt 0.730499 0.411201
vt 0.747890 0.401323
vt 0.735040 0.418619
vt 0.730499 0.411201
vt 0.753623 0.411226
vt 0.782671 0.381569
vt 0.765280 0.391446
vt 0.774693 0.369268
vt 0.765280 0.391446
vt 0.757958 0.380219
vt 0.774693 0.369268
vt 0.765280 0.391446
vt 0.756585 0.396385
vt 0.757958 0.380219
vt 0.756585 0.396385
vt 0.749590 0.385695
vt 0.757958 0.380219
vt 0.756585 0.396385
vt 0.741222 0.391170
vt 0.749590 0.385695
vt 0.747890 0.401323
vt 0.741222 0.391170
vt 0.756585 0.396385
vt 0.747890 0.401323
vt 0.724487 0.402121
vt 0.741222 0.391170
vt 0.730499 0.411201
vt 0.724487 0.402121
vt 0.747890 0.401323
vt 0.774693 0.369268
vt 0.757958 0.380219
vt 0.766251 0.357667
vt 0.757958 0.380219
vt 0.750114 0.369482
vt 0.766251 0.357667
vt 0.757958 0.380219
vt 0.749590 0.385695
vt 0.750114 0.369482
vt 0.749590 0.385695
vt 0.742045 0.375390
vt 0.750114 0.369482
vt 0.749590 0.385695
vt 0.733977 0.381297
vt 0.742045 0.375390
vt 0.741222 0.391170
vt 0.733977 0.381297
vt 0.749590 0.385695
vt 0.741222 0.391170
vt 0.717839 0.393112
vt 0.733977 0.381297
vt 0.724487 0.402121
vt 0.717839 0.393112
vt 0.741222 0.391170
vt 0.766251 0.357667
vt 0.750114 0.369482
vt 0.757509 0.346677
vt 0.750114 0.369482
vt 0.741880 0.359155
vt 0.757509 0.346677
vt 0.750114 0.369482
vt 0.742045 0.375390
vt 0.741880 0.359155
vt 0.742045 0.375390
vt 0.734065 0.365395
vt 0.741880 0.359155
vt 0.742045 0.375390
vt 0.726250 0.371634
vt 0.734065 0.365395
vt 0.733977 0.381297
vt 0.726250 0.371634
vt 0.742045 0.375390
vt 0.733977 0.381297
vt 0.710621 0.384113
vt 0.726250 0.371634
vt 0.717839 0.393112
vt 0.710621 0.384113
vt 0.733977 0.381297
vt 0.757509 0.346677
vt 0.741880 0.359155
vt 0.749313 0.336893
vt 0.741880 0.359155
vt 0.733991 0.349748
vt 0.749313 0.336893
vt 0.741880 0.359155
vt 0.734065 0.365395
vt 0.733991 0.349748
vt 0.734065 0.365395
vt 0.726330 0.356175
vt 0.733991 0.349748
vt 0.734065 0.365395
vt 0.718669 0.362602
vt 0.726330 0.356175
vt 0.726250 0.371634
vt 0.718669 0.362602
vt 0.734065 0.365395
vt 0.726250 0.371634
vt 0.703347 0.375456
vt 0.718669 0.362602
vt 0.710621 0.384113
vt 0.703347 0.375456
vt 0.726250 0.371634
vt 0.749313 0.336893
vt 0.733991 0.349748
vt 0.741256 0.327502
vt 0.733991 0.349748
vt 0.726079 0.340527
vt 0.741256 0.327502
vt 0.733991 0.349748
vt 0.726330 0.356175
vt 0.726079 0.340527
vt 0.726330 0.356175
vt 0.718490 0.347040
vt 0.726079 0.340527
vt 0.726330 0.356175
vt 0.710902 0.353552
vt 0.718490 0.347040
vt 0.718669 0.362602
vt 0.710902 0.353552
vt 0.726330 0.356175
vt 0.718669 0.362602
vt 0.695725 0.366578
vt 0.710902 0.353552
vt 0.703347 0.375456
vt 0.695725 0.366578
vt 0.718669 0.362602
vt 0.741256 0.327502
vt 0.726079 0.340527
vt 0.733195 0.318253
vt 0.726079 0.340527
vt 0.718118 0.331394
vt 0.733195 0.318253
vt 0.726079 0.340527
vt 0.718490 0.347040
vt 0.718118 0.331394
vt 0.718490 0.347040
vt 0.710580 0.337965
vt 0.718118 0.331394
vt 0.718490 0.347040
vt 0.703042 0.344535
vt 0.710580 0.337965
vt 0.710902 0.353552
vt 0.703042 0.344535
vt 0.718490 0.347040
vt 0.710902 0.353552
vt 0.687965 0.357677
vt 0.703042 0.344535
vt 0.695725 0.366578
vt 0.687965 0.357677
vt 0.710902 0.353552
vt 0.733195 0.318253
vt 0.718118 0.331394
vt 0.725175 0.309121
vt 0.718118 0.331394
vt 0.710148 0.322320
vt 0.725175 0.309121
vt 0.718118 0.331394
vt 0.710580 0.337965
vt 0.710148 0.322320
vt 0.710580 0.337965
vt 0.702635 0.328920
vt 0.710148 0.322320
vt 0.710580 0.337965
vt 0.695122 0.335519
vt 0.702635 0.328920
vt 0.703042 0.344535
vt 0.695122 0.335519
vt 0.710580 0.337965
vt 0.703042 0.344535
vt 0.680096 0.348718
vt 0.695122 0.335519
vt 0.687965 0.357677
vt 0.680096 0.348718
vt 0.703042 0.344535
vt 0.725175 0.309121
vt 0.710148 0.322320
vt 0.688291 0.267317
vt 0.710148 0.322320
vt 0.673294 0.280549
vt 0.688291 0.267317
vt 0.710148 0.322320
vt 0.702635 0.328920
vt 0.673294 0.280549
vt 0.702635 0.328920
vt 0.665795 0.287165
vt 0.673294 0.280549
vt 0.702635 0.328920
vt 0.658296 0.293781
vt 0.665795 0.287165
vt 0.695122 0.335519
vt 0.658296 0.293781
vt 0.702635 0.328920
vt 0.695122 0.335519
vt 0.643299 0.307013
vt 0.658296 0.293781
vt 0.680096 0.348718
vt 0.643299 0.307013
vt 0.695122 0.335519
vt 0.688291 0.267317
vt 0.673294 0.280549
vt 0.651406 0.225575
vt 0.673294 0.280549
vt 0.636419 0.238818
vt 0.651406 0.225575
vt 0.673294 0.280549
vt 0.665795 0.287165
vt 0.636419 0.238818
vt 0.665795 0.287165
vt 0.628925 0.245440
vt 0.636419 0.238818
vt 0.665795 0.287165
vt 0.621432 0.252061
vt 0.628925 0.245440
vt 0.658296 0.293781
vt 0.621432 0.252061
vt 0.665795 0.287165
vt 0.658296 0.293781
vt 0.606444 0.265305
vt 0.621432 0.252061
vt 0.643299 0.307013
vt 0.606444 0.265305
vt 0.658296 0.293781
vt 0.651406 0.225575
vt 0.636419 0.238818
vt 0.614640 0.183823
vt 0.636419 0.238818
vt 0.599630 0.197041
vt 0.614640 0.183823
vt 0.636419 0.238818
vt 0.628925 0.245440
vt 0.599630 0.197041
vt 0.628925 0.245440
vt 0.592125 0.203650
vt 0.599630 0.197041
vt 0.628925 0.245440
vt 0.584620 0.210258
vt 0.592125 0.203650
vt 0.621432 0.252061
vt 0.584620 0.210258
vt 0.628925 0.245440
vt 0.621432 0.252061
vt 0.569610 0.223476
vt 0.584620 0.210258
vt 0.606444 0.265305
vt 0.569610 0.223476
vt 0.621432 0.252061
vt 0.614640 0.183823
vt 0.599630 0.197041
vt 0.578104 0.141975
vt 0.599630 0.197041
vt 0.563038 0.155128
vt 0.578104 0.141975
vt 0.599630 0.197041
vt 0.592125 0.203650
vt 0.563038 0.155128
vt 0.592125 0.203650
vt 0.555505 0.161705
vt 0.563038 0.155128
vt 0.592125 0.203650
vt 0.547972 0.168281
vt 0.555505 0.161705
vt 0.584620 0.210258
vt 0.547972 0.168281
vt 0.592125 0.203650
vt 0.584620 0.210258
vt 0.532906 0.181435
vt 0.547972 0.168281
vt 0.569610 0.223476
vt 0.532906 0.181435
vt 0.584620 0.210258
vt 0.578104 0.141975
vt 0.563038 0.155128
vt 0.553426 0.117270
vt 0.563038 0.155128
vt 0.539306 0.131433
vt 0.553426 0.117270
vt 0.563038 0.155128
vt 0.555505 0.161705
vt 0.539306 0.131433
vt 0.555505 0.161705
vt 0.532245 0.138515
vt 0.539306 0.131433
vt 0.555505 0.161705
vt 0.525185 0.145596
vt 0.532245 0.138515
vt 0.547972 0.168281
vt 0.525185 0.145596
vt 0.555505 0.161705
vt 0.547972 0.168281
vt 0.511064 0.159760
vt 0.525185 0.145596
vt 0.532906 0.181435
vt 0.511064 0.159760
vt 0.547972 0.168281
vt 0.553426 0.117270
vt 0.539306 0.131433
vt 0.523962 0.095539
vt 0.539306 0.131433
vt 0.512258 0.111756
vt 0.523962 0.095539
vt 0.539306 0.131433
vt 0.532245 0.138515
vt 0.512258 0.111756
vt 0.532245 0.138515
vt 0.506405 0.119865
vt 0.512258 0.111756
vt 0.532245 0.138515
vt 0.500553 0.127973
vt 0.506405 0.119865
vt 0.525185 0.145596
vt 0.500553 0.127973
vt 0.532245 0.138515
vt 0.525185 0.145596
vt 0.488848 0.144190
vt 0.500553 0.127973
vt 0.511064 0.159760
vt 0.488848 0.144190
vt 0.525185 0.145596
vt 0.523962 0.095539
vt 0.512258 0.111756
vt 0.490930 0.079006
vt 0.512258 0.111756
vt 0.482197 0.096998
vt 0.490930 0.079006
vt 0.512258 0.111756
vt 0.506405 0.119865
vt 0.482197 0.096998
vt 0.506405 0.119865
vt 0.477830 0.105995
vt 0.482197 0.096998
vt 0.506405 0.119865
vt 0.473463 0.114991
vt 0.477830 0.105995
vt 0.500553 0.127973
vt 0.473463 0.114991
vt 0.506405 0.119865
vt 0.500553 0.127973
vt 0.464730 0.132983
vt 0.473463 0.114991
vt 0.488848 0.144190
vt 0.464730 0.132983
vt 0.500553 0.127973
vt 0.490930 0.079006
vt 0.482197 0.096998
vt 0.454488 0.068265
vt 0.482197 0.096998
vt 0.449073 0.087518
vt 0.454488 0.068265
vt 0.482197 0.096998
vt 0.477830 0.105995
vt 0.449073 0.087518
vt 0.477830 0.105995
vt 0.446365 0.097145
vt 0.449073 0.087518
vt 0.477830 0.105995
vt 0.443657 0.106771
vt 0.446365 0.097145
vt 0.473463 0.114991
vt 0.443657 0.106771
vt 0.477830 0.105995
vt 0.473463 0.114991
vt 0.438242 0.126024
vt 0.443657 0.106771
vt 0.464730 0.132983
vt 0.438242 0.126024
vt 0.473463 0.114991
vt 0.454488 0.068265
vt 0.449073 0.087518
vt 0.438305 0.065568
vt 0.449073 0.087518
vt 0.435288 0.085339
vt 0.438305 0.065568
vt 0.449073 0.087518
vt 0.446365 0.097145
vt 0.435288 0.085339
vt 0.446365 0.097145
vt 0.433780 0.095225
vt 0.435288 0.085339
vt 0.446365 0.097145
vt 0.432272 0.105110
vt 0.433780 0.095225
vt 0.443657 0.106771
vt 0.432272 0.105110
vt 0.446365 0.097145
vt 0.443657 0.106771
vt 0.429256 0.124881
vt 0.432272 0.105110
vt 0.438242 0.126024
vt 0.429256 0.124881
vt 0.443657 0.106771
vt 0.438305 0.065568
vt 0.435288 0.085339
vt 0.424041 0.064107
vt 0.435288 0.085339
vt 0.422060 0.084009
vt 0.424041 0.064107
vt 0.435288 0.085339
vt 0.433780 0.095225
vt 0.422060 0.084009
vt 0.433780 0.095225
vt 0.421070 0.093960
vt 0.422060 0.084009
vt 0.433780 0.095225
vt 0.420080 0.103910
vt 0.421070 0.093960
vt 0.432272 0.105110
vt 0.420080 0.103910
vt 0.433780 0.095225
vt 0.432272 0.105110
vt 0.418099 0.123812
vt 0.420080 0.103910
vt 0.429256 0.124881
vt 0.418099 0.123812
vt 0.432272 0.105110
vt 0.655315 0.188960
vt 0.650223 0.205896
vt 0.631170 0.211977
vt 0.655315 0.188960
vt 0.659750 0.202855
vt 0.650223 0.205896
vt 0.655315 0.188960
vt 0.669277 0.199814
vt 0.659750 0.202855
vt 0.655315 0.188960
vt 0.688330 0.193733
vt 0.669277 0.199814
vt 0.631170 0.211977
vt 0.650223 0.205896
vt 0.641736 0.230919
vt 0.650223 0.205896
vt 0.658805 0.220496
vt 0.641736 0.230919
vt 0.650223 0.205896
vt 0.659750 0.202855
vt 0.658805 0.220496
vt 0.659750 0.202855
vt 0.667340 0.215285
vt 0.658805 0.220496
vt 0.659750 0.202855
vt 0.675875 0.210074
vt 0.667340 0.215285
vt 0.669277 0.199814
vt 0.675875 0.210074
vt 0.659750 0.202855
vt 0.669277 0.199814
vt 0.692944 0.199651
vt 0.675875 0.210074
vt 0.688330 0.193733
vt 0.692944 0.199651
vt 0.669277 0.199814
vt 0.641736 0.230919
vt 0.658805 0.220496
vt 0.656977 0.247374
vt 0.658805 0.220496
vt 0.671136 0.233248
vt 0.656977 0.247374
vt 0.658805 0.220496
vt 0.667340 0.215285
vt 0.671136 0.233248
vt 0.667340 0.215285
vt 0.678215 0.226185
vt 0.671136 0.233248
vt 0.667340 0.215285
vt 0.685294 0.219122
vt 0.678215 0.226185
vt 0.675875 0.210074
vt 0.685294 0.219122
vt 0.667340 0.215285
vt 0.675875 0.210074
vt 0.699453 0.204996
vt 0.685294 0.219122
vt 0.692944 0.199651
vt 0.699453 0.204996
vt 0.675875 0.210074
vt 0.656977 0.247374
vt 0.671136 0.233248
vt 0.669809 0.257997
vt 0.671136 0.233248
vt 0.682410 0.242466
vt 0.669809 0.257997
vt 0.671136 0.233248
vt 0.678215 0.226185
vt 0.682410 0.242466
vt 0.678215 0.226185
vt 0.688710 0.234700
vt 0.682410 0.242466
vt 0.678215 0.226185
vt 0.695011 0.226934
vt 0.688710 0.234700
vt 0.685294 0.219122
vt 0.695011 0.226934
vt 0.678215 0.226185
vt 0.685294 0.219122
vt 0.707612 0.211403
vt 0.695011 0.226934
vt 0.699453 0.204996
vt 0.707612 0.211403
vt 0.685294 0.219122
vt 0.669809 0.257997
vt 0.682410 0.242466
vt 0.680286 0.266507
vt 0.682410 0.242466
vt 0.692896 0.250982
vt 0.680286 0.266507
vt 0.682410 0.242466
vt 0.688710 0.234700
vt 0.692896 0.250982
vt 0.688710 0.234700
vt 0.699200 0.243220
vt 0.692896 0.250982
vt 0.688710 0.234700
vt 0.705505 0.235458
vt 0.699200 0.243220
vt 0.695011 0.226934
vt 0.705505 0.235458
vt 0.688710 0.234700
vt 0.695011 0.226934
vt 0.718114 0.219933
vt 0.705505 0.235458
vt 0.707612 0.211403
vt 0.718114 0.219933
vt 0.695011 0.226934
vt 0.680286 0.266507
vt 0.692896 0.250982
vt 0.691068 0.275101
vt 0.692896 0.250982
vt 0.703533 0.259460
vt 0.691068 0.275101
vt 0.692896 0.250982
vt 0.699200 0.243220
vt 0.703533 0.259460
vt 0.699200 0.243220
vt 0.709765 0.251640
vt 0.703533 0.259460
vt 0.699200 0.243220
vt 0.715998 0.243820
vt 0.709765 0.251640
vt 0.705505 0.235458
vt 0.715998 0.243820
vt 0.699200 0.243220
vt 0.705505 0.235458
vt 0.728463 0.228179
vt 0.715998 0.243820
vt 0.718114 0.219933
vt 0.728463 0.228179
vt 0.705505 0.235458
vt 0.691068 0.275101
vt 0.703533 0.259460
vt 0.702255 0.283672
vt 0.703533 0.259460
vt 0.714412 0.267790
vt 0.702255 0.283672
vt 0.703533 0.259460
vt 0.709765 0.251640
vt 0.714412 0.267790
vt 0.709765 0.251640
vt 0.720490 0.259850
vt 0.714412 0.267790
vt 0.709765 0.251640
vt 0.726569 0.251909
vt 0.720490 0.259850
vt 0.715998 0.243820
vt 0.726569 0.251909
vt 0.709765 0.251640
vt 0.715998 0.243820
vt 0.738725 0.236028
vt 0.726569 0.251909
vt 0.728463 0.228179
vt 0.738725 0.236028
vt 0.715998 0.243820
vt 0.702255 0.283672
vt 0.714412 0.267790
vt 0.720226 0.296912
vt 0.714412 0.267790
vt 0.732086 0.280807
vt 0.720226 0.296912
vt 0.714412 0.267790
vt 0.720490 0.259850
vt 0.732086 0.280807
vt 0.720490 0.259850
vt 0.738015 0.272755
vt 0.732086 0.280807
vt 0.720490 0.259850
vt 0.743945 0.264703
vt 0.738015 0.272755
vt 0.726569 0.251909
vt 0.743945 0.264703
vt 0.720490 0.259850
vt 0.726569 0.251909
vt 0.755804 0.248598
vt 0.743945 0.264703
vt 0.738725 0.236028
vt 0.755804 0.248598
vt 0.726569 0.251909
vt 0.720226 0.296912
vt 0.732086 0.280807
vt 0.738060 0.309822
vt 0.732086 0.280807
vt 0.749787 0.293620
vt 0.738060 0.309822
vt 0.732086 0.280807
vt 0.738015 0.272755
vt 0.749787 0.293620
vt 0.738015 0.272755
vt 0.755650 0.285520
vt 0.749787 0.293620
vt 0.738015 0.272755
vt 0.761514 0.277419
vt 0.755650 0.285520
vt 0.743945 0.264703
vt 0.761514 0.277419
vt 0.738015 0.272755
vt 0.743945 0.264703
vt 0.773241 0.261218
vt 0.761514 0.277419
vt 0.755804 0.248598
vt 0.773241 0.261218
vt 0.743945 0.264703
vt 0.738060 0.309822
vt 0.749787 0.293620
vt 0.755828 0.322585
vt 0.749787 0.293620
vt 0.767496 0.306342
vt 0.755828 0.322585
vt 0.749787 0.293620
vt 0.755650 0.285520
vt 0.767496 0.306342
vt 0.755650 0.285520
vt 0.773330 0.298220
vt 0.767496 0.306342
vt 0.755650 0.285520
vt 0.779164 0.290098
vt 0.773330 0.298220
vt 0.761514 0.277419
vt 0.779164 0.290098
vt 0.755650 0.285520
vt 0.761514 0.277419
vt 0.790832 0.273855
vt 0.779164 0.290098
vt 0.773241 0.261218
vt 0.790832 0.273855
vt 0.761514 0.277419
vt 0.755828 0.322585
vt 0.767496 0.306342
vt 0.773490 0.335286
vt 0.767496 0.306342
vt 0.785167 0.319049
vt 0.773490 0.335286
vt 0.767496 0.306342
vt 0.773330 0.298220
vt 0.785167 0.319049
vt 0.773330 0.298220
vt 0.791005 0.310930
vt 0.785167 0.319049
vt 0.773330 0.298220
vt 0.796843 0.302811
vt 0.791005 0.310930
vt 0.779164 0.290098
vt 0.796843 0.302811
vt 0.773330 0.298220
vt 0.779164 0.290098
vt 0.808520 0.286573
vt 0.796843 0.302811
vt 0.790832 0.273855
vt 0.808520 0.286573
vt 0.779164 0.290098
vt 0.773490 0.335286
vt 0.785167 0.319049
vt 0.788515 0.345112
vt 0.785167 0.319049
vt 0.799432 0.328354
vt 0.788515 0.345112
vt 0.785167 0.319049
vt 0.791005 0.310930
vt 0.799432 0.328354
vt 0.791005 0.310930
vt 0.804890 0.319975
vt 0.799432 0.328354
vt 0.791005 0.310930
vt 0.810348 0.311596
vt 0.804890 0.319975
vt 0.796843 0.302811
vt 0.810348 0.311596
vt 0.791005 0.310930
vt 0.796843 0.302811
vt 0.821265 0.294838
vt 0.810348 0.311596
vt 0.808520 0.286573
vt 0.821265 0.294838
vt 0.796843 0.302811
vt 0.788515 0.345112
vt 0.799432 0.328354
vt 0.805686 0.354156
vt 0.799432 0.328354
vt 0.814869 0.336389
vt 0.805686 0.354156
vt 0.799432 0.328354
vt 0.804890 0.319975
vt 0.814869 0.336389
vt 0.804890 0.319975
vt 0.819460 0.327505
vt 0.814869 0.336389
vt 0.804890 0.319975
vt 0.824051 0.318621
vt 0.819460 0.327505
vt 0.810348 0.311596
vt 0.824051 0.318621
vt 0.804890 0.319975
vt 0.810348 0.311596
vt 0.833234 0.300854
vt 0.824051 0.318621
vt 0.821265 0.294838
vt 0.833234 0.300854
vt 0.810348 0.311596
vt 0.805686 0.354156
vt 0.814869 0.336389
vt 0.823814 0.361417
vt 0.814869 0.336389
vt 0.831095 0.342789
vt 0.823814 0.361417
vt 0.814869 0.336389
vt 0.819460 0.327505
vt 0.831095 0.342789
vt 0.819460 0.327505
vt 0.834735 0.333475
vt 0.831095 0.342789
vt 0.819460 0.327505
vt 0.838375 0.324161
vt 0.834735 0.333475
vt 0.824051 0.318621
vt 0.838375 0.324161
vt 0.819460 0.327505
vt 0.824051 0.318621
vt 0.845656 0.305533
vt 0.838375 0.324161
vt 0.833234 0.300854
vt 0.845656 0.305533
vt 0.824051 0.318621
vt 0.823814 0.361417
vt 0.831095 0.342789
vt 0.842856 0.366777
vt 0.831095 0.342789
vt 0.848109 0.347479
vt 0.842856 0.366777
vt 0.831095 0.342789
vt 0.834735 0.333475
vt 0.848109 0.347479
vt 0.834735 0.333475
vt 0.850735 0.337830
vt 0.848109 0.347479
vt 0.834735 0.333475
vt 0.853361 0.328181
vt 0.850735 0.337830
vt 0.838375 0.324161
vt 0.853361 0.328181
vt 0.834735 0.333475
vt 0.838375 0.324161
vt 0.858614 0.308883
vt 0.853361 0.328181
vt 0.845656 0.305533
vt 0.858614 0.308883
vt 0.838375 0.324161
vt 0.842856 0.366777
vt 0.848109 0.347479
vt 0.854401 0.367722
vt 0.848109 0.347479
vt 0.853720 0.347734
vt 0.854401 0.367722
vt 0.848109 0.347479
vt 0.850735 0.337830
vt 0.853720 0.347734
vt 0.850735 0.337830
vt 0.853380 0.337740
vt 0.853720 0.347734
vt 0.850735 0.337830
vt 0.853040 0.327746
vt 0.853380 0.337740
vt 0.853361 0.328181
vt 0.853040 0.327746
vt 0.850735 0.337830
vt 0.853361 0.328181
vt 0.852359 0.307757
vt 0.853040 0.327746
vt 0.858614 0.308883
vt 0.852359 0.307757
vt 0.853361 0.328181
vt 0.854401 0.367722
vt 0.853720 0.347734
vt 0.865867 0.365208
vt 0.853720 0.347734
vt 0.859589 0.346219
vt 0.865867 0.365208
vt 0.853720 0.347734
vt 0.853380 0.337740
vt 0.859589 0.346219
vt 0.853380 0.337740
vt 0.856450 0.336725
vt 0.859589 0.346219
vt 0.853380 0.337740
vt 0.853311 0.327230
vt 0.856450 0.336725
vt 0.853040 0.327746
vt 0.853311 0.327230
vt 0.853380 0.337740
vt 0.853040 0.327746
vt 0.847033 0.308241
vt 0.853311 0.327230
vt 0.852359 0.307757
vt 0.847033 0.308241
vt 0.853040 0.327746
vt 0.865867 0.365208
vt 0.859589 0.346219
vt 0.874324 0.361035
vt 0.859589 0.346219
vt 0.864271 0.343745
vt 0.874324 0.361035
vt 0.859589 0.346219
vt 0.856450 0.336725
vt 0.864271 0.343745
vt 0.856450 0.336725
vt 0.859245 0.335100
vt 0.864271 0.343745
vt 0.856450 0.336725
vt 0.854219 0.326455
vt 0.859245 0.335100
vt 0.853311 0.327230
vt 0.854219 0.326455
vt 0.856450 0.336725
vt 0.853311 0.327230
vt 0.844166 0.309165
vt 0.854219 0.326455
vt 0.847033 0.308241
vt 0.844166 0.309165
vt 0.853311 0.327230
vt 0.874324 0.361035
vt 0.864271 0.343745
vt 0.882791 0.353878
vt 0.864271 0.343745
vt 0.868314 0.340079
vt 0.882791 0.353878
vt 0.864271 0.343745
vt 0.859245 0.335100
vt 0.868314 0.340079
vt 0.859245 0.335100
vt 0.861075 0.333180
vt 0.868314 0.340079
vt 0.859245 0.335100
vt 0.853836 0.326280
vt 0.861075 0.333180
vt 0.854219 0.326455
vt 0.853836 0.326280
vt 0.859245 0.335100
vt 0.854219 0.326455
vt 0.839359 0.312482
vt 0.853836 0.326280
vt 0.844166 0.309165
vt 0.839359 0.312482
vt 0.854219 0.326455
vt 0.882791 0.353878
vt 0.868314 0.340079
vt 0.894737 0.331348
vt 0.868314 0.340079
vt 0.876469 0.323206
vt 0.894737 0.331348
vt 0.868314 0.340079
vt 0.861075 0.333180
vt 0.876469 0.323206
vt 0.861075 0.333180
vt 0.867335 0.319135
vt 0.876469 0.323206
vt 0.861075 0.333180
vt 0.858201 0.315064
vt 0.867335 0.319135
vt 0.853836 0.326280
vt 0.858201 0.315064
vt 0.861075 0.333180
vt 0.853836 0.326280
vt 0.839934 0.306922
vt 0.858201 0.315064
vt 0.839359 0.312482
vt 0.839934 0.306922
vt 0.853836 0.326280
vt 0.894737 0.331348
vt 0.876469 0.323206
vt 0.899730 0.310955
vt 0.876469 0.323206
vt 0.880163 0.306815
vt 0.899730 0.310955
vt 0.876469 0.323206
vt 0.867335 0.319135
vt 0.880163 0.306815
vt 0.867335 0.319135
vt 0.870380 0.304745
vt 0.880163 0.306815
vt 0.867335 0.319135
vt 0.860597 0.302675
vt 0.870380 0.304745
vt 0.858201 0.315064
vt 0.860597 0.302675
vt 0.867335 0.319135
vt 0.858201 0.315064
vt 0.841030 0.298534
vt 0.860597 0.302675
vt 0.839934 0.306922
vt 0.841030 0.298534
vt 0.858201 0.315064
vt 0.899730 0.310955
vt 0.880163 0.306815
vt 0.900203 0.289737
vt 0.880163 0.306815
vt 0.880204 0.289975
vt 0.900203 0.289737
vt 0.880163 0.306815
vt 0.870380 0.304745
vt 0.880204 0.289975
vt 0.870380 0.304745
vt 0.870205 0.290095
vt 0.880204 0.289975
vt 0.870380 0.304745
vt 0.860206 0.290214
vt 0.870205 0.290095
vt 0.860597 0.302675
vt 0.860206 0.290214
vt 0.870380 0.304745
vt 0.860597 0.302675
vt 0.840207 0.290453
vt 0.860206 0.290214
vt 0.841030 0.298534
vt 0.840207 0.290453
vt 0.860597 0.302675
vt 0.900203 0.289737
vt 0.880204 0.289975
vt 0.896045 0.268569
vt 0.880204 0.289975
vt 0.876552 0.273043
vt 0.896045 0.268569
vt 0.880204 0.289975
vt 0.870205 0.290095
vt 0.876552 0.273043
vt 0.870205 0.290095
vt 0.866805 0.275280
vt 0.876552 0.273043
vt 0.870205 0.290095
vt 0.857058 0.277517
vt 0.866805 0.275280
vt 0.860206 0.290214
vt 0.857058 0.277517
vt 0.870205 0.290095
vt 0.860206 0.290214
vt 0.837565 0.281990
vt 0.857058 0.277517
vt 0.840207 0.290453
vt 0.837565 0.281990
vt 0.860206 0.290214
vt 0.896045 0.268569
vt 0.876552 0.273043
vt 0.891451 0.255220
vt 0.876552 0.273043
vt 0.872644 0.262023
vt 0.891451 0.255220
vt 0.876552 0.273043
vt 0.866805 0.275280
vt 0.872644 0.262023
vt 0.866805 0.275280
vt 0.863240 0.265425
vt 0.872644 0.262023
vt 0.866805 0.275280
vt 0.853836 0.268827
vt 0.863240 0.265425
vt 0.857058 0.277517
vt 0.853836 0.268827
vt 0.866805 0.275280
vt 0.857058 0.277517
vt 0.835029 0.275630
vt 0.853836 0.268827
vt 0.837565 0.281990
vt 0.835029 0.275630
vt 0.857058 0.277517
vt 0.891451 0.255220
vt 0.872644 0.262023
vt 0.886943 0.244239
vt 0.872644 0.262023
vt 0.868461 0.251883
vt 0.886943 0.244239
vt 0.872644 0.262023
vt 0.863240 0.265425
vt 0.868461 0.251883
vt 0.863240 0.265425
vt 0.859220 0.255705
vt 0.868461 0.251883
vt 0.863240 0.265425
vt 0.849979 0.259527
vt 0.859220 0.255705
vt 0.853836 0.268827
vt 0.849979 0.259527
vt 0.863240 0.265425
vt 0.853836 0.268827
vt 0.831498 0.267171
vt 0.849979 0.259527
vt 0.835029 0.275630
vt 0.831498 0.267171
vt 0.853836 0.268827
vt 0.886943 0.244239
vt 0.868461 0.251883
vt 0.881869 0.233398
vt 0.868461 0.251883
vt 0.863780 0.241929
vt 0.881869 0.233398
vt 0.868461 0.251883
vt 0.859220 0.255705
vt 0.863780 0.241929
vt 0.859220 0.255705
vt 0.854735 0.246195
vt 0.863780 0.241929
vt 0.859220 0.255705
vt 0.845690 0.250460
vt 0.854735 0.246195
vt 0.849979 0.259527
vt 0.845690 0.250460
vt 0.859220 0.255705
vt 0.849979 0.259527
vt 0.827601 0.258992
vt 0.845690 0.250460
vt 0.831498 0.267171
vt 0.827601 0.258992
vt 0.849979 0.259527
vt 0.881869 0.233398
vt 0.863780 0.241929
vt 0.876206 0.222773
vt 0.863780 0.241929
vt 0.858589 0.232241
vt 0.876206 0.222773
vt 0.863780 0.241929
vt 0.854735 0.246195
vt 0.858589 0.232241
vt 0.854735 0.246195
vt 0.849780 0.236975
vt 0.858589 0.232241
vt 0.854735 0.246195
vt 0.840971 0.241709
vt 0.849780 0.236975
vt 0.845690 0.250460
vt 0.840971 0.241709
vt 0.854735 0.246195
vt 0.845690 0.250460
vt 0.823354 0.251177
vt 0.840971 0.241709
vt 0.827601 0.258992
vt 0.823354 0.251177
vt 0.845690 0.250460
vt 0.876206 0.222773
vt 0.858589 0.232241
vt 0.858251 0.195256
vt 0.858589 0.232241
vt 0.841540 0.206245
vt 0.858251 0.195256
vt 0.858589 0.232241
vt 0.849780 0.236975
vt 0.841540 0.206245
vt 0.849780 0.236975
vt 0.833185 0.211740
vt 0.841540 0.206245
vt 0.849780 0.236975
vt 0.824830 0.217234
vt 0.833185 0.211740
vt 0.840971 0.241709
vt 0.824830 0.217234
vt 0.849780 0.236975
vt 0.840971 0.241709
vt 0.808119 0.228223
vt 0.824830 0.217234
vt 0.823354 0.251177
vt 0.808119 0.228223
vt 0.840971 0.241709
vt 0.858251 0.195256
vt 0.841540 0.206245
vt 0.836685 0.169603
vt 0.841540 0.206245
vt 0.821465 0.182578
vt 0.836685 0.169603
vt 0.841540 0.206245
vt 0.833185 0.211740
vt 0.821465 0.182578
vt 0.833185 0.211740
vt 0.813855 0.189065
vt 0.821465 0.182578
vt 0.833185 0.211740
vt 0.806245 0.195552
vt 0.813855 0.189065
vt 0.824830 0.217234
vt 0.806245 0.195552
vt 0.833185 0.211740
vt 0.824830 0.217234
vt 0.791025 0.208527
vt 0.806245 0.195552
vt 0.808119 0.228223
vt 0.791025 0.208527
vt 0.824830 0.217234
vt 0.836685 0.169603
vt 0.821465 0.182578
vt 0.812094 0.146805
vt 0.821465 0.182578
vt 0.798598 0.161565
vt 0.812094 0.146805
vt 0.821465 0.182578
vt 0.813855 0.189065
vt 0.798598 0.161565
vt 0.813855 0.189065
vt 0.791850 0.168945
vt 0.798598 0.161565
vt 0.813855 0.189065
vt 0.785102 0.176325
vt 0.791850 0.168945
vt 0.806245 0.195552
vt 0.785102 0.176325
vt 0.813855 0.189065
vt 0.806245 0.195552
vt 0.771606 0.191085
vt 0.785102 0.176325
vt 0.791025 0.208527
vt 0.771606 0.191085
vt 0.806245 0.195552
vt 0.812094 0.146805
vt 0.798598 0.161565
vt 0.784660 0.126953
vt 0.798598 0.161565
vt 0.773040 0.143231
vt 0.784660 0.126953
vt 0.798598 0.161565
vt 0.791850 0.168945
vt 0.773040 0.143231
vt 0.791850 0.168945
vt 0.767230 0.151370
vt 0.773040 0.143231
vt 0.791850 0.168945
vt 0.761420 0.159509
vt 0.767230 0.151370
vt 0.785102 0.176325
vt 0.761420 0.159509
vt 0.791850 0.168945
vt 0.785102 0.176325
vt 0.749800 0.175787
vt 0.761420 0.159509
vt 0.771606 0.191085
vt 0.749800 0.175787
vt 0.785102 0.176325
vt 0.784660 0.126953
vt 0.773040 0.143231
vt 0.768878 0.117866
vt 0.773040 0.143231
vt 0.759063 0.135292
vt 0.768878 0.117866
vt 0.773040 0.143231
vt 0.767230 0.151370
vt 0.759063 0.135292
vt 0.767230 0.151370
vt 0.754155 0.144005
vt 0.759063 0.135292
vt 0.767230 0.151370
vt 0.749247 0.152718
vt 0.754155 0.144005
vt 0.761420 0.159509
vt 0.749247 0.152718
vt 0.767230 0.151370
vt 0.761420 0.159509
vt 0.739432 0.170143
vt 0.749247 0.152718
vt 0.749800 0.175787
vt 0.739432 0.170143
vt 0.761420 0.159509
vt 0.768878 0.117866
vt 0.759063 0.135292
vt 0.753085 0.110513
vt 0.759063 0.135292
vt 0.744752 0.128694
vt 0.753085 0.110513
vt 0.759063 0.135292
vt 0.754155 0.144005
vt 0.744752 0.128694
vt 0.754155 0.144005
vt 0.740585 0.137785
vt 0.744752 0.128694
vt 0.754155 0.144005
vt 0.736418 0.146875
vt 0.740585 0.137785
vt 0.749247 0.152718
vt 0.736418 0.146875
vt 0.754155 0.144005
vt 0.749247 0.152718
vt 0.728085 0.165057
vt 0.736418 0.146875
vt 0.739432 0.170143
vt 0.728085 0.165057
vt 0.749247 0.152718
vt 0.753085 0.110513
vt 0.744752 0.128694
vt 0.737465 0.104408
vt 0.744752 0.128694
vt 0.730245 0.123059
vt 0.737465 0.104408
vt 0.744752 0.128694
vt 0.740585 0.137785
vt 0.730245 0.123059
vt 0.740585 0.137785
vt 0.726635 0.132385
vt 0.730245 0.123059
vt 0.740585 0.137785
vt 0.723025 0.141711
vt 0.726635 0.132385
vt 0.736418 0.146875
vt 0.723025 0.141711
vt 0.740585 0.137785
vt 0.736418 0.146875
vt 0.715805 0.160362
vt 0.723025 0.141711
vt 0.728085 0.165057
vt 0.715805 0.160362
vt 0.736418 0.146875
vt 0.737465 0.104408
vt 0.730245 0.123059
vt 0.722189 0.099122
vt 0.730245 0.123059
vt 0.715673 0.118030
vt 0.722189 0.099122
vt 0.730245 0.123059
vt 0.726635 0.132385
vt 0.715673 0.118030
vt 0.726635 0.132385
vt 0.712415 0.127485
vt 0.715673 0.118030
vt 0.726635 0.132385
vt 0.709157 0.136939
vt 0.712415 0.127485
vt 0.723025 0.141711
vt 0.709157 0.136939
vt 0.726635 0.132385
vt 0.723025 0.141711
vt 0.702641 0.155848
vt 0.709157 0.136939
vt 0.715805 0.160362
vt 0.702641 0.155848
vt 0.723025 0.141711
vt 0.722189 0.099122
vt 0.715673 0.118030
vt 0.694054 0.096389
vt 0.715673 0.118030
vt 0.692915 0.116356
vt 0.694054 0.096389
vt 0.715673 0.118030
vt 0.712415 0.127485
vt 0.692915 0.116356
vt 0.712415 0.127485
vt 0.692345 0.126340
vt 0.692915 0.116356
vt 0.712415 0.127485
vt 0.691776 0.136324
vt 0.692345 0.126340
vt 0.709157 0.136939
vt 0.691776 0.136324
vt 0.712415 0.127485
vt 0.709157 0.136939
vt 0.690636 0.156291
vt 0.691776 0.136324
vt 0.702641 0.155848
vt 0.690636 0.156291
vt 0.709157 0.136939
vt 0.694054 0.096389
vt 0.692915 0.116356
vt 0.661232 0.106995
vt 0.692915 0.116356
vt 0.669077 0.125391
vt 0.661232 0.106995
vt 0.692915 0.116356
vt 0.692345 0.126340
vt 0.669077 0.125391
vt 0.692345 0.126340
vt 0.673000 0.134590
vt 0.669077 0.125391
vt 0.692345 0.126340
vt 0.676923 0.143788
vt 0.673000 0.134590
vt 0.691776 0.136324
vt 0.676923 0.143788
vt 0.692345 0.126340
vt 0.691776 0.136324
vt 0.684769 0.162185
vt 0.676923 0.143788
vt 0.690636 0.156291
vt 0.684769 0.162185
vt 0.691776 0.136324
vt 0.813915 0.594130
vt 0.820210 0.584050
vt 0.838291 0.575500
vt 0.813915 0.594130
vt 0.811170 0.588325
vt 0.820210 0.584050
vt 0.813915 0.594130
vt 0.802130 0.592600
vt 0.811170 0.588325
vt 0.813915 0.594130
vt 0.784049 0.601150
vt 0.802130 0.592600
vt 0.838291 0.575500
vt 0.820210 0.584050
vt 0.826031 0.561730
vt 0.820210 0.584050
vt 0.813384 0.577223
vt 0.826031 0.561730
vt 0.820210 0.584050
vt 0.811170 0.588325
vt 0.813384 0.577223
vt 0.811170 0.588325
vt 0.807060 0.584970
vt 0.813384 0.577223
vt 0.811170 0.588325
vt 0.800736 0.592717
vt 0.807060 0.584970
vt 0.802130 0.592600
vt 0.800736 0.592717
vt 0.811170 0.588325
vt 0.802130 0.592600
vt 0.788089 0.608210
vt 0.800736 0.592717
vt 0.784049 0.601150
vt 0.788089 0.608210
vt 0.802130 0.592600
vt 0.826031 0.561730
vt 0.813384 0.577223
vt 0.806712 0.554556
vt 0.813384 0.577223
vt 0.803641 0.574319
vt 0.806712 0.554556
vt 0.813384 0.577223
vt 0.807060 0.584970
vt 0.803641 0.574319
vt 0.807060 0.584970
vt 0.802105 0.584200
vt 0.803641 0.574319
vt 0.807060 0.584970
vt 0.800569 0.594081
vt 0.802105 0.584200
vt 0.800736 0.592717
vt 0.800569 0.594081
vt 0.807060 0.584970
vt 0.800736 0.592717
vt 0.797498 0.613844
vt 0.800569 0.594081
vt 0.788089 0.608210
vt 0.797498 0.613844
vt 0.800736 0.592717
vt 0.806712 0.554556
vt 0.803641 0.574319
vt 0.783075 0.557027
vt 0.803641 0.574319
vt 0.786458 0.576739
vt 0.783075 0.557027
vt 0.803641 0.574319
vt 0.802105 0.584200
vt 0.786458 0.576739
vt 0.802105 0.584200
vt 0.788150 0.586595
vt 0.786458 0.576739
vt 0.802105 0.584200
vt 0.789841 0.596451
vt 0.788150 0.586595
vt 0.800569 0.594081
vt 0.789841 0.596451
vt 0.802105 0.584200
vt 0.800569 0.594081
vt 0.793224 0.616163
vt 0.789841 0.596451
vt 0.797498 0.613844
vt 0.793224 0.616163
vt 0.800569 0.594081
vt 0.783075 0.557027
vt 0.786458 0.576739
vt 0.766114 0.561910
vt 0.786458 0.576739
vt 0.771895 0.581057
vt 0.766114 0.561910
vt 0.786458 0.576739
vt 0.788150 0.586595
vt 0.771895 0.581057
vt 0.788150 0.586595
vt 0.774785 0.590630
vt 0.771895 0.581057
vt 0.788150 0.586595
vt 0.777675 0.600203
vt 0.774785 0.590630
vt 0.789841 0.596451
vt 0.777675 0.600203
vt 0.788150 0.586595
vt 0.789841 0.596451
vt 0.783456 0.619350
vt 0.777675 0.600203
vt 0.793224 0.616163
vt 0.783456 0.619350
vt 0.789841 0.596451
vt 0.766114 0.561910
vt 0.771895 0.581057
vt 0.749902 0.568815
vt 0.771895 0.581057
vt 0.757970 0.587115
vt 0.749902 0.568815
vt 0.771895 0.581057
vt 0.774785 0.590630
vt 0.757970 0.587115
vt 0.774785 0.590630
vt 0.762005 0.596265
vt 0.757970 0.587115
vt 0.774785 0.590630
vt 0.766039 0.605415
vt 0.762005 0.596265
vt 0.777675 0.600203
vt 0.766039 0.605415
vt 0.774785 0.590630
vt 0.777675 0.600203
vt 0.774108 0.623715
vt 0.766039 0.605415
vt 0.783456 0.619350
vt 0.774108 0.623715
vt 0.777675 0.600203
vt 0.749902 0.568815
vt 0.757970 0.587115
vt 0.734573 0.577609
vt 0.757970 0.587115
vt 0.744728 0.594840
vt 0.734573 0.577609
vt 0.757970 0.587115
vt 0.762005 0.596265
vt 0.744728 0.594840
vt 0.762005 0.596265
vt 0.749805 0.603455
vt 0.744728 0.594840
vt 0.762005 0.596265
vt 0.754882 0.612070
vt 0.749805 0.603455
vt 0.766039 0.605415
vt 0.754882 0.612070
vt 0.762005 0.596265
vt 0.766039 0.605415
vt 0.765037 0.629300
vt 0.754882 0.612070
vt 0.774108 0.623715
vt 0.765037 0.629300
vt 0.766039 0.605415
vt 0.734573 0.577609
vt 0.744728 0.594840
vt 0.725067 0.586140
vt 0.744728 0.594840
vt 0.740042 0.599397
vt 0.725067 0.586140
vt 0.744728 0.594840
vt 0.749805 0.603455
vt 0.740042 0.599397
vt 0.749805 0.603455
vt 0.747530 0.606025
vt 0.740042 0.599397
vt 0.749805 0.603455
vt 0.755018 0.612653
vt 0.747530 0.606025
vt 0.754882 0.612070
vt 0.755018 0.612653
vt 0.749805 0.603455
vt 0.754882 0.612070
vt 0.769993 0.625910
vt 0.755018 0.612653
vt 0.765037 0.629300
vt 0.769993 0.625910
vt 0.754882 0.612070
vt 0.725067 0.586140
vt 0.740042 0.599397
vt 0.718004 0.599487
vt 0.740042 0.599397
vt 0.736831 0.606236
vt 0.718004 0.599487
vt 0.740042 0.599397
vt 0.747530 0.606025
vt 0.736831 0.606236
vt 0.747530 0.606025
vt 0.746245 0.609610
vt 0.736831 0.606236
vt 0.747530 0.606025
vt 0.755658 0.612984
vt 0.746245 0.609610
vt 0.755018 0.612653
vt 0.755658 0.612984
vt 0.747530 0.606025
vt 0.755018 0.612653
vt 0.774486 0.619733
vt 0.755658 0.612984
vt 0.769993 0.625910
vt 0.774486 0.619733
vt 0.755018 0.612653
vt 0.718004 0.599487
vt 0.736831 0.606236
vt 0.716097 0.612107
vt 0.736831 0.606236
vt 0.736076 0.613032
vt 0.716097 0.612107
vt 0.736831 0.606236
vt 0.746245 0.609610
vt 0.736076 0.613032
vt 0.746245 0.609610
vt 0.746065 0.613495
vt 0.736076 0.613032
vt 0.746245 0.609610
vt 0.756054 0.613958
vt 0.746065 0.613495
vt 0.755658 0.612984
vt 0.756054 0.613958
vt 0.746245 0.609610
vt 0.755658 0.612984
vt 0.776033 0.614883
vt 0.756054 0.613958
vt 0.774486 0.619733
vt 0.776033 0.614883
vt 0.755658 0.612984
vt 0.716097 0.612107
vt 0.736076 0.613032
vt 0.718361 0.625565
vt 0.736076 0.613032
vt 0.737524 0.619838
vt 0.718361 0.625565
vt 0.736076 0.613032
vt 0.746065 0.613495
vt 0.737524 0.619838
vt 0.746065 0.613495
vt 0.747105 0.616975
vt 0.737524 0.619838
vt 0.746065 0.613495
vt 0.756686 0.614112
vt 0.747105 0.616975
vt 0.756054 0.613958
vt 0.756686 0.614112
vt 0.746065 0.613495
vt 0.756054 0.613958
vt 0.775849 0.608385
vt 0.756686 0.614112
vt 0.776033 0.614883
vt 0.775849 0.608385
vt 0.756054 0.613958
vt 0.718361 0.625565
vt 0.737524 0.619838
vt 0.720858 0.631583
vt 0.737524 0.619838
vt 0.738799 0.622744
vt 0.720858 0.631583
vt 0.737524 0.619838
vt 0.747105 0.616975
vt 0.738799 0.622744
vt 0.747105 0.616975
vt 0.747770 0.618325
vt 0.738799 0.622744
vt 0.747105 0.616975
vt 0.756741 0.613906
vt 0.747770 0.618325
vt 0.756686 0.614112
vt 0.756741 0.613906
vt 0.747105 0.616975
vt 0.756686 0.614112
vt 0.774682 0.605067
vt 0.756741 0.613906
vt 0.775849 0.608385
vt 0.774682 0.605067
vt 0.756686 0.614112
vt 0.720858 0.631583
vt 0.738799 0.622744
vt 0.721152 0.632245
vt 0.738799 0.622744
vt 0.739321 0.623885
vt 0.721152 0.632245
vt 0.738799 0.622744
vt 0.747770 0.618325
vt 0.739321 0.623885
vt 0.747770 0.618325
vt 0.748405 0.619705
vt 0.739321 0.623885
vt 0.747770 0.618325
vt 0.757489 0.615525
vt 0.748405 0.619705
vt 0.756741 0.613906
vt 0.757489 0.615525
vt 0.747770 0.618325
vt 0.756741 0.613906
vt 0.775658 0.607165
vt 0.757489 0.615525
vt 0.774682 0.605067
vt 0.775658 0.607165
vt 0.756741 0.613906
vt 0.721152 0.632245
vt 0.739321 0.623885
vt 0.722785 0.635384
vt 0.739321 0.623885
vt 0.740338 0.625798
vt 0.722785 0.635384
vt 0.739321 0.623885
vt 0.748405 0.619705
vt 0.740338 0.625798
vt 0.748405 0.619705
vt 0.749115 0.621005
vt 0.740338 0.625798
vt 0.748405 0.619705
vt 0.757891 0.616212
vt 0.749115 0.621005
vt 0.757489 0.615525
vt 0.757891 0.616212
vt 0.748405 0.619705
vt 0.757489 0.615525
vt 0.775445 0.606626
vt 0.757891 0.616212
vt 0.775658 0.607165
vt 0.775445 0.606626
vt 0.757489 0.615525
vt 0.722785 0.635384
vt 0.740338 0.625798
vt 0.726838 0.641149
vt 0.740338 0.625798
vt 0.742289 0.628450
vt 0.726838 0.641149
vt 0.740338 0.625798
vt 0.749115 0.621005
vt 0.742289 0.628450
vt 0.749115 0.621005
vt 0.750015 0.622100
vt 0.742289 0.628450
vt 0.749115 0.621005
vt 0.757740 0.615750
vt 0.750015 0.622100
vt 0.757891 0.616212
vt 0.757740 0.615750
vt 0.749115 0.621005
vt 0.757891 0.616212
vt 0.773191 0.603051
vt 0.757740 0.615750
vt 0.775445 0.606626
vt 0.773191 0.603051
vt 0.757891 0.616212
vt 0.726838 0.641149
vt 0.742289 0.628450
vt 0.737789 0.651664
vt 0.742289 0.628450
vt 0.751376 0.636988
vt 0.737789 0.651664
vt 0.742289 0.628450
vt 0.750015 0.622100
vt 0.751376 0.636988
vt 0.750015 0.622100
vt 0.758170 0.629650
vt 0.751376 0.636988
vt 0.750015 0.622100
vt 0.764964 0.622312
vt 0.758170 0.629650
vt 0.757740 0.615750
vt 0.764964 0.622312
vt 0.750015 0.622100
vt 0.757740 0.615750
vt 0.778551 0.607636
vt 0.764964 0.622312
vt 0.773191 0.603051
vt 0.778551 0.607636
vt 0.757740 0.615750
vt 0.737789 0.651664
vt 0.751376 0.636988
vt 0.746077 0.659270
vt 0.751376 0.636988
vt 0.759599 0.644533
vt 0.746077 0.659270
vt 0.751376 0.636988
vt 0.758170 0.629650
vt 0.759599 0.644533
vt 0.758170 0.629650
vt 0.766360 0.637165
vt 0.759599 0.644533
vt 0.758170 0.629650
vt 0.773121 0.629797
vt 0.766360 0.637165
vt 0.764964 0.622312
vt 0.773121 0.629797
vt 0.758170 0.629650
vt 0.764964 0.622312
vt 0.786643 0.615060
vt 0.773121 0.629797
vt 0.778551 0.607636
vt 0.786643 0.615060
vt 0.764964 0.622312
vt 0.746077 0.659270
vt 0.759599 0.644533
vt 0.754446 0.666857
vt 0.759599 0.644533
vt 0.767879 0.652039
vt 0.754446 0.666857
vt 0.759599 0.644533
vt 0.766360 0.637165
vt 0.767879 0.652039
vt 0.766360 0.637165
vt 0.774595 0.644630
vt 0.767879 0.652039
vt 0.766360 0.637165
vt 0.781311 0.637221
vt 0.774595 0.644630
vt 0.773121 0.629797
vt 0.781311 0.637221
vt 0.766360 0.637165
vt 0.773121 0.629797
vt 0.794744 0.622403
vt 0.781311 0.637221
vt 0.786643 0.615060
vt 0.794744 0.622403
vt 0.773121 0.629797
vt 0.754446 0.666857
vt 0.767879 0.652039
vt 0.762880 0.674401
vt 0.767879 0.652039
vt 0.776213 0.659494
vt 0.762880 0.674401
vt 0.767879 0.652039
vt 0.774595 0.644630
vt 0.776213 0.659494
vt 0.774595 0.644630
vt 0.782880 0.652040
vt 0.776213 0.659494
vt 0.774595 0.644630
vt 0.789547 0.644586
vt 0.782880 0.652040
vt 0.781311 0.637221
vt 0.789547 0.644586
vt 0.774595 0.644630
vt 0.781311 0.637221
vt 0.802880 0.629679
vt 0.789547 0.644586
vt 0.794744 0.622403
vt 0.802880 0.629679
vt 0.781311 0.637221
vt 0.762880 0.674401
vt 0.776213 0.659494
vt 0.773356 0.680688
vt 0.776213 0.659494
vt 0.781752 0.662536
vt 0.773356 0.680688
vt 0.776213 0.659494
vt 0.782880 0.652040
vt 0.781752 0.662536
vt 0.782880 0.652040
vt 0.785950 0.653460
vt 0.781752 0.662536
vt 0.782880 0.652040
vt 0.790148 0.644384
vt 0.785950 0.653460
vt 0.789547 0.644586
vt 0.790148 0.644384
vt 0.782880 0.652040
vt 0.789547 0.644586
vt 0.798544 0.626232
vt 0.790148 0.644384
vt 0.802880 0.629679
vt 0.798544 0.626232
vt 0.789547 0.644586
vt 0.773356 0.680688
vt 0.781752 0.662536
vt 0.790118 0.683402
vt 0.781752 0.662536
vt 0.789823 0.663404
vt 0.790118 0.683402
vt 0.781752 0.662536
vt 0.785950 0.653460
vt 0.789823 0.663404
vt 0.785950 0.653460
vt 0.789675 0.653405
vt 0.789823 0.663404
vt 0.785950 0.653460
vt 0.789527 0.643406
vt 0.789675 0.653405
vt 0.790148 0.644384
vt 0.789527 0.643406
vt 0.785950 0.653460
vt 0.790148 0.644384
vt 0.789232 0.623408
vt 0.789527 0.643406
vt 0.798544 0.626232
vt 0.789232 0.623408
vt 0.790148 0.644384
vt 0.790118 0.683402
vt 0.789823 0.663404
vt 0.803739 0.680187
vt 0.789823 0.663404
vt 0.796793 0.661433
vt 0.803739 0.680187
vt 0.789823 0.663404
vt 0.789675 0.653405
vt 0.796793 0.661433
vt 0.789675 0.653405
vt 0.793320 0.652055
vt 0.796793 0.661433
vt 0.789675 0.653405
vt 0.789847 0.642677
vt 0.793320 0.652055
vt 0.789527 0.643406
vt 0.789847 0.642677
vt 0.789675 0.653405
vt 0.789527 0.643406
vt 0.782901 0.623923
vt 0.789847 0.642677
vt 0.789232 0.623408
vt 0.782901 0.623923
vt 0.789527 0.643406
vt 0.803739 0.680187
vt 0.796793 0.661433
vt 0.815838 0.672227
vt 0.796793 0.661433
vt 0.802706 0.657142
vt 0.815838 0.672227
vt 0.796793 0.661433
vt 0.793320 0.652055
vt 0.802706 0.657142
vt 0.793320 0.652055
vt 0.796140 0.649600
vt 0.802706 0.657142
vt 0.793320 0.652055
vt 0.789574 0.642058
vt 0.796140 0.649600
vt 0.789847 0.642677
vt 0.789574 0.642058
vt 0.793320 0.652055
vt 0.789847 0.642677
vt 0.776442 0.626973
vt 0.789574 0.642058
vt 0.782901 0.623923
vt 0.776442 0.626973
vt 0.789847 0.642677
vt 0.815838 0.672227
vt 0.802706 0.657142
vt 0.829065 0.653556
vt 0.802706 0.657142
vt 0.812118 0.642935
vt 0.829065 0.653556
vt 0.802706 0.657142
vt 0.796140 0.649600
vt 0.812118 0.642935
vt 0.796140 0.649600
vt 0.803645 0.637625
vt 0.812118 0.642935
vt 0.796140 0.649600
vt 0.795172 0.632315
vt 0.803645 0.637625
vt 0.789574 0.642058
vt 0.795172 0.632315
vt 0.796140 0.649600
vt 0.789574 0.642058
vt 0.778225 0.621694
vt 0.795172 0.632315
vt 0.776442 0.626973
vt 0.778225 0.621694
vt 0.789574 0.642058
vt 0.829065 0.653556
vt 0.812118 0.642935
vt 0.836507 0.637690
vt 0.812118 0.642935
vt 0.818266 0.629490
vt 0.836507 0.637690
vt 0.812118 0.642935
vt 0.803645 0.637625
vt 0.818266 0.629490
vt 0.803645 0.637625
vt 0.809145 0.625390
vt 0.818266 0.629490
vt 0.803645 0.637625
vt 0.800024 0.621290
vt 0.809145 0.625390
vt 0.795172 0.632315
vt 0.800024 0.621290
vt 0.803645 0.637625
vt 0.795172 0.632315
vt 0.781783 0.613090
vt 0.800024 0.621290
vt 0.778225 0.621694
vt 0.781783 0.613090
vt 0.795172 0.632315
vt 0.255765 0.452430
vt 0.265785 0.429859
vt 0.285785 0.429877
vt 0.255765 0.452430
vt 0.255785 0.429850
vt 0.265785 0.429859
vt 0.255765 0.452430
vt 0.245785 0.429841
vt 0.255785 0.429850
vt 0.255765 0.452430
vt 0.225785 0.429823
vt 0.245785 0.429841
vt 0.285785 0.429877
vt 0.265785 0.429859
vt 0.285775 0.407257
vt 0.265785 0.429859
vt 0.265775 0.407266
vt 0.285775 0.407257
vt 0.265785 0.429859
vt 0.255785 0.429850
vt 0.265775 0.407266
vt 0.255785 0.429850
vt 0.255775 0.407270
vt 0.265775 0.407266
vt 0.255785 0.429850
vt 0.245775 0.407274
vt 0.255775 0.407270
vt 0.245785 0.429841
vt 0.245775 0.407274
vt 0.255785 0.429850
vt 0.245785 0.429841
vt 0.225775 0.407283
vt 0.245775 0.407274
vt 0.225785 0.429823
vt 0.225775 0.407283
vt 0.245785 0.429841
vt 0.285775 0.407257
vt 0.265775 0.407266
vt 0.285690 0.384577
vt 0.265775 0.407266
vt 0.265690 0.384652
vt 0.285690 0.384577
vt 0.265775 0.407266
vt 0.255775 0.407270
vt 0.265690 0.384652
vt 0.255775 0.407270
vt 0.255690 0.384690
vt 0.265690 0.384652
vt 0.255775 0.407270
vt 0.245690 0.384728
vt 0.255690 0.384690
vt 0.245775 0.407274
vt 0.245690 0.384728
vt 0.255775 0.407270
vt 0.245775 0.407274
vt 0.225690 0.384803
vt 0.245690 0.384728
vt 0.225775 0.407283
vt 0.225690 0.384803
vt 0.245775 0.407274
vt 0.285690 0.384577
vt 0.265690 0.384652
vt 0.286039 0.375972
vt 0.265690 0.384652
vt 0.266053 0.375221
vt 0.286039 0.375972
vt 0.265690 0.384652
vt 0.255690 0.384690
vt 0.266053 0.375221
vt 0.255690 0.384690
vt 0.256060 0.374845
vt 0.266053 0.375221
vt 0.255690 0.384690
vt 0.246067 0.374469
vt 0.256060 0.374845
vt 0.245690 0.384728
vt 0.246067 0.374469
vt 0.255690 0.384690
vt 0.245690 0.384728
vt 0.226081 0.373718
vt 0.246067 0.374469
vt 0.225690 0.384803
vt 0.226081 0.373718
vt 0.245690 0.384728
vt 0.286039 0.375972
vt 0.266053 0.375221
vt 0.287077 0.369125
vt 0.266053 0.375221
vt 0.267249 0.366505
vt 0.287077 0.369125
vt 0.266053 0.375221
vt 0.256060 0.374845
vt 0.267249 0.366505
vt 0.256060 0.374845
vt 0.257335 0.365195
vt 0.267249 0.366505
vt 0.256060 0.374845
vt 0.247421 0.363885
vt 0.257335 0.365195
vt 0.246067 0.374469
vt 0.247421 0.363885
vt 0.256060 0.374845
vt 0.246067 0.374469
vt 0.227593 0.361265
vt 0.247421 0.363885
vt 0.226081 0.373718
vt 0.227593 0.361265
vt 0.246067 0.374469
vt 0.287077 0.369125
vt 0.267249 0.366505
vt 0.288771 0.362731
vt 0.267249 0.366505
vt 0.269320 0.358077
vt 0.288771 0.362731
vt 0.267249 0.366505
vt 0.257335 0.365195
vt 0.269320 0.358077
vt 0.257335 0.365195
vt 0.259595 0.355750
vt 0.269320 0.358077
vt 0.257335 0.365195
vt 0.249870 0.353423
vt 0.259595 0.355750
vt 0.247421 0.363885
vt 0.249870 0.353423
vt 0.257335 0.365195
vt 0.247421 0.363885
vt 0.230419 0.348769
vt 0.249870 0.353423
vt 0.227593 0.361265
vt 0.230419 0.348769
vt 0.247421 0.363885
vt 0.288771 0.362731
vt 0.269320 0.358077
vt 0.291143 0.356684
vt 0.269320 0.358077
vt 0.272324 0.349911
vt 0.291143 0.356684
vt 0.269320 0.358077
vt 0.259595 0.355750
vt 0.272324 0.349911
vt 0.259595 0.355750
vt 0.262915 0.346525
vt 0.272324 0.349911
vt 0.259595 0.355750
vt 0.253506 0.343139
vt 0.262915 0.346525
vt 0.249870 0.353423
vt 0.253506 0.343139
vt 0.259595 0.355750
vt 0.249870 0.353423
vt 0.234687 0.336366
vt 0.253506 0.343139
vt 0.230419 0.348769
vt 0.234687 0.336366
vt 0.249870 0.353423
vt 0.291143 0.356684
vt 0.272324 0.349911
vt 0.292336 0.355717
vt 0.272324 0.349911
vt 0.275125 0.345529
vt 0.292336 0.355717
vt 0.272324 0.349911
vt 0.262915 0.346525
vt 0.275125 0.345529
vt 0.262915 0.346525
vt 0.266520 0.340435
vt 0.275125 0.345529
vt 0.262915 0.346525
vt 0.257915 0.335341
vt 0.266520 0.340435
vt 0.253506 0.343139
vt 0.257915 0.335341
vt 0.262915 0.346525
vt 0.253506 0.343139
vt 0.240704 0.325153
vt 0.257915 0.335341
vt 0.234687 0.336366
vt 0.240704 0.325153
vt 0.253506 0.343139
vt 0.292336 0.355717
vt 0.275125 0.345529
vt 0.291609 0.358145
vt 0.275125 0.345529
vt 0.278113 0.343385
vt 0.291609 0.358145
vt 0.275125 0.345529
vt 0.266520 0.340435
vt 0.278113 0.343385
vt 0.266520 0.340435
vt 0.271365 0.336005
vt 0.278113 0.343385
vt 0.266520 0.340435
vt 0.264617 0.328625
vt 0.271365 0.336005
vt 0.257915 0.335341
vt 0.264617 0.328625
vt 0.266520 0.340435
vt 0.257915 0.335341
vt 0.251121 0.313865
vt 0.264617 0.328625
vt 0.240704 0.325153
vt 0.251121 0.313865
vt 0.257915 0.335341
vt 0.291609 0.358145
vt 0.278113 0.343385
vt 0.289757 0.360589
vt 0.278113 0.343385
vt 0.281456 0.342393
vt 0.289757 0.360589
vt 0.278113 0.343385
vt 0.271365 0.336005
vt 0.281456 0.342393
vt 0.271365 0.336005
vt 0.277305 0.333295
vt 0.281456 0.342393
vt 0.271365 0.336005
vt 0.273154 0.324197
vt 0.277305 0.333295
vt 0.264617 0.328625
vt 0.273154 0.324197
vt 0.271365 0.336005
vt 0.264617 0.328625
vt 0.264853 0.306001
vt 0.273154 0.324197
vt 0.251121 0.313865
vt 0.264853 0.306001
vt 0.264617 0.328625
vt 0.289757 0.360589
vt 0.281456 0.342393
vt 0.288227 0.362087
vt 0.281456 0.342393
vt 0.285536 0.342269
vt 0.288227 0.362087
vt 0.281456 0.342393
vt 0.277305 0.333295
vt 0.285536 0.342269
vt 0.277305 0.333295
vt 0.284190 0.332360
vt 0.285536 0.342269
vt 0.277305 0.333295
vt 0.282844 0.322451
vt 0.284190 0.332360
vt 0.273154 0.324197
vt 0.282844 0.322451
vt 0.277305 0.333295
vt 0.273154 0.324197
vt 0.280153 0.302633
vt 0.282844 0.322451
vt 0.264853 0.306001
vt 0.280153 0.302633
vt 0.273154 0.324197
vt 0.288227 0.362087
vt 0.285536 0.342269
vt 0.291985 0.362696
vt 0.285536 0.342269
vt 0.292785 0.342712
vt 0.291985 0.362696
vt 0.285536 0.342269
vt 0.284190 0.332360
vt 0.292785 0.342712
vt 0.284190 0.332360
vt 0.293185 0.332720
vt 0.292785 0.342712
vt 0.284190 0.332360
vt 0.293585 0.322728
vt 0.293185 0.332720
vt 0.282844 0.322451
vt 0.293585 0.322728
vt 0.284190 0.332360
vt 0.282844 0.322451
vt 0.294385 0.302744
vt 0.293585 0.322728
vt 0.280153 0.302633
vt 0.294385 0.302744
vt 0.282844 0.322451
vt 0.291985 0.362696
vt 0.292785 0.342712
vt 0.298168 0.363634
vt 0.292785 0.342712
vt 0.300776 0.343805
vt 0.298168 0.363634
vt 0.292785 0.342712
vt 0.293185 0.332720
vt 0.300776 0.343805
vt 0.293185 0.332720
vt 0.302080 0.333890
vt 0.300776 0.343805
vt 0.293185 0.332720
vt 0.303384 0.323975
vt 0.302080 0.333890
vt 0.293585 0.322728
vt 0.303384 0.323975
vt 0.293185 0.332720
vt 0.293585 0.322728
vt 0.305992 0.304146
vt 0.303384 0.323975
vt 0.294385 0.302744
vt 0.305992 0.304146
vt 0.293585 0.322728
vt 0.298168 0.363634
vt 0.300776 0.343805
vt 0.304060 0.365148
vt 0.300776 0.343805
vt 0.308583 0.345666
vt 0.304060 0.365148
vt 0.300776 0.343805
vt 0.302080 0.333890
vt 0.308583 0.345666
vt 0.302080 0.333890
vt 0.310845 0.335925
vt 0.308583 0.345666
vt 0.302080 0.333890
vt 0.313107 0.326184
vt 0.310845 0.335925
vt 0.303384 0.323975
vt 0.313107 0.326184
vt 0.302080 0.333890
vt 0.303384 0.323975
vt 0.317630 0.306702
vt 0.313107 0.326184
vt 0.305992 0.304146
vt 0.317630 0.306702
vt 0.303384 0.323975
vt 0.304060 0.365148
vt 0.308583 0.345666
vt 0.309706 0.367254
vt 0.308583 0.345666
vt 0.316202 0.348338
vt 0.309706 0.367254
vt 0.308583 0.345666
vt 0.310845 0.335925
vt 0.316202 0.348338
vt 0.310845 0.335925
vt 0.319450 0.338880
vt 0.316202 0.348338
vt 0.310845 0.335925
vt 0.322698 0.329422
vt 0.319450 0.338880
vt 0.313107 0.326184
vt 0.322698 0.329422
vt 0.310845 0.335925
vt 0.313107 0.326184
vt 0.329194 0.310506
vt 0.322698 0.329422
vt 0.317630 0.306702
vt 0.329194 0.310506
vt 0.313107 0.326184
vt 0.309706 0.367254
vt 0.316202 0.348338
vt 0.322352 0.372309
vt 0.316202 0.348338
vt 0.329731 0.353720
vt 0.322352 0.372309
vt 0.316202 0.348338
vt 0.319450 0.338880
vt 0.329731 0.353720
vt 0.319450 0.338880
vt 0.333420 0.344425
vt 0.329731 0.353720
vt 0.319450 0.338880
vt 0.337109 0.335130
vt 0.333420 0.344425
vt 0.322698 0.329422
vt 0.337109 0.335130
vt 0.319450 0.338880
vt 0.322698 0.329422
vt 0.344488 0.316541
vt 0.337109 0.335130
vt 0.329194 0.310506
vt 0.344488 0.316541
vt 0.322698 0.329422
vt 0.322352 0.372309
vt 0.329731 0.353720
vt 0.336528 0.377836
vt 0.329731 0.353720
vt 0.343793 0.359202
vt 0.336528 0.377836
vt 0.329731 0.353720
vt 0.333420 0.344425
vt 0.343793 0.359202
vt 0.333420 0.344425
vt 0.347425 0.349885
vt 0.343793 0.359202
vt 0.333420 0.344425
vt 0.351057 0.340568
vt 0.347425 0.349885
vt 0.337109 0.335130
vt 0.351057 0.340568
vt 0.333420 0.344425
vt 0.337109 0.335130
vt 0.358322 0.321934
vt 0.351057 0.340568
vt 0.344488 0.316541
vt 0.358322 0.321934
vt 0.337109 0.335130
vt 0.336528 0.377836
vt 0.343793 0.359202
vt 0.350516 0.383296
vt 0.343793 0.359202
vt 0.357789 0.364665
vt 0.350516 0.383296
vt 0.343793 0.359202
vt 0.347425 0.349885
vt 0.357789 0.364665
vt 0.347425 0.349885
vt 0.361425 0.355350
vt 0.357789 0.364665
vt 0.347425 0.349885
vt 0.365061 0.346035
vt 0.361425 0.355350
vt 0.351057 0.340568
vt 0.365061 0.346035
vt 0.347425 0.349885
vt 0.351057 0.340568
vt 0.372334 0.327404
vt 0.365061 0.346035
vt 0.358322 0.321934
vt 0.372334 0.327404
vt 0.351057 0.340568
vt 0.350516 0.383296
vt 0.357789 0.364665
vt 0.364276 0.388782
vt 0.357789 0.364665
vt 0.371682 0.370204
vt 0.364276 0.388782
vt 0.357789 0.364665
vt 0.361425 0.355350
vt 0.371682 0.370204
vt 0.361425 0.355350
vt 0.375385 0.360915
vt 0.371682 0.370204
vt 0.361425 0.355350
vt 0.379088 0.351626
vt 0.375385 0.360915
vt 0.365061 0.346035
vt 0.379088 0.351626
vt 0.361425 0.355350
vt 0.365061 0.346035
vt 0.386494 0.333048
vt 0.379088 0.351626
vt 0.372334 0.327404
vt 0.386494 0.333048
vt 0.365061 0.346035
vt 0.364276 0.388782
vt 0.371682 0.370204
vt 0.375700 0.393519
vt 0.371682 0.370204
vt 0.383357 0.375043
vt 0.375700 0.393519
vt 0.371682 0.370204
vt 0.375385 0.360915
vt 0.383357 0.375043
vt 0.375385 0.360915
vt 0.387185 0.365805
vt 0.383357 0.375043
vt 0.375385 0.360915
vt 0.391013 0.356567
vt 0.387185 0.365805
vt 0.379088 0.351626
vt 0.391013 0.356567
vt 0.375385 0.360915
vt 0.379088 0.351626
vt 0.398670 0.338090
vt 0.391013 0.356567
vt 0.386494 0.333048
vt 0.398670 0.338090
vt 0.379088 0.351626
vt 0.375700 0.393519
vt 0.383357 0.375043
vt 0.387198 0.398411
vt 0.383357 0.375043
vt 0.395026 0.380007
vt 0.387198 0.398411
vt 0.383357 0.375043
vt 0.387185 0.365805
vt 0.395026 0.380007
vt 0.387185 0.365805
vt 0.398940 0.370805
vt 0.395026 0.380007
vt 0.387185 0.365805
vt 0.402854 0.361603
vt 0.398940 0.370805
vt 0.391013 0.356567
vt 0.402854 0.361603
vt 0.387185 0.365805
vt 0.391013 0.356567
vt 0.410682 0.343199
vt 0.402854 0.361603
vt 0.398670 0.338090
vt 0.410682 0.343199
vt 0.391013 0.356567
vt 0.387198 0.398411
vt 0.395026 0.380007
vt 0.398963 0.403411
vt 0.395026 0.380007
vt 0.406784 0.385003
vt 0.398963 0.403411
vt 0.395026 0.380007
vt 0.398940 0.370805
vt 0.406784 0.385003
vt 0.398940 0.370805
vt 0.410695 0.375800
vt 0.406784 0.385003
vt 0.398940 0.370805
vt 0.414606 0.366596
vt 0.410695 0.375800
vt 0.402854 0.361603
vt 0.414606 0.366596
vt 0.398940 0.370805
vt 0.402854 0.361603
vt 0.422427 0.348189
vt 0.414606 0.366596
vt 0.410682 0.343199
vt 0.422427 0.348189
vt 0.402854 0.361603
vt 0.398963 0.403411
vt 0.406784 0.385003
vt 0.411020 0.408404
vt 0.406784 0.385003
vt 0.418670 0.389924
vt 0.411020 0.408404
vt 0.406784 0.385003
vt 0.410695 0.375800
vt 0.418670 0.389924
vt 0.410695 0.375800
vt 0.422495 0.380685
vt 0.418670 0.389924
vt 0.410695 0.375800
vt 0.426320 0.371445
vt 0.422495 0.380685
vt 0.414606 0.366596
vt 0.426320 0.371445
vt 0.410695 0.375800
vt 0.414606 0.366596
vt 0.433970 0.352966
vt 0.426320 0.371445
vt 0.422427 0.348189
vt 0.433970 0.352966
vt 0.414606 0.366596
vt 0.411020 0.408404
vt 0.418670 0.389924
vt 0.416100 0.410335
vt 0.418670 0.389924
vt 0.423157 0.391622
vt 0.416100 0.410335
vt 0.418670 0.389924
vt 0.422495 0.380685
vt 0.423157 0.391622
vt 0.422495 0.380685
vt 0.426685 0.382265
vt 0.423157 0.391622
vt 0.422495 0.380685
vt 0.430213 0.372908
vt 0.426685 0.382265
vt 0.426320 0.371445
vt 0.430213 0.372908
vt 0.422495 0.380685
vt 0.426320 0.371445
vt 0.437270 0.354194
vt 0.430213 0.372908
vt 0.433970 0.352966
vt 0.437270 0.354194
vt 0.426320 0.371445
vt 0.416100 0.410335
vt 0.423157 0.391622
vt 0.421864 0.412215
vt 0.423157 0.391622
vt 0.427935 0.393158
vt 0.421864 0.412215
vt 0.423157 0.391622
vt 0.426685 0.382265
vt 0.427935 0.393158
vt 0.426685 0.382265
vt 0.430970 0.383630
vt 0.427935 0.393158
vt 0.426685 0.382265
vt 0.434005 0.374102
vt 0.430970 0.383630
vt 0.430213 0.372908
vt 0.434005 0.374102
vt 0.426685 0.382265
vt 0.430213 0.372908
vt 0.440076 0.355045
vt 0.434005 0.374102
vt 0.437270 0.354194
vt 0.440076 0.355045
vt 0.430213 0.372908
vt 0.421864 0.412215
vt 0.427935 0.393158
vt 0.427921 0.413809
vt 0.427935 0.393158
vt 0.432850 0.394426
vt 0.427921 0.413809
vt 0.427935 0.393158
vt 0.430970 0.383630
vt 0.432850 0.394426
vt 0.430970 0.383630
vt 0.435315 0.384735
vt 0.432850 0.394426
vt 0.430970 0.383630
vt 0.437780 0.375043
vt 0.435315 0.384735
vt 0.434005 0.374102
vt 0.437780 0.375043
vt 0.430970 0.383630
vt 0.434005 0.374102
vt 0.442709 0.355660
vt 0.437780 0.375043
vt 0.440076 0.355045
vt 0.442709 0.355660
vt 0.434005 0.374102
vt 0.427921 0.413809
vt 0.432850 0.394426
vt 0.434272 0.415046
vt 0.432850 0.394426
vt 0.437887 0.395375
vt 0.434272 0.415046
vt 0.432850 0.394426
vt 0.435315 0.384735
vt 0.437887 0.395375
vt 0.435315 0.384735
vt 0.439695 0.385540
vt 0.437887 0.395375
vt 0.435315 0.384735
vt 0.441503 0.375705
vt 0.439695 0.385540
vt 0.437780 0.375043
vt 0.441503 0.375705
vt 0.435315 0.384735
vt 0.437780 0.375043
vt 0.445118 0.356034
vt 0.441503 0.375705
vt 0.442709 0.355660
vt 0.445118 0.356034
vt 0.437780 0.375043
vt 0.434272 0.415046
vt 0.437887 0.395375
vt 0.445869 0.414950
vt 0.437887 0.395375
vt 0.442913 0.395170
vt 0.445869 0.414950
vt 0.437887 0.395375
vt 0.439695 0.385540
vt 0.442913 0.395170
vt 0.439695 0.385540
vt 0.441435 0.385280
vt 0.442913 0.395170
vt 0.439695 0.385540
vt 0.439957 0.375390
vt 0.441435 0.385280
vt 0.441503 0.375705
vt 0.439957 0.375390
vt 0.439695 0.385540
vt 0.441503 0.375705
vt 0.437001 0.355609
vt 0.439957 0.375390
vt 0.445118 0.356034
vt 0.437001 0.355609
vt 0.441503 0.375705
vt 0.445869 0.414950
vt 0.442913 0.395170
vt 0.457700 0.410579
vt 0.442913 0.395170
vt 0.448107 0.393030
vt 0.457700 0.410579
vt 0.442913 0.395170
vt 0.441435 0.385280
vt 0.448107 0.393030
vt 0.441435 0.385280
vt 0.443310 0.384255
vt 0.448107 0.393030
vt 0.441435 0.385280
vt 0.438513 0.375480
vt 0.443310 0.384255
vt 0.439957 0.375390
vt 0.438513 0.375480
vt 0.441435 0.385280
vt 0.439957 0.375390
vt 0.428920 0.357931
vt 0.438513 0.375480
vt 0.437001 0.355609
vt 0.428920 0.357931
vt 0.439957 0.375390
vt 0.457700 0.410579
vt 0.448107 0.393030
vt 0.463929 0.406170
vt 0.448107 0.393030
vt 0.451393 0.390587
vt 0.463929 0.406170
vt 0.448107 0.393030
vt 0.443310 0.384255
vt 0.451393 0.390587
vt 0.443310 0.384255
vt 0.445125 0.382795
vt 0.451393 0.390587
vt 0.443310 0.384255
vt 0.438857 0.375003
vt 0.445125 0.382795
vt 0.438513 0.375480
vt 0.438857 0.375003
vt 0.443310 0.384255
vt 0.438513 0.375480
vt 0.426321 0.359420
vt 0.438857 0.375003
vt 0.428920 0.357931
vt 0.426321 0.359420
vt 0.438513 0.375480
vt 0.463929 0.406170
vt 0.451393 0.390587
vt 0.467903 0.402443
vt 0.451393 0.390587
vt 0.453761 0.388301
vt 0.467903 0.402443
vt 0.451393 0.390587
vt 0.445125 0.382795
vt 0.453761 0.388301
vt 0.445125 0.382795
vt 0.446690 0.381230
vt 0.453761 0.388301
vt 0.445125 0.382795
vt 0.439619 0.374159
vt 0.446690 0.381230
vt 0.438857 0.375003
vt 0.439619 0.374159
vt 0.445125 0.382795
vt 0.438857 0.375003
vt 0.425477 0.360016
vt 0.439619 0.374159
vt 0.426321 0.359420
vt 0.425477 0.360016
vt 0.438857 0.375003
vt 0.467903 0.402443
vt 0.453761 0.388301
vt 0.475055 0.391060
vt 0.453761 0.388301
vt 0.456412 0.383820
vt 0.475055 0.391060
vt 0.453761 0.388301
vt 0.446690 0.381230
vt 0.456412 0.383820
vt 0.446690 0.381230
vt 0.447090 0.380200
vt 0.456412 0.383820
vt 0.446690 0.381230
vt 0.437768 0.376580
vt 0.447090 0.380200
vt 0.439619 0.374159
vt 0.437768 0.376580
vt 0.446690 0.381230
vt 0.439619 0.374159
vt 0.419125 0.369340
vt 0.437768 0.376580
vt 0.425477 0.360016
vt 0.419125 0.369340
vt 0.439619 0.374159
vt 0.475055 0.391060
vt 0.456412 0.383820
vt 0.477073 0.378427
vt 0.456412 0.383820
vt 0.457074 0.378632
vt 0.477073 0.378427
vt 0.456412 0.383820
vt 0.447090 0.380200
vt 0.457074 0.378632
vt 0.447090 0.380200
vt 0.447075 0.378735
vt 0.457074 0.378632
vt 0.447090 0.380200
vt 0.437075 0.378838
vt 0.447075 0.378735
vt 0.437768 0.376580
vt 0.437075 0.378838
vt 0.447090 0.380200
vt 0.437768 0.376580
vt 0.417076 0.379043
vt 0.437075 0.378838
vt 0.419125 0.369340
vt 0.417076 0.379043
vt 0.437768 0.376580
vt 0.477073 0.378427
vt 0.457074 0.378632
vt 0.476075 0.370891
vt 0.457074 0.378632
vt 0.456518 0.375077
vt 0.476075 0.370891
vt 0.457074 0.378632
vt 0.447075 0.378735
vt 0.456518 0.375077
vt 0.447075 0.378735
vt 0.446740 0.377170
vt 0.456518 0.375077
vt 0.447075 0.378735
vt 0.436961 0.379263
vt 0.446740 0.377170
vt 0.437075 0.378838
vt 0.436961 0.379263
vt 0.447075 0.378735
vt 0.437075 0.378838
vt 0.417404 0.383449
vt 0.436961 0.379263
vt 0.417076 0.379043
vt 0.417404 0.383449
vt 0.437075 0.378838
vt 0.476075 0.370891
vt 0.456518 0.375077
vt 0.473728 0.363990
vt 0.456518 0.375077
vt 0.455356 0.371893
vt 0.473728 0.363990
vt 0.456518 0.375077
vt 0.446740 0.377170
vt 0.455356 0.371893
vt 0.446740 0.377170
vt 0.446170 0.375845
vt 0.455356 0.371893
vt 0.446740 0.377170
vt 0.436984 0.379797
vt 0.446170 0.375845
vt 0.436961 0.379263
vt 0.436984 0.379797
vt 0.446740 0.377170
vt 0.436961 0.379263
vt 0.418612 0.387700
vt 0.436984 0.379797
vt 0.417404 0.383449
vt 0.418612 0.387700
vt 0.436961 0.379263
vt 0.473728 0.363990
vt 0.455356 0.371893
vt 0.469814 0.357245
vt 0.455356 0.371893
vt 0.453221 0.368412
vt 0.469814 0.357245
vt 0.455356 0.371893
vt 0.446170 0.375845
vt 0.453221 0.368412
vt 0.446170 0.375845
vt 0.444925 0.373995
vt 0.453221 0.368412
vt 0.446170 0.375845
vt 0.436629 0.379578
vt 0.444925 0.373995
vt 0.436984 0.379797
vt 0.436629 0.379578
vt 0.446170 0.375845
vt 0.436984 0.379797
vt 0.420036 0.390745
vt 0.436629 0.379578
vt 0.418612 0.387700
vt 0.420036 0.390745
vt 0.436984 0.379797
vt 0.469814 0.357245
vt 0.453221 0.368412
vt 0.466801 0.353342
vt 0.453221 0.368412
vt 0.451270 0.365944
vt 0.466801 0.353342
vt 0.453221 0.368412
vt 0.444925 0.373995
vt 0.451270 0.365944
vt 0.444925 0.373995
vt 0.443505 0.372245
vt 0.451270 0.365944
vt 0.444925 0.373995
vt 0.435740 0.378546
vt 0.443505 0.372245
vt 0.436629 0.379578
vt 0.435740 0.378546
vt 0.444925 0.373995
vt 0.436629 0.379578
vt 0.420209 0.391148
vt 0.435740 0.378546
vt 0.420036 0.390745
vt 0.420209 0.391148
vt 0.436629 0.379578
vt 0.466801 0.353342
vt 0.451270 0.365944
vt 0.463890 0.350118
vt 0.451270 0.365944
vt 0.449270 0.363766
vt 0.463890 0.350118
vt 0.451270 0.365944
vt 0.443505 0.372245
vt 0.449270 0.363766
vt 0.443505 0.372245
vt 0.441960 0.370590
vt 0.449270 0.363766
vt 0.443505 0.372245
vt 0.434650 0.377414
vt 0.441960 0.370590
vt 0.435740 0.378546
vt 0.434650 0.377414
vt 0.443505 0.372245
vt 0.435740 0.378546
vt 0.420030 0.391062
vt 0.434650 0.377414
vt 0.420209 0.391148
vt 0.420030 0.391062
vt 0.435740 0.378546
vt 0.463890 0.350118
vt 0.449270 0.363766
vt 0.461111 0.347388
vt 0.449270 0.363766
vt 0.447260 0.361816
vt 0.461111 0.347388
vt 0.449270 0.363766
vt 0.441960 0.370590
vt 0.447260 0.361816
vt 0.441960 0.370590
vt 0.440335 0.369030
vt 0.447260 0.361816
vt 0.441960 0.370590
vt 0.433410 0.376244
vt 0.440335 0.369030
vt 0.434650 0.377414
vt 0.433410 0.376244
vt 0.441960 0.370590
vt 0.434650 0.377414
vt 0.419559 0.390672
vt 0.433410 0.376244
vt 0.420030 0.391062
vt 0.419559 0.390672
vt 0.434650 0.377414
vt 0.461111 0.347388
vt 0.447260 0.361816
vt 0.443354 0.332029
vt 0.447260 0.361816
vt 0.430298 0.347180
vt 0.443354 0.332029
vt 0.447260 0.361816
vt 0.440335 0.369030
vt 0.430298 0.347180
vt 0.440335 0.369030
vt 0.423770 0.354755
vt 0.430298 0.347180
vt 0.440335 0.369030
vt 0.417242 0.362330
vt 0.423770 0.354755
vt 0.433410 0.376244
vt 0.417242 0.362330
vt 0.440335 0.369030
vt 0.433410 0.376244
vt 0.404186 0.377481
vt 0.417242 0.362330
vt 0.419559 0.390672
vt 0.404186 0.377481
vt 0.433410 0.376244
vt 0.443354 0.332029
vt 0.430298 0.347180
vt 0.424452 0.317696
vt 0.430298 0.347180
vt 0.412411 0.333665
vt 0.424452 0.317696
vt 0.430298 0.347180
vt 0.423770 0.354755
vt 0.412411 0.333665
vt 0.423770 0.354755
vt 0.406390 0.341650
vt 0.412411 0.333665
vt 0.423770 0.354755
vt 0.400369 0.349635
vt 0.406390 0.341650
vt 0.417242 0.362330
vt 0.400369 0.349635
vt 0.423770 0.354755
vt 0.417242 0.362330
vt 0.388328 0.365604
vt 0.400369 0.349635
vt 0.404186 0.377481
vt 0.388328 0.365604
vt 0.417242 0.362330
vt 0.424452 0.317696
vt 0.412411 0.333665
vt 0.404344 0.304649
vt 0.412411 0.333665
vt 0.393515 0.321463
vt 0.404344 0.304649
vt 0.412411 0.333665
vt 0.406390 0.341650
vt 0.393515 0.321463
vt 0.406390 0.341650
vt 0.388100 0.329870
vt 0.393515 0.321463
vt 0.406390 0.341650
vt 0.382685 0.338277
vt 0.388100 0.329870
vt 0.400369 0.349635
vt 0.382685 0.338277
vt 0.406390 0.341650
vt 0.400369 0.349635
vt 0.371856 0.355091
vt 0.382685 0.338277
vt 0.388328 0.365604
vt 0.371856 0.355091
vt 0.400369 0.349635
vt 0.404344 0.304649
vt 0.393515 0.321463
vt 0.382933 0.293105
vt 0.393515 0.321463
vt 0.373514 0.310748
vt 0.382933 0.293105
vt 0.393515 0.321463
vt 0.388100 0.329870
vt 0.373514 0.310748
vt 0.388100 0.329870
vt 0.368805 0.319570
vt 0.373514 0.310748
vt 0.388100 0.329870
vt 0.364096 0.328392
vt 0.368805 0.319570
vt 0.382685 0.338277
vt 0.364096 0.328392
vt 0.388100 0.329870
vt 0.382685 0.338277
vt 0.354677 0.346035
vt 0.364096 0.328392
vt 0.371856 0.355091
vt 0.354677 0.346035
vt 0.382685 0.338277
vt 0.382933 0.293105
vt 0.373514 0.310748
vt 0.354573 0.279546
vt 0.373514 0.310748
vt 0.345964 0.297599
vt 0.354573 0.279546
vt 0.373514 0.310748
vt 0.368805 0.319570
vt 0.345964 0.297599
vt 0.368805 0.319570
vt 0.341660 0.306625
vt 0.345964 0.297599
vt 0.368805 0.319570
vt 0.337355 0.315651
vt 0.341660 0.306625
vt 0.364096 0.328392
vt 0.337355 0.315651
vt 0.368805 0.319570
vt 0.364096 0.328392
vt 0.328747 0.333704
vt 0.337355 0.315651
vt 0.354677 0.346035
vt 0.328747 0.333704
vt 0.364096 0.328392
vt 0.354573 0.279546
vt 0.345964 0.297599
vt 0.327323 0.266638
vt 0.345964 0.297599
vt 0.318761 0.284713
vt 0.327323 0.266638
vt 0.345964 0.297599
vt 0.341660 0.306625
vt 0.318761 0.284713
vt 0.341660 0.306625
vt 0.314480 0.293750
vt 0.318761 0.284713
vt 0.341660 0.306625
vt 0.310199 0.302787
vt 0.314480 0.293750
vt 0.337355 0.315651
vt 0.310199 0.302787
vt 0.341660 0.306625
vt 0.337355 0.315651
vt 0.301637 0.320862
vt 0.310199 0.302787
vt 0.328747 0.333704
vt 0.301637 0.320862
vt 0.337355 0.315651
vt 0.327323 0.266638
vt 0.318761 0.284713
vt 0.300154 0.253761
vt 0.318761 0.284713
vt 0.291588 0.271834
vt 0.300154 0.253761
vt 0.318761 0.284713
vt 0.314480 0.293750
vt 0.291588 0.271834
vt 0.314480 0.293750
vt 0.287305 0.280870
vt 0.291588 0.271834
vt 0.314480 0.293750
vt 0.283022 0.289906
vt 0.287305 0.280870
vt 0.310199 0.302787
vt 0.283022 0.289906
vt 0.314480 0.293750
vt 0.310199 0.302787
vt 0.274456 0.307979
vt 0.283022 0.289906
vt 0.301637 0.320862
vt 0.274456 0.307979
vt 0.310199 0.302787
vt 0.300154 0.253761
vt 0.291588 0.271834
vt 0.273103 0.240836
vt 0.291588 0.271834
vt 0.264481 0.258882
vt 0.273103 0.240836
vt 0.291588 0.271834
vt 0.287305 0.280870
vt 0.264481 0.258882
vt 0.287305 0.280870
vt 0.260170 0.267905
vt 0.264481 0.258882
vt 0.287305 0.280870
vt 0.255859 0.276928
vt 0.260170 0.267905
vt 0.283022 0.289906
vt 0.255859 0.276928
vt 0.287305 0.280870
vt 0.283022 0.289906
vt 0.247237 0.294974
vt 0.255859 0.276928
vt 0.274456 0.307979
vt 0.247237 0.294974
vt 0.283022 0.289906
vt 0.273103 0.240836
vt 0.264481 0.258882
vt 0.263531 0.236526
vt 0.264481 0.258882
vt 0.255334 0.254769
vt 0.263531 0.236526
vt 0.264481 0.258882
vt 0.260170 0.267905
vt 0.255334 0.254769
vt 0.260170 0.267905
vt 0.251235 0.263890
vt 0.255334 0.254769
vt 0.260170 0.267905
vt 0.247136 0.273011
vt 0.251235 0.263890
vt 0.255859 0.276928
vt 0.247136 0.273011
vt 0.260170 0.267905
vt 0.255859 0.276928
vt 0.238939 0.291254
vt 0.247136 0.273011
vt 0.247237 0.294974
vt 0.238939 0.291254
vt 0.255859 0.276928
vt 0.263531 0.236526
vt 0.255334 0.254769
vt 0.252911 0.232393
vt 0.255334 0.254769
vt 0.245734 0.251061
vt 0.252911 0.232393
vt 0.255334 0.254769
vt 0.251235 0.263890
vt 0.245734 0.251061
vt 0.251235 0.263890
vt 0.242145 0.260395
vt 0.245734 0.251061
vt 0.251235 0.263890
vt 0.238556 0.269729
vt 0.242145 0.260395
vt 0.247136 0.273011
vt 0.238556 0.269729
vt 0.251235 0.263890
vt 0.247136 0.273011
vt 0.231379 0.288397
vt 0.238556 0.269729
vt 0.238939 0.291254
vt 0.231379 0.288397
vt 0.247136 0.273011
vt 0.252911 0.232393
vt 0.245734 0.251061
vt 0.241991 0.228855
vt 0.245734 0.251061
vt 0.235910 0.247908
vt 0.241991 0.228855
vt 0.245734 0.251061
vt 0.242145 0.260395
vt 0.235910 0.247908
vt 0.242145 0.260395
vt 0.232870 0.257435
vt 0.235910 0.247908
vt 0.242145 0.260395
vt 0.229830 0.266962
vt 0.232870 0.257435
vt 0.238556 0.269729
vt 0.229830 0.266962
vt 0.242145 0.260395
vt 0.238556 0.269729
vt 0.223749 0.286015
vt 0.229830 0.266962
vt 0.231379 0.288397
vt 0.223749 0.286015
vt 0.238556 0.269729
vt 0.241991 0.228855
vt 0.235910 0.247908
vt 0.230750 0.225949
vt 0.235910 0.247908
vt 0.225837 0.245336
vt 0.230750 0.225949
vt 0.235910 0.247908
vt 0.232870 0.257435
vt 0.225837 0.245336
vt 0.232870 0.257435
vt 0.223380 0.255030
vt 0.225837 0.245336
vt 0.232870 0.257435
vt 0.220923 0.264724
vt 0.223380 0.255030
vt 0.229830 0.266962
vt 0.220923 0.264724
vt 0.232870 0.257435
vt 0.229830 0.266962
vt 0.216010 0.284111
vt 0.220923 0.264724
vt 0.223749 0.286015
vt 0.216010 0.284111
vt 0.229830 0.266962
vt 0.230750 0.225949
vt 0.225837 0.245336
vt 0.207626 0.223386
vt 0.225837 0.245336
vt 0.205722 0.243295
vt 0.207626 0.223386
vt 0.225837 0.245336
vt 0.223380 0.255030
vt 0.205722 0.243295
vt 0.223380 0.255030
vt 0.204770 0.253250
vt 0.205722 0.243295
vt 0.223380 0.255030
vt 0.203818 0.263205
vt 0.204770 0.253250
vt 0.220923 0.264724
vt 0.203818 0.263205
vt 0.223380 0.255030
vt 0.220923 0.264724
vt 0.201913 0.283114
vt 0.203818 0.263205
vt 0.216010 0.284111
vt 0.201913 0.283114
vt 0.220923 0.264724
vt 0.207626 0.223386
vt 0.205722 0.243295
vt 0.182474 0.226707
vt 0.205722 0.243295
vt 0.185935 0.246406
vt 0.182474 0.226707
vt 0.205722 0.243295
vt 0.204770 0.253250
vt 0.185935 0.246406
vt 0.204770 0.253250
vt 0.187665 0.256255
vt 0.185935 0.246406
vt 0.204770 0.253250
vt 0.189395 0.266104
vt 0.187665 0.256255
vt 0.203818 0.263205
vt 0.189395 0.266104
vt 0.204770 0.253250
vt 0.203818 0.263205
vt 0.192856 0.285802
vt 0.189395 0.266104
vt 0.201913 0.283114
vt 0.192856 0.285802
vt 0.203818 0.263205
vt 0.182474 0.226707
vt 0.185935 0.246406
vt 0.159076 0.236635
vt 0.185935 0.246406
vt 0.167669 0.254695
vt 0.159076 0.236635
vt 0.185935 0.246406
vt 0.187665 0.256255
vt 0.167669 0.254695
vt 0.187665 0.256255
vt 0.171965 0.263725
vt 0.167669 0.254695
vt 0.187665 0.256255
vt 0.176261 0.272755
vt 0.171965 0.263725
vt 0.189395 0.266104
vt 0.176261 0.272755
vt 0.187665 0.256255
vt 0.189395 0.266104
vt 0.184854 0.290815
vt 0.176261 0.272755
vt 0.192856 0.285802
vt 0.184854 0.290815
vt 0.189395 0.266104
vt 0.159076 0.236635
vt 0.167669 0.254695
vt 0.138740 0.251971
vt 0.167669 0.254695
vt 0.151290 0.267544
vt 0.138740 0.251971
vt 0.167669 0.254695
vt 0.171965 0.263725
vt 0.151290 0.267544
vt 0.171965 0.263725
vt 0.157565 0.275330
vt 0.151290 0.267544
vt 0.171965 0.263725
vt 0.163840 0.283116
vt 0.157565 0.275330
vt 0.176261 0.272755
vt 0.163840 0.283116
vt 0.171965 0.263725
vt 0.176261 0.272755
vt 0.176390 0.298689
vt 0.163840 0.283116
vt 0.184854 0.290815
vt 0.176390 0.298689
vt 0.176261 0.272755
vt 0.138740 0.251971
vt 0.151290 0.267544
vt 0.129699 0.261461
vt 0.151290 0.267544
vt 0.144580 0.274824
vt 0.129699 0.261461
vt 0.151290 0.267544
vt 0.157565 0.275330
vt 0.144580 0.274824
vt 0.157565 0.275330
vt 0.152020 0.281505
vt 0.144580 0.274824
vt 0.157565 0.275330
vt 0.159460 0.288186
vt 0.152020 0.281505
vt 0.163840 0.283116
vt 0.159460 0.288186
vt 0.157565 0.275330
vt 0.163840 0.283116
vt 0.174341 0.301549
vt 0.159460 0.288186
vt 0.176390 0.298689
vt 0.174341 0.301549
vt 0.163840 0.283116
vt 0.129699 0.261461
vt 0.144580 0.274824
vt 0.122813 0.270784
vt 0.144580 0.274824
vt 0.139091 0.282405
vt 0.122813 0.270784
vt 0.144580 0.274824
vt 0.152020 0.281505
vt 0.139091 0.282405
vt 0.152020 0.281505
vt 0.147230 0.288215
vt 0.139091 0.282405
vt 0.152020 0.281505
vt 0.155369 0.294025
vt 0.147230 0.288215
vt 0.159460 0.288186
vt 0.155369 0.294025
vt 0.152020 0.281505
vt 0.159460 0.288186
vt 0.171647 0.305645
vt 0.155369 0.294025
vt 0.174341 0.301549
vt 0.171647 0.305645
vt 0.159460 0.288186
vt 0.122813 0.270784
vt 0.139091 0.282405
vt 0.117159 0.280212
vt 0.139091 0.282405
vt 0.134426 0.290304
vt 0.117159 0.280212
vt 0.139091 0.282405
vt 0.147230 0.288215
vt 0.134426 0.290304
vt 0.147230 0.288215
vt 0.143060 0.295350
vt 0.134426 0.290304
vt 0.147230 0.288215
vt 0.151694 0.300396
vt 0.143060 0.295350
vt 0.155369 0.294025
vt 0.151694 0.300396
vt 0.147230 0.288215
vt 0.155369 0.294025
vt 0.168961 0.310487
vt 0.151694 0.300396
vt 0.171647 0.305645
vt 0.168961 0.310487
vt 0.155369 0.294025
vt 0.117159 0.280212
vt 0.134426 0.290304
vt 0.112482 0.289514
vt 0.134426 0.290304
vt 0.130414 0.298371
vt 0.112482 0.289514
vt 0.134426 0.290304
vt 0.143060 0.295350
vt 0.130414 0.298371
vt 0.143060 0.295350
vt 0.139380 0.302800
vt 0.130414 0.298371
vt 0.143060 0.295350
vt 0.148346 0.307229
vt 0.139380 0.302800
vt 0.151694 0.300396
vt 0.148346 0.307229
vt 0.143060 0.295350
vt 0.151694 0.300396
vt 0.166277 0.316086
vt 0.148346 0.307229
vt 0.168961 0.310487
vt 0.166277 0.316086
vt 0.151694 0.300396
vt 0.112482 0.289514
vt 0.130414 0.298371
vt 0.102872 0.313686
vt 0.130414 0.298371
vt 0.121487 0.320999
vt 0.102872 0.313686
vt 0.130414 0.298371
vt 0.139380 0.302800
vt 0.121487 0.320999
vt 0.139380 0.302800
vt 0.130795 0.324655
vt 0.121487 0.320999
vt 0.139380 0.302800
vt 0.140103 0.328311
vt 0.130795 0.324655
vt 0.148346 0.307229
vt 0.140103 0.328311
vt 0.139380 0.302800
vt 0.148346 0.307229
vt 0.158718 0.335623
vt 0.140103 0.328311
vt 0.166277 0.316086
vt 0.158718 0.335623
vt 0.148346 0.307229
vt 0.102872 0.313686
vt 0.121487 0.320999
vt 0.095926 0.339473
vt 0.121487 0.320999
vt 0.115279 0.344521
vt 0.095926 0.339473
vt 0.121487 0.320999
vt 0.130795 0.324655
vt 0.115279 0.344521
vt 0.130795 0.324655
vt 0.124955 0.347045
vt 0.115279 0.344521
vt 0.130795 0.324655
vt 0.134631 0.349569
vt 0.124955 0.347045
vt 0.140103 0.328311
vt 0.134631 0.349569
vt 0.130795 0.324655
vt 0.140103 0.328311
vt 0.153984 0.354616
vt 0.134631 0.349569
vt 0.158718 0.335623
vt 0.153984 0.354616
vt 0.140103 0.328311
vt 0.095926 0.339473
vt 0.115279 0.344521
vt 0.092200 0.366070
vt 0.115279 0.344521
vt 0.112030 0.368673
vt 0.092200 0.366070
vt 0.115279 0.344521
vt 0.124955 0.347045
vt 0.112030 0.368673
vt 0.124955 0.347045
vt 0.121945 0.369975
vt 0.112030 0.368673
vt 0.124955 0.347045
vt 0.131860 0.371276
vt 0.121945 0.369975
vt 0.134631 0.349569
vt 0.131860 0.371276
vt 0.124955 0.347045
vt 0.134631 0.349569
vt 0.151690 0.373879
vt 0.131860 0.371276
vt 0.153984 0.354616
vt 0.151690 0.373879
vt 0.134631 0.349569
vt 0.092200 0.366070
vt 0.112030 0.368673
vt 0.091860 0.393336
vt 0.112030 0.368673
vt 0.111860 0.393409
vt 0.091860 0.393336
vt 0.112030 0.368673
vt 0.121945 0.369975
vt 0.111860 0.393409
vt 0.121945 0.369975
vt 0.121860 0.393445
vt 0.111860 0.393409
vt 0.121945 0.369975
vt 0.131860 0.393481
vt 0.121860 0.393445
vt 0.131860 0.371276
vt 0.131860 0.393481
vt 0.121945 0.369975
vt 0.131860 0.371276
vt 0.151860 0.393554
vt 0.131860 0.393481
vt 0.151690 0.373879
vt 0.151860 0.393554
vt 0.131860 0.371276
vt 0.091860 0.393336
vt 0.111860 0.393409
vt 0.092407 0.402896
vt 0.111860 0.393409
vt 0.112366 0.401608
vt 0.092407 0.402896
vt 0.111860 0.393409
vt 0.121860 0.393445
vt 0.112366 0.401608
vt 0.121860 0.393445
vt 0.122345 0.400965
vt 0.112366 0.401608
vt 0.121860 0.393445
vt 0.132324 0.400321
vt 0.122345 0.400965
vt 0.131860 0.393481
vt 0.132324 0.400321
vt 0.121860 0.393445
vt 0.131860 0.393481
vt 0.152283 0.399034
vt 0.132324 0.400321
vt 0.151860 0.393554
vt 0.152283 0.399034
vt 0.131860 0.393481
vt 0.092407 0.402896
vt 0.112366 0.401608
vt 0.093133 0.411147
vt 0.112366 0.401608
vt 0.113054 0.409372
vt 0.093133 0.411147
vt 0.112366 0.401608
vt 0.122345 0.400965
vt 0.113054 0.409372
vt 0.122345 0.400965
vt 0.123015 0.408485
vt 0.113054 0.409372
vt 0.122345 0.400965
vt 0.132975 0.407597
vt 0.123015 0.408485
vt 0.132324 0.400321
vt 0.132975 0.407597
vt 0.122345 0.400965
vt 0.132324 0.400321
vt 0.152897 0.405823
vt 0.132975 0.407597
vt 0.152283 0.399034
vt 0.152897 0.405823
vt 0.132324 0.400321
vt 0.093133 0.411147
vt 0.113054 0.409372
vt 0.094273 0.419911
vt 0.113054 0.409372
vt 0.114098 0.417267
vt 0.094273 0.419911
vt 0.113054 0.409372
vt 0.123015 0.408485
vt 0.114098 0.417267
vt 0.123015 0.408485
vt 0.124010 0.415945
vt 0.114098 0.417267
vt 0.123015 0.408485
vt 0.133922 0.414623
vt 0.124010 0.415945
vt 0.132975 0.407597
vt 0.133922 0.414623
vt 0.123015 0.408485
vt 0.132975 0.407597
vt 0.153747 0.411979
vt 0.133922 0.414623
vt 0.152897 0.405823
vt 0.153747 0.411979
vt 0.132975 0.407597
vt 0.094273 0.419911
vt 0.114098 0.417267
vt 0.096046 0.429139
vt 0.114098 0.417267
vt 0.115662 0.425240
vt 0.096046 0.429139
vt 0.114098 0.417267
vt 0.124010 0.415945
vt 0.115662 0.425240
vt 0.124010 0.415945
vt 0.125470 0.423290
vt 0.115662 0.425240
vt 0.124010 0.415945
vt 0.135278 0.421340
vt 0.125470 0.423290
vt 0.133922 0.414623
vt 0.135278 0.421340
vt 0.124010 0.415945
vt 0.133922 0.414623
vt 0.154894 0.417441
vt 0.135278 0.421340
vt 0.153747 0.411979
vt 0.154894 0.417441
vt 0.133922 0.414623
vt 0.096046 0.429139
vt 0.115662 0.425240
vt 0.098530 0.442251
vt 0.115662 0.425240
vt 0.118180 0.438527
vt 0.098530 0.442251
vt 0.115662 0.425240
vt 0.125470 0.423290
vt 0.118180 0.438527
vt 0.125470 0.423290
vt 0.128005 0.436665
vt 0.118180 0.438527
vt 0.125470 0.423290
vt 0.137830 0.434803
vt 0.128005 0.436665
vt 0.135278 0.421340
vt 0.137830 0.434803
vt 0.125470 0.423290
vt 0.135278 0.421340
vt 0.157480 0.431078
vt 0.137830 0.434803
vt 0.154894 0.417441
vt 0.157480 0.431078
vt 0.135278 0.421340
vt 0.098530 0.442251
vt 0.118180 0.438527
vt 0.099573 0.453220
vt 0.118180 0.438527
vt 0.119464 0.451140
vt 0.099573 0.453220
vt 0.118180 0.438527
vt 0.128005 0.436665
vt 0.119464 0.451140
vt 0.128005 0.436665
vt 0.129410 0.450100
vt 0.119464 0.451140
vt 0.128005 0.436665
vt 0.139356 0.449060
vt 0.129410 0.450100
vt 0.137830 0.434803
vt 0.139356 0.449060
vt 0.128005 0.436665
vt 0.137830 0.434803
vt 0.159247 0.446980
vt 0.139356 0.449060
vt 0.157480 0.431078
vt 0.159247 0.446980
vt 0.137830 0.434803
vt 0.099573 0.453220
vt 0.119464 0.451140
vt 0.100029 0.464896
vt 0.119464 0.451140
vt 0.120009 0.464022
vt 0.100029 0.464896
vt 0.119464 0.451140
vt 0.129410 0.450100
vt 0.120009 0.464022
vt 0.129410 0.450100
vt 0.130000 0.463585
vt 0.120009 0.464022
vt 0.129410 0.450100
vt 0.139990 0.463148
vt 0.130000 0.463585
vt 0.139356 0.449060
vt 0.139990 0.463148
vt 0.129410 0.450100
vt 0.139356 0.449060
vt 0.159971 0.462274
vt 0.139990 0.463148
vt 0.159247 0.446980
vt 0.159971 0.462274
vt 0.139356 0.449060
vt 0.100029 0.464896
vt 0.120009 0.464022
vt 0.100091 0.477319
vt 0.120009 0.464022
vt 0.120090 0.477186
vt 0.100091 0.477319
vt 0.120009 0.464022
vt 0.130000 0.463585
vt 0.120090 0.477186
vt 0.130000 0.463585
vt 0.130090 0.477120
vt 0.120090 0.477186
vt 0.130000 0.463585
vt 0.140090 0.477053
vt 0.130090 0.477120
vt 0.139990 0.463148
vt 0.140090 0.477053
vt 0.130000 0.463585
vt 0.139990 0.463148
vt 0.160089 0.476920
vt 0.140090 0.477053
vt 0.159971 0.462274
vt 0.160089 0.476920
vt 0.139990 0.463148
vt 0.100091 0.477319
vt 0.120090 0.477186
vt 0.100060 0.486813
vt 0.120090 0.477186
vt 0.120060 0.486874
vt 0.100060 0.486813
vt 0.120090 0.477186
vt 0.130090 0.477120
vt 0.120060 0.486874
vt 0.130090 0.477120
vt 0.130060 0.486905
vt 0.120060 0.486874
vt 0.130090 0.477120
vt 0.140060 0.486936
vt 0.130060 0.486905
vt 0.140090 0.477053
vt 0.140060 0.486936
vt 0.130090 0.477120
vt 0.140090 0.477053
vt 0.160060 0.486997
vt 0.140060 0.486936
vt 0.160089 0.476920
vt 0.160060 0.486997
vt 0.140090 0.477053
vt 0.100060 0.486813
vt 0.120060 0.486874
vt 0.100020 0.496567
vt 0.120060 0.486874
vt 0.120020 0.496649
vt 0.100020 0.496567
vt 0.120060 0.486874
vt 0.130060 0.486905
vt 0.120020 0.496649
vt 0.130060 0.486905
vt 0.130020 0.496690
vt 0.120020 0.496649
vt 0.130060 0.486905
vt 0.140020 0.496731
vt 0.130020 0.496690
vt 0.140060 0.486936
vt 0.140020 0.496731
vt 0.130060 0.486905
vt 0.140060 0.486936
vt 0.160020 0.496813
vt 0.140020 0.496731
vt 0.160060 0.486997
vt 0.160020 0.496813
vt 0.140060 0.486936
vt 0.100020 0.496567
vt 0.120020 0.496649
vt 0.099941 0.506230
vt 0.120020 0.496649
vt 0.119940 0.506393
vt 0.099941 0.506230
vt 0.120020 0.496649
vt 0.130020 0.496690
vt 0.119940 0.506393
vt 0.130020 0.496690
vt 0.129940 0.506475
vt 0.119940 0.506393
vt 0.130020 0.496690
vt 0.139940 0.506557
vt 0.129940 0.506475
vt 0.140020 0.496731
vt 0.139940 0.506557
vt 0.130020 0.496690
vt 0.140020 0.496731
vt 0.159939 0.506720
vt 0.139940 0.506557
vt 0.160020 0.496813
vt 0.159939 0.506720
vt 0.140020 0.496731
vt 0.099941 0.506230
vt 0.119940 0.506393
vt 0.099784 0.515769
vt 0.119940 0.506393
vt 0.119781 0.516096
vt 0.099784 0.515769
vt 0.119940 0.506393
vt 0.129940 0.506475
vt 0.119781 0.516096
vt 0.129940 0.506475
vt 0.129780 0.516260
vt 0.119781 0.516096
vt 0.129940 0.506475
vt 0.139779 0.516423
vt 0.129780 0.516260
vt 0.139940 0.506557
vt 0.139779 0.516423
vt 0.129940 0.506475
vt 0.139940 0.506557
vt 0.159776 0.516750
vt 0.139779 0.516423
vt 0.159939 0.506720
vt 0.159776 0.516750
vt 0.139940 0.506557
vt 0.099784 0.515769
vt 0.119781 0.516096
vt 0.100012 0.538431
vt 0.119781 0.516096
vt 0.120010 0.538220
vt 0.100012 0.538431
vt 0.119781 0.516096
vt 0.129780 0.516260
vt 0.120010 0.538220
vt 0.129780 0.516260
vt 0.130010 0.538115
vt 0.120010 0.538220
vt 0.129780 0.516260
vt 0.140009 0.538010
vt 0.130010 0.538115
vt 0.139779 0.516423
vt 0.140009 0.538010
vt 0.129780 0.516260
vt 0.139779 0.516423
vt 0.160008 0.537799
vt 0.140009 0.538010
vt 0.159776 0.516750
vt 0.160008 0.537799
vt 0.139779 0.516423
vt 0.100012 0.538431
vt 0.120010 0.538220
vt 0.101494 0.561828
vt 0.120010 0.538220
vt 0.121451 0.560526
vt 0.101494 0.561828
vt 0.120010 0.538220
vt 0.130010 0.538115
vt 0.121451 0.560526
vt 0.130010 0.538115
vt 0.131430 0.559875
vt 0.121451 0.560526
vt 0.130010 0.538115
vt 0.141409 0.559224
vt 0.131430 0.559875
vt 0.140009 0.538010
vt 0.141409 0.559224
vt 0.130010 0.538115
vt 0.140009 0.538010
vt 0.161366 0.557921
vt 0.141409 0.559224
vt 0.160008 0.537799
vt 0.161366 0.557921
vt 0.140009 0.538010
vt 0.101494 0.561828
vt 0.121451 0.560526
vt 0.103886 0.584710
vt 0.121451 0.560526
vt 0.123775 0.582610
vt 0.103886 0.584710
vt 0.121451 0.560526
vt 0.131430 0.559875
vt 0.123775 0.582610
vt 0.131430 0.559875
vt 0.133720 0.581560
vt 0.123775 0.582610
vt 0.131430 0.559875
vt 0.143665 0.580510
vt 0.133720 0.581560
vt 0.141409 0.559224
vt 0.143665 0.580510
vt 0.131430 0.559875
vt 0.141409 0.559224
vt 0.163554 0.578409
vt 0.143665 0.580510
vt 0.161366 0.557921
vt 0.163554 0.578409
vt 0.141409 0.559224
vt 0.103886 0.584710
vt 0.123775 0.582610
vt 0.106821 0.607106
vt 0.123775 0.582610
vt 0.126650 0.604499
vt 0.106821 0.607106
vt 0.123775 0.582610
vt 0.133720 0.581560
vt 0.126650 0.604499
vt 0.133720 0.581560
vt 0.136565 0.603195
vt 0.126650 0.604499
vt 0.133720 0.581560
vt 0.146480 0.601891
vt 0.136565 0.603195
vt 0.143665 0.580510
vt 0.146480 0.601891
vt 0.133720 0.581560
vt 0.143665 0.580510
vt 0.166309 0.599284
vt 0.146480 0.601891
vt 0.163554 0.578409
vt 0.166309 0.599284
vt 0.143665 0.580510
vt 0.106821 0.607106
vt 0.126650 0.604499
vt 0.108083 0.614787
vt 0.126650 0.604499
vt 0.127811 0.611499
vt 0.108083 0.614787
vt 0.126650 0.604499
vt 0.136565 0.603195
vt 0.127811 0.611499
vt 0.136565 0.603195
vt 0.137675 0.609855
vt 0.127811 0.611499
vt 0.136565 0.603195
vt 0.147539 0.608211
vt 0.137675 0.609855
vt 0.146480 0.601891
vt 0.147539 0.608211
vt 0.136565 0.603195
vt 0.146480 0.601891
vt 0.167267 0.604923
vt 0.147539 0.608211
vt 0.166309 0.599284
vt 0.167267 0.604923
vt 0.146480 0.601891
vt 0.108083 0.614787
vt 0.127811 0.611499
vt 0.109772 0.622788
vt 0.127811 0.611499
vt 0.129324 0.618579
vt 0.109772 0.622788
vt 0.127811 0.611499
vt 0.137675 0.609855
vt 0.129324 0.618579
vt 0.137675 0.609855
vt 0.139100 0.616475
vt 0.129324 0.618579
vt 0.137675 0.609855
vt 0.148876 0.614371
vt 0.139100 0.616475
vt 0.147539 0.608211
vt 0.148876 0.614371
vt 0.137675 0.609855
vt 0.147539 0.608211
vt 0.168428 0.610162
vt 0.148876 0.614371
vt 0.167267 0.604923
vt 0.168428 0.610162
vt 0.147539 0.608211
vt 0.109772 0.622788
vt 0.129324 0.618579
vt 0.111705 0.630456
vt 0.129324 0.618579
vt 0.131085 0.625515
vt 0.111705 0.630456
vt 0.129324 0.618579
vt 0.139100 0.616475
vt 0.131085 0.625515
vt 0.139100 0.616475
vt 0.140775 0.623045
vt 0.131085 0.625515
vt 0.139100 0.616475
vt 0.150465 0.620574
vt 0.140775 0.623045
vt 0.148876 0.614371
vt 0.150465 0.620574
vt 0.139100 0.616475
vt 0.148876 0.614371
vt 0.169845 0.615634
vt 0.150465 0.620574
vt 0.168428 0.610162
vt 0.169845 0.615634
vt 0.148876 0.614371
vt 0.111705 0.630456
vt 0.131085 0.625515
vt 0.113813 0.637838
vt 0.131085 0.625515
vt 0.133034 0.632313
vt 0.113813 0.637838
vt 0.131085 0.625515
vt 0.140775 0.623045
vt 0.133034 0.632313
vt 0.140775 0.623045
vt 0.142645 0.629550
vt 0.133034 0.632313
vt 0.140775 0.623045
vt 0.152256 0.626787
vt 0.142645 0.629550
vt 0.150465 0.620574
vt 0.152256 0.626787
vt 0.140775 0.623045
vt 0.150465 0.620574
vt 0.171477 0.621261
vt 0.152256 0.626787
vt 0.169845 0.615634
vt 0.171477 0.621261
vt 0.150465 0.620574
vt 0.113813 0.637838
vt 0.133034 0.632313
vt 0.121144 0.655561
vt 0.133034 0.632313
vt 0.139531 0.647694
vt 0.121144 0.655561
vt 0.133034 0.632313
vt 0.142645 0.629550
vt 0.139531 0.647694
vt 0.142645 0.629550
vt 0.148725 0.643760
vt 0.139531 0.647694
vt 0.142645 0.629550
vt 0.157919 0.639826
vt 0.148725 0.643760
vt 0.152256 0.626787
vt 0.157919 0.639826
vt 0.142645 0.629550
vt 0.152256 0.626787
vt 0.176306 0.631959
vt 0.157919 0.639826
vt 0.171477 0.621261
vt 0.176306 0.631959
vt 0.152256 0.626787
vt 0.121144 0.655561
vt 0.139531 0.647694
vt 0.133626 0.673518
vt 0.139531 0.647694
vt 0.149572 0.661446
vt 0.133626 0.673518
vt 0.139531 0.647694
vt 0.148725 0.643760
vt 0.149572 0.661446
vt 0.148725 0.643760
vt 0.157545 0.655410
vt 0.149572 0.661446
vt 0.148725 0.643760
vt 0.165518 0.649374
vt 0.157545 0.655410
vt 0.157919 0.639826
vt 0.165518 0.649374
vt 0.148725 0.643760
vt 0.157919 0.639826
vt 0.181463 0.637302
vt 0.165518 0.649374
vt 0.176306 0.631959
vt 0.181463 0.637302
vt 0.157919 0.639826
vt 0.133626 0.673518
vt 0.149572 0.661446
vt 0.150277 0.687980
vt 0.149572 0.661446
vt 0.162742 0.672340
vt 0.150277 0.687980
vt 0.149572 0.661446
vt 0.157545 0.655410
vt 0.162742 0.672340
vt 0.157545 0.655410
vt 0.168975 0.664520
vt 0.162742 0.672340
vt 0.157545 0.655410
vt 0.175208 0.656700
vt 0.168975 0.664520
vt 0.165518 0.649374
vt 0.175208 0.656700
vt 0.157545 0.655410
vt 0.165518 0.649374
vt 0.187673 0.641060
vt 0.175208 0.656700
vt 0.181463 0.637302
vt 0.187673 0.641060
vt 0.165518 0.649374
vt 0.150277 0.687980
vt 0.162742 0.672340
vt 0.170049 0.698220
vt 0.162742 0.672340
vt 0.178606 0.680143
vt 0.170049 0.698220
vt 0.162742 0.672340
vt 0.168975 0.664520
vt 0.178606 0.680143
vt 0.168975 0.664520
vt 0.182885 0.671105
vt 0.178606 0.680143
vt 0.168975 0.664520
vt 0.187164 0.662067
vt 0.182885 0.671105
vt 0.175208 0.656700
vt 0.187164 0.662067
vt 0.168975 0.664520
vt 0.175208 0.656700
vt 0.195721 0.643990
vt 0.187164 0.662067
vt 0.187673 0.641060
vt 0.195721 0.643990
vt 0.175208 0.656700
vt 0.170049 0.698220
vt 0.178606 0.680143
vt 0.181271 0.702178
vt 0.178606 0.680143
vt 0.187570 0.683196
vt 0.181271 0.702178
vt 0.178606 0.680143
vt 0.182885 0.671105
vt 0.187570 0.683196
vt 0.182885 0.671105
vt 0.190720 0.673705
vt 0.187570 0.683196
vt 0.182885 0.671105
vt 0.193869 0.664214
vt 0.190720 0.673705
vt 0.187164 0.662067
vt 0.193869 0.664214
vt 0.182885 0.671105
vt 0.187164 0.662067
vt 0.200168 0.645232
vt 0.193869 0.664214
vt 0.195721 0.643990
vt 0.200168 0.645232
vt 0.187164 0.662067
vt 0.181271 0.702178
vt 0.187570 0.683196
vt 0.190920 0.704820
vt 0.187570 0.683196
vt 0.196103 0.685503
vt 0.190920 0.704820
vt 0.187570 0.683196
vt 0.190720 0.673705
vt 0.196103 0.685503
vt 0.190720 0.673705
vt 0.198695 0.675845
vt 0.196103 0.685503
vt 0.190720 0.673705
vt 0.201287 0.666187
vt 0.198695 0.675845
vt 0.193869 0.664214
vt 0.201287 0.666187
vt 0.190720 0.673705
vt 0.193869 0.664214
vt 0.206470 0.646870
vt 0.201287 0.666187
vt 0.200168 0.645232
vt 0.206470 0.646870
vt 0.193869 0.664214
vt 0.190920 0.704820
vt 0.196103 0.685503
vt 0.201662 0.706820
vt 0.196103 0.685503
vt 0.205110 0.687120
vt 0.201662 0.706820
vt 0.196103 0.685503
vt 0.198695 0.675845
vt 0.205110 0.687120
vt 0.198695 0.675845
vt 0.206835 0.677270
vt 0.205110 0.687120
vt 0.198695 0.675845
vt 0.208559 0.667420
vt 0.206835 0.677270
vt 0.201287 0.666187
vt 0.208559 0.667420
vt 0.198695 0.675845
vt 0.201287 0.666187
vt 0.212008 0.647719
vt 0.208559 0.667420
vt 0.206470 0.646870
vt 0.212008 0.647719
vt 0.201287 0.666187
vt 0.201662 0.706820
vt 0.205110 0.687120
vt 0.213511 0.707684
vt 0.205110 0.687120
vt 0.214613 0.687715
vt 0.213511 0.707684
vt 0.205110 0.687120
vt 0.206835 0.677270
vt 0.214613 0.687715
vt 0.206835 0.677270
vt 0.215165 0.677730
vt 0.214613 0.687715
vt 0.206835 0.677270
vt 0.215716 0.667745
vt 0.215165 0.677730
vt 0.208559 0.667420
vt 0.215716 0.667745
vt 0.206835 0.677270
vt 0.208559 0.667420
vt 0.216819 0.647776
vt 0.215716 0.667745
vt 0.212008 0.647719
vt 0.216819 0.647776
vt 0.208559 0.667420
vt 0.213511 0.707684
vt 0.214613 0.687715
vt 0.217976 0.707749
vt 0.214613 0.687715
vt 0.218109 0.687750
vt 0.217976 0.707749
vt 0.214613 0.687715
vt 0.215165 0.677730
vt 0.218109 0.687750
vt 0.215165 0.677730
vt 0.218175 0.677750
vt 0.218109 0.687750
vt 0.215165 0.677730
vt 0.218241 0.667750
vt 0.218175 0.677750
vt 0.215716 0.667745
vt 0.218241 0.667750
vt 0.215165 0.677730
vt 0.215716 0.667745
vt 0.218374 0.647751
vt 0.218241 0.667750
vt 0.216819 0.647776
vt 0.218374 0.647751
vt 0.215716 0.667745
vt 0.217976 0.707749
vt 0.218109 0.687750
vt 0.220288 0.707826
vt 0.218109 0.687750
vt 0.220886 0.687835
vt 0.220288 0.707826
vt 0.218109 0.687750
vt 0.218175 0.677750
vt 0.220886 0.687835
vt 0.218175 0.677750
vt 0.221185 0.677840
vt 0.220886 0.687835
vt 0.218175 0.677750
vt 0.221484 0.667844
vt 0.221185 0.677840
vt 0.218241 0.667750
vt 0.221484 0.667844
vt 0.218175 0.677750
vt 0.218241 0.667750
vt 0.222082 0.647853
vt 0.221484 0.667844
vt 0.218374 0.647751
vt 0.222082 0.647853
vt 0.218241 0.667750
vt 0.220288 0.707826
vt 0.220886 0.687835
vt 0.223198 0.707923
vt 0.220886 0.687835
vt 0.223863 0.687934
vt 0.223198 0.707923
vt 0.220886 0.687835
vt 0.221185 0.677840
vt 0.223863 0.687934
vt 0.221185 0.677840
vt 0.224195 0.677940
vt 0.223863 0.687934
vt 0.221185 0.677840
vt 0.224527 0.667945
vt 0.224195 0.677940
vt 0.221484 0.667844
vt 0.224527 0.667945
vt 0.221185 0.677840
vt 0.221484 0.667844
vt 0.225191 0.647956
vt 0.224527 0.667945
vt 0.222082 0.647853
vt 0.225191 0.647956
vt 0.221484 0.667844
vt 0.223198 0.707923
vt 0.223863 0.687934
vt 0.226608 0.707994
vt 0.223863 0.687934
vt 0.227006 0.687998
vt 0.226608 0.707994
vt 0.223863 0.687934
vt 0.224195 0.677940
vt 0.227006 0.687998
vt 0.224195 0.677940
vt 0.227205 0.678000
vt 0.227006 0.687998
vt 0.224195 0.677940
vt 0.227404 0.668002
vt 0.227205 0.678000
vt 0.224527 0.667945
vt 0.227404 0.668002
vt 0.224195 0.677940
vt 0.224527 0.667945
vt 0.227802 0.648006
vt 0.227404 0.668002
vt 0.225191 0.647956
vt 0.227802 0.648006
vt 0.224527 0.667945
vt 0.226608 0.707994
vt 0.227006 0.687998
vt 0.264633 0.709210
vt 0.227006 0.687998
vt 0.265271 0.689220
vt 0.264633 0.709210
vt 0.227006 0.687998
vt 0.227205 0.678000
vt 0.265271 0.689220
vt 0.227205 0.678000
vt 0.265590 0.679225
vt 0.265271 0.689220
vt 0.227205 0.678000
vt 0.265909 0.669230
vt 0.265590 0.679225
vt 0.227404 0.668002
vt 0.265909 0.669230
vt 0.227205 0.678000
vt 0.227404 0.668002
vt 0.266547 0.649240
vt 0.265909 0.669230
vt 0.227802 0.648006
vt 0.266547 0.649240
vt 0.227404 0.668002
vt 0.264633 0.709210
vt 0.265271 0.689220
vt 0.301373 0.712222
vt 0.265271 0.689220
vt 0.302987 0.692287
vt 0.301373 0.712222
vt 0.265271 0.689220
vt 0.265590 0.679225
vt 0.302987 0.692287
vt 0.265590 0.679225
vt 0.303795 0.682320
vt 0.302987 0.692287
vt 0.265590 0.679225
vt 0.304602 0.672353
vt 0.303795 0.682320
vt 0.265909 0.669230
vt 0.304602 0.672353
vt 0.265590 0.679225
vt 0.265909 0.669230
vt 0.306217 0.652418
vt 0.304602 0.672353
vt 0.266547 0.649240
vt 0.306217 0.652418
vt 0.265909 0.669230
vt 0.301373 0.712222
vt 0.302987 0.692287
vt 0.338156 0.716793
vt 0.302987 0.692287
vt 0.340609 0.696944
vt 0.338156 0.716793
vt 0.302987 0.692287
vt 0.303795 0.682320
vt 0.340609 0.696944
vt 0.303795 0.682320
vt 0.341835 0.687020
vt 0.340609 0.696944
vt 0.303795 0.682320
vt 0.343061 0.677095
vt 0.341835 0.687020
vt 0.304602 0.672353
vt 0.343061 0.677095
vt 0.303795 0.682320
vt 0.304602 0.672353
vt 0.345514 0.657246
vt 0.343061 0.677095
vt 0.306217 0.652418
vt 0.345514 0.657246
vt 0.304602 0.672353
vt 0.338156 0.716793
vt 0.340609 0.696944
vt 0.375017 0.722682
vt 0.340609 0.696944
vt 0.378162 0.702930
vt 0.375017 0.722682
vt 0.340609 0.696944
vt 0.341835 0.687020
vt 0.378162 0.702930
vt 0.341835 0.687020
vt 0.379735 0.693055
vt 0.378162 0.702930
vt 0.341835 0.687020
vt 0.381307 0.683179
vt 0.379735 0.693055
vt 0.343061 0.677095
vt 0.381307 0.683179
vt 0.341835 0.687020
vt 0.343061 0.677095
vt 0.384453 0.663428
vt 0.381307 0.683179
vt 0.345514 0.657246
vt 0.384453 0.663428
vt 0.343061 0.677095
vt 0.375017 0.722682
vt 0.378162 0.702930
vt 0.385777 0.724291
vt 0.378162 0.702930
vt 0.388732 0.704510
vt 0.385777 0.724291
vt 0.378162 0.702930
vt 0.379735 0.693055
vt 0.388732 0.704510
vt 0.379735 0.693055
vt 0.390210 0.694620
vt 0.388732 0.704510
vt 0.379735 0.693055
vt 0.391688 0.684730
vt 0.390210 0.694620
vt 0.381307 0.683179
vt 0.391688 0.684730
vt 0.379735 0.693055
vt 0.381307 0.683179
vt 0.394643 0.664949
vt 0.391688 0.684730
vt 0.384453 0.663428
vt 0.394643 0.664949
vt 0.381307 0.683179
vt 0.385777 0.724291
vt 0.388732 0.704510
vt 0.397862 0.725477
vt 0.388732 0.704510
vt 0.399744 0.705566
vt 0.397862 0.725477
vt 0.388732 0.704510
vt 0.390210 0.694620
vt 0.399744 0.705566
vt 0.390210 0.694620
vt 0.400685 0.695610
vt 0.399744 0.705566
vt 0.390210 0.694620
vt 0.401626 0.685654
vt 0.400685 0.695610
vt 0.391688 0.684730
vt 0.401626 0.685654
vt 0.390210 0.694620
vt 0.391688 0.684730
vt 0.403508 0.665743
vt 0.401626 0.685654
vt 0.394643 0.664949
vt 0.403508 0.665743
vt 0.391688 0.684730
vt 0.397862 0.725477
vt 0.399744 0.705566
vt 0.410169 0.725943
vt 0.399744 0.705566
vt 0.410836 0.705954
vt 0.410169 0.725943
vt 0.399744 0.705566
vt 0.400685 0.695610
vt 0.410836 0.705954
vt 0.400685 0.695610
vt 0.411170 0.695960
vt 0.410836 0.705954
vt 0.400685 0.695610
vt 0.411504 0.685965
vt 0.411170 0.695960
vt 0.401626 0.685654
vt 0.411504 0.685965
vt 0.400685 0.695610
vt 0.401626 0.685654
vt 0.412171 0.665977
vt 0.411504 0.685965
vt 0.403508 0.665743
vt 0.412171 0.665977
vt 0.401626 0.685654
vt 0.410169 0.725943
vt 0.410836 0.705954
vt 0.422698 0.725582
vt 0.410836 0.705954
vt 0.422013 0.705594
vt 0.422698 0.725582
vt 0.410836 0.705954
vt 0.411170 0.695960
vt 0.422013 0.705594
vt 0.411170 0.695960
vt 0.421670 0.695600
vt 0.422013 0.705594
vt 0.411170 0.695960
vt 0.421327 0.685606
vt 0.421670 0.695600
vt 0.411504 0.685965
vt 0.421327 0.685606
vt 0.411170 0.695960
vt 0.411504 0.685965
vt 0.420642 0.665617
vt 0.421327 0.685606
vt 0.412171 0.665977
vt 0.420642 0.665617
vt 0.411504 0.685965
vt 0.422698 0.725582
vt 0.422013 0.705594
vt 0.444711 0.722594
vt 0.422013 0.705594
vt 0.441864 0.702798
vt 0.444711 0.722594
vt 0.422013 0.705594
vt 0.421670 0.695600
vt 0.441864 0.702798
vt 0.421670 0.695600
vt 0.440440 0.692900
vt 0.441864 0.702798
vt 0.421670 0.695600
vt 0.439016 0.683002
vt 0.440440 0.692900
vt 0.421327 0.685606
vt 0.439016 0.683002
vt 0.421670 0.695600
vt 0.421327 0.685606
vt 0.436169 0.663206
vt 0.439016 0.683002
vt 0.420642 0.665617
vt 0.436169 0.663206
vt 0.421327 0.685606
vt 0.444711 0.722594
vt 0.441864 0.702798
vt 0.466997 0.716083
vt 0.441864 0.702798
vt 0.461082 0.696978
vt 0.466997 0.716083
vt 0.441864 0.702798
vt 0.440440 0.692900
vt 0.461082 0.696978
vt 0.440440 0.692900
vt 0.458125 0.687425
vt 0.461082 0.696978
vt 0.440440 0.692900
vt 0.455168 0.677872
vt 0.458125 0.687425
vt 0.439016 0.683002
vt 0.455168 0.677872
vt 0.440440 0.692900
vt 0.439016 0.683002
vt 0.449253 0.658767
vt 0.455168 0.677872
vt 0.436169 0.663206
vt 0.449253 0.658767
vt 0.439016 0.683002
vt 0.466997 0.716083
vt 0.461082 0.696978
vt 0.488207 0.705804
vt 0.461082 0.696978
vt 0.479159 0.687968
vt 0.488207 0.705804
vt 0.461082 0.696978
vt 0.458125 0.687425
vt 0.479159 0.687968
vt 0.458125 0.687425
vt 0.474635 0.679050
vt 0.479159 0.687968
vt 0.458125 0.687425
vt 0.470111 0.670132
vt 0.474635 0.679050
vt 0.455168 0.677872
vt 0.470111 0.670132
vt 0.458125 0.687425
vt 0.455168 0.677872
vt 0.461063 0.652295
vt 0.470111 0.670132
vt 0.449253 0.658767
vt 0.461063 0.652295
vt 0.455168 0.677872
vt 0.488207 0.705804
vt 0.479159 0.687968
vt 0.507841 0.691684
vt 0.479159 0.687968
vt 0.495867 0.675665
vt 0.507841 0.691684
vt 0.479159 0.687968
vt 0.474635 0.679050
vt 0.495867 0.675665
vt 0.474635 0.679050
vt 0.489880 0.667655
vt 0.495867 0.675665
vt 0.474635 0.679050
vt 0.483893 0.659645
vt 0.489880 0.667655
vt 0.470111 0.670132
vt 0.483893 0.659645
vt 0.474635 0.679050
vt 0.470111 0.670132
vt 0.471919 0.643626
vt 0.483893 0.659645
vt 0.461063 0.652295
vt 0.471919 0.643626
vt 0.470111 0.670132
vt 0.507841 0.691684
vt 0.495867 0.675665
vt 0.515354 0.683548
vt 0.495867 0.675665
vt 0.498838 0.672269
vt 0.515354 0.683548
vt 0.495867 0.675665
vt 0.489880 0.667655
vt 0.498838 0.672269
vt 0.489880 0.667655
vt 0.490580 0.666630
vt 0.498838 0.672269
vt 0.489880 0.667655
vt 0.482322 0.660990
vt 0.490580 0.666630
vt 0.483893 0.659645
vt 0.482322 0.660990
vt 0.489880 0.667655
vt 0.483893 0.659645
vt 0.465806 0.649712
vt 0.482322 0.660990
vt 0.471919 0.643626
vt 0.465806 0.649712
vt 0.483893 0.659645
vt 0.515354 0.683548
vt 0.498838 0.672269
vt 0.519671 0.674095
vt 0.498838 0.672269
vt 0.500553 0.668218
vt 0.519671 0.674095
vt 0.498838 0.672269
vt 0.490580 0.666630
vt 0.500553 0.668218
vt 0.490580 0.666630
vt 0.490995 0.665280
vt 0.500553 0.668218
vt 0.490580 0.666630
vt 0.481436 0.662341
vt 0.490995 0.665280
vt 0.482322 0.660990
vt 0.481436 0.662341
vt 0.490580 0.666630
vt 0.482322 0.660990
vt 0.462319 0.656465
vt 0.481436 0.662341
vt 0.465806 0.649712
vt 0.462319 0.656465
vt 0.482322 0.660990
vt 0.519671 0.674095
vt 0.500553 0.668218
vt 0.520729 0.669545
vt 0.500553 0.668218
vt 0.501100 0.665712
vt 0.520729 0.669545
vt 0.500553 0.668218
vt 0.490995 0.665280
vt 0.501100 0.665712
vt 0.490995 0.665280
vt 0.491285 0.663795
vt 0.501100 0.665712
vt 0.490995 0.665280
vt 0.481470 0.661878
vt 0.491285 0.663795
vt 0.481436 0.662341
vt 0.481470 0.661878
vt 0.490995 0.665280
vt 0.481436 0.662341
vt 0.461841 0.658045
vt 0.481470 0.661878
vt 0.462319 0.656465
vt 0.461841 0.658045
vt 0.481436 0.662341
vt 0.520729 0.669545
vt 0.501100 0.665712
vt 0.520835 0.669180
vt 0.501100 0.665712
vt 0.501358 0.664633
vt 0.520835 0.669180
vt 0.501100 0.665712
vt 0.491285 0.663795
vt 0.501358 0.664633
vt 0.491285 0.663795
vt 0.491620 0.662360
vt 0.501358 0.664633
vt 0.491285 0.663795
vt 0.481882 0.660087
vt 0.491620 0.662360
vt 0.481470 0.661878
vt 0.481882 0.660087
vt 0.491285 0.663795
vt 0.481470 0.661878
vt 0.462405 0.655540
vt 0.481882 0.660087
vt 0.461841 0.658045
vt 0.462405 0.655540
vt 0.481470 0.661878
vt 0.520835 0.669180
vt 0.501358 0.664633
vt 0.498801 0.633194
vt 0.501358 0.664633
vt 0.493067 0.652355
vt 0.498801 0.633194
vt 0.501358 0.664633
vt 0.491620 0.662360
vt 0.493067 0.652355
vt 0.491620 0.662360
vt 0.490200 0.661935
vt 0.493067 0.652355
vt 0.491620 0.662360
vt 0.487333 0.671515
vt 0.490200 0.661935
vt 0.481882 0.660087
vt 0.487333 0.671515
vt 0.491620 0.662360
vt 0.481882 0.660087
vt 0.481598 0.690675
vt 0.487333 0.671515
vt 0.462405 0.655540
vt 0.481598 0.690675
vt 0.481882 0.660087
vt 0.498801 0.633194
vt 0.493067 0.652355
vt 0.498117 0.632960
vt 0.493067 0.652355
vt 0.491892 0.651967
vt 0.498117 0.632960
vt 0.493067 0.652355
vt 0.490200 0.661935
vt 0.491892 0.651967
vt 0.490200 0.661935
vt 0.488780 0.661470
vt 0.491892 0.651967
vt 0.490200 0.661935
vt 0.485668 0.670973
vt 0.488780 0.661470
vt 0.487333 0.671515
vt 0.485668 0.670973
vt 0.490200 0.661935
vt 0.487333 0.671515
vt 0.479443 0.689980
vt 0.485668 0.670973
vt 0.481598 0.690675
vt 0.479443 0.689980
vt 0.487333 0.671515
vt 0.498117 0.632960
vt 0.491892 0.651967
vt 0.494499 0.631984
vt 0.491892 0.651967
vt 0.489746 0.651411
vt 0.494499 0.631984
vt 0.491892 0.651967
vt 0.488780 0.661470
vt 0.489746 0.651411
vt 0.488780 0.661470
vt 0.487370 0.661125
vt 0.489746 0.651411
vt 0.488780 0.661470
vt 0.484994 0.670838
vt 0.487370 0.661125
vt 0.485668 0.670973
vt 0.484994 0.670838
vt 0.488780 0.661470
vt 0.485668 0.670973
vt 0.480241 0.690265
vt 0.484994 0.670838
vt 0.479443 0.689980
vt 0.480241 0.690265
vt 0.485668 0.670973
vt 0.494499 0.631984
vt 0.489746 0.651411
vt 0.487489 0.631093
vt 0.489746 0.651411
vt 0.486483 0.651068
vt 0.487489 0.631093
vt 0.489746 0.651411
vt 0.487370 0.661125
vt 0.486483 0.651068
vt 0.487370 0.661125
vt 0.485980 0.661055
vt 0.486483 0.651068
vt 0.487370 0.661125
vt 0.485477 0.671042
vt 0.485980 0.661055
vt 0.484994 0.670838
vt 0.485477 0.671042
vt 0.487370 0.661125
vt 0.484994 0.670838
vt 0.484471 0.691017
vt 0.485477 0.671042
vt 0.480241 0.690265
vt 0.484471 0.691017
vt 0.484994 0.670838
vt 0.487489 0.631093
vt 0.486483 0.651068
vt 0.479801 0.631614
vt 0.486483 0.651068
vt 0.482447 0.651438
vt 0.479801 0.631614
vt 0.486483 0.651068
vt 0.485980 0.661055
vt 0.482447 0.651438
vt 0.485980 0.661055
vt 0.483770 0.661350
vt 0.482447 0.651438
vt 0.485980 0.661055
vt 0.485093 0.671262
vt 0.483770 0.661350
vt 0.485477 0.671042
vt 0.485093 0.671262
vt 0.485980 0.661055
vt 0.485477 0.671042
vt 0.487739 0.691086
vt 0.485093 0.671262
vt 0.484471 0.691017
vt 0.487739 0.691086
vt 0.485477 0.671042
vt 0.479801 0.631614
vt 0.482447 0.651438
vt 0.475366 0.632463
vt 0.482447 0.651438
vt 0.479502 0.652031
vt 0.475366 0.632463
vt 0.482447 0.651438
vt 0.483770 0.661350
vt 0.479502 0.652031
vt 0.483770 0.661350
vt 0.481570 0.661815
vt 0.479502 0.652031
vt 0.483770 0.661350
vt 0.483638 0.671599
vt 0.481570 0.661815
vt 0.485093 0.671262
vt 0.483638 0.671599
vt 0.483770 0.661350
vt 0.485093 0.671262
vt 0.487774 0.691166
vt 0.483638 0.671599
vt 0.487739 0.691086
vt 0.487774 0.691166
vt 0.485093 0.671262
vt 0.475366 0.632463
vt 0.479502 0.652031
vt 0.471614 0.633425
vt 0.479502 0.652031
vt 0.476798 0.652742
vt 0.471614 0.633425
vt 0.479502 0.652031
vt 0.481570 0.661815
vt 0.476798 0.652742
vt 0.481570 0.661815
vt 0.479390 0.662400
vt 0.476798 0.652742
vt 0.481570 0.661815
vt 0.481982 0.672058
vt 0.479390 0.662400
vt 0.483638 0.671599
vt 0.481982 0.672058
vt 0.481570 0.661815
vt 0.483638 0.671599
vt 0.487166 0.691375
vt 0.481982 0.672058
vt 0.487774 0.691166
vt 0.487166 0.691375
vt 0.483638 0.671599
vt 0.471614 0.633425
vt 0.476798 0.652742
vt 0.468572 0.634328
vt 0.476798 0.652742
vt 0.474347 0.653476
vt 0.468572 0.634328
vt 0.476798 0.652742
vt 0.479390 0.662400
vt 0.474347 0.653476
vt 0.479390 0.662400
vt 0.477235 0.663050
vt 0.474347 0.653476
vt 0.479390 0.662400
vt 0.480123 0.672624
vt 0.477235 0.663050
vt 0.481982 0.672058
vt 0.480123 0.672624
vt 0.479390 0.662400
vt 0.481982 0.672058
vt 0.485898 0.691772
vt 0.480123 0.672624
vt 0.487166 0.691375
vt 0.485898 0.691772
vt 0.481982 0.672058
vt 0.468572 0.634328
vt 0.474347 0.653476
vt 0.448997 0.638764
vt 0.474347 0.653476
vt 0.453482 0.658255
vt 0.448997 0.638764
vt 0.474347 0.653476
vt 0.477235 0.663050
vt 0.453482 0.658255
vt 0.477235 0.663050
vt 0.455725 0.668000
vt 0.453482 0.658255
vt 0.477235 0.663050
vt 0.457968 0.677745
vt 0.455725 0.668000
vt 0.480123 0.672624
vt 0.457968 0.677745
vt 0.477235 0.663050
vt 0.480123 0.672624
vt 0.462453 0.697236
vt 0.457968 0.677745
vt 0.485898 0.691772
vt 0.462453 0.697236
vt 0.480123 0.672624
vt 0.448997 0.638764
vt 0.453482 0.658255
vt 0.432104 0.639606
vt 0.453482 0.658255
vt 0.433525 0.659555
vt 0.432104 0.639606
vt 0.453482 0.658255
vt 0.455725 0.668000
vt 0.433525 0.659555
vt 0.455725 0.668000
vt 0.434235 0.669530
vt 0.433525 0.659555
vt 0.455725 0.668000
vt 0.434945 0.679505
vt 0.434235 0.669530
vt 0.457968 0.677745
vt 0.434945 0.679505
vt 0.455725 0.668000
vt 0.457968 0.677745
vt 0.436365 0.699454
vt 0.434945 0.679505
vt 0.462453 0.697236
vt 0.436365 0.699454
vt 0.457968 0.677745
vt 0.432104 0.639606
vt 0.433525 0.659555
vt 0.415435 0.637756
vt 0.433525 0.659555
vt 0.413678 0.657679
vt 0.415435 0.637756
vt 0.433525 0.659555
vt 0.434235 0.669530
vt 0.413678 0.657679
vt 0.434235 0.669530
vt 0.412800 0.667640
vt 0.413678 0.657679
vt 0.434235 0.669530
vt 0.411922 0.677601
vt 0.412800 0.667640
vt 0.434945 0.679505
vt 0.411922 0.677601
vt 0.434235 0.669530
vt 0.434945 0.679505
vt 0.410165 0.697524
vt 0.411922 0.677601
vt 0.436365 0.699454
vt 0.410165 0.697524
vt 0.434945 0.679505
vt 0.415435 0.637756
vt 0.413678 0.657679
vt 0.398691 0.633217
vt 0.413678 0.657679
vt 0.393863 0.652626
vt 0.398691 0.633217
vt 0.413678 0.657679
vt 0.412800 0.667640
vt 0.393863 0.652626
vt 0.412800 0.667640
vt 0.391450 0.662330
vt 0.393863 0.652626
vt 0.412800 0.667640
vt 0.389036 0.672034
vt 0.391450 0.662330
vt 0.411922 0.677601
vt 0.389036 0.672034
vt 0.412800 0.667640
vt 0.411922 0.677601
vt 0.384209 0.691443
vt 0.389036 0.672034
vt 0.410165 0.697524
vt 0.384209 0.691443
vt 0.411922 0.677601
vt 0.398691 0.633217
vt 0.393863 0.652626
vt 0.384759 0.628364
vt 0.393863 0.652626
vt 0.378316 0.647298
vt 0.384759 0.628364
vt 0.393863 0.652626
vt 0.391450 0.662330
vt 0.378316 0.647298
vt 0.391450 0.662330
vt 0.375095 0.656765
vt 0.378316 0.647298
vt 0.391450 0.662330
vt 0.371874 0.666232
vt 0.375095 0.656765
vt 0.389036 0.672034
vt 0.371874 0.666232
vt 0.391450 0.662330
vt 0.389036 0.672034
vt 0.365431 0.685166
vt 0.371874 0.666232
vt 0.384209 0.691443
vt 0.365431 0.685166
vt 0.389036 0.672034
vt 0.384759 0.628364
vt 0.378316 0.647298
vt 0.368899 0.622703
vt 0.378316 0.647298
vt 0.362179 0.641541
vt 0.368899 0.622703
vt 0.378316 0.647298
vt 0.375095 0.656765
vt 0.362179 0.641541
vt 0.375095 0.656765
vt 0.358820 0.650960
vt 0.362179 0.641541
vt 0.375095 0.656765
vt 0.355460 0.660379
vt 0.358820 0.650960
vt 0.371874 0.666232
vt 0.355460 0.660379
vt 0.375095 0.656765
vt 0.371874 0.666232
vt 0.348741 0.679216
vt 0.355460 0.660379
vt 0.365431 0.685166
vt 0.348741 0.679216
vt 0.371874 0.666232
vt 0.368899 0.622703
vt 0.362179 0.641541
vt 0.352901 0.616847
vt 0.362179 0.641541
vt 0.346027 0.635629
vt 0.352901 0.616847
vt 0.362179 0.641541
vt 0.358820 0.650960
vt 0.346027 0.635629
vt 0.358820 0.650960
vt 0.342590 0.645020
vt 0.346027 0.635629
vt 0.358820 0.650960
vt 0.339153 0.654411
vt 0.342590 0.645020
vt 0.355460 0.660379
vt 0.339153 0.654411
vt 0.358820 0.650960
vt 0.355460 0.660379
vt 0.332279 0.673192
vt 0.339153 0.654411
vt 0.348741 0.679216
vt 0.332279 0.673192
vt 0.355460 0.660379
vt 0.352901 0.616847
vt 0.346027 0.635629
vt 0.336717 0.610901
vt 0.346027 0.635629
vt 0.329819 0.629673
vt 0.336717 0.610901
vt 0.346027 0.635629
vt 0.342590 0.645020
vt 0.329819 0.629673
vt 0.342590 0.645020
vt 0.326370 0.639060
vt 0.329819 0.629673
vt 0.342590 0.645020
vt 0.322921 0.648446
vt 0.326370 0.639060
vt 0.339153 0.654411
vt 0.322921 0.648446
vt 0.342590 0.645020
vt 0.339153 0.654411
vt 0.316023 0.667219
vt 0.322921 0.648446
vt 0.332279 0.673192
vt 0.316023 0.667219
vt 0.339153 0.654411
vt 0.336717 0.610901
vt 0.329819 0.629673
vt 0.327975 0.607549
vt 0.329819 0.629673
vt 0.320822 0.626226
vt 0.327975 0.607549
vt 0.329819 0.629673
vt 0.326370 0.639060
vt 0.320822 0.626226
vt 0.326370 0.639060
vt 0.317245 0.635565
vt 0.320822 0.626226
vt 0.326370 0.639060
vt 0.313668 0.644903
vt 0.317245 0.635565
vt 0.322921 0.648446
vt 0.313668 0.644903
vt 0.326370 0.639060
vt 0.322921 0.648446
vt 0.306515 0.663580
vt 0.313668 0.644903
vt 0.316023 0.667219
vt 0.306515 0.663580
vt 0.322921 0.648446
vt 0.327975 0.607549
vt 0.320822 0.626226
vt 0.319288 0.604078
vt 0.320822 0.626226
vt 0.311873 0.622653
vt 0.319288 0.604078
vt 0.320822 0.626226
vt 0.317245 0.635565
vt 0.311873 0.622653
vt 0.317245 0.635565
vt 0.308165 0.631940
vt 0.311873 0.622653
vt 0.317245 0.635565
vt 0.304457 0.641227
vt 0.308165 0.631940
vt 0.313668 0.644903
vt 0.304457 0.641227
vt 0.317245 0.635565
vt 0.313668 0.644903
vt 0.297042 0.659802
vt 0.304457 0.641227
vt 0.306515 0.663580
vt 0.297042 0.659802
vt 0.313668 0.644903
vt 0.319288 0.604078
vt 0.311873 0.622653
vt 0.309881 0.600436
vt 0.311873 0.622653
vt 0.302664 0.619089
vt 0.309881 0.600436
vt 0.311873 0.622653
vt 0.308165 0.631940
vt 0.302664 0.619089
vt 0.308165 0.631940
vt 0.299055 0.628415
vt 0.302664 0.619089
vt 0.308165 0.631940
vt 0.295446 0.637741
vt 0.299055 0.628415
vt 0.304457 0.641227
vt 0.295446 0.637741
vt 0.308165 0.631940
vt 0.304457 0.641227
vt 0.288229 0.656393
vt 0.295446 0.637741
vt 0.297042 0.659802
vt 0.288229 0.656393
vt 0.304457 0.641227
vt 0.309881 0.600436
vt 0.302664 0.619089
vt 0.299681 0.596875
vt 0.302664 0.619089
vt 0.293120 0.615768
vt 0.299681 0.596875
vt 0.302664 0.619089
vt 0.299055 0.628415
vt 0.293120 0.615768
vt 0.299055 0.628415
vt 0.289840 0.625215
vt 0.293120 0.615768
vt 0.299055 0.628415
vt 0.286560 0.634661
vt 0.289840 0.625215
vt 0.295446 0.637741
vt 0.286560 0.634661
vt 0.299055 0.628415
vt 0.295446 0.637741
vt 0.279999 0.653555
vt 0.286560 0.634661
vt 0.288229 0.656393
vt 0.279999 0.653555
vt 0.295446 0.637741
vt 0.299681 0.596875
vt 0.293120 0.615768
vt 0.289253 0.591649
vt 0.293120 0.615768
vt 0.280591 0.609676
vt 0.289253 0.591649
vt 0.293120 0.615768
vt 0.289840 0.625215
vt 0.280591 0.609676
vt 0.289840 0.625215
vt 0.276260 0.618690
vt 0.280591 0.609676
vt 0.289840 0.625215
vt 0.271929 0.627703
vt 0.276260 0.618690
vt 0.286560 0.634661
vt 0.271929 0.627703
vt 0.289840 0.625215
vt 0.286560 0.634661
vt 0.263267 0.645731
vt 0.271929 0.627703
vt 0.279999 0.653555
vt 0.263267 0.645731
vt 0.286560 0.634661
vt 0.289253 0.591649
vt 0.280591 0.609676
vt 0.287023 0.587535
vt 0.280591 0.609676
vt 0.273248 0.602035
vt 0.287023 0.587535
vt 0.280591 0.609676
vt 0.276260 0.618690
vt 0.273248 0.602035
vt 0.276260 0.618690
vt 0.266360 0.609285
vt 0.273248 0.602035
vt 0.276260 0.618690
vt 0.259472 0.616535
vt 0.266360 0.609285
vt 0.271929 0.627703
vt 0.259472 0.616535
vt 0.276260 0.618690
vt 0.271929 0.627703
vt 0.245697 0.631035
vt 0.259472 0.616535
vt 0.263267 0.645731
vt 0.245697 0.631035
vt 0.271929 0.627703
vt 0.287023 0.587535
vt 0.273248 0.602035
vt 0.285909 0.582749
vt 0.273248 0.602035
vt 0.268443 0.592493
vt 0.285909 0.582749
vt 0.273248 0.602035
vt 0.266360 0.609285
vt 0.268443 0.592493
vt 0.266360 0.609285
vt 0.259710 0.597365
vt 0.268443 0.592493
vt 0.266360 0.609285
vt 0.250977 0.602237
vt 0.259710 0.597365
vt 0.259472 0.616535
vt 0.250977 0.602237
vt 0.266360 0.609285
vt 0.259472 0.616535
vt 0.233511 0.611981
vt 0.250977 0.602237
vt 0.245697 0.631035
vt 0.233511 0.611981
vt 0.259472 0.616535
vt 0.285909 0.582749
vt 0.268443 0.592493
vt 0.284818 0.575408
vt 0.268443 0.592493
vt 0.265523 0.580669
vt 0.284818 0.575408
vt 0.268443 0.592493
vt 0.259710 0.597365
vt 0.265523 0.580669
vt 0.259710 0.597365
vt 0.255875 0.583300
vt 0.265523 0.580669
vt 0.259710 0.597365
vt 0.246227 0.585931
vt 0.255875 0.583300
vt 0.250977 0.602237
vt 0.246227 0.585931
vt 0.259710 0.597365
vt 0.250977 0.602237
vt 0.226932 0.591192
vt 0.246227 0.585931
vt 0.233511 0.611981
vt 0.226932 0.591192
vt 0.250977 0.602237
vt 0.284818 0.575408
vt 0.265523 0.580669
vt 0.284667 0.572031
vt 0.265523 0.580669
vt 0.264832 0.574597
vt 0.284667 0.572031
vt 0.265523 0.580669
vt 0.255875 0.583300
vt 0.264832 0.574597
vt 0.255875 0.583300
vt 0.254915 0.575880
vt 0.264832 0.574597
vt 0.255875 0.583300
vt 0.244998 0.577163
vt 0.254915 0.575880
vt 0.246227 0.585931
vt 0.244998 0.577163
vt 0.255875 0.583300
vt 0.246227 0.585931
vt 0.225163 0.579729
vt 0.244998 0.577163
vt 0.226932 0.591192
vt 0.225163 0.579729
vt 0.246227 0.585931
vt 0.284667 0.572031
vt 0.264832 0.574597
vt 0.284380 0.566480
vt 0.264832 0.574597
vt 0.264420 0.567743
vt 0.284380 0.566480
vt 0.264832 0.574597
vt 0.254915 0.575880
vt 0.264420 0.567743
vt 0.254915 0.575880
vt 0.254440 0.568375
vt 0.264420 0.567743
vt 0.254915 0.575880
vt 0.244460 0.569007
vt 0.254440 0.568375
vt 0.244998 0.577163
vt 0.244460 0.569007
vt 0.254915 0.575880
vt 0.244998 0.577163
vt 0.224500 0.570270
vt 0.244460 0.569007
vt 0.225163 0.579729
vt 0.224500 0.570270
vt 0.244998 0.577163
vt 0.284380 0.566480
vt 0.264420 0.567743
vt 0.284257 0.560134
vt 0.264420 0.567743
vt 0.264262 0.560598
vt 0.284257 0.560134
vt 0.264420 0.567743
vt 0.254440 0.568375
vt 0.264262 0.560598
vt 0.254440 0.568375
vt 0.254265 0.560830
vt 0.264262 0.560598
vt 0.254440 0.568375
vt 0.244268 0.561062
vt 0.254265 0.560830
vt 0.244460 0.569007
vt 0.244268 0.561062
vt 0.254440 0.568375
vt 0.244460 0.569007
vt 0.224273 0.561526
vt 0.244268 0.561062
vt 0.224500 0.570270
vt 0.224273 0.561526
vt 0.244460 0.569007
vt 0.284257 0.560134
vt 0.264262 0.560598
vt 0.284204 0.553056
vt 0.264262 0.560598
vt 0.264205 0.553215
vt 0.284204 0.553056
vt 0.264262 0.560598
vt 0.254265 0.560830
vt 0.264205 0.553215
vt 0.254265 0.560830
vt 0.254205 0.553295
vt 0.264205 0.553215
vt 0.254265 0.560830
vt 0.244205 0.553375
vt 0.254205 0.553295
vt 0.244268 0.561062
vt 0.244205 0.553375
vt 0.254265 0.560830
vt 0.244268 0.561062
vt 0.224206 0.553534
vt 0.244205 0.553375
vt 0.224273 0.561526
vt 0.224206 0.553534
vt 0.244268 0.561062
vt 0.284204 0.553056
vt 0.264205 0.553215
vt 0.284105 0.533572
vt 0.264205 0.553215
vt 0.264105 0.533674
vt 0.284105 0.533572
vt 0.264205 0.553215
vt 0.254205 0.553295
vt 0.264105 0.533674
vt 0.254205 0.553295
vt 0.254105 0.533725
vt 0.264105 0.533674
vt 0.254205 0.553295
vt 0.244105 0.533776
vt 0.254105 0.533725
vt 0.244205 0.553375
vt 0.244105 0.533776
vt 0.254205 0.553295
vt 0.244205 0.553375
vt 0.224105 0.533878
vt 0.244105 0.533776
vt 0.224206 0.553534
vt 0.224105 0.533878
vt 0.244205 0.553375
vt 0.284105 0.533572
vt 0.264105 0.533674
vt 0.284090 0.514132
vt 0.264105 0.533674
vt 0.264090 0.514147
vt 0.284090 0.514132
vt 0.264105 0.533674
vt 0.254105 0.533725
vt 0.264090 0.514147
vt 0.254105 0.533725
vt 0.254090 0.514155
vt 0.264090 0.514147
vt 0.254105 0.533725
vt 0.244090 0.514163
vt 0.254090 0.514155
vt 0.244105 0.533776
vt 0.244090 0.514163
vt 0.254105 0.533725
vt 0.244105 0.533776
vt 0.224090 0.514178
vt 0.244090 0.514163
vt 0.224105 0.533878
vt 0.224090 0.514178
vt 0.244105 0.533776
vt 0.284090 0.514132
vt 0.264090 0.514147
vt 0.284115 0.494623
vt 0.264090 0.514147
vt 0.264115 0.494598
vt 0.284115 0.494623
vt 0.264090 0.514147
vt 0.254090 0.514155
vt 0.264115 0.494598
vt 0.254090 0.514155
vt 0.254115 0.494585
vt 0.264115 0.494598
vt 0.254090 0.514155
vt 0.244115 0.494572
vt 0.254115 0.494585
vt 0.244090 0.514163
vt 0.244115 0.494572
vt 0.254090 0.514155
vt 0.244090 0.514163
vt 0.224115 0.494547
vt 0.244115 0.494572
vt 0.224090 0.514178
vt 0.224115 0.494547
vt 0.244090 0.514163
vt 0.284115 0.494623
vt 0.264115 0.494598
vt 0.284135 0.475046
vt 0.264115 0.494598
vt 0.264135 0.475025
vt 0.284135 0.475046
vt 0.264115 0.494598
vt 0.254115 0.494585
vt 0.264135 0.475025
vt 0.254115 0.494585
vt 0.254135 0.475015
vt 0.264135 0.475025
vt 0.254115 0.494585
vt 0.244135 0.475005
vt 0.254135 0.475015
vt 0.244115 0.494572
vt 0.244135 0.475005
vt 0.254115 0.494585
vt 0.244115 0.494572
vt 0.224135 0.474984
vt 0.244135 0.475005
vt 0.224115 0.494547
vt 0.224135 0.474984
vt 0.244115 0.494572
vt 0.284135 0.475046
vt 0.264135 0.475025
vt 0.254535 0.505015
vt 0.264135 0.475025
vt 0.254535 0.485015
vt 0.254535 0.505015
vt 0.264135 0.475025
vt 0.254135 0.475015
vt 0.254535 0.485015
vt 0.254135 0.475015
vt 0.254535 0.475015
vt 0.254535 0.485015
vt 0.254135 0.475015
vt 0.254535 0.465015
vt 0.254535 0.475015
vt 0.244135 0.475005
vt 0.254535 0.465015
vt 0.254135 0.475015
vt 0.244135 0.475005
vt 0.254535 0.445015
vt 0.254535 0.465015
vt 0.224135 0.474984
vt 0.254535 0.445015
vt 0.244135 0.475005
vt 0.254535 0.505015
vt 0.254535 0.485015
vt 0.254935 0.505015
vt 0.254535 0.485015
vt 0.254935 0.485015
vt 0.254935 0.505015
vt 0.254535 0.485015
vt 0.254535 0.475015
vt 0.254935 0.485015
vt 0.254535 0.475015
vt 0.254935 0.475015
vt 0.254935 0.485015
vt 0.254535 0.475015
vt 0.254935 0.465015
vt 0.254935 0.475015
vt 0.254535 0.465015
vt 0.254935 0.465015
vt 0.254535 0.475015
vt 0.254535 0.465015
vt 0.254935 0.445015
vt 0.254935 0.465015
vt 0.254535 0.445015
vt 0.254935 0.445015
vt 0.254535 0.465015
vt 0.366870 0.093795
vt 0.337126 0.088484
vt 0.333927 0.068741
vt 0.366870 0.093795
vt 0.338725 0.098355
vt 0.337126 0.088484
vt 0.366870 0.093795
vt 0.340324 0.108226
vt 0.338725 0.098355
vt 0.366870 0.093795
vt 0.343523 0.127969
vt 0.340324 0.108226
vt 0.333927 0.068741
vt 0.337126 0.088484
vt 0.303874 0.076053
vt 0.337126 0.088484
vt 0.308665 0.095471
vt 0.303874 0.076053
vt 0.337126 0.088484
vt 0.338725 0.098355
vt 0.308665 0.095471
vt 0.338725 0.098355
vt 0.311060 0.105180
vt 0.308665 0.095471
vt 0.338725 0.098355
vt 0.313455 0.114889
vt 0.311060 0.105180
vt 0.340324 0.108226
vt 0.313455 0.114889
vt 0.338725 0.098355
vt 0.340324 0.108226
vt 0.318246 0.134307
vt 0.313455 0.114889
vt 0.343523 0.127969
vt 0.318246 0.134307
vt 0.340324 0.108226
vt 0.303874 0.076053
vt 0.308665 0.095471
vt 0.274686 0.085280
vt 0.308665 0.095471
vt 0.280755 0.104337
vt 0.274686 0.085280
vt 0.308665 0.095471
vt 0.311060 0.105180
vt 0.280755 0.104337
vt 0.311060 0.105180
vt 0.283790 0.113865
vt 0.280755 0.104337
vt 0.311060 0.105180
vt 0.286825 0.123393
vt 0.283790 0.113865
vt 0.313455 0.114889
vt 0.286825 0.123393
vt 0.311060 0.105180
vt 0.313455 0.114889
vt 0.292894 0.142450
vt 0.286825 0.123393
vt 0.318246 0.134307
vt 0.292894 0.142450
vt 0.313455 0.114889
vt 0.274686 0.085280
vt 0.280755 0.104337
vt 0.266829 0.088419
vt 0.280755 0.104337
vt 0.274483 0.106896
vt 0.266829 0.088419
vt 0.280755 0.104337
vt 0.283790 0.113865
vt 0.274483 0.106896
vt 0.283790 0.113865
vt 0.278310 0.116135
vt 0.274483 0.106896
vt 0.283790 0.113865
vt 0.282137 0.125374
vt 0.278310 0.116135
vt 0.286825 0.123393
vt 0.282137 0.125374
vt 0.283790 0.113865
vt 0.286825 0.123393
vt 0.289791 0.143851
vt 0.282137 0.125374
vt 0.292894 0.142450
vt 0.289791 0.143851
vt 0.286825 0.123393
vt 0.266829 0.088419
vt 0.274483 0.106896
vt 0.258924 0.092465
vt 0.274483 0.106896
vt 0.268311 0.110125
vt 0.258924 0.092465
vt 0.274483 0.106896
vt 0.278310 0.116135
vt 0.268311 0.110125
vt 0.278310 0.116135
vt 0.273005 0.118955
vt 0.268311 0.110125
vt 0.278310 0.116135
vt 0.277699 0.127785
vt 0.273005 0.118955
vt 0.282137 0.125374
vt 0.277699 0.127785
vt 0.278310 0.116135
vt 0.282137 0.125374
vt 0.287086 0.145445
vt 0.277699 0.127785
vt 0.289791 0.143851
vt 0.287086 0.145445
vt 0.282137 0.125374
vt 0.258924 0.092465
vt 0.268311 0.110125
vt 0.251895 0.096801
vt 0.268311 0.110125
vt 0.262565 0.113717
vt 0.251895 0.096801
vt 0.268311 0.110125
vt 0.273005 0.118955
vt 0.262565 0.113717
vt 0.273005 0.118955
vt 0.267900 0.122175
vt 0.262565 0.113717
vt 0.273005 0.118955
vt 0.273235 0.130633
vt 0.267900 0.122175
vt 0.277699 0.127785
vt 0.273235 0.130633
vt 0.273005 0.118955
vt 0.277699 0.127785
vt 0.283905 0.147549
vt 0.273235 0.130633
vt 0.287086 0.145445
vt 0.283905 0.147549
vt 0.277699 0.127785
vt 0.251895 0.096801
vt 0.262565 0.113717
vt 0.245595 0.101238
vt 0.262565 0.113717
vt 0.257215 0.117516
vt 0.245595 0.101238
vt 0.262565 0.113717
vt 0.267900 0.122175
vt 0.257215 0.117516
vt 0.267900 0.122175
vt 0.263025 0.125655
vt 0.257215 0.117516
vt 0.267900 0.122175
vt 0.268835 0.133794
vt 0.263025 0.125655
vt 0.273235 0.130633
vt 0.268835 0.133794
vt 0.267900 0.122175
vt 0.273235 0.130633
vt 0.280455 0.150072
vt 0.268835 0.133794
vt 0.283905 0.147549
vt 0.280455 0.150072
vt 0.273235 0.130633
vt 0.245595 0.101238
vt 0.257215 0.117516
vt 0.234903 0.111165
vt 0.257215 0.117516
vt 0.248854 0.125495
vt 0.234903 0.111165
vt 0.257215 0.117516
vt 0.263025 0.125655
vt 0.248854 0.125495
vt 0.263025 0.125655
vt 0.255830 0.132660
vt 0.248854 0.125495
vt 0.263025 0.125655
vt 0.262806 0.139825
vt 0.255830 0.132660
vt 0.268835 0.133794
vt 0.262806 0.139825
vt 0.263025 0.125655
vt 0.268835 0.133794
vt 0.276758 0.154155
vt 0.262806 0.139825
vt 0.280455 0.150072
vt 0.276758 0.154155
vt 0.268835 0.133794
vt 0.234903 0.111165
vt 0.248854 0.125495
vt 0.225103 0.126002
vt 0.248854 0.125495
vt 0.242488 0.135891
vt 0.225103 0.126002
vt 0.248854 0.125495
vt 0.255830 0.132660
vt 0.242488 0.135891
vt 0.255830 0.132660
vt 0.251180 0.140835
vt 0.242488 0.135891
vt 0.255830 0.132660
vt 0.259872 0.145779
vt 0.251180 0.140835
vt 0.262806 0.139825
vt 0.259872 0.145779
vt 0.255830 0.132660
vt 0.262806 0.139825
vt 0.277257 0.155668
vt 0.259872 0.145779
vt 0.276758 0.154155
vt 0.277257 0.155668
vt 0.262806 0.139825
vt 0.225103 0.126002
vt 0.242488 0.135891
vt 0.219793 0.142985
vt 0.242488 0.135891
vt 0.239231 0.147692
vt 0.219793 0.142985
vt 0.242488 0.135891
vt 0.251180 0.140835
vt 0.239231 0.147692
vt 0.251180 0.140835
vt 0.248950 0.150045
vt 0.239231 0.147692
vt 0.251180 0.140835
vt 0.258669 0.152398
vt 0.248950 0.150045
vt 0.259872 0.145779
vt 0.258669 0.152398
vt 0.251180 0.140835
vt 0.259872 0.145779
vt 0.278108 0.157105
vt 0.258669 0.152398
vt 0.277257 0.155668
vt 0.278108 0.157105
vt 0.259872 0.145779
vt 0.219793 0.142985
vt 0.239231 0.147692
vt 0.219005 0.160313
vt 0.239231 0.147692
vt 0.239005 0.160204
vt 0.219005 0.160313
vt 0.239231 0.147692
vt 0.248950 0.150045
vt 0.239005 0.160204
vt 0.248950 0.150045
vt 0.249005 0.160150
vt 0.239005 0.160204
vt 0.248950 0.150045
vt 0.259005 0.160095
vt 0.249005 0.160150
vt 0.258669 0.152398
vt 0.259005 0.160095
vt 0.248950 0.150045
vt 0.258669 0.152398
vt 0.279005 0.159986
vt 0.259005 0.160095
vt 0.278108 0.157105
vt 0.279005 0.159986
vt 0.258669 0.152398
vt 0.219005 0.160313
vt 0.239005 0.160204
vt 0.220013 0.169502
vt 0.239005 0.160204
vt 0.239824 0.166764
vt 0.220013 0.169502
vt 0.239005 0.160204
vt 0.249005 0.160150
vt 0.239824 0.166764
vt 0.249005 0.160150
vt 0.249730 0.165395
vt 0.239824 0.166764
vt 0.249005 0.160150
vt 0.259636 0.164026
vt 0.249730 0.165395
vt 0.259005 0.160095
vt 0.259636 0.164026
vt 0.249005 0.160150
vt 0.259005 0.160095
vt 0.279447 0.161287
vt 0.259636 0.164026
vt 0.279005 0.159986
vt 0.279447 0.161287
vt 0.259005 0.160095
vt 0.220013 0.169502
vt 0.239824 0.166764
vt 0.221633 0.177145
vt 0.239824 0.166764
vt 0.241138 0.172722
vt 0.221633 0.177145
vt 0.239824 0.166764
vt 0.249730 0.165395
vt 0.241138 0.172722
vt 0.249730 0.165395
vt 0.250890 0.170510
vt 0.241138 0.172722
vt 0.249730 0.165395
vt 0.260642 0.168298
vt 0.250890 0.170510
vt 0.259636 0.164026
vt 0.260642 0.168298
vt 0.249730 0.165395
vt 0.259636 0.164026
vt 0.280147 0.163875
vt 0.260642 0.168298
vt 0.279447 0.161287
vt 0.280147 0.163875
vt 0.259636 0.164026
vt 0.221633 0.177145
vt 0.241138 0.172722
vt 0.224580 0.185839
vt 0.241138 0.172722
vt 0.243330 0.178879
vt 0.224580 0.185839
vt 0.241138 0.172722
vt 0.250890 0.170510
vt 0.243330 0.178879
vt 0.250890 0.170510
vt 0.252705 0.175400
vt 0.243330 0.178879
vt 0.250890 0.170510
vt 0.262080 0.171920
vt 0.252705 0.175400
vt 0.260642 0.168298
vt 0.262080 0.171920
vt 0.250890 0.170510
vt 0.260642 0.168298
vt 0.280830 0.164961
vt 0.262080 0.171920
vt 0.280147 0.163875
vt 0.280830 0.164961
vt 0.260642 0.168298
vt 0.224580 0.185839
vt 0.243330 0.178879
vt 0.229534 0.195180
vt 0.243330 0.178879
vt 0.246775 0.185043
vt 0.229534 0.195180
vt 0.243330 0.178879
vt 0.252705 0.175400
vt 0.246775 0.185043
vt 0.252705 0.175400
vt 0.255395 0.179975
vt 0.246775 0.185043
vt 0.252705 0.175400
vt 0.264015 0.174906
vt 0.255395 0.179975
vt 0.262080 0.171920
vt 0.264015 0.174906
vt 0.252705 0.175400
vt 0.262080 0.171920
vt 0.281256 0.164769
vt 0.264015 0.174906
vt 0.280830 0.164961
vt 0.281256 0.164769
vt 0.262080 0.171920
vt 0.229534 0.195180
vt 0.246775 0.185043
vt 0.235287 0.203475
vt 0.246775 0.185043
vt 0.251596 0.191898
vt 0.235287 0.203475
vt 0.246775 0.185043
vt 0.255395 0.179975
vt 0.251596 0.191898
vt 0.255395 0.179975
vt 0.259750 0.186110
vt 0.251596 0.191898
vt 0.255395 0.179975
vt 0.267904 0.180321
vt 0.259750 0.186110
vt 0.264015 0.174906
vt 0.267904 0.180321
vt 0.255395 0.179975
vt 0.264015 0.174906
vt 0.284213 0.168744
vt 0.267904 0.180321
vt 0.281256 0.164769
vt 0.284213 0.168744
vt 0.264015 0.174906
vt 0.235287 0.203475
vt 0.251596 0.191898
vt 0.239622 0.209597
vt 0.251596 0.191898
vt 0.255944 0.198039
vt 0.239622 0.209597
vt 0.251596 0.191898
vt 0.259750 0.186110
vt 0.255944 0.198039
vt 0.259750 0.186110
vt 0.264105 0.192260
vt 0.255944 0.198039
vt 0.259750 0.186110
vt 0.272266 0.186481
vt 0.264105 0.192260
vt 0.267904 0.180321
vt 0.272266 0.186481
vt 0.259750 0.186110
vt 0.267904 0.180321
vt 0.288588 0.174923
vt 0.272266 0.186481
vt 0.284213 0.168744
vt 0.288588 0.174923
vt 0.267904 0.180321
vt 0.239622 0.209597
vt 0.255944 0.198039
vt 0.244846 0.216454
vt 0.255944 0.198039
vt 0.260725 0.204295
vt 0.244846 0.216454
vt 0.255944 0.198039
vt 0.264105 0.192260
vt 0.260725 0.204295
vt 0.264105 0.192260
vt 0.268665 0.198215
vt 0.260725 0.204295
vt 0.264105 0.192260
vt 0.276605 0.192135
vt 0.268665 0.198215
vt 0.272266 0.186481
vt 0.276605 0.192135
vt 0.264105 0.192260
vt 0.272266 0.186481
vt 0.292484 0.179976
vt 0.276605 0.192135
vt 0.288588 0.174923
vt 0.292484 0.179976
vt 0.272266 0.186481
vt 0.244846 0.216454
vt 0.260725 0.204295
vt 0.251304 0.223788
vt 0.260725 0.204295
vt 0.266191 0.210433
vt 0.251304 0.223788
vt 0.260725 0.204295
vt 0.268665 0.198215
vt 0.266191 0.210433
vt 0.268665 0.198215
vt 0.273635 0.203755
vt 0.266191 0.210433
vt 0.268665 0.198215
vt 0.281079 0.197077
vt 0.273635 0.203755
vt 0.276605 0.192135
vt 0.281079 0.197077
vt 0.268665 0.198215
vt 0.276605 0.192135
vt 0.295966 0.183722
vt 0.281079 0.197077
vt 0.292484 0.179976
vt 0.295966 0.183722
vt 0.276605 0.192135
vt 0.251304 0.223788
vt 0.266191 0.210433
vt 0.276426 0.248907
vt 0.266191 0.210433
vt 0.290549 0.234746
vt 0.276426 0.248907
vt 0.266191 0.210433
vt 0.273635 0.203755
vt 0.290549 0.234746
vt 0.273635 0.203755
vt 0.297610 0.227665
vt 0.290549 0.234746
vt 0.273635 0.203755
vt 0.304671 0.220584
vt 0.297610 0.227665
vt 0.281079 0.197077
vt 0.304671 0.220584
vt 0.273635 0.203755
vt 0.281079 0.197077
vt 0.318794 0.206423
vt 0.304671 0.220584
vt 0.295966 0.183722
vt 0.318794 0.206423
vt 0.281079 0.197077
vt 0.276426 0.248907
vt 0.290549 0.234746
vt 0.300637 0.272802
vt 0.290549 0.234746
vt 0.314686 0.258567
vt 0.300637 0.272802
vt 0.290549 0.234746
vt 0.297610 0.227665
vt 0.314686 0.258567
vt 0.297610 0.227665
vt 0.321710 0.251450
vt 0.314686 0.258567
vt 0.297610 0.227665
vt 0.328734 0.244332
vt 0.321710 0.251450
vt 0.304671 0.220584
vt 0.328734 0.244332
vt 0.297610 0.227665
vt 0.304671 0.220584
vt 0.342783 0.230098
vt 0.328734 0.244332
vt 0.318794 0.206423
vt 0.342783 0.230098
vt 0.304671 0.220584
vt 0.300637 0.272802
vt 0.314686 0.258567
vt 0.324907 0.296576
vt 0.314686 0.258567
vt 0.338902 0.282289
vt 0.324907 0.296576
vt 0.314686 0.258567
vt 0.321710 0.251450
vt 0.338902 0.282289
vt 0.321710 0.251450
vt 0.345900 0.275145
vt 0.338902 0.282289
vt 0.321710 0.251450
vt 0.352898 0.268001
vt 0.345900 0.275145
vt 0.328734 0.244332
vt 0.352898 0.268001
vt 0.321710 0.251450
vt 0.328734 0.244332
vt 0.366893 0.253714
vt 0.352898 0.268001
vt 0.342783 0.230098
vt 0.366893 0.253714
vt 0.328734 0.244332
vt 0.324907 0.296576
vt 0.338902 0.282289
vt 0.349202 0.320264
vt 0.338902 0.282289
vt 0.363164 0.305945
vt 0.349202 0.320264
vt 0.338902 0.282289
vt 0.345900 0.275145
vt 0.363164 0.305945
vt 0.345900 0.275145
vt 0.370145 0.298785
vt 0.363164 0.305945
vt 0.345900 0.275145
vt 0.377126 0.291625
vt 0.370145 0.298785
vt 0.352898 0.268001
vt 0.377126 0.291625
vt 0.345900 0.275145
vt 0.352898 0.268001
vt 0.391088 0.277305
vt 0.377126 0.291625
vt 0.366893 0.253714
vt 0.391088 0.277305
vt 0.352898 0.268001
vt 0.349202 0.320264
vt 0.363164 0.305945
vt 0.353881 0.324154
vt 0.363164 0.305945
vt 0.366220 0.308415
vt 0.353881 0.324154
vt 0.363164 0.305945
vt 0.370145 0.298785
vt 0.366220 0.308415
vt 0.370145 0.298785
vt 0.372390 0.300545
vt 0.366220 0.308415
vt 0.370145 0.298785
vt 0.378560 0.292675
vt 0.372390 0.300545
vt 0.377126 0.291625
vt 0.378560 0.292675
vt 0.370145 0.298785
vt 0.377126 0.291625
vt 0.390899 0.276935
vt 0.378560 0.292675
vt 0.391088 0.277305
vt 0.390899 0.276935
vt 0.377126 0.291625
vt 0.353881 0.324154
vt 0.366220 0.308415
vt 0.360688 0.328326
vt 0.366220 0.308415
vt 0.370223 0.310745
vt 0.360688 0.328326
vt 0.366220 0.308415
vt 0.372390 0.300545
vt 0.370223 0.310745
vt 0.372390 0.300545
vt 0.374990 0.301955
vt 0.370223 0.310745
vt 0.372390 0.300545
vt 0.379757 0.293164
vt 0.374990 0.301955
vt 0.378560 0.292675
vt 0.379757 0.293164
vt 0.372390 0.300545
vt 0.378560 0.292675
vt 0.389292 0.275583
vt 0.379757 0.293164
vt 0.390899 0.276935
vt 0.389292 0.275583
vt 0.378560 0.292675
vt 0.360688 0.328326
vt 0.370223 0.310745
vt 0.366325 0.330834
vt 0.370223 0.310745
vt 0.373958 0.312348
vt 0.366325 0.330834
vt 0.370223 0.310745
vt 0.374990 0.301955
vt 0.373958 0.312348
vt 0.374990 0.301955
vt 0.377775 0.303105
vt 0.373958 0.312348
vt 0.374990 0.301955
vt 0.381592 0.293862
vt 0.377775 0.303105
vt 0.379757 0.293164
vt 0.381592 0.293862
vt 0.374990 0.301955
vt 0.379757 0.293164
vt 0.389225 0.275376
vt 0.381592 0.293862
vt 0.389292 0.275583
vt 0.389225 0.275376
vt 0.379757 0.293164
vt 0.366325 0.330834
vt 0.373958 0.312348
vt 0.370640 0.332395
vt 0.373958 0.312348
vt 0.377267 0.313525
vt 0.370640 0.332395
vt 0.373958 0.312348
vt 0.377775 0.303105
vt 0.377267 0.313525
vt 0.377775 0.303105
vt 0.380580 0.304090
vt 0.377267 0.313525
vt 0.377775 0.303105
vt 0.383893 0.294655
vt 0.380580 0.304090
vt 0.381592 0.293862
vt 0.383893 0.294655
vt 0.377775 0.303105
vt 0.381592 0.293862
vt 0.390520 0.275784
vt 0.383893 0.294655
vt 0.389225 0.275376
vt 0.390520 0.275784
vt 0.381592 0.293862
vt 0.370640 0.332395
vt 0.377267 0.313525
vt 0.380204 0.334112
vt 0.377267 0.313525
vt 0.381268 0.314141
vt 0.380204 0.334112
vt 0.377267 0.313525
vt 0.380580 0.304090
vt 0.381268 0.314141
vt 0.380580 0.304090
vt 0.381800 0.304155
vt 0.381268 0.314141
vt 0.380580 0.304090
vt 0.382332 0.294169
vt 0.381800 0.304155
vt 0.383893 0.294655
vt 0.382332 0.294169
vt 0.380580 0.304090
vt 0.383893 0.294655
vt 0.383396 0.274197
vt 0.382332 0.294169
vt 0.390520 0.275784
vt 0.383396 0.274197
vt 0.383893 0.294655
vt 0.380204 0.334112
vt 0.381268 0.314141
vt 0.391449 0.332599
vt 0.381268 0.314141
vt 0.385963 0.313366
vt 0.391449 0.332599
vt 0.381268 0.314141
vt 0.381800 0.304155
vt 0.385963 0.313366
vt 0.381800 0.304155
vt 0.383220 0.303750
vt 0.385963 0.313366
vt 0.381800 0.304155
vt 0.380477 0.294133
vt 0.383220 0.303750
vt 0.382332 0.294169
vt 0.380477 0.294133
vt 0.381800 0.304155
vt 0.382332 0.294169
vt 0.374992 0.274900
vt 0.380477 0.294133
vt 0.383396 0.274197
vt 0.374992 0.274900
vt 0.382332 0.294169
vt 0.391449 0.332599
vt 0.385963 0.313366
vt 0.398519 0.329603
vt 0.385963 0.313366
vt 0.389243 0.311884
vt 0.398519 0.329603
vt 0.385963 0.313366
vt 0.383220 0.303750
vt 0.389243 0.311884
vt 0.383220 0.303750
vt 0.384605 0.303025
vt 0.389243 0.311884
vt 0.383220 0.303750
vt 0.379967 0.294165
vt 0.384605 0.303025
vt 0.380477 0.294133
vt 0.379967 0.294165
vt 0.383220 0.303750
vt 0.380477 0.294133
vt 0.370691 0.276446
vt 0.379967 0.294165
vt 0.374992 0.274900
vt 0.370691 0.276446
vt 0.380477 0.294133
vt 0.398519 0.329603
vt 0.389243 0.311884
vt 0.404389 0.325623
vt 0.389243 0.311884
vt 0.391946 0.309964
vt 0.404389 0.325623
vt 0.389243 0.311884
vt 0.384605 0.303025
vt 0.391946 0.309964
vt 0.384605 0.303025
vt 0.385725 0.302135
vt 0.391946 0.309964
vt 0.384605 0.303025
vt 0.379504 0.294306
vt 0.385725 0.302135
vt 0.379967 0.294165
vt 0.379504 0.294306
vt 0.384605 0.303025
vt 0.379967 0.294165
vt 0.367062 0.278647
vt 0.379504 0.294306
vt 0.370691 0.276446
vt 0.367062 0.278647
vt 0.379967 0.294165
vt 0.404389 0.325623
vt 0.391946 0.309964
vt 0.410347 0.319331
vt 0.391946 0.309964
vt 0.394502 0.307127
vt 0.410347 0.319331
vt 0.391946 0.309964
vt 0.385725 0.302135
vt 0.394502 0.307127
vt 0.385725 0.302135
vt 0.386580 0.301025
vt 0.394502 0.307127
vt 0.385725 0.302135
vt 0.378658 0.294923
vt 0.386580 0.301025
vt 0.379504 0.294306
vt 0.378658 0.294923
vt 0.385725 0.302135
vt 0.379504 0.294306
vt 0.362813 0.282719
vt 0.378658 0.294923
vt 0.367062 0.278647
vt 0.362813 0.282719
vt 0.379504 0.294306
vt 0.410347 0.319331
vt 0.394502 0.307127
vt 0.414123 0.313011
vt 0.394502 0.307127
vt 0.396208 0.304120
vt 0.414123 0.313011
vt 0.394502 0.307127
vt 0.386580 0.301025
vt 0.396208 0.304120
vt 0.386580 0.301025
vt 0.387250 0.299675
vt 0.396208 0.304120
vt 0.386580 0.301025
vt 0.378292 0.295229
vt 0.387250 0.299675
vt 0.378658 0.294923
vt 0.378292 0.295229
vt 0.386580 0.301025
vt 0.378658 0.294923
vt 0.360377 0.286338
vt 0.378292 0.295229
vt 0.362813 0.282719
vt 0.360377 0.286338
vt 0.378658 0.294923
vt 0.414123 0.313011
vt 0.396208 0.304120
vt 0.416527 0.306388
vt 0.396208 0.304120
vt 0.397279 0.300956
vt 0.416527 0.306388
vt 0.396208 0.304120
vt 0.387250 0.299675
vt 0.397279 0.300956
vt 0.387250 0.299675
vt 0.387655 0.298240
vt 0.397279 0.300956
vt 0.387250 0.299675
vt 0.378031 0.295524
vt 0.387655 0.298240
vt 0.378292 0.295229
vt 0.378031 0.295524
vt 0.387250 0.299675
vt 0.378292 0.295229
vt 0.358783 0.290091
vt 0.378031 0.295524
vt 0.360377 0.286338
vt 0.358783 0.290091
vt 0.378292 0.295229
vt 0.416527 0.306388
vt 0.397279 0.300956
vt 0.417686 0.298083
vt 0.397279 0.300956
vt 0.397702 0.297278
vt 0.417686 0.298083
vt 0.397279 0.300956
vt 0.387655 0.298240
vt 0.397702 0.297278
vt 0.387655 0.298240
vt 0.387710 0.296875
vt 0.397702 0.297278
vt 0.387655 0.298240
vt 0.377718 0.296472
vt 0.387710 0.296875
vt 0.378031 0.295524
vt 0.377718 0.296472
vt 0.387655 0.298240
vt 0.378031 0.295524
vt 0.357734 0.295667
vt 0.377718 0.296472
vt 0.358783 0.290091
vt 0.357734 0.295667
vt 0.378031 0.295524
vt 0.417686 0.298083
vt 0.397702 0.297278
vt 0.416998 0.290011
vt 0.397702 0.297278
vt 0.397243 0.293130
vt 0.416998 0.290011
vt 0.397702 0.297278
vt 0.387710 0.296875
vt 0.397243 0.293130
vt 0.387710 0.296875
vt 0.387365 0.294690
vt 0.397243 0.293130
vt 0.387710 0.296875
vt 0.377487 0.296250
vt 0.387365 0.294690
vt 0.377718 0.296472
vt 0.377487 0.296250
vt 0.387710 0.296875
vt 0.377718 0.296472
vt 0.357732 0.299369
vt 0.377487 0.296250
vt 0.357734 0.295667
vt 0.357732 0.299369
vt 0.377718 0.296472
vt 0.416998 0.290011
vt 0.397243 0.293130
vt 0.415920 0.285223
vt 0.397243 0.293130
vt 0.396520 0.290084
vt 0.415920 0.285223
vt 0.397243 0.293130
vt 0.387365 0.294690
vt 0.396520 0.290084
vt 0.387365 0.294690
vt 0.386820 0.292515
vt 0.396520 0.290084
vt 0.387365 0.294690
vt 0.377120 0.294946
vt 0.386820 0.292515
vt 0.377487 0.296250
vt 0.377120 0.294946
vt 0.387365 0.294690
vt 0.377487 0.296250
vt 0.357720 0.299807
vt 0.377120 0.294946
vt 0.357732 0.299369
vt 0.357720 0.299807
vt 0.377487 0.296250
vt 0.415920 0.285223
vt 0.396520 0.290084
vt 0.414337 0.280357
vt 0.396520 0.290084
vt 0.395492 0.287056
vt 0.414337 0.280357
vt 0.396520 0.290084
vt 0.386820 0.292515
vt 0.395492 0.287056
vt 0.386820 0.292515
vt 0.386070 0.290405
vt 0.395492 0.287056
vt 0.386820 0.292515
vt 0.376648 0.293754
vt 0.386070 0.290405
vt 0.377120 0.294946
vt 0.376648 0.293754
vt 0.386820 0.292515
vt 0.377120 0.294946
vt 0.357803 0.300452
vt 0.376648 0.293754
vt 0.357720 0.299807
vt 0.357803 0.300452
vt 0.377120 0.294946
vt 0.414337 0.280357
vt 0.395492 0.287056
vt 0.412117 0.275359
vt 0.395492 0.287056
vt 0.394112 0.284066
vt 0.412117 0.275359
vt 0.395492 0.287056
vt 0.386070 0.290405
vt 0.394112 0.284066
vt 0.386070 0.290405
vt 0.385110 0.288420
vt 0.394112 0.284066
vt 0.386070 0.290405
vt 0.376108 0.292774
vt 0.385110 0.288420
vt 0.376648 0.293754
vt 0.376108 0.292774
vt 0.386070 0.290405
vt 0.376648 0.293754
vt 0.358103 0.301481
vt 0.376108 0.292774
vt 0.357803 0.300452
vt 0.358103 0.301481
vt 0.376648 0.293754
vt 0.412117 0.275359
vt 0.394112 0.284066
vt 0.403558 0.259979
vt 0.394112 0.284066
vt 0.386113 0.269760
vt 0.403558 0.259979
vt 0.394112 0.284066
vt 0.385110 0.288420
vt 0.386113 0.269760
vt 0.385110 0.288420
vt 0.377390 0.274650
vt 0.386113 0.269760
vt 0.385110 0.288420
vt 0.368667 0.279540
vt 0.377390 0.274650
vt 0.376108 0.292774
vt 0.368667 0.279540
vt 0.385110 0.288420
vt 0.376108 0.292774
vt 0.351222 0.289321
vt 0.368667 0.279540
vt 0.358103 0.301481
vt 0.351222 0.289321
vt 0.376108 0.292774
vt 0.403558 0.259979
vt 0.386113 0.269760
vt 0.395734 0.246142
vt 0.386113 0.269760
vt 0.378325 0.255987
vt 0.395734 0.246142
vt 0.386113 0.269760
vt 0.377390 0.274650
vt 0.378325 0.255987
vt 0.377390 0.274650
vt 0.369620 0.260910
vt 0.378325 0.255987
vt 0.377390 0.274650
vt 0.360915 0.265832
vt 0.369620 0.260910
vt 0.368667 0.279540
vt 0.360915 0.265832
vt 0.377390 0.274650
vt 0.368667 0.279540
vt 0.343506 0.275677
vt 0.360915 0.265832
vt 0.351222 0.289321
vt 0.343506 0.275677
vt 0.368667 0.279540
vt 0.395734 0.246142
vt 0.378325 0.255987
vt 0.387911 0.232369
vt 0.378325 0.255987
vt 0.370520 0.242246
vt 0.387911 0.232369
vt 0.378325 0.255987
vt 0.369620 0.260910
vt 0.370520 0.242246
vt 0.369620 0.260910
vt 0.361825 0.247185
vt 0.370520 0.242246
vt 0.369620 0.260910
vt 0.353130 0.252123
vt 0.361825 0.247185
vt 0.360915 0.265832
vt 0.353130 0.252123
vt 0.369620 0.260910
vt 0.360915 0.265832
vt 0.335739 0.262000
vt 0.353130 0.252123
vt 0.343506 0.275677
vt 0.335739 0.262000
vt 0.360915 0.265832
vt 0.387911 0.232369
vt 0.370520 0.242246
vt 0.380107 0.218637
vt 0.370520 0.242246
vt 0.362719 0.228519
vt 0.380107 0.218637
vt 0.370520 0.242246
vt 0.361825 0.247185
vt 0.362719 0.228519
vt 0.361825 0.247185
vt 0.354025 0.233460
vt 0.362719 0.228519
vt 0.361825 0.247185
vt 0.345331 0.238401
vt 0.354025 0.233460
vt 0.353130 0.252123
vt 0.345331 0.238401
vt 0.361825 0.247185
vt 0.353130 0.252123
vt 0.327943 0.248282
vt 0.345331 0.238401
vt 0.335739 0.262000
vt 0.327943 0.248282
vt 0.353130 0.252123
vt 0.380107 0.218637
vt 0.362719 0.228519
vt 0.377959 0.214985
vt 0.362719 0.228519
vt 0.360730 0.225141
vt 0.377959 0.214985
vt 0.362719 0.228519
vt 0.354025 0.233460
vt 0.360730 0.225141
vt 0.354025 0.233460
vt 0.352115 0.230220
vt 0.360730 0.225141
vt 0.354025 0.233460
vt 0.343500 0.235298
vt 0.352115 0.230220
vt 0.345331 0.238401
vt 0.343500 0.235298
vt 0.354025 0.233460
vt 0.345331 0.238401
vt 0.326271 0.245455
vt 0.343500 0.235298
vt 0.327943 0.248282
vt 0.326271 0.245455
vt 0.345331 0.238401
vt 0.377959 0.214985
vt 0.360730 0.225141
vt 0.375849 0.211489
vt 0.360730 0.225141
vt 0.358730 0.221829
vt 0.375849 0.211489
vt 0.360730 0.225141
vt 0.352115 0.230220
vt 0.358730 0.221829
vt 0.352115 0.230220
vt 0.350170 0.227000
vt 0.358730 0.221829
vt 0.352115 0.230220
vt 0.341610 0.232170
vt 0.350170 0.227000
vt 0.343500 0.235298
vt 0.341610 0.232170
vt 0.352115 0.230220
vt 0.343500 0.235298
vt 0.324491 0.242511
vt 0.341610 0.232170
vt 0.326271 0.245455
vt 0.324491 0.242511
vt 0.343500 0.235298
vt 0.375849 0.211489
vt 0.358730 0.221829
vt 0.374281 0.208758
vt 0.358730 0.221829
vt 0.356957 0.218753
vt 0.374281 0.208758
vt 0.358730 0.221829
vt 0.350170 0.227000
vt 0.356957 0.218753
vt 0.350170 0.227000
vt 0.348295 0.223750
vt 0.356957 0.218753
vt 0.350170 0.227000
vt 0.339633 0.228747
vt 0.348295 0.223750
vt 0.341610 0.232170
vt 0.339633 0.228747
vt 0.350170 0.227000
vt 0.341610 0.232170
vt 0.322309 0.238741
vt 0.339633 0.228747
vt 0.324491 0.242511
vt 0.322309 0.238741
vt 0.341610 0.232170
vt 0.374281 0.208758
vt 0.356957 0.218753
vt 0.373344 0.206822
vt 0.356957 0.218753
vt 0.355515 0.215884
vt 0.373344 0.206822
vt 0.356957 0.218753
vt 0.348295 0.223750
vt 0.355515 0.215884
vt 0.348295 0.223750
vt 0.346600 0.220415
vt 0.355515 0.215884
vt 0.348295 0.223750
vt 0.337685 0.224946
vt 0.346600 0.220415
vt 0.339633 0.228747
vt 0.337685 0.224946
vt 0.348295 0.223750
vt 0.339633 0.228747
vt 0.319856 0.234008
vt 0.337685 0.224946
vt 0.322309 0.238741
vt 0.319856 0.234008
vt 0.339633 0.228747
vt 0.373344 0.206822
vt 0.355515 0.215884
vt 0.373680 0.205560
vt 0.355515 0.215884
vt 0.354360 0.210730
vt 0.373680 0.205560
vt 0.355515 0.215884
vt 0.346600 0.220415
vt 0.354360 0.210730
vt 0.346600 0.220415
vt 0.344700 0.213315
vt 0.354360 0.210730
vt 0.346600 0.220415
vt 0.335040 0.215900
vt 0.344700 0.213315
vt 0.337685 0.224946
vt 0.335040 0.215900
vt 0.346600 0.220415
vt 0.337685 0.224946
vt 0.315720 0.221070
vt 0.335040 0.215900
vt 0.319856 0.234008
vt 0.315720 0.221070
vt 0.337685 0.224946
vt 0.373680 0.205560
vt 0.354360 0.210730
vt 0.375041 0.207393
vt 0.354360 0.210730
vt 0.355067 0.206374
vt 0.375041 0.207393
vt 0.354360 0.210730
vt 0.344700 0.213315
vt 0.355067 0.206374
vt 0.344700 0.213315
vt 0.345080 0.205865
vt 0.355067 0.206374
vt 0.344700 0.213315
vt 0.335093 0.205355
vt 0.345080 0.205865
vt 0.335040 0.215900
vt 0.335093 0.205355
vt 0.344700 0.213315
vt 0.335040 0.215900
vt 0.315119 0.204337
vt 0.335093 0.205355
vt 0.315720 0.221070
vt 0.315119 0.204337
vt 0.335040 0.215900
vt 0.375041 0.207393
vt 0.355067 0.206374
vt 0.375905 0.208479
vt 0.355067 0.206374
vt 0.356992 0.201976
vt 0.375905 0.208479
vt 0.355067 0.206374
vt 0.345080 0.205865
vt 0.356992 0.201976
vt 0.345080 0.205865
vt 0.347535 0.198725
vt 0.356992 0.201976
vt 0.345080 0.205865
vt 0.338078 0.195473
vt 0.347535 0.198725
vt 0.335093 0.205355
vt 0.338078 0.195473
vt 0.345080 0.205865
vt 0.335093 0.205355
vt 0.319165 0.188970
vt 0.338078 0.195473
vt 0.315119 0.204337
vt 0.319165 0.188970
vt 0.335093 0.205355
vt 0.375905 0.208479
vt 0.356992 0.201976
vt 0.376417 0.209801
vt 0.356992 0.201976
vt 0.360052 0.198304
vt 0.376417 0.209801
vt 0.356992 0.201976
vt 0.347535 0.198725
vt 0.360052 0.198304
vt 0.347535 0.198725
vt 0.351870 0.192555
vt 0.360052 0.198304
vt 0.347535 0.198725
vt 0.343688 0.186806
vt 0.351870 0.192555
vt 0.338078 0.195473
vt 0.343688 0.186806
vt 0.347535 0.198725
vt 0.338078 0.195473
vt 0.327323 0.175308
vt 0.343688 0.186806
vt 0.319165 0.188970
vt 0.327323 0.175308
vt 0.338078 0.195473
vt 0.376417 0.209801
vt 0.360052 0.198304
vt 0.378691 0.208363
vt 0.360052 0.198304
vt 0.364804 0.193971
vt 0.378691 0.208363
vt 0.360052 0.198304
vt 0.351870 0.192555
vt 0.364804 0.193971
vt 0.351870 0.192555
vt 0.357860 0.186775
vt 0.364804 0.193971
vt 0.351870 0.192555
vt 0.350916 0.179579
vt 0.357860 0.186775
vt 0.343688 0.186806
vt 0.350916 0.179579
vt 0.351870 0.192555
vt 0.343688 0.186806
vt 0.337029 0.165187
vt 0.350916 0.179579
vt 0.327323 0.175308
vt 0.337029 0.165187
vt 0.343688 0.186806
vt 0.378691 0.208363
vt 0.364804 0.193971
vt 0.383129 0.204929
vt 0.364804 0.193971
vt 0.370563 0.189370
vt 0.383129 0.204929
vt 0.364804 0.193971
vt 0.357860 0.186775
vt 0.370563 0.189370
vt 0.357860 0.186775
vt 0.364280 0.181590
vt 0.370563 0.189370
vt 0.357860 0.186775
vt 0.357997 0.173810
vt 0.364280 0.181590
vt 0.350916 0.179579
vt 0.357997 0.173810
vt 0.357860 0.186775
vt 0.350916 0.179579
vt 0.345431 0.158251
vt 0.357997 0.173810
vt 0.337029 0.165187
vt 0.345431 0.158251
vt 0.350916 0.179579
vt 0.383129 0.204929
vt 0.370563 0.189370
vt 0.387677 0.202092
vt 0.370563 0.189370
vt 0.376659 0.185400
vt 0.387677 0.202092
vt 0.370563 0.189370
vt 0.364280 0.181590
vt 0.376659 0.185400
vt 0.364280 0.181590
vt 0.371150 0.177055
vt 0.376659 0.185400
vt 0.364280 0.181590
vt 0.365641 0.168709
vt 0.371150 0.177055
vt 0.357997 0.173810
vt 0.365641 0.168709
vt 0.364280 0.181590
vt 0.357997 0.173810
vt 0.354623 0.152018
vt 0.365641 0.168709
vt 0.345431 0.158251
vt 0.354623 0.152018
vt 0.357997 0.173810
vt 0.387677 0.202092
vt 0.376659 0.185400
vt 0.392397 0.199797
vt 0.376659 0.185400
vt 0.383126 0.182076
vt 0.392397 0.199797
vt 0.376659 0.185400
vt 0.371150 0.177055
vt 0.383126 0.182076
vt 0.371150 0.177055
vt 0.378490 0.173215
vt 0.383126 0.182076
vt 0.371150 0.177055
vt 0.373854 0.164354
vt 0.378490 0.173215
vt 0.365641 0.168709
vt 0.373854 0.164354
vt 0.371150 0.177055
vt 0.365641 0.168709
vt 0.364583 0.146633
vt 0.373854 0.164354
vt 0.354623 0.152018
vt 0.364583 0.146633
vt 0.365641 0.168709
vt 0.392397 0.199797
vt 0.383126 0.182076
vt 0.414501 0.192297
vt 0.383126 0.182076
vt 0.407830 0.173442
vt 0.414501 0.192297
vt 0.383126 0.182076
vt 0.378490 0.173215
vt 0.407830 0.173442
vt 0.378490 0.173215
vt 0.404495 0.164015
vt 0.407830 0.173442
vt 0.378490 0.173215
vt 0.401160 0.154587
vt 0.404495 0.164015
vt 0.373854 0.164354
vt 0.401160 0.154587
vt 0.378490 0.173215
vt 0.373854 0.164354
vt 0.394489 0.135733
vt 0.401160 0.154587
vt 0.364583 0.146633
vt 0.394489 0.135733
vt 0.373854 0.164354
vt 0.414501 0.192297
vt 0.407830 0.173442
vt 0.434705 0.190140
vt 0.407830 0.173442
vt 0.431978 0.170326
vt 0.434705 0.190140
vt 0.407830 0.173442
vt 0.404495 0.164015
vt 0.431978 0.170326
vt 0.404495 0.164015
vt 0.430615 0.160420
vt 0.431978 0.170326
vt 0.404495 0.164015
vt 0.429252 0.150513
vt 0.430615 0.160420
vt 0.401160 0.154587
vt 0.429252 0.150513
vt 0.404495 0.164015
vt 0.401160 0.154587
vt 0.426525 0.130700
vt 0.429252 0.150513
vt 0.394489 0.135733
vt 0.426525 0.130700
vt 0.401160 0.154587
vt 0.434705 0.190140
vt 0.431978 0.170326
vt 0.454207 0.192637
vt 0.431978 0.170326
vt 0.455979 0.172715
vt 0.454207 0.192637
vt 0.431978 0.170326
vt 0.430615 0.160420
vt 0.455979 0.172715
vt 0.430615 0.160420
vt 0.456865 0.162755
vt 0.455979 0.172715
vt 0.430615 0.160420
vt 0.457751 0.152794
vt 0.456865 0.162755
vt 0.429252 0.150513
vt 0.457751 0.152794
vt 0.430615 0.160420
vt 0.429252 0.150513
vt 0.459523 0.132873
vt 0.457751 0.152794
vt 0.426525 0.130700
vt 0.459523 0.132873
vt 0.429252 0.150513
vt 0.454207 0.192637
vt 0.455979 0.172715
vt 0.473968 0.199868
vt 0.455979 0.172715
vt 0.480156 0.180849
vt 0.473968 0.199868
vt 0.455979 0.172715
vt 0.456865 0.162755
vt 0.480156 0.180849
vt 0.456865 0.162755
vt 0.483250 0.171340
vt 0.480156 0.180849
vt 0.456865 0.162755
vt 0.486344 0.161830
vt 0.483250 0.171340
vt 0.457751 0.152794
vt 0.486344 0.161830
vt 0.456865 0.162755
vt 0.457751 0.152794
vt 0.492532 0.142812
vt 0.486344 0.161830
vt 0.459523 0.132873
vt 0.492532 0.142812
vt 0.457751 0.152794
vt 0.473968 0.199868
vt 0.480156 0.180849
vt 0.484010 0.205273
vt 0.480156 0.180849
vt 0.492967 0.187391
vt 0.484010 0.205273
vt 0.480156 0.180849
vt 0.483250 0.171340
vt 0.492967 0.187391
vt 0.483250 0.171340
vt 0.497445 0.178450
vt 0.492967 0.187391
vt 0.483250 0.171340
vt 0.501923 0.169509
vt 0.497445 0.178450
vt 0.486344 0.161830
vt 0.501923 0.169509
vt 0.483250 0.171340
vt 0.486344 0.161830
vt 0.510880 0.151626
vt 0.501923 0.169509
vt 0.492532 0.142812
vt 0.510880 0.151626
vt 0.486344 0.161830
vt 0.484010 0.205273
vt 0.492967 0.187391
vt 0.494987 0.212231
vt 0.492967 0.187391
vt 0.505532 0.195237
vt 0.494987 0.212231
vt 0.492967 0.187391
vt 0.497445 0.178450
vt 0.505532 0.195237
vt 0.497445 0.178450
vt 0.510805 0.186740
vt 0.505532 0.195237
vt 0.497445 0.178450
vt 0.516078 0.178243
vt 0.510805 0.186740
vt 0.501923 0.169509
vt 0.516078 0.178243
vt 0.497445 0.178450
vt 0.501923 0.169509
vt 0.526623 0.161249
vt 0.516078 0.178243
vt 0.510880 0.151626
vt 0.526623 0.161249
vt 0.501923 0.169509
vt 0.494987 0.212231
vt 0.505532 0.195237
vt 0.505162 0.220128
vt 0.505532 0.195237
vt 0.517261 0.204203
vt 0.505162 0.220128
vt 0.505532 0.195237
vt 0.510805 0.186740
vt 0.517261 0.204203
vt 0.510805 0.186740
vt 0.523310 0.196240
vt 0.517261 0.204203
vt 0.510805 0.186740
vt 0.529359 0.188277
vt 0.523310 0.196240
vt 0.516078 0.178243
vt 0.529359 0.188277
vt 0.510805 0.186740
vt 0.516078 0.178243
vt 0.541458 0.172351
vt 0.529359 0.188277
vt 0.526623 0.161249
vt 0.541458 0.172351
vt 0.516078 0.178243
vt 0.505162 0.220128
vt 0.517261 0.204203
vt 0.514597 0.229024
vt 0.517261 0.204203
vt 0.528162 0.214328
vt 0.514597 0.229024
vt 0.517261 0.204203
vt 0.523310 0.196240
vt 0.528162 0.214328
vt 0.523310 0.196240
vt 0.534945 0.206980
vt 0.528162 0.214328
vt 0.523310 0.196240
vt 0.541728 0.199632
vt 0.534945 0.206980
vt 0.529359 0.188277
vt 0.541728 0.199632
vt 0.523310 0.196240
vt 0.529359 0.188277
vt 0.555293 0.184936
vt 0.541728 0.199632
vt 0.541458 0.172351
vt 0.555293 0.184936
vt 0.529359 0.188277
vt 0.514597 0.229024
vt 0.528162 0.214328
vt 0.536811 0.251616
vt 0.528162 0.214328
vt 0.551057 0.237579
vt 0.536811 0.251616
vt 0.528162 0.214328
vt 0.534945 0.206980
vt 0.551057 0.237579
vt 0.534945 0.206980
vt 0.558180 0.230560
vt 0.551057 0.237579
vt 0.534945 0.206980
vt 0.565303 0.223541
vt 0.558180 0.230560
vt 0.541728 0.199632
vt 0.565303 0.223541
vt 0.534945 0.206980
vt 0.541728 0.199632
vt 0.579549 0.209504
vt 0.565303 0.223541
vt 0.555293 0.184936
vt 0.579549 0.209504
vt 0.541728 0.199632
vt 0.536811 0.251616
vt 0.551057 0.237579
vt 0.559999 0.275198
vt 0.551057 0.237579
vt 0.574260 0.261176
vt 0.559999 0.275198
vt 0.551057 0.237579
vt 0.558180 0.230560
vt 0.574260 0.261176
vt 0.558180 0.230560
vt 0.581390 0.254165
vt 0.574260 0.261176
vt 0.558180 0.230560
vt 0.588520 0.247154
vt 0.581390 0.254165
vt 0.565303 0.223541
vt 0.588520 0.247154
vt 0.558180 0.230560
vt 0.565303 0.223541
vt 0.602781 0.233131
vt 0.588520 0.247154
vt 0.579549 0.209504
vt 0.602781 0.233131
vt 0.565303 0.223541
vt 0.559999 0.275198
vt 0.574260 0.261176
vt 0.583038 0.298811
vt 0.574260 0.261176
vt 0.597353 0.284843
vt 0.583038 0.298811
vt 0.574260 0.261176
vt 0.581390 0.254165
vt 0.597353 0.284843
vt 0.581390 0.254165
vt 0.604510 0.277860
vt 0.597353 0.284843
vt 0.581390 0.254165
vt 0.611667 0.270876
vt 0.604510 0.277860
vt 0.588520 0.247154
vt 0.611667 0.270876
vt 0.581390 0.254165
vt 0.588520 0.247154
vt 0.625982 0.256909
vt 0.611667 0.270876
vt 0.602781 0.233131
vt 0.625982 0.256909
vt 0.588520 0.247154
vt 0.583038 0.298811
vt 0.597353 0.284843
vt 0.605860 0.322513
vt 0.597353 0.284843
vt 0.620266 0.308641
vt 0.605860 0.322513
vt 0.597353 0.284843
vt 0.604510 0.277860
vt 0.620266 0.308641
vt 0.604510 0.277860
vt 0.627470 0.301705
vt 0.620266 0.308641
vt 0.604510 0.277860
vt 0.634673 0.294769
vt 0.627470 0.301705
vt 0.611667 0.270876
vt 0.634673 0.294769
vt 0.604510 0.277860
vt 0.611667 0.270876
vt 0.649080 0.280896
vt 0.634673 0.294769
vt 0.625982 0.256909
vt 0.649080 0.280896
vt 0.611667 0.270876
vt 0.605860 0.322513
vt 0.620266 0.308641
vt 0.618861 0.336466
vt 0.620266 0.308641
vt 0.633490 0.322828
vt 0.618861 0.336466
vt 0.620266 0.308641
vt 0.627470 0.301705
vt 0.633490 0.322828
vt 0.627470 0.301705
vt 0.640805 0.316010
vt 0.633490 0.322828
vt 0.627470 0.301705
vt 0.648120 0.309191
vt 0.640805 0.316010
vt 0.634673 0.294769
vt 0.648120 0.309191
vt 0.627470 0.301705
vt 0.634673 0.294769
vt 0.662749 0.295554
vt 0.648120 0.309191
vt 0.649080 0.280896
vt 0.662749 0.295554
vt 0.634673 0.294769
vt 0.618861 0.336466
vt 0.633490 0.322828
vt 0.631578 0.350615
vt 0.633490 0.322828
vt 0.646449 0.337241
vt 0.631578 0.350615
vt 0.633490 0.322828
vt 0.640805 0.316010
vt 0.646449 0.337241
vt 0.640805 0.316010
vt 0.653885 0.330555
vt 0.646449 0.337241
vt 0.640805 0.316010
vt 0.661321 0.323868
vt 0.653885 0.330555
vt 0.648120 0.309191
vt 0.661321 0.323868
vt 0.640805 0.316010
vt 0.648120 0.309191
vt 0.676192 0.310495
vt 0.661321 0.323868
vt 0.662749 0.295554
vt 0.676192 0.310495
vt 0.648120 0.309191
vt 0.631578 0.350615
vt 0.646449 0.337241
vt 0.644369 0.365085
vt 0.646449 0.337241
vt 0.659353 0.351838
vt 0.644369 0.365085
vt 0.646449 0.337241
vt 0.653885 0.330555
vt 0.659353 0.351838
vt 0.653885 0.330555
vt 0.666845 0.345215
vt 0.659353 0.351838
vt 0.653885 0.330555
vt 0.674337 0.338591
vt 0.666845 0.345215
vt 0.661321 0.323868
vt 0.674337 0.338591
vt 0.653885 0.330555
vt 0.661321 0.323868
vt 0.689321 0.325345
vt 0.674337 0.338591
vt 0.676192 0.310495
vt 0.689321 0.325345
vt 0.661321 0.323868
vt 0.644369 0.365085
vt 0.659353 0.351838
vt 0.657365 0.379754
vt 0.659353 0.351838
vt 0.672335 0.366491
vt 0.657365 0.379754
vt 0.659353 0.351838
vt 0.666845 0.345215
vt 0.672335 0.366491
vt 0.666845 0.345215
vt 0.679820 0.359860
vt 0.672335 0.366491
vt 0.666845 0.345215
vt 0.687305 0.353228
vt 0.679820 0.359860
vt 0.674337 0.338591
vt 0.687305 0.353228
vt 0.666845 0.345215
vt 0.674337 0.338591
vt 0.702275 0.339965
vt 0.687305 0.353228
vt 0.689321 0.325345
vt 0.702275 0.339965
vt 0.674337 0.338591
vt 0.657365 0.379754
vt 0.672335 0.366491
vt 0.661165 0.384113
vt 0.672335 0.366491
vt 0.676238 0.370967
vt 0.661165 0.384113
vt 0.672335 0.366491
vt 0.679820 0.359860
vt 0.676238 0.370967
vt 0.679820 0.359860
vt 0.683775 0.364395
vt 0.676238 0.370967
vt 0.679820 0.359860
vt 0.691312 0.357822
vt 0.683775 0.364395
vt 0.687305 0.353228
vt 0.691312 0.357822
vt 0.679820 0.359860
vt 0.687305 0.353228
vt 0.706385 0.344677
vt 0.691312 0.357822
vt 0.702275 0.339965
vt 0.706385 0.344677
vt 0.687305 0.353228
vt 0.661165 0.384113
vt 0.676238 0.370967
vt 0.664779 0.388381
vt 0.676238 0.370967
vt 0.680036 0.375450
vt 0.664779 0.388381
vt 0.676238 0.370967
vt 0.683775 0.364395
vt 0.680036 0.375450
vt 0.683775 0.364395
vt 0.687665 0.368985
vt 0.680036 0.375450
vt 0.683775 0.364395
vt 0.695294 0.362519
vt 0.687665 0.368985
vt 0.691312 0.357822
vt 0.695294 0.362519
vt 0.683775 0.364395
vt 0.691312 0.357822
vt 0.710551 0.349589
vt 0.695294 0.362519
vt 0.706385 0.344677
vt 0.710551 0.349589
vt 0.691312 0.357822
vt 0.664779 0.388381
vt 0.680036 0.375450
vt 0.668641 0.392949
vt 0.680036 0.375450
vt 0.683914 0.380036
vt 0.668641 0.392949
vt 0.680036 0.375450
vt 0.687665 0.368985
vt 0.683914 0.380036
vt 0.687665 0.368985
vt 0.691550 0.373580
vt 0.683914 0.380036
vt 0.687665 0.368985
vt 0.699186 0.367123
vt 0.691550 0.373580
vt 0.695294 0.362519
vt 0.699186 0.367123
vt 0.687665 0.368985
vt 0.695294 0.362519
vt 0.714459 0.354211
vt 0.699186 0.367123
vt 0.710551 0.349589
vt 0.714459 0.354211
vt 0.695294 0.362519
vt 0.668641 0.392949
vt 0.683914 0.380036
vt 0.672811 0.397768
vt 0.683914 0.380036
vt 0.687930 0.384676
vt 0.672811 0.397768
vt 0.683914 0.380036
vt 0.691550 0.373580
vt 0.687930 0.384676
vt 0.691550 0.373580
vt 0.695490 0.378130
vt 0.687930 0.384676
vt 0.691550 0.373580
vt 0.703050 0.371584
vt 0.695490 0.378130
vt 0.699186 0.367123
vt 0.703050 0.371584
vt 0.691550 0.373580
vt 0.699186 0.367123
vt 0.718169 0.358491
vt 0.703050 0.371584
vt 0.714459 0.354211
vt 0.718169 0.358491
vt 0.699186 0.367123
vt 0.672811 0.397768
vt 0.687930 0.384676
vt 0.686631 0.418206
vt 0.687930 0.384676
vt 0.703114 0.406879
vt 0.686631 0.418206
vt 0.687930 0.384676
vt 0.695490 0.378130
vt 0.703114 0.406879
vt 0.695490 0.378130
vt 0.711355 0.401215
vt 0.703114 0.406879
vt 0.695490 0.378130
vt 0.719596 0.395551
vt 0.711355 0.401215
vt 0.703050 0.371584
vt 0.719596 0.395551
vt 0.695490 0.378130
vt 0.703050 0.371584
vt 0.736079 0.384223
vt 0.719596 0.395551
vt 0.718169 0.358491
vt 0.736079 0.384223
vt 0.703050 0.371584
vt 0.686631 0.418206
vt 0.703114 0.406879
vt 0.691647 0.435779
vt 0.703114 0.406879
vt 0.710529 0.429186
vt 0.691647 0.435779
vt 0.703114 0.406879
vt 0.711355 0.401215
vt 0.710529 0.429186
vt 0.711355 0.401215
vt 0.719970 0.425890
vt 0.710529 0.429186
vt 0.711355 0.401215
vt 0.729411 0.422594
vt 0.719970 0.425890
vt 0.719596 0.395551
vt 0.729411 0.422594
vt 0.711355 0.401215
vt 0.719596 0.395551
vt 0.748293 0.416001
vt 0.729411 0.422594
vt 0.736079 0.384223
vt 0.748293 0.416001
vt 0.719596 0.395551
vt 0.691647 0.435779
vt 0.710529 0.429186
vt 0.691949 0.454177
vt 0.710529 0.429186
vt 0.711896 0.452726
vt 0.691949 0.454177
vt 0.710529 0.429186
vt 0.719970 0.425890
vt 0.711896 0.452726
vt 0.719970 0.425890
vt 0.721870 0.452000
vt 0.711896 0.452726
vt 0.719970 0.425890
vt 0.731844 0.451274
vt 0.721870 0.452000
vt 0.729411 0.422594
vt 0.731844 0.451274
vt 0.719970 0.425890
vt 0.729411 0.422594
vt 0.751791 0.449822
vt 0.731844 0.451274
vt 0.748293 0.416001
vt 0.751791 0.449822
vt 0.729411 0.422594
vt 0.691949 0.454177
vt 0.711896 0.452726
vt 0.687954 0.474769
vt 0.711896 0.452726
vt 0.707715 0.477853
vt 0.687954 0.474769
vt 0.711896 0.452726
vt 0.721870 0.452000
vt 0.707715 0.477853
vt 0.721870 0.452000
vt 0.717595 0.479395
vt 0.707715 0.477853
vt 0.721870 0.452000
vt 0.727475 0.480937
vt 0.717595 0.479395
vt 0.731844 0.451274
vt 0.727475 0.480937
vt 0.721870 0.452000
vt 0.731844 0.451274
vt 0.747236 0.484020
vt 0.727475 0.480937
vt 0.751791 0.449822
vt 0.747236 0.484020
vt 0.731844 0.451274
vt 0.687954 0.474769
vt 0.707715 0.477853
vt 0.685690 0.482374
vt 0.707715 0.477853
vt 0.704987 0.487631
vt 0.685690 0.482374
vt 0.707715 0.477853
vt 0.717595 0.479395
vt 0.704987 0.487631
vt 0.717595 0.479395
vt 0.714635 0.490260
vt 0.704987 0.487631
vt 0.717595 0.479395
vt 0.724283 0.492888
vt 0.714635 0.490260
vt 0.727475 0.480937
vt 0.724283 0.492888
vt 0.717595 0.479395
vt 0.727475 0.480937
vt 0.743580 0.498145
vt 0.724283 0.492888
vt 0.747236 0.484020
vt 0.743580 0.498145
vt 0.727475 0.480937
vt 0.685690 0.482374
vt 0.704987 0.487631
vt 0.682655 0.492370
vt 0.704987 0.487631
vt 0.701798 0.498160
vt 0.682655 0.492370
vt 0.704987 0.487631
vt 0.714635 0.490260
vt 0.701798 0.498160
vt 0.714635 0.490260
vt 0.711370 0.501055
vt 0.701798 0.498160
vt 0.714635 0.490260
vt 0.720942 0.503950
vt 0.711370 0.501055
vt 0.724283 0.492888
vt 0.720942 0.503950
vt 0.714635 0.490260
vt 0.724283 0.492888
vt 0.740085 0.509740
vt 0.720942 0.503950
vt 0.743580 0.498145
vt 0.740085 0.509740
vt 0.724283 0.492888
vt 0.682655 0.492370
vt 0.701798 0.498160
vt 0.679347 0.502362
vt 0.701798 0.498160
vt 0.698339 0.508630
vt 0.679347 0.502362
vt 0.701798 0.498160
vt 0.711370 0.501055
vt 0.698339 0.508630
vt 0.711370 0.501055
vt 0.707835 0.511765
vt 0.698339 0.508630
vt 0.711370 0.501055
vt 0.717331 0.514899
vt 0.707835 0.511765
vt 0.720942 0.503950
vt 0.717331 0.514899
vt 0.711370 0.501055
vt 0.720942 0.503950
vt 0.736323 0.521168
vt 0.717331 0.514899
vt 0.740085 0.509740
vt 0.736323 0.521168
vt 0.720942 0.503950
vt 0.679347 0.502362
vt 0.698339 0.508630
vt 0.675794 0.512316
vt 0.698339 0.508630
vt 0.694635 0.519025
vt 0.675794 0.512316
vt 0.698339 0.508630
vt 0.707835 0.511765
vt 0.694635 0.519025
vt 0.707835 0.511765
vt 0.704055 0.522380
vt 0.694635 0.519025
vt 0.707835 0.511765
vt 0.713476 0.525734
vt 0.704055 0.522380
vt 0.717331 0.514899
vt 0.713476 0.525734
vt 0.707835 0.511765
vt 0.717331 0.514899
vt 0.732317 0.532444
vt 0.713476 0.525734
vt 0.736323 0.521168
vt 0.732317 0.532444
vt 0.717331 0.514899
vt 0.675794 0.512316
vt 0.694635 0.519025
vt 0.665217 0.540866
vt 0.694635 0.519025
vt 0.683972 0.547812
vt 0.665217 0.540866
vt 0.694635 0.519025
vt 0.704055 0.522380
vt 0.683972 0.547812
vt 0.704055 0.522380
vt 0.693350 0.551285
vt 0.683972 0.547812
vt 0.704055 0.522380
vt 0.702728 0.554758
vt 0.693350 0.551285
vt 0.713476 0.525734
vt 0.702728 0.554758
vt 0.704055 0.522380
vt 0.713476 0.525734
vt 0.721483 0.561704
vt 0.702728 0.554758
vt 0.732317 0.532444
vt 0.721483 0.561704
vt 0.713476 0.525734
vt 0.665217 0.540866
vt 0.683972 0.547812
vt 0.654442 0.569624
vt 0.683972 0.547812
vt 0.673171 0.576641
vt 0.654442 0.569624
vt 0.683972 0.547812
vt 0.693350 0.551285
vt 0.673171 0.576641
vt 0.693350 0.551285
vt 0.682535 0.580150
vt 0.673171 0.576641
vt 0.693350 0.551285
vt 0.691899 0.583658
vt 0.682535 0.580150
vt 0.702728 0.554758
vt 0.691899 0.583658
vt 0.693350 0.551285
vt 0.702728 0.554758
vt 0.710628 0.590675
vt 0.691899 0.583658
vt 0.721483 0.561704
vt 0.710628 0.590675
vt 0.702728 0.554758
vt 0.654442 0.569624
vt 0.673171 0.576641
vt 0.643548 0.598316
vt 0.673171 0.576641
vt 0.662246 0.605415
vt 0.643548 0.598316
vt 0.673171 0.576641
vt 0.682535 0.580150
vt 0.662246 0.605415
vt 0.682535 0.580150
vt 0.671595 0.608965
vt 0.662246 0.605415
vt 0.682535 0.580150
vt 0.680944 0.612514
vt 0.671595 0.608965
vt 0.691899 0.583658
vt 0.680944 0.612514
vt 0.682535 0.580150
vt 0.691899 0.583658
vt 0.699642 0.619613
vt 0.680944 0.612514
vt 0.710628 0.590675
vt 0.699642 0.619613
vt 0.691899 0.583658
vt 0.643548 0.598316
vt 0.662246 0.605415
vt 0.632523 0.626951
vt 0.662246 0.605415
vt 0.651188 0.634137
vt 0.632523 0.626951
vt 0.662246 0.605415
vt 0.671595 0.608965
vt 0.651188 0.634137
vt 0.671595 0.608965
vt 0.660520 0.637730
vt 0.651188 0.634137
vt 0.671595 0.608965
vt 0.669852 0.641323
vt 0.660520 0.637730
vt 0.680944 0.612514
vt 0.669852 0.641323
vt 0.671595 0.608965
vt 0.680944 0.612514
vt 0.688517 0.648509
vt 0.669852 0.641323
vt 0.699642 0.619613
vt 0.688517 0.648509
vt 0.680944 0.612514
vt 0.632523 0.626951
vt 0.651188 0.634137
vt 0.625665 0.646026
vt 0.651188 0.634137
vt 0.644489 0.652785
vt 0.625665 0.646026
vt 0.651188 0.634137
vt 0.660520 0.637730
vt 0.644489 0.652785
vt 0.660520 0.637730
vt 0.653900 0.656165
vt 0.644489 0.652785
vt 0.660520 0.637730
vt 0.663312 0.659544
vt 0.653900 0.656165
vt 0.669852 0.641323
vt 0.663312 0.659544
vt 0.660520 0.637730
vt 0.669852 0.641323
vt 0.682135 0.666304
vt 0.663312 0.659544
vt 0.688517 0.648509
vt 0.682135 0.666304
vt 0.669852 0.641323
vt 0.625665 0.646026
vt 0.644489 0.652785
vt 0.619619 0.666364
vt 0.644489 0.652785
vt 0.638803 0.672018
vt 0.619619 0.666364
vt 0.644489 0.652785
vt 0.653900 0.656165
vt 0.638803 0.672018
vt 0.653900 0.656165
vt 0.648395 0.674845
vt 0.638803 0.672018
vt 0.653900 0.656165
vt 0.657987 0.677672
vt 0.648395 0.674845
vt 0.663312 0.659544
vt 0.657987 0.677672
vt 0.653900 0.656165
vt 0.663312 0.659544
vt 0.677172 0.683325
vt 0.657987 0.677672
vt 0.682135 0.666304
vt 0.677172 0.683325
vt 0.663312 0.659544
vt 0.619619 0.666364
vt 0.638803 0.672018
vt 0.614908 0.687404
vt 0.638803 0.672018
vt 0.634439 0.691708
vt 0.614908 0.687404
vt 0.638803 0.672018
vt 0.648395 0.674845
vt 0.634439 0.691708
vt 0.648395 0.674845
vt 0.644205 0.693860
vt 0.634439 0.691708
vt 0.648395 0.674845
vt 0.653971 0.696012
vt 0.644205 0.693860
vt 0.657987 0.677672
vt 0.653971 0.696012
vt 0.648395 0.674845
vt 0.657987 0.677672
vt 0.673502 0.700315
vt 0.653971 0.696012
vt 0.677172 0.683325
vt 0.673502 0.700315
vt 0.657987 0.677672
vt 0.614908 0.687404
vt 0.634439 0.691708
vt 0.611810 0.709198
vt 0.634439 0.691708
vt 0.631624 0.711926
vt 0.611810 0.709198
vt 0.634439 0.691708
vt 0.644205 0.693860
vt 0.631624 0.711926
vt 0.644205 0.693860
vt 0.641530 0.713290
vt 0.631624 0.711926
vt 0.644205 0.693860
vt 0.651437 0.714654
vt 0.641530 0.713290
vt 0.653971 0.696012
vt 0.651437 0.714654
vt 0.644205 0.693860
vt 0.653971 0.696012
vt 0.671250 0.717381
vt 0.651437 0.714654
vt 0.673502 0.700315
vt 0.671250 0.717381
vt 0.653971 0.696012
vt 0.611810 0.709198
vt 0.631624 0.711926
vt 0.610820 0.716888
vt 0.631624 0.711926
vt 0.630657 0.719439
vt 0.610820 0.716888
vt 0.631624 0.711926
vt 0.641530 0.713290
vt 0.630657 0.719439
vt 0.641530 0.713290
vt 0.640575 0.720715
vt 0.630657 0.719439
vt 0.641530 0.713290
vt 0.650493 0.721990
vt 0.640575 0.720715
vt 0.651437 0.714654
vt 0.650493 0.721990
vt 0.641530 0.713290
vt 0.651437 0.714654
vt 0.670330 0.724542
vt 0.650493 0.721990
vt 0.671250 0.717381
vt 0.670330 0.724542
vt 0.651437 0.714654
vt 0.610820 0.716888
vt 0.630657 0.719439
vt 0.609705 0.722598
vt 0.630657 0.719439
vt 0.629365 0.726269
vt 0.609705 0.722598
vt 0.630657 0.719439
vt 0.640575 0.720715
vt 0.629365 0.726269
vt 0.640575 0.720715
vt 0.639195 0.728105
vt 0.629365 0.726269
vt 0.640575 0.720715
vt 0.649025 0.729940
vt 0.639195 0.728105
vt 0.650493 0.721990
vt 0.649025 0.729940
vt 0.640575 0.720715
vt 0.650493 0.721990
vt 0.668685 0.733612
vt 0.649025 0.729940
vt 0.670330 0.724542
vt 0.668685 0.733612
vt 0.650493 0.721990
vt 0.609705 0.722598
vt 0.629365 0.726269
vt 0.608270 0.728761
vt 0.629365 0.726269
vt 0.627767 0.733220
vt 0.608270 0.728761
vt 0.629365 0.726269
vt 0.639195 0.728105
vt 0.627767 0.733220
vt 0.639195 0.728105
vt 0.637515 0.735450
vt 0.627767 0.733220
vt 0.639195 0.728105
vt 0.647263 0.737679
vt 0.637515 0.735450
vt 0.649025 0.729940
vt 0.647263 0.737679
vt 0.639195 0.728105
vt 0.649025 0.729940
vt 0.666760 0.742139
vt 0.647263 0.737679
vt 0.668685 0.733612
vt 0.666760 0.742139
vt 0.649025 0.729940
vt 0.608270 0.728761
vt 0.627767 0.733220
vt 0.606587 0.735342
vt 0.627767 0.733220
vt 0.625969 0.740274
vt 0.606587 0.735342
vt 0.627767 0.733220
vt 0.637515 0.735450
vt 0.625969 0.740274
vt 0.637515 0.735450
vt 0.635660 0.742740
vt 0.625969 0.740274
vt 0.637515 0.735450
vt 0.645351 0.745206
vt 0.635660 0.742740
vt 0.647263 0.737679
vt 0.645351 0.745206
vt 0.637515 0.735450
vt 0.647263 0.737679
vt 0.664734 0.750138
vt 0.645351 0.745206
vt 0.666760 0.742139
vt 0.664734 0.750138
vt 0.647263 0.737679
vt 0.606587 0.735342
vt 0.625969 0.740274
vt 0.601688 0.748296
vt 0.625969 0.740274
vt 0.620473 0.755162
vt 0.601688 0.748296
vt 0.625969 0.740274
vt 0.635660 0.742740
vt 0.620473 0.755162
vt 0.635660 0.742740
vt 0.629865 0.758595
vt 0.620473 0.755162
vt 0.635660 0.742740
vt 0.639257 0.762028
vt 0.629865 0.758595
vt 0.645351 0.745206
vt 0.639257 0.762028
vt 0.635660 0.742740
vt 0.645351 0.745206
vt 0.658042 0.768893
vt 0.639257 0.762028
vt 0.664734 0.750138
vt 0.658042 0.768893
vt 0.645351 0.745206
vt 0.601688 0.748296
vt 0.620473 0.755162
vt 0.595836 0.756512
vt 0.620473 0.755162
vt 0.612822 0.767071
vt 0.595836 0.756512
vt 0.620473 0.755162
vt 0.629865 0.758595
vt 0.612822 0.767071
vt 0.629865 0.758595
vt 0.621315 0.772350
vt 0.612822 0.767071
vt 0.629865 0.758595
vt 0.629808 0.777629
vt 0.621315 0.772350
vt 0.639257 0.762028
vt 0.629808 0.777629
vt 0.629865 0.758595
vt 0.639257 0.762028
vt 0.646794 0.788187
vt 0.629808 0.777629
vt 0.658042 0.768893
vt 0.646794 0.788187
vt 0.639257 0.762028
vt 0.595836 0.756512
vt 0.612822 0.767071
vt 0.588569 0.762896
vt 0.612822 0.767071
vt 0.602850 0.776899
vt 0.588569 0.762896
vt 0.612822 0.767071
vt 0.621315 0.772350
vt 0.602850 0.776899
vt 0.621315 0.772350
vt 0.609990 0.783900
vt 0.602850 0.776899
vt 0.621315 0.772350
vt 0.617130 0.790901
vt 0.609990 0.783900
vt 0.629808 0.777629
vt 0.617130 0.790901
vt 0.621315 0.772350
vt 0.629808 0.777629
vt 0.631411 0.804903
vt 0.617130 0.790901
vt 0.646794 0.788187
vt 0.631411 0.804903
vt 0.629808 0.777629
vt 0.588569 0.762896
vt 0.602850 0.776899
vt 0.579444 0.768040
vt 0.602850 0.776899
vt 0.590398 0.784773
vt 0.579444 0.768040
vt 0.602850 0.776899
vt 0.609990 0.783900
vt 0.590398 0.784773
vt 0.609990 0.783900
vt 0.595875 0.793140
vt 0.590398 0.784773
vt 0.609990 0.783900
vt 0.601352 0.801506
vt 0.595875 0.793140
vt 0.617130 0.790901
vt 0.601352 0.801506
vt 0.609990 0.783900
vt 0.617130 0.790901
vt 0.612306 0.818240
vt 0.601352 0.801506
vt 0.631411 0.804903
vt 0.612306 0.818240
vt 0.617130 0.790901
vt 0.579444 0.768040
vt 0.590398 0.784773
vt 0.562280 0.775154
vt 0.590398 0.784773
vt 0.570340 0.793458
vt 0.562280 0.775154
vt 0.590398 0.784773
vt 0.595875 0.793140
vt 0.570340 0.793458
vt 0.595875 0.793140
vt 0.574370 0.802610
vt 0.570340 0.793458
vt 0.595875 0.793140
vt 0.578400 0.811762
vt 0.574370 0.802610
vt 0.601352 0.801506
vt 0.578400 0.811762
vt 0.595875 0.793140
vt 0.601352 0.801506
vt 0.586461 0.830065
vt 0.578400 0.811762
vt 0.612306 0.818240
vt 0.586461 0.830065
vt 0.601352 0.801506
vt 0.562280 0.775154
vt 0.570340 0.793458
vt 0.543939 0.780104
vt 0.570340 0.793458
vt 0.549433 0.799334
vt 0.543939 0.780104
vt 0.570340 0.793458
vt 0.574370 0.802610
vt 0.549433 0.799334
vt 0.574370 0.802610
vt 0.552180 0.808950
vt 0.549433 0.799334
vt 0.574370 0.802610
vt 0.554927 0.818565
vt 0.552180 0.808950
vt 0.578400 0.811762
vt 0.554927 0.818565
vt 0.574370 0.802610
vt 0.578400 0.811762
vt 0.560422 0.837795
vt 0.554927 0.818565
vt 0.586461 0.830065
vt 0.560422 0.837795
vt 0.578400 0.811762
vt 0.543939 0.780104
vt 0.549433 0.799334
vt 0.525348 0.782263
vt 0.549433 0.799334
vt 0.527993 0.802088
vt 0.525348 0.782263
vt 0.549433 0.799334
vt 0.552180 0.808950
vt 0.527993 0.802088
vt 0.552180 0.808950
vt 0.529315 0.812000
vt 0.527993 0.802088
vt 0.552180 0.808950
vt 0.530637 0.821912
vt 0.529315 0.812000
vt 0.554927 0.818565
vt 0.530637 0.821912
vt 0.552180 0.808950
vt 0.554927 0.818565
vt 0.533282 0.841736
vt 0.530637 0.821912
vt 0.560422 0.837795
vt 0.533282 0.841736
vt 0.554927 0.818565
vt 0.525348 0.782263
vt 0.527993 0.802088
vt 0.506301 0.781599
vt 0.527993 0.802088
vt 0.505957 0.801596
vt 0.506301 0.781599
vt 0.527993 0.802088
vt 0.529315 0.812000
vt 0.505957 0.801596
vt 0.529315 0.812000
vt 0.505785 0.811595
vt 0.505957 0.801596
vt 0.529315 0.812000
vt 0.505613 0.821593
vt 0.505785 0.811595
vt 0.530637 0.821912
vt 0.505613 0.821593
vt 0.529315 0.812000
vt 0.530637 0.821912
vt 0.505269 0.841590
vt 0.505613 0.821593
vt 0.533282 0.841736
vt 0.505269 0.841590
vt 0.530637 0.821912
vt 0.506301 0.781599
vt 0.505957 0.801596
vt 0.498053 0.779495
vt 0.505957 0.801596
vt 0.494188 0.799118
vt 0.498053 0.779495
vt 0.505957 0.801596
vt 0.505785 0.811595
vt 0.494188 0.799118
vt 0.505785 0.811595
vt 0.492255 0.808930
vt 0.494188 0.799118
vt 0.505785 0.811595
vt 0.490323 0.818741
vt 0.492255 0.808930
vt 0.505613 0.821593
vt 0.490323 0.818741
vt 0.505785 0.811595
vt 0.505613 0.821593
vt 0.486457 0.838364
vt 0.490323 0.818741
vt 0.505269 0.841590
vt 0.486457 0.838364
vt 0.505613 0.821593
vt 0.498053 0.779495
vt 0.494188 0.799118
vt 0.491915 0.776115
vt 0.494188 0.799118
vt 0.483998 0.794481
vt 0.491915 0.776115
vt 0.494188 0.799118
vt 0.492255 0.808930
vt 0.483998 0.794481
vt 0.492255 0.808930
vt 0.480040 0.803665
vt 0.483998 0.794481
vt 0.492255 0.808930
vt 0.476082 0.812848
vt 0.480040 0.803665
vt 0.490323 0.818741
vt 0.476082 0.812848
vt 0.492255 0.808930
vt 0.490323 0.818741
vt 0.468166 0.831215
vt 0.476082 0.812848
vt 0.486457 0.838364
vt 0.468166 0.831215
vt 0.490323 0.818741
vt 0.491915 0.776115
vt 0.483998 0.794481
vt 0.486420 0.771471
vt 0.483998 0.794481
vt 0.474910 0.787827
vt 0.486420 0.771471
vt 0.483998 0.794481
vt 0.480040 0.803665
vt 0.474910 0.787827
vt 0.480040 0.803665
vt 0.469155 0.796005
vt 0.474910 0.787827
vt 0.480040 0.803665
vt 0.463400 0.804183
vt 0.469155 0.796005
vt 0.476082 0.812848
vt 0.463400 0.804183
vt 0.480040 0.803665
vt 0.476082 0.812848
vt 0.451890 0.820539
vt 0.463400 0.804183
vt 0.468166 0.831215
vt 0.451890 0.820539
vt 0.476082 0.812848
vt 0.486420 0.771471
vt 0.474910 0.787827
vt 0.481186 0.765295
vt 0.474910 0.787827
vt 0.466812 0.779201
vt 0.481186 0.765295
vt 0.474910 0.787827
vt 0.469155 0.796005
vt 0.466812 0.779201
vt 0.469155 0.796005
vt 0.459625 0.786155
vt 0.466812 0.779201
vt 0.469155 0.796005
vt 0.452438 0.793108
vt 0.459625 0.786155
vt 0.463400 0.804183
vt 0.452438 0.793108
vt 0.469155 0.796005
vt 0.463400 0.804183
vt 0.438065 0.807015
vt 0.452438 0.793108
vt 0.451890 0.820539
vt 0.438065 0.807015
vt 0.463400 0.804183
vt 0.481186 0.765295
vt 0.466812 0.779201
vt 0.478684 0.761571
vt 0.466812 0.779201
vt 0.462688 0.773577
vt 0.478684 0.761571
vt 0.466812 0.779201
vt 0.459625 0.786155
vt 0.462688 0.773577
vt 0.459625 0.786155
vt 0.454690 0.779580
vt 0.462688 0.773577
vt 0.459625 0.786155
vt 0.446692 0.785583
vt 0.454690 0.779580
vt 0.452438 0.793108
vt 0.446692 0.785583
vt 0.459625 0.786155
vt 0.452438 0.793108
vt 0.430697 0.797588
vt 0.446692 0.785583
vt 0.438065 0.807015
vt 0.430697 0.797588
vt 0.452438 0.793108
vt 0.478684 0.761571
vt 0.462688 0.773577
vt 0.475155 0.756142
vt 0.462688 0.773577
vt 0.458475 0.767177
vt 0.475155 0.756142
vt 0.462688 0.773577
vt 0.454690 0.779580
vt 0.458475 0.767177
vt 0.454690 0.779580
vt 0.450135 0.772695
vt 0.458475 0.767177
vt 0.454690 0.779580
vt 0.441795 0.778212
vt 0.450135 0.772695
vt 0.446692 0.785583
vt 0.441795 0.778212
vt 0.454690 0.779580
vt 0.446692 0.785583
vt 0.425115 0.789248
vt 0.441795 0.778212
vt 0.430697 0.797588
vt 0.425115 0.789248
vt 0.446692 0.785583
vt 0.475155 0.756142
vt 0.458475 0.767177
vt 0.471324 0.749901
vt 0.458475 0.767177
vt 0.454301 0.760400
vt 0.471324 0.749901
vt 0.458475 0.767177
vt 0.450135 0.772695
vt 0.454301 0.760400
vt 0.450135 0.772695
vt 0.445790 0.765650
vt 0.454301 0.760400
vt 0.450135 0.772695
vt 0.437279 0.770899
vt 0.445790 0.765650
vt 0.441795 0.778212
vt 0.437279 0.770899
vt 0.450135 0.772695
vt 0.441795 0.778212
vt 0.420256 0.781398
vt 0.437279 0.770899
vt 0.425115 0.789248
vt 0.420256 0.781398
vt 0.441795 0.778212
vt 0.471324 0.749901
vt 0.454301 0.760400
vt 0.467086 0.742958
vt 0.454301 0.760400
vt 0.450015 0.753379
vt 0.467086 0.742958
vt 0.454301 0.760400
vt 0.445790 0.765650
vt 0.450015 0.753379
vt 0.445790 0.765650
vt 0.441480 0.758590
vt 0.450015 0.753379
vt 0.445790 0.765650
vt 0.432945 0.763800
vt 0.441480 0.758590
vt 0.437279 0.770899
vt 0.432945 0.763800
vt 0.445790 0.765650
vt 0.437279 0.770899
vt 0.415874 0.774222
vt 0.432945 0.763800
vt 0.420256 0.781398
vt 0.415874 0.774222
vt 0.437279 0.770899
vt 0.467086 0.742958
vt 0.450015 0.753379
vt 0.463437 0.736812
vt 0.450015 0.753379
vt 0.446242 0.747027
vt 0.463437 0.736812
vt 0.450015 0.753379
vt 0.441480 0.758590
vt 0.446242 0.747027
vt 0.441480 0.758590
vt 0.437645 0.752135
vt 0.446242 0.747027
vt 0.441480 0.758590
vt 0.429048 0.757243
vt 0.437645 0.752135
vt 0.432945 0.763800
vt 0.429048 0.757243
vt 0.441480 0.758590
vt 0.432945 0.763800
vt 0.411854 0.767458
vt 0.429048 0.757243
vt 0.415874 0.774222
vt 0.411854 0.767458
vt 0.432945 0.763800
vt 0.463437 0.736812
vt 0.446242 0.747027
vt 0.460024 0.730789
vt 0.446242 0.747027
vt 0.442631 0.740663
vt 0.460024 0.730789
vt 0.446242 0.747027
vt 0.437645 0.752135
vt 0.442631 0.740663
vt 0.437645 0.752135
vt 0.433935 0.745600
vt 0.442631 0.740663
vt 0.437645 0.752135
vt 0.425239 0.750537
vt 0.433935 0.745600
vt 0.429048 0.757243
vt 0.425239 0.750537
vt 0.437645 0.752135
vt 0.429048 0.757243
vt 0.407846 0.760411
vt 0.425239 0.750537
vt 0.411854 0.767458
vt 0.407846 0.760411
vt 0.429048 0.757243
vt 0.460024 0.730789
vt 0.442631 0.740663
vt 0.456176 0.724112
vt 0.442631 0.740663
vt 0.438849 0.734100
vt 0.456176 0.724112
vt 0.442631 0.740663
vt 0.433935 0.745600
vt 0.438849 0.734100
vt 0.433935 0.745600
vt 0.430185 0.739095
vt 0.438849 0.734100
vt 0.433935 0.745600
vt 0.421522 0.744089
vt 0.430185 0.739095
vt 0.425239 0.750537
vt 0.421522 0.744089
vt 0.433935 0.745600
vt 0.425239 0.750537
vt 0.404194 0.754078
vt 0.421522 0.744089
vt 0.407846 0.760411
vt 0.404194 0.754078
vt 0.425239 0.750537
vt 0.456176 0.724112
vt 0.438849 0.734100
vt 0.451723 0.716904
vt 0.438849 0.734100
vt 0.434728 0.727448
vt 0.451723 0.716904
vt 0.438849 0.734100
vt 0.430185 0.739095
vt 0.434728 0.727448
vt 0.430185 0.739095
vt 0.426230 0.732720
vt 0.434728 0.727448
vt 0.430185 0.739095
vt 0.417733 0.737992
vt 0.426230 0.732720
vt 0.421522 0.744089
vt 0.417733 0.737992
vt 0.430185 0.739095
vt 0.421522 0.744089
vt 0.400737 0.748535
vt 0.417733 0.737992
vt 0.404194 0.754078
vt 0.400737 0.748535
vt 0.421522 0.744089
vt 0.451723 0.716904
vt 0.434728 0.727448
vt 0.444938 0.708287
vt 0.434728 0.727448
vt 0.429549 0.721062
vt 0.444938 0.708287
vt 0.434728 0.727448
vt 0.426230 0.732720
vt 0.429549 0.721062
vt 0.426230 0.732720
vt 0.421855 0.727450
vt 0.429549 0.721062
vt 0.426230 0.732720
vt 0.414161 0.733837
vt 0.421855 0.727450
vt 0.417733 0.737992
vt 0.414161 0.733837
vt 0.426230 0.732720
vt 0.417733 0.737992
vt 0.398773 0.746612
vt 0.414161 0.733837
vt 0.400737 0.748535
vt 0.398773 0.746612
vt 0.417733 0.737992
vt 0.444938 0.708287
vt 0.429549 0.721062
vt 0.434253 0.699365
vt 0.429549 0.721062
vt 0.422478 0.715532
vt 0.434253 0.699365
vt 0.429549 0.721062
vt 0.421855 0.727450
vt 0.422478 0.715532
vt 0.421855 0.727450
vt 0.416590 0.723615
vt 0.422478 0.715532
vt 0.421855 0.727450
vt 0.410702 0.731698
vt 0.416590 0.723615
vt 0.414161 0.733837
vt 0.410702 0.731698
vt 0.421855 0.727450
vt 0.414161 0.733837
vt 0.398927 0.747864
vt 0.410702 0.731698
vt 0.398773 0.746612
vt 0.398927 0.747864
vt 0.414161 0.733837
vt 0.434253 0.699365
vt 0.422478 0.715532
vt 0.421378 0.693277
vt 0.422478 0.715532
vt 0.414099 0.711905
vt 0.421378 0.693277
vt 0.422478 0.715532
vt 0.416590 0.723615
vt 0.414099 0.711905
vt 0.416590 0.723615
vt 0.410460 0.721220
vt 0.414099 0.711905
vt 0.416590 0.723615
vt 0.406821 0.730534
vt 0.410460 0.721220
vt 0.410702 0.731698
vt 0.406821 0.730534
vt 0.416590 0.723615
vt 0.410702 0.731698
vt 0.399543 0.749163
vt 0.406821 0.730534
vt 0.398927 0.747864
vt 0.399543 0.749163
vt 0.410702 0.731698
vt 0.421378 0.693277
vt 0.414099 0.711905
vt 0.407541 0.690545
vt 0.414099 0.711905
vt 0.404840 0.710361
vt 0.407541 0.690545
vt 0.414099 0.711905
vt 0.410460 0.721220
vt 0.404840 0.710361
vt 0.410460 0.721220
vt 0.403490 0.720270
vt 0.404840 0.710361
vt 0.410460 0.721220
vt 0.402140 0.730178
vt 0.403490 0.720270
vt 0.406821 0.730534
vt 0.402140 0.730178
vt 0.410460 0.721220
vt 0.406821 0.730534
vt 0.399439 0.749995
vt 0.402140 0.730178
vt 0.399543 0.749163
vt 0.399439 0.749995
vt 0.406821 0.730534
vt 0.407541 0.690545
vt 0.404840 0.710361
vt 0.386788 0.690310
vt 0.404840 0.710361
vt 0.386836 0.710310
vt 0.386788 0.690310
vt 0.404840 0.710361
vt 0.403490 0.720270
vt 0.386836 0.710310
vt 0.403490 0.720270
vt 0.386860 0.720310
vt 0.386836 0.710310
vt 0.403490 0.720270
vt 0.386884 0.730310
vt 0.386860 0.720310
vt 0.402140 0.730178
vt 0.386884 0.730310
vt 0.403490 0.720270
vt 0.402140 0.730178
vt 0.386932 0.750310
vt 0.386884 0.730310
vt 0.399439 0.749995
vt 0.386932 0.750310
vt 0.402140 0.730178
vt 0.386788 0.690310
vt 0.386836 0.710310
vt 0.368107 0.691646
vt 0.386836 0.710310
vt 0.369619 0.711588
vt 0.368107 0.691646
vt 0.386836 0.710310
vt 0.386860 0.720310
vt 0.369619 0.711588
vt 0.386860 0.720310
vt 0.370375 0.721560
vt 0.369619 0.711588
vt 0.386860 0.720310
vt 0.371131 0.731531
vt 0.370375 0.721560
vt 0.386884 0.730310
vt 0.371131 0.731531
vt 0.386860 0.720310
vt 0.386884 0.730310
vt 0.372643 0.751474
vt 0.371131 0.731531
vt 0.386932 0.750310
vt 0.372643 0.751474
vt 0.386884 0.730310
vt 0.368107 0.691646
vt 0.369619 0.711588
vt 0.349328 0.694561
vt 0.369619 0.711588
vt 0.352506 0.714307
vt 0.349328 0.694561
vt 0.369619 0.711588
vt 0.370375 0.721560
vt 0.352506 0.714307
vt 0.370375 0.721560
vt 0.354095 0.724180
vt 0.352506 0.714307
vt 0.370375 0.721560
vt 0.355684 0.734053
vt 0.354095 0.724180
vt 0.371131 0.731531
vt 0.355684 0.734053
vt 0.370375 0.721560
vt 0.371131 0.731531
vt 0.358862 0.753799
vt 0.355684 0.734053
vt 0.372643 0.751474
vt 0.358862 0.753799
vt 0.371131 0.731531
vt 0.349328 0.694561
vt 0.352506 0.714307
vt 0.330552 0.699288
vt 0.352506 0.714307
vt 0.335567 0.718649
vt 0.330552 0.699288
vt 0.352506 0.714307
vt 0.354095 0.724180
vt 0.335567 0.718649
vt 0.354095 0.724180
vt 0.338075 0.728330
vt 0.335567 0.718649
vt 0.354095 0.724180
vt 0.340583 0.738010
vt 0.338075 0.728330
vt 0.355684 0.734053
vt 0.340583 0.738010
vt 0.354095 0.724180
vt 0.355684 0.734053
vt 0.345598 0.757371
vt 0.340583 0.738010
vt 0.358862 0.753799
vt 0.345598 0.757371
vt 0.355684 0.734053
vt 0.330552 0.699288
vt 0.335567 0.718649
vt 0.288085 0.720493
vt 0.335567 0.718649
vt 0.297305 0.738241
vt 0.288085 0.720493
vt 0.335567 0.718649
vt 0.338075 0.728330
vt 0.297305 0.738241
vt 0.338075 0.728330
vt 0.301915 0.747115
vt 0.297305 0.738241
vt 0.338075 0.728330
vt 0.306525 0.755989
vt 0.301915 0.747115
vt 0.340583 0.738010
vt 0.306525 0.755989
vt 0.338075 0.728330
vt 0.340583 0.738010
vt 0.315745 0.773737
vt 0.306525 0.755989
vt 0.345598 0.757371
vt 0.315745 0.773737
vt 0.340583 0.738010
vt 0.288085 0.720493
vt 0.297305 0.738241
vt 0.252706 0.756006
vt 0.297305 0.738241
vt 0.267359 0.769618
vt 0.252706 0.756006
vt 0.297305 0.738241
vt 0.301915 0.747115
vt 0.267359 0.769618
vt 0.301915 0.747115
vt 0.274685 0.776425
vt 0.267359 0.769618
vt 0.301915 0.747115
vt 0.282011 0.783231
vt 0.274685 0.776425
vt 0.306525 0.755989
vt 0.282011 0.783231
vt 0.301915 0.747115
vt 0.306525 0.755989
vt 0.296664 0.796844
vt 0.282011 0.783231
vt 0.315745 0.773737
vt 0.296664 0.796844
vt 0.306525 0.755989
vt 0.252706 0.756006
vt 0.267359 0.769618
vt 0.231293 0.801202
vt 0.267359 0.769618
vt 0.249651 0.809137
vt 0.231293 0.801202
vt 0.267359 0.769618
vt 0.274685 0.776425
vt 0.249651 0.809137
vt 0.274685 0.776425
vt 0.258830 0.813105
vt 0.249651 0.809137
vt 0.274685 0.776425
vt 0.268009 0.817072
vt 0.258830 0.813105
vt 0.282011 0.783231
vt 0.268009 0.817072
vt 0.274685 0.776425
vt 0.282011 0.783231
vt 0.286368 0.825008
vt 0.268009 0.817072
vt 0.296664 0.796844
vt 0.286368 0.825008
vt 0.282011 0.783231
vt 0.231293 0.801202
vt 0.249651 0.809137
vt 0.226832 0.852504
vt 0.249651 0.809137
vt 0.246807 0.853498
vt 0.226832 0.852504
vt 0.249651 0.809137
vt 0.258830 0.813105
vt 0.246807 0.853498
vt 0.258830 0.813105
vt 0.256795 0.853995
vt 0.246807 0.853498
vt 0.258830 0.813105
vt 0.266783 0.854492
vt 0.256795 0.853995
vt 0.268009 0.817072
vt 0.266783 0.854492
vt 0.258830 0.813105
vt 0.268009 0.817072
vt 0.286758 0.855486
vt 0.266783 0.854492
vt 0.286368 0.825008
vt 0.286758 0.855486
vt 0.268009 0.817072
vt 0.226832 0.852504
vt 0.246807 0.853498
vt 0.228971 0.867967
vt 0.246807 0.853498
vt 0.248594 0.864102
vt 0.228971 0.867967
vt 0.246807 0.853498
vt 0.256795 0.853995
vt 0.248594 0.864102
vt 0.256795 0.853995
vt 0.258405 0.862170
vt 0.248594 0.864102
vt 0.256795 0.853995
vt 0.268217 0.860237
vt 0.258405 0.862170
vt 0.266783 0.854492
vt 0.268217 0.860237
vt 0.256795 0.853995
vt 0.266783 0.854492
vt 0.287840 0.856373
vt 0.268217 0.860237
vt 0.286758 0.855486
vt 0.287840 0.856373
vt 0.266783 0.854492
vt 0.228971 0.867967
vt 0.248594 0.864102
vt 0.232431 0.879290
vt 0.248594 0.864102
vt 0.251447 0.873093
vt 0.232431 0.879290
vt 0.248594 0.864102
vt 0.258405 0.862170
vt 0.251447 0.873093
vt 0.258405 0.862170
vt 0.260955 0.869995
vt 0.251447 0.873093
vt 0.258405 0.862170
vt 0.270463 0.866896
vt 0.260955 0.869995
vt 0.268217 0.860237
vt 0.270463 0.866896
vt 0.258405 0.862170
vt 0.268217 0.860237
vt 0.289479 0.860700
vt 0.270463 0.866896
vt 0.287840 0.856373
vt 0.289479 0.860700
vt 0.268217 0.860237
vt 0.232431 0.879290
vt 0.251447 0.873093
vt 0.237230 0.890111
vt 0.251447 0.873093
vt 0.255360 0.881667
vt 0.237230 0.890111
vt 0.251447 0.873093
vt 0.260955 0.869995
vt 0.255360 0.881667
vt 0.260955 0.869995
vt 0.264425 0.877445
vt 0.255360 0.881667
vt 0.260955 0.869995
vt 0.273490 0.873222
vt 0.264425 0.877445
vt 0.270463 0.866896
vt 0.273490 0.873222
vt 0.260955 0.869995
vt 0.270463 0.866896
vt 0.291620 0.864778
vt 0.273490 0.873222
vt 0.289479 0.860700
vt 0.291620 0.864778
vt 0.270463 0.866896
vt 0.237230 0.890111
vt 0.255360 0.881667
vt 0.243286 0.900294
vt 0.255360 0.881667
vt 0.260292 0.889768
vt 0.243286 0.900294
vt 0.255360 0.881667
vt 0.264425 0.877445
vt 0.260292 0.889768
vt 0.264425 0.877445
vt 0.268795 0.884505
vt 0.260292 0.889768
vt 0.264425 0.877445
vt 0.277298 0.879242
vt 0.268795 0.884505
vt 0.273490 0.873222
vt 0.277298 0.879242
vt 0.264425 0.877445
vt 0.273490 0.873222
vt 0.294304 0.868715
vt 0.277298 0.879242
vt 0.291620 0.864778
vt 0.294304 0.868715
vt 0.273490 0.873222
vt 0.243286 0.900294
vt 0.260292 0.889768
vt 0.253552 0.912806
vt 0.260292 0.889768
vt 0.268727 0.899778
vt 0.253552 0.912806
vt 0.260292 0.889768
vt 0.268795 0.884505
vt 0.268727 0.899778
vt 0.268795 0.884505
vt 0.276315 0.893265
vt 0.268727 0.899778
vt 0.268795 0.884505
vt 0.283903 0.886751
vt 0.276315 0.893265
vt 0.277298 0.879242
vt 0.283903 0.886751
vt 0.268795 0.884505
vt 0.277298 0.879242
vt 0.299078 0.873724
vt 0.283903 0.886751
vt 0.294304 0.868715
vt 0.299078 0.873724
vt 0.277298 0.879242
vt 0.253552 0.912806
vt 0.268727 0.899778
vt 0.267040 0.923863
vt 0.268727 0.899778
vt 0.279103 0.907911
vt 0.267040 0.923863
vt 0.268727 0.899778
vt 0.276315 0.893265
vt 0.279103 0.907911
vt 0.276315 0.893265
vt 0.285135 0.899935
vt 0.279103 0.907911
vt 0.276315 0.893265
vt 0.291167 0.891959
vt 0.285135 0.899935
vt 0.283903 0.886751
vt 0.291167 0.891959
vt 0.276315 0.893265
vt 0.283903 0.886751
vt 0.303231 0.876007
vt 0.291167 0.891959
vt 0.299078 0.873724
vt 0.303231 0.876007
vt 0.283903 0.886751
vt 0.267040 0.923863
vt 0.279103 0.907911
vt 0.283068 0.931825
vt 0.279103 0.907911
vt 0.291159 0.913535
vt 0.283068 0.931825
vt 0.279103 0.907911
vt 0.285135 0.899935
vt 0.291159 0.913535
vt 0.285135 0.899935
vt 0.295205 0.904390
vt 0.291159 0.913535
vt 0.285135 0.899935
vt 0.299251 0.895245
vt 0.295205 0.904390
vt 0.291167 0.891959
vt 0.299251 0.895245
vt 0.285135 0.899935
vt 0.291167 0.891959
vt 0.307342 0.876955
vt 0.299251 0.895245
vt 0.303231 0.876007
vt 0.307342 0.876955
vt 0.291167 0.891959
vt 0.283068 0.931825
vt 0.291159 0.913535
vt 0.300922 0.935992
vt 0.291159 0.913535
vt 0.304621 0.916337
vt 0.300922 0.935992
vt 0.291159 0.913535
vt 0.295205 0.904390
vt 0.304621 0.916337
vt 0.295205 0.904390
vt 0.306470 0.906510
vt 0.304621 0.916337
vt 0.295205 0.904390
vt 0.308320 0.896682
vt 0.306470 0.906510
vt 0.299251 0.895245
vt 0.308320 0.896682
vt 0.295205 0.904390
vt 0.299251 0.895245
vt 0.312018 0.877027
vt 0.308320 0.896682
vt 0.307342 0.876955
vt 0.312018 0.877027
vt 0.299251 0.895245
vt 0.300922 0.935992
vt 0.304621 0.916337
vt 0.313026 0.936927
vt 0.304621 0.916337
vt 0.314152 0.916959
vt 0.313026 0.936927
vt 0.304621 0.916337
vt 0.306470 0.906510
vt 0.314152 0.916959
vt 0.306470 0.906510
vt 0.314715 0.906975
vt 0.314152 0.916959
vt 0.306470 0.906510
vt 0.315278 0.896991
vt 0.314715 0.906975
vt 0.308320 0.896682
vt 0.315278 0.896991
vt 0.306470 0.906510
vt 0.308320 0.896682
vt 0.316404 0.877022
vt 0.315278 0.896991
vt 0.312018 0.877027
vt 0.316404 0.877022
vt 0.308320 0.896682
vt 0.313026 0.936927
vt 0.314152 0.916959
vt 0.322698 0.937058
vt 0.314152 0.916959
vt 0.322903 0.917059
vt 0.322698 0.937058
vt 0.314152 0.916959
vt 0.314715 0.906975
vt 0.322903 0.917059
vt 0.314715 0.906975
vt 0.323005 0.907060
vt 0.322903 0.917059
vt 0.314715 0.906975
vt 0.323108 0.897060
vt 0.323005 0.907060
vt 0.315278 0.896991
vt 0.323108 0.897060
vt 0.314715 0.906975
vt 0.315278 0.896991
vt 0.323312 0.877061
vt 0.323108 0.897060
vt 0.316404 0.877022
vt 0.323312 0.877061
vt 0.315278 0.896991
vt 0.322698 0.937058
vt 0.322903 0.917059
vt 0.332530 0.936689
vt 0.322903 0.917059
vt 0.331697 0.916706
vt 0.332530 0.936689
vt 0.322903 0.917059
vt 0.323005 0.907060
vt 0.331697 0.916706
vt 0.323005 0.907060
vt 0.331280 0.906715
vt 0.331697 0.916706
vt 0.323005 0.907060
vt 0.330864 0.896723
vt 0.331280 0.906715
vt 0.323108 0.897060
vt 0.330864 0.896723
vt 0.323005 0.907060
vt 0.323108 0.897060
vt 0.330031 0.876741
vt 0.330864 0.896723
vt 0.323312 0.877061
vt 0.330031 0.876741
vt 0.323108 0.897060
vt 0.332530 0.936689
vt 0.331697 0.916706
vt 0.342516 0.935725
vt 0.331697 0.916706
vt 0.340489 0.915828
vt 0.342516 0.935725
vt 0.331697 0.916706
vt 0.331280 0.906715
vt 0.340489 0.915828
vt 0.331280 0.906715
vt 0.339475 0.905880
vt 0.340489 0.915828
vt 0.331280 0.906715
vt 0.338461 0.895931
vt 0.339475 0.905880
vt 0.330864 0.896723
vt 0.338461 0.895931
vt 0.331280 0.906715
vt 0.330864 0.896723
vt 0.336434 0.876034
vt 0.338461 0.895931
vt 0.330031 0.876741
vt 0.336434 0.876034
vt 0.330864 0.896723
vt 0.342516 0.935725
vt 0.340489 0.915828
vt 0.366738 0.932325
vt 0.340489 0.915828
vt 0.363940 0.912521
vt 0.366738 0.932325
vt 0.340489 0.915828
vt 0.339475 0.905880
vt 0.363940 0.912521
vt 0.339475 0.905880
vt 0.362540 0.902620
vt 0.363940 0.912521
vt 0.339475 0.905880
vt 0.361141 0.892718
vt 0.362540 0.902620
vt 0.338461 0.895931
vt 0.361141 0.892718
vt 0.339475 0.905880
vt 0.338461 0.895931
vt 0.358342 0.872915
vt 0.361141 0.892718
vt 0.336434 0.876034
vt 0.358342 0.872915
vt 0.338461 0.895931
vt 0.366738 0.932325
vt 0.363940 0.912521
vt 0.390069 0.928791
vt 0.363940 0.912521
vt 0.387073 0.909017
vt 0.390069 0.928791
vt 0.363940 0.912521
vt 0.362540 0.902620
vt 0.387073 0.909017
vt 0.362540 0.902620
vt 0.385575 0.899130
vt 0.387073 0.909017
vt 0.362540 0.902620
vt 0.384077 0.889243
vt 0.385575 0.899130
vt 0.361141 0.892718
vt 0.384077 0.889243
vt 0.362540 0.902620
vt 0.361141 0.892718
vt 0.381081 0.869468
vt 0.384077 0.889243
vt 0.358342 0.872915
vt 0.381081 0.869468
vt 0.361141 0.892718
vt 0.390069 0.928791
vt 0.387073 0.909017
vt 0.413243 0.925157
vt 0.387073 0.909017
vt 0.410144 0.905399
vt 0.413243 0.925157
vt 0.387073 0.909017
vt 0.385575 0.899130
vt 0.410144 0.905399
vt 0.385575 0.899130
vt 0.408595 0.895520
vt 0.410144 0.905399
vt 0.385575 0.899130
vt 0.407046 0.885640
vt 0.408595 0.895520
vt 0.384077 0.889243
vt 0.407046 0.885640
vt 0.385575 0.899130
vt 0.384077 0.889243
vt 0.403947 0.865882
vt 0.407046 0.885640
vt 0.381081 0.869468
vt 0.403947 0.865882
vt 0.384077 0.889243
vt 0.413243 0.925157
vt 0.410144 0.905399
vt 0.436284 0.921523
vt 0.410144 0.905399
vt 0.433168 0.901768
vt 0.436284 0.921523
vt 0.410144 0.905399
vt 0.408595 0.895520
vt 0.433168 0.901768
vt 0.408595 0.895520
vt 0.431610 0.891890
vt 0.433168 0.901768
vt 0.408595 0.895520
vt 0.430052 0.882012
vt 0.431610 0.891890
vt 0.407046 0.885640
vt 0.430052 0.882012
vt 0.408595 0.895520
vt 0.407046 0.885640
vt 0.426936 0.862256
vt 0.430052 0.882012
vt 0.403947 0.865882
vt 0.426936 0.862256
vt 0.407046 0.885640
vt 0.436284 0.921523
vt 0.433168 0.901768
vt 0.460100 0.917713
vt 0.433168 0.901768
vt 0.456940 0.897964
vt 0.460100 0.917713
vt 0.433168 0.901768
vt 0.431610 0.891890
vt 0.456940 0.897964
vt 0.431610 0.891890
vt 0.455360 0.888090
vt 0.456940 0.897964
vt 0.431610 0.891890
vt 0.453780 0.878215
vt 0.455360 0.888090
vt 0.430052 0.882012
vt 0.453780 0.878215
vt 0.431610 0.891890
vt 0.430052 0.882012
vt 0.450620 0.858467
vt 0.453780 0.878215
vt 0.426936 0.862256
vt 0.450620 0.858467
vt 0.430052 0.882012
vt 0.460100 0.917713
vt 0.456940 0.897964
vt 0.483921 0.913835
vt 0.456940 0.897964
vt 0.480707 0.894095
vt 0.483921 0.913835
vt 0.456940 0.897964
vt 0.455360 0.888090
vt 0.480707 0.894095
vt 0.455360 0.888090
vt 0.479100 0.884225
vt 0.480707 0.894095
vt 0.455360 0.888090
vt 0.477493 0.874355
vt 0.479100 0.884225
vt 0.453780 0.878215
vt 0.477493 0.874355
vt 0.455360 0.888090
vt 0.453780 0.878215
vt 0.474279 0.854615
vt 0.477493 0.874355
vt 0.450620 0.858467
vt 0.474279 0.854615
vt 0.453780 0.878215
vt 0.483921 0.913835
vt 0.480707 0.894095
vt 0.507584 0.910054
vt 0.480707 0.894095
vt 0.504428 0.890304
vt 0.507584 0.910054
vt 0.480707 0.894095
vt 0.479100 0.884225
vt 0.504428 0.890304
vt 0.479100 0.884225
vt 0.502850 0.880430
vt 0.504428 0.890304
vt 0.479100 0.884225
vt 0.501272 0.870555
vt 0.502850 0.880430
vt 0.477493 0.874355
vt 0.501272 0.870555
vt 0.479100 0.884225
vt 0.477493 0.874355
vt 0.498116 0.850806
vt 0.501272 0.870555
vt 0.474279 0.854615
vt 0.498116 0.850806
vt 0.477493 0.874355
vt 0.507584 0.910054
vt 0.504428 0.890304
vt 0.531108 0.906504
vt 0.504428 0.890304
vt 0.528123 0.886728
vt 0.531108 0.906504
vt 0.504428 0.890304
vt 0.502850 0.880430
vt 0.528123 0.886728
vt 0.502850 0.880430
vt 0.526630 0.876840
vt 0.528123 0.886728
vt 0.502850 0.880430
vt 0.525137 0.866952
vt 0.526630 0.876840
vt 0.501272 0.870555
vt 0.525137 0.866952
vt 0.502850 0.880430
vt 0.501272 0.870555
vt 0.522152 0.847176
vt 0.525137 0.866952
vt 0.498116 0.850806
vt 0.522152 0.847176
vt 0.501272 0.870555
vt 0.531108 0.906504
vt 0.528123 0.886728
vt 0.565159 0.900580
vt 0.528123 0.886728
vt 0.561726 0.880876
vt 0.565159 0.900580
vt 0.528123 0.886728
vt 0.526630 0.876840
vt 0.561726 0.880876
vt 0.526630 0.876840
vt 0.560010 0.871025
vt 0.561726 0.880876
vt 0.526630 0.876840
vt 0.558294 0.861173
vt 0.560010 0.871025
vt 0.525137 0.866952
vt 0.558294 0.861173
vt 0.526630 0.876840
vt 0.525137 0.866952
vt 0.554861 0.841470
vt 0.558294 0.861173
vt 0.522152 0.847176
vt 0.554861 0.841470
vt 0.525137 0.866952
vt 0.565159 0.900580
vt 0.561726 0.880876
vt 0.599753 0.892448
vt 0.561726 0.880876
vt 0.595148 0.872986
vt 0.599753 0.892448
vt 0.561726 0.880876
vt 0.560010 0.871025
vt 0.595148 0.872986
vt 0.560010 0.871025
vt 0.592845 0.863255
vt 0.595148 0.872986
vt 0.560010 0.871025
vt 0.590542 0.853523
vt 0.592845 0.863255
vt 0.558294 0.861173
vt 0.590542 0.853523
vt 0.560010 0.871025
vt 0.558294 0.861173
vt 0.585937 0.834061
vt 0.590542 0.853523
vt 0.554861 0.841470
vt 0.585937 0.834061
vt 0.558294 0.861173
vt 0.599753 0.892448
vt 0.595148 0.872986
vt 0.633849 0.882129
vt 0.595148 0.872986
vt 0.628023 0.862996
vt 0.633849 0.882129
vt 0.595148 0.872986
vt 0.592845 0.863255
vt 0.628023 0.862996
vt 0.592845 0.863255
vt 0.625110 0.853430
vt 0.628023 0.862996
vt 0.592845 0.863255
vt 0.622197 0.843863
vt 0.625110 0.853430
vt 0.590542 0.853523
vt 0.622197 0.843863
vt 0.592845 0.863255
vt 0.590542 0.853523
vt 0.616371 0.824731
vt 0.622197 0.843863
vt 0.585937 0.834061
vt 0.616371 0.824731
vt 0.590542 0.853523
vt 0.633849 0.882129
vt 0.628023 0.862996
vt 0.667394 0.869509
vt 0.628023 0.862996
vt 0.660318 0.850803
vt 0.667394 0.869509
vt 0.628023 0.862996
vt 0.625110 0.853430
vt 0.660318 0.850803
vt 0.625110 0.853430
vt 0.656780 0.841450
vt 0.660318 0.850803
vt 0.625110 0.853430
vt 0.653242 0.832097
vt 0.656780 0.841450
vt 0.622197 0.843863
vt 0.653242 0.832097
vt 0.625110 0.853430
vt 0.622197 0.843863
vt 0.646166 0.813390
vt 0.653242 0.832097
vt 0.616371 0.824731
vt 0.646166 0.813390
vt 0.622197 0.843863
vt 0.667394 0.869509
vt 0.660318 0.850803
vt 0.675526 0.866045
vt 0.660318 0.850803
vt 0.667625 0.847671
vt 0.675526 0.866045
vt 0.660318 0.850803
vt 0.656780 0.841450
vt 0.667625 0.847671
vt 0.656780 0.841450
vt 0.663675 0.838485
vt 0.667625 0.847671
vt 0.656780 0.841450
vt 0.659725 0.829298
vt 0.663675 0.838485
vt 0.653242 0.832097
vt 0.659725 0.829298
vt 0.656780 0.841450
vt 0.653242 0.832097
vt 0.651824 0.810925
vt 0.659725 0.829298
vt 0.646166 0.813390
vt 0.651824 0.810925
vt 0.653242 0.832097
vt 0.675526 0.866045
vt 0.667625 0.847671
vt 0.683293 0.862398
vt 0.667625 0.847671
vt 0.674754 0.844313
vt 0.683293 0.862398
vt 0.667625 0.847671
vt 0.663675 0.838485
vt 0.674754 0.844313
vt 0.663675 0.838485
vt 0.670485 0.835270
vt 0.674754 0.844313
vt 0.663675 0.838485
vt 0.666216 0.826227
vt 0.670485 0.835270
vt 0.659725 0.829298
vt 0.666216 0.826227
vt 0.663675 0.838485
vt 0.659725 0.829298
vt 0.657678 0.808141
vt 0.666216 0.826227
vt 0.651824 0.810925
vt 0.657678 0.808141
vt 0.659725 0.829298
vt 0.683293 0.862398
vt 0.674754 0.844313
vt 0.691358 0.858087
vt 0.674754 0.844313
vt 0.681843 0.840495
vt 0.691358 0.858087
vt 0.674754 0.844313
vt 0.670485 0.835270
vt 0.681843 0.840495
vt 0.670485 0.835270
vt 0.677085 0.831700
vt 0.681843 0.840495
vt 0.670485 0.835270
vt 0.672327 0.822904
vt 0.677085 0.831700
vt 0.666216 0.826227
vt 0.672327 0.822904
vt 0.670485 0.835270
vt 0.666216 0.826227
vt 0.662812 0.805313
vt 0.672327 0.822904
vt 0.657678 0.808141
vt 0.662812 0.805313
vt 0.666216 0.826227
vt 0.691358 0.858087
vt 0.681843 0.840495
vt 0.699607 0.852869
vt 0.681843 0.840495
vt 0.688759 0.836066
vt 0.699607 0.852869
vt 0.681843 0.840495
vt 0.677085 0.831700
vt 0.688759 0.836066
vt 0.677085 0.831700
vt 0.683335 0.827665
vt 0.688759 0.836066
vt 0.677085 0.831700
vt 0.677911 0.819263
vt 0.683335 0.827665
vt 0.672327 0.822904
vt 0.677911 0.819263
vt 0.677085 0.831700
vt 0.672327 0.822904
vt 0.667064 0.802461
vt 0.677911 0.819263
vt 0.662812 0.805313
vt 0.667064 0.802461
vt 0.672327 0.822904
vt 0.699607 0.852869
vt 0.688759 0.836066
vt 0.720270 0.834369
vt 0.688759 0.836066
vt 0.706690 0.819686
vt 0.720270 0.834369
vt 0.688759 0.836066
vt 0.683335 0.827665
vt 0.706690 0.819686
vt 0.683335 0.827665
vt 0.699900 0.812345
vt 0.706690 0.819686
vt 0.683335 0.827665
vt 0.693110 0.805003
vt 0.699900 0.812345
vt 0.677911 0.819263
vt 0.693110 0.805003
vt 0.683335 0.827665
vt 0.677911 0.819263
vt 0.679531 0.790320
vt 0.693110 0.805003
vt 0.667064 0.802461
vt 0.679531 0.790320
vt 0.677911 0.819263
vt 0.720270 0.834369
vt 0.706690 0.819686
vt 0.736400 0.809886
vt 0.706690 0.819686
vt 0.719267 0.799568
vt 0.736400 0.809886
vt 0.706690 0.819686
vt 0.699900 0.812345
vt 0.719267 0.799568
vt 0.699900 0.812345
vt 0.710700 0.794410
vt 0.719267 0.799568
vt 0.699900 0.812345
vt 0.702133 0.789251
vt 0.710700 0.794410
vt 0.693110 0.805003
vt 0.702133 0.789251
vt 0.699900 0.812345
vt 0.693110 0.805003
vt 0.685000 0.778934
vt 0.702133 0.789251
vt 0.679531 0.790320
vt 0.685000 0.778934
vt 0.693110 0.805003
vt 0.736400 0.809886
vt 0.719267 0.799568
vt 0.745033 0.781661
vt 0.719267 0.799568
vt 0.725681 0.776610
vt 0.745033 0.781661
vt 0.719267 0.799568
vt 0.710700 0.794410
vt 0.725681 0.776610
vt 0.710700 0.794410
vt 0.716005 0.774085
vt 0.725681 0.776610
vt 0.710700 0.794410
vt 0.706329 0.771559
vt 0.716005 0.774085
vt 0.702133 0.789251
vt 0.706329 0.771559
vt 0.710700 0.794410
vt 0.702133 0.789251
vt 0.686978 0.766508
vt 0.706329 0.771559
vt 0.685000 0.778934
vt 0.686978 0.766508
vt 0.702133 0.789251
vt 0.745033 0.781661
vt 0.725681 0.776610
vt 0.746080 0.751705
vt 0.725681 0.776610
vt 0.726080 0.751638
vt 0.746080 0.751705
vt 0.725681 0.776610
vt 0.716005 0.774085
vt 0.726080 0.751638
vt 0.716005 0.774085
vt 0.716080 0.751605
vt 0.726080 0.751638
vt 0.716005 0.774085
vt 0.706080 0.751571
vt 0.716080 0.751605
vt 0.706329 0.771559
vt 0.706080 0.751571
vt 0.716005 0.774085
vt 0.706329 0.771559
vt 0.686080 0.751505
vt 0.706080 0.751571
vt 0.686978 0.766508
vt 0.686080 0.751505
vt 0.706329 0.771559
vt 0.746080 0.751705
vt 0.726080 0.751638
vt 0.743615 0.734123
vt 0.726080 0.751638
vt 0.723879 0.737357
vt 0.743615 0.734123
vt 0.726080 0.751638
vt 0.716080 0.751605
vt 0.723879 0.737357
vt 0.716080 0.751605
vt 0.714010 0.738975
vt 0.723879 0.737357
vt 0.716080 0.751605
vt 0.704142 0.740592
vt 0.714010 0.738975
vt 0.706080 0.751571
vt 0.704142 0.740592
vt 0.716080 0.751605
vt 0.706080 0.751571
vt 0.684405 0.743827
vt 0.704142 0.740592
vt 0.686080 0.751505
vt 0.684405 0.743827
vt 0.706080 0.751571
vt 0.743615 0.734123
vt 0.723879 0.737357
vt 0.739594 0.718790
vt 0.723879 0.737357
vt 0.720301 0.724063
vt 0.739594 0.718790
vt 0.723879 0.737357
vt 0.714010 0.738975
vt 0.720301 0.724063
vt 0.714010 0.738975
vt 0.710655 0.726700
vt 0.720301 0.724063
vt 0.714010 0.738975
vt 0.701009 0.729336
vt 0.710655 0.726700
vt 0.704142 0.740592
vt 0.701009 0.729336
vt 0.714010 0.738975
vt 0.704142 0.740592
vt 0.681717 0.734609
vt 0.701009 0.729336
vt 0.684405 0.743827
vt 0.681717 0.734609
vt 0.704142 0.740592
vt 0.739594 0.718790
vt 0.720301 0.724063
vt 0.734435 0.704396
vt 0.720301 0.724063
vt 0.715655 0.711275
vt 0.734435 0.704396
vt 0.720301 0.724063
vt 0.710655 0.726700
vt 0.715655 0.711275
vt 0.710655 0.726700
vt 0.706265 0.714715
vt 0.715655 0.711275
vt 0.710655 0.726700
vt 0.696875 0.718154
vt 0.706265 0.714715
vt 0.701009 0.729336
vt 0.696875 0.718154
vt 0.710655 0.726700
vt 0.701009 0.729336
vt 0.678096 0.725033
vt 0.696875 0.718154
vt 0.681717 0.734609
vt 0.678096 0.725033
vt 0.701009 0.729336
vt 0.734435 0.704396
vt 0.715655 0.711275
vt 0.728557 0.690882
vt 0.715655 0.711275
vt 0.710249 0.698934
vt 0.728557 0.690882
vt 0.715655 0.711275
vt 0.706265 0.714715
vt 0.710249 0.698934
vt 0.706265 0.714715
vt 0.701095 0.702960
vt 0.710249 0.698934
vt 0.706265 0.714715
vt 0.691941 0.706986
vt 0.701095 0.702960
vt 0.696875 0.718154
vt 0.691941 0.706986
vt 0.706265 0.714715
vt 0.696875 0.718154
vt 0.673634 0.715038
vt 0.691941 0.706986
vt 0.678096 0.725033
vt 0.673634 0.715038
vt 0.696875 0.718154
vt 0.728557 0.690882
vt 0.710249 0.698934
vt 0.724897 0.682921
vt 0.710249 0.698934
vt 0.706729 0.691283
vt 0.724897 0.682921
vt 0.710249 0.698934
vt 0.701095 0.702960
vt 0.706729 0.691283
vt 0.701095 0.702960
vt 0.697645 0.695465
vt 0.706729 0.691283
vt 0.701095 0.702960
vt 0.688561 0.699646
vt 0.697645 0.695465
vt 0.691941 0.706986
vt 0.688561 0.699646
vt 0.701095 0.702960
vt 0.691941 0.706986
vt 0.670394 0.708009
vt 0.688561 0.699646
vt 0.673634 0.715038
vt 0.670394 0.708009
vt 0.691941 0.706986
vt 0.724897 0.682921
vt 0.706729 0.691283
vt 0.721820 0.675874
vt 0.706729 0.691283
vt 0.703497 0.683891
vt 0.721820 0.675874
vt 0.706729 0.691283
vt 0.697645 0.695465
vt 0.703497 0.683891
vt 0.697645 0.695465
vt 0.694335 0.687900
vt 0.703497 0.683891
vt 0.697645 0.695465
vt 0.685174 0.691908
vt 0.694335 0.687900
vt 0.688561 0.699646
vt 0.685174 0.691908
vt 0.697645 0.695465
vt 0.688561 0.699646
vt 0.666851 0.699925
vt 0.685174 0.691908
vt 0.670394 0.708009
vt 0.666851 0.699925
vt 0.688561 0.699646
vt 0.721820 0.675874
vt 0.703497 0.683891
vt 0.719062 0.669014
vt 0.703497 0.683891
vt 0.700517 0.676504
vt 0.719062 0.669014
vt 0.703497 0.683891
vt 0.694335 0.687900
vt 0.700517 0.676504
vt 0.694335 0.687900
vt 0.691245 0.680250
vt 0.700517 0.676504
vt 0.694335 0.687900
vt 0.681973 0.683995
vt 0.691245 0.680250
vt 0.685174 0.691908
vt 0.681973 0.683995
vt 0.694335 0.687900
vt 0.685174 0.691908
vt 0.663429 0.691485
vt 0.681973 0.683995
vt 0.666851 0.699925
vt 0.663429 0.691485
vt 0.685174 0.691908
vt 0.719062 0.669014
vt 0.700517 0.676504
vt 0.716647 0.662289
vt 0.700517 0.676504
vt 0.697843 0.669099
vt 0.716647 0.662289
vt 0.700517 0.676504
vt 0.691245 0.680250
vt 0.697843 0.669099
vt 0.691245 0.680250
vt 0.688440 0.672505
vt 0.697843 0.669099
vt 0.691245 0.680250
vt 0.679038 0.675910
vt 0.688440 0.672505
vt 0.681973 0.683995
vt 0.679038 0.675910
vt 0.691245 0.680250
vt 0.681973 0.683995
vt 0.660233 0.682721
vt 0.679038 0.675910
vt 0.663429 0.691485
vt 0.660233 0.682721
vt 0.681973 0.683995
vt 0.716647 0.662289
vt 0.697843 0.669099
vt 0.712909 0.644881
vt 0.697843 0.669099
vt 0.693410 0.649330
vt 0.712909 0.644881
vt 0.697843 0.669099
vt 0.688440 0.672505
vt 0.693410 0.649330
vt 0.688440 0.672505
vt 0.683660 0.651555
vt 0.693410 0.649330
vt 0.688440 0.672505
vt 0.673911 0.653779
vt 0.683660 0.651555
vt 0.679038 0.675910
vt 0.673911 0.653779
vt 0.688440 0.672505
vt 0.679038 0.675910
vt 0.654412 0.658228
vt 0.673911 0.653779
vt 0.660233 0.682721
vt 0.654412 0.658228
vt 0.679038 0.675910
vt 0.712909 0.644881
vt 0.693410 0.649330
vt 0.713408 0.630561
vt 0.693410 0.649330
vt 0.693409 0.630804
vt 0.713408 0.630561
vt 0.693410 0.649330
vt 0.683660 0.651555
vt 0.693409 0.630804
vt 0.683660 0.651555
vt 0.683410 0.630925
vt 0.693409 0.630804
vt 0.683660 0.651555
vt 0.673411 0.631046
vt 0.683410 0.630925
vt 0.673911 0.653779
vt 0.673411 0.631046
vt 0.683660 0.651555
vt 0.673911 0.653779
vt 0.653412 0.631288
vt 0.673411 0.631046
vt 0.654412 0.658228
vt 0.653412 0.631288
vt 0.673911 0.653779
vt 0.713408 0.630561
vt 0.693409 0.630804
vt 0.716859 0.616530
vt 0.693409 0.630804
vt 0.697243 0.612630
vt 0.716859 0.616530
vt 0.693409 0.630804
vt 0.683410 0.630925
vt 0.697243 0.612630
vt 0.683410 0.630925
vt 0.687435 0.610680
vt 0.697243 0.612630
vt 0.683410 0.630925
vt 0.677627 0.608730
vt 0.687435 0.610680
vt 0.673411 0.631046
vt 0.677627 0.608730
vt 0.683410 0.630925
vt 0.673411 0.631046
vt 0.658011 0.604830
vt 0.677627 0.608730
vt 0.653412 0.631288
vt 0.658011 0.604830
vt 0.673411 0.631046
vt 0.716859 0.616530
vt 0.697243 0.612630
vt 0.723278 0.602192
vt 0.697243 0.612630
vt 0.704753 0.594654
vt 0.723278 0.602192
vt 0.697243 0.612630
vt 0.687435 0.610680
vt 0.704753 0.594654
vt 0.687435 0.610680
vt 0.695490 0.590885
vt 0.704753 0.594654
vt 0.687435 0.610680
vt 0.686228 0.587116
vt 0.695490 0.590885
vt 0.677627 0.608730
vt 0.686228 0.587116
vt 0.687435 0.610680
vt 0.677627 0.608730
vt 0.667703 0.579577
vt 0.686228 0.587116
vt 0.658011 0.604830
vt 0.667703 0.579577
vt 0.677627 0.608730
vt 0.723278 0.602192
vt 0.704753 0.594654
vt 0.726457 0.596867
vt 0.704753 0.594654
vt 0.708949 0.587199
vt 0.726457 0.596867
vt 0.704753 0.594654
vt 0.695490 0.590885
vt 0.708949 0.587199
vt 0.695490 0.590885
vt 0.700195 0.582365
vt 0.708949 0.587199
vt 0.695490 0.590885
vt 0.691441 0.577531
vt 0.700195 0.582365
vt 0.686228 0.587116
vt 0.691441 0.577531
vt 0.695490 0.590885
vt 0.686228 0.587116
vt 0.673934 0.567862
vt 0.691441 0.577531
vt 0.667703 0.579577
vt 0.673934 0.567862
vt 0.686228 0.587116
vt 0.726457 0.596867
vt 0.708949 0.587199
vt 0.730823 0.589939
vt 0.708949 0.587199
vt 0.713848 0.579363
vt 0.730823 0.589939
vt 0.708949 0.587199
vt 0.700195 0.582365
vt 0.713848 0.579363
vt 0.700195 0.582365
vt 0.705360 0.574075
vt 0.713848 0.579363
vt 0.700195 0.582365
vt 0.696873 0.568787
vt 0.705360 0.574075
vt 0.691441 0.577531
vt 0.696873 0.568787
vt 0.700195 0.582365
vt 0.691441 0.577531
vt 0.679898 0.558211
vt 0.696873 0.568787
vt 0.673934 0.567862
vt 0.679898 0.558211
vt 0.691441 0.577531
vt 0.730823 0.589939
vt 0.713848 0.579363
vt 0.735722 0.582672
vt 0.713848 0.579363
vt 0.719118 0.571524
vt 0.735722 0.582672
vt 0.713848 0.579363
vt 0.705360 0.574075
vt 0.719118 0.571524
vt 0.705360 0.574075
vt 0.710815 0.565950
vt 0.719118 0.571524
vt 0.705360 0.574075
vt 0.702513 0.560376
vt 0.710815 0.565950
vt 0.696873 0.568787
vt 0.702513 0.560376
vt 0.705360 0.574075
vt 0.696873 0.568787
vt 0.685908 0.549227
vt 0.702513 0.560376
vt 0.679898 0.558211
vt 0.685908 0.549227
vt 0.696873 0.568787
vt 0.735722 0.582672
vt 0.719118 0.571524
vt 0.741026 0.575051
vt 0.719118 0.571524
vt 0.724606 0.563634
vt 0.741026 0.575051
vt 0.719118 0.571524
vt 0.710815 0.565950
vt 0.724606 0.563634
vt 0.710815 0.565950
vt 0.716395 0.557925
vt 0.724606 0.563634
vt 0.710815 0.565950
vt 0.708185 0.552216
vt 0.716395 0.557925
vt 0.702513 0.560376
vt 0.708185 0.552216
vt 0.710815 0.565950
vt 0.702513 0.560376
vt 0.691764 0.540798
vt 0.708185 0.552216
vt 0.685908 0.549227
vt 0.691764 0.540798
vt 0.702513 0.560376
vt 0.741026 0.575051
vt 0.724606 0.563634
vt 0.748662 0.564417
vt 0.724606 0.563634
vt 0.732414 0.552756
vt 0.748662 0.564417
vt 0.724606 0.563634
vt 0.716395 0.557925
vt 0.732414 0.552756
vt 0.716395 0.557925
vt 0.724290 0.546925
vt 0.732414 0.552756
vt 0.716395 0.557925
vt 0.716166 0.541094
vt 0.724290 0.546925
vt 0.708185 0.552216
vt 0.716166 0.541094
vt 0.716395 0.557925
vt 0.708185 0.552216
vt 0.699918 0.529432
vt 0.716166 0.541094
vt 0.691764 0.540798
vt 0.699918 0.529432
vt 0.708185 0.552216
vt 0.748662 0.564417
vt 0.732414 0.552756
vt 0.756460 0.553885
vt 0.732414 0.552756
vt 0.740384 0.541988
vt 0.756460 0.553885
vt 0.732414 0.552756
vt 0.724290 0.546925
vt 0.740384 0.541988
vt 0.724290 0.546925
vt 0.732345 0.536040
vt 0.740384 0.541988
vt 0.724290 0.546925
vt 0.724307 0.530091
vt 0.732345 0.536040
vt 0.716166 0.541094
vt 0.724307 0.530091
vt 0.724290 0.546925
vt 0.716166 0.541094
vt 0.708230 0.518194
vt 0.724307 0.530091
vt 0.699918 0.529432
vt 0.708230 0.518194
vt 0.716166 0.541094
vt 0.756460 0.553885
vt 0.740384 0.541988
vt 0.764524 0.542965
vt 0.740384 0.541988
vt 0.748435 0.531085
vt 0.764524 0.542965
vt 0.740384 0.541988
vt 0.732345 0.536040
vt 0.748435 0.531085
vt 0.732345 0.536040
vt 0.740390 0.525145
vt 0.748435 0.531085
vt 0.732345 0.536040
vt 0.732346 0.519204
vt 0.740390 0.525145
vt 0.724307 0.530091
vt 0.732346 0.519204
vt 0.732345 0.536040
vt 0.724307 0.530091
vt 0.716257 0.507324
vt 0.732346 0.519204
vt 0.708230 0.518194
vt 0.716257 0.507324
vt 0.724307 0.530091
vt 0.764524 0.542965
vt 0.748435 0.531085
vt 0.772678 0.531527
vt 0.748435 0.531085
vt 0.756390 0.519922
vt 0.772678 0.531527
vt 0.748435 0.531085
vt 0.740390 0.525145
vt 0.756390 0.519922
vt 0.740390 0.525145
vt 0.748245 0.514120
vt 0.756390 0.519922
vt 0.740390 0.525145
vt 0.740101 0.508317
vt 0.748245 0.514120
vt 0.732346 0.519204
vt 0.740101 0.508317
vt 0.740390 0.525145
vt 0.732346 0.519204
vt 0.723812 0.496712
vt 0.740101 0.508317
vt 0.716257 0.507324
vt 0.723812 0.496712
vt 0.732346 0.519204
vt 0.772678 0.531527
vt 0.756390 0.519922
vt 0.777730 0.524069
vt 0.756390 0.519922
vt 0.761160 0.512870
vt 0.777730 0.524069
vt 0.756390 0.519922
vt 0.748245 0.514120
vt 0.761160 0.512870
vt 0.748245 0.514120
vt 0.752875 0.507270
vt 0.761160 0.512870
vt 0.748245 0.514120
vt 0.744590 0.501670
vt 0.752875 0.507270
vt 0.740101 0.508317
vt 0.744590 0.501670
vt 0.748245 0.514120
vt 0.740101 0.508317
vt 0.728020 0.490470
vt 0.744590 0.501670
vt 0.723812 0.496712
vt 0.728020 0.490470
vt 0.740101 0.508317
vt 0.777730 0.524069
vt 0.761160 0.512870
vt 0.782652 0.516326
vt 0.761160 0.512870
vt 0.765758 0.505622
vt 0.782652 0.516326
vt 0.761160 0.512870
vt 0.752875 0.507270
vt 0.765758 0.505622
vt 0.752875 0.507270
vt 0.757310 0.500270
vt 0.765758 0.505622
vt 0.752875 0.507270
vt 0.748863 0.494918
vt 0.757310 0.500270
vt 0.744590 0.501670
vt 0.748863 0.494918
vt 0.752875 0.507270
vt 0.744590 0.501670
vt 0.731968 0.484214
vt 0.748863 0.494918
vt 0.728020 0.490470
vt 0.731968 0.484214
vt 0.744590 0.501670
vt 0.782652 0.516326
vt 0.765758 0.505622
vt 0.787446 0.508033
vt 0.765758 0.505622
vt 0.770102 0.498074
vt 0.787446 0.508033
vt 0.765758 0.505622
vt 0.757310 0.500270
vt 0.770102 0.498074
vt 0.757310 0.500270
vt 0.761430 0.493095
vt 0.770102 0.498074
vt 0.757310 0.500270
vt 0.752758 0.488115
vt 0.761430 0.493095
vt 0.748863 0.494918
vt 0.752758 0.488115
vt 0.757310 0.500270
vt 0.748863 0.494918
vt 0.735414 0.478156
vt 0.752758 0.488115
vt 0.731968 0.484214
vt 0.735414 0.478156
vt 0.748863 0.494918
vt 0.787446 0.508033
vt 0.770102 0.498074
vt 0.791944 0.499153
vt 0.770102 0.498074
vt 0.774058 0.490204
vt 0.791944 0.499153
vt 0.770102 0.498074
vt 0.761430 0.493095
vt 0.774058 0.490204
vt 0.761430 0.493095
vt 0.765115 0.485730
vt 0.774058 0.490204
vt 0.761430 0.493095
vt 0.756172 0.481255
vt 0.765115 0.485730
vt 0.752758 0.488115
vt 0.756172 0.481255
vt 0.761430 0.493095
vt 0.752758 0.488115
vt 0.738286 0.472306
vt 0.756172 0.481255
vt 0.735414 0.478156
vt 0.738286 0.472306
vt 0.752758 0.488115
vt 0.791944 0.499153
vt 0.774058 0.490204
vt 0.800174 0.475642
vt 0.774058 0.490204
vt 0.781221 0.469254
vt 0.800174 0.475642
vt 0.774058 0.490204
vt 0.765115 0.485730
vt 0.781221 0.469254
vt 0.765115 0.485730
vt 0.771745 0.466060
vt 0.781221 0.469254
vt 0.765115 0.485730
vt 0.762269 0.462866
vt 0.771745 0.466060
vt 0.756172 0.481255
vt 0.762269 0.462866
vt 0.765115 0.485730
vt 0.756172 0.481255
vt 0.743317 0.456478
vt 0.762269 0.462866
vt 0.738286 0.472306
vt 0.743317 0.456478
vt 0.756172 0.481255
vt 0.800174 0.475642
vt 0.781221 0.469254
vt 0.803446 0.449220
vt 0.781221 0.469254
vt 0.783532 0.447363
vt 0.803446 0.449220
vt 0.781221 0.469254
vt 0.771745 0.466060
vt 0.783532 0.447363
vt 0.771745 0.466060
vt 0.773575 0.446435
vt 0.783532 0.447363
vt 0.771745 0.466060
vt 0.763618 0.445506
vt 0.773575 0.446435
vt 0.762269 0.462866
vt 0.763618 0.445506
vt 0.771745 0.466060
vt 0.762269 0.462866
vt 0.743705 0.443649
vt 0.763618 0.445506
vt 0.743317 0.456478
vt 0.743705 0.443649
vt 0.762269 0.462866
vt 0.803446 0.449220
vt 0.783532 0.447363
vt 0.800288 0.422428
vt 0.783532 0.447363
vt 0.780513 0.425416
vt 0.800288 0.422428
vt 0.783532 0.447363
vt 0.773575 0.446435
vt 0.780513 0.425416
vt 0.773575 0.446435
vt 0.770625 0.426910
vt 0.780513 0.425416
vt 0.773575 0.446435
vt 0.760737 0.428404
vt 0.770625 0.426910
vt 0.763618 0.445506
vt 0.760737 0.428404
vt 0.773575 0.446435
vt 0.763618 0.445506
vt 0.740962 0.431391
vt 0.760737 0.428404
vt 0.743705 0.443649
vt 0.740962 0.431391
vt 0.763618 0.445506
vt 0.800288 0.422428
vt 0.780513 0.425416
vt 0.790790 0.396440
vt 0.780513 0.425416
vt 0.772207 0.403833
vt 0.790790 0.396440
vt 0.780513 0.425416
vt 0.770625 0.426910
vt 0.772207 0.403833
vt 0.770625 0.426910
vt 0.762915 0.407530
vt 0.772207 0.403833
vt 0.770625 0.426910
vt 0.753623 0.411226
vt 0.762915 0.407530
vt 0.760737 0.428404
vt 0.753623 0.411226
vt 0.770625 0.426910
vt 0.760737 0.428404
vt 0.735040 0.418619
vt 0.753623 0.411226
vt 0.740962 0.431391
vt 0.735040 0.418619
vt 0.760737 0.428404
vt 0.790790 0.396440
vt 0.772207 0.403833
vt 0.782671 0.381569
vt 0.772207 0.403833
vt 0.765280 0.391446
vt 0.782671 0.381569
vt 0.772207 0.403833
vt 0.762915 0.407530
vt 0.765280 0.391446
vt 0.762915 0.407530
vt 0.756585 0.396385
vt 0.765280 0.391446
vt 0.762915 0.407530
vt 0.747890 0.401323
vt 0.756585 0.396385
vt 0.753623 0.411226
vt 0.747890 0.401323
vt 0.762915 0.407530
vt 0.753623 0.411226
vt 0.730499 0.411201
vt 0.747890 0.401323
vt 0.735040 0.418619
vt 0.730499 0.411201
vt 0.753623 0.411226
vt 0.782671 0.381569
vt 0.765280 0.391446
vt 0.774693 0.369268
vt 0.765280 0.391446
vt 0.757958 0.380219
vt 0.774693 0.369268
vt 0.765280 0.391446
vt 0.756585 0.396385
vt 0.757958 0.380219
vt 0.756585 0.396385
vt 0.749590 0.385695
vt 0.757958 0.380219
vt 0.756585 0.396385
vt 0.741222 0.391170
vt 0.749590 0.385695
vt 0.747890 0.401323
vt 0.741222 0.391170
vt 0.756585 0.396385
vt 0.747890 0.401323
vt 0.724487 0.402121
vt 0.741222 0.391170
vt 0.730499 0.411201
vt 0.724487 0.402121
vt 0.747890 0.401323
vt 0.774693 0.369268
vt 0.757958 0.380219
vt 0.766251 0.357667
vt 0.757958 0.380219
vt 0.750114 0.369482
vt 0.766251 0.357667
vt 0.757958 0.380219
vt 0.749590 0.385695
vt 0.750114 0.369482
vt 0.749590 0.385695
vt 0.742045 0.375390
vt 0.750114 0.369482
vt 0.749590 0.385695
vt 0.733977 0.381297
vt 0.742045 0.375390
vt 0.741222 0.391170
vt 0.733977 0.381297
vt 0.749590 0.385695
vt 0.741222 0.391170
vt 0.717839 0.393112
vt 0.733977 0.381297
vt 0.724487 0.402121
vt 0.717839 0.393112
vt 0.741222 0.391170
vt 0.766251 0.357667
vt 0.750114 0.369482
vt 0.757509 0.346677
vt 0.750114 0.369482
vt 0.741880 0.359155
vt 0.757509 0.346677
vt 0.750114 0.369482
vt 0.742045 0.375390
vt 0.741880 0.359155
vt 0.742045 0.375390
vt 0.734065 0.365395
vt 0.741880 0.359155
vt 0.742045 0.375390
vt 0.726250 0.371634
vt 0.734065 0.365395
vt 0.733977 0.381297
vt 0.726250 0.371634
vt 0.742045 0.375390
vt 0.733977 0.381297
vt 0.710621 0.384113
vt 0.726250 0.371634
vt 0.717839 0.393112
vt 0.710621 0.384113
vt 0.733977 0.381297
vt 0.757509 0.346677
vt 0.741880 0.359155
vt 0.749313 0.336893
vt 0.741880 0.359155
vt 0.733991 0.349748
vt 0.749313 0.336893
vt 0.741880 0.359155
vt 0.734065 0.365395
vt 0.733991 0.349748
vt 0.734065 0.365395
vt 0.726330 0.356175
vt 0.733991 0.349748
vt 0.734065 0.365395
vt 0.718669 0.362602
vt 0.726330 0.356175
vt 0.726250 0.371634
vt 0.718669 0.362602
vt 0.734065 0.365395
vt 0.726250 0.371634
vt 0.703347 0.375456
vt 0.718669 0.362602
vt 0.710621 0.384113
vt 0.703347 0.375456
vt 0.726250 0.371634
vt 0.749313 0.336893
vt 0.733991 0.349748
vt 0.741256 0.327502
vt 0.733991 0.349748
vt 0.726079 0.340527
vt 0.741256 0.327502
vt 0.733991 0.349748
vt 0.726330 0.356175
vt 0.726079 0.340527
vt 0.726330 0.356175
vt 0.718490 0.347040
vt 0.726079 0.340527
vt 0.726330 0.356175
vt 0.710902 0.353552
vt 0.718490 0.347040
vt 0.718669 0.362602
vt 0.710902 0.353552
vt 0.726330 0.356175
vt 0.718669 0.362602
vt 0.695725 0.366578
vt 0.710902 0.353552
vt 0.703347 0.375456
vt 0.695725 0.366578
vt 0.718669 0.362602
vt 0.741256 0.327502
vt 0.726079 0.340527
vt 0.733195 0.318253
vt 0.726079 0.340527
vt 0.718118 0.331394
vt 0.733195 0.318253
vt 0.726079 0.340527
vt 0.718490 0.347040
vt 0.718118 0.331394
vt 0.718490 0.347040
vt 0.710580 0.337965
vt 0.718118 0.331394
vt 0.718490 0.347040
vt 0.703042 0.344535
vt 0.710580 0.337965
vt 0.710902 0.353552
vt 0.703042 0.344535
vt 0.718490 0.347040
vt 0.710902 0.353552
vt 0.687965 0.357677
vt 0.703042 0.344535
vt 0.695725 0.366578
vt 0.687965 0.357677
vt 0.710902 0.353552
vt 0.733195 0.318253
vt 0.718118 0.331394
vt 0.725175 0.309121
vt 0.718118 0.331394
vt 0.710148 0.322320
vt 0.725175 0.309121
vt 0.718118 0.331394
vt 0.710580 0.337965
vt 0.710148 0.322320
vt 0.710580 0.337965
vt 0.702635 0.328920
vt 0.710148 0.322320
vt 0.710580 0.337965
vt 0.695122 0.335519
vt 0.702635 0.328920
vt 0.703042 0.344535
vt 0.695122 0.335519
vt 0.710580 0.337965
vt 0.703042 0.344535
vt 0.680096 0.348718
vt 0.695122 0.335519
vt 0.687965 0.357677
vt 0.680096 0.348718
vt 0.703042 0.344535
vt 0.725175 0.309121
vt 0.710148 0.322320
vt 0.688291 0.267317
vt 0.710148 0.322320
vt 0.673294 0.280549
vt 0.688291 0.267317
vt 0.710148 0.322320
vt 0.702635 0.328920
vt 0.673294 0.280549
vt 0.702635 0.328920
vt 0.665795 0.287165
vt 0.673294 0.280549
vt 0.702635 0.328920
vt 0.658296 0.293781
vt 0.665795 0.287165
vt 0.695122 0.335519
vt 0.658296 0.293781
vt 0.702635 0.328920
vt 0.695122 0.335519
vt 0.643299 0.307013
vt 0.658296 0.293781
vt 0.680096 0.348718
vt 0.643299 0.307013
vt 0.695122 0.335519
vt 0.688291 0.267317
vt 0.673294 0.280549
vt 0.651406 0.225575
vt 0.673294 0.280549
vt 0.636419 0.238818
vt 0.651406 0.225575
vt 0.673294 0.280549
vt 0.665795 0.287165
vt 0.636419 0.238818
vt 0.665795 0.287165
vt 0.628925 0.245440
vt 0.636419 0.238818
vt 0.665795 0.287165
vt 0.621432 0.252061
vt 0.628925 0.245440
vt 0.658296 0.293781
vt 0.621432 0.252061
vt 0.665795 0.287165
vt 0.658296 0.293781
vt 0.606444 0.265305
vt 0.621432 0.252061
vt 0.643299 0.307013
vt 0.606444 0.265305
vt 0.658296 0.293781
vt 0.651406 0.225575
vt 0.636419 0.238818
vt 0.614640 0.183823
vt 0.636419 0.238818
vt 0.599630 0.197041
vt 0.614640 0.183823
vt 0.636419 0.238818
vt 0.628925 0.245440
vt 0.599630 0.197041
vt 0.628925 0.245440
vt 0.592125 0.203650
vt 0.599630 0.197041
vt 0.628925 0.245440
vt 0.584620 0.210258
vt 0.592125 0.203650
vt 0.621432 0.252061
vt 0.584620 0.210258
vt 0.628925 0.245440
vt 0.621432 0.252061
vt 0.569610 0.223476
vt 0.584620 0.210258
vt 0.606444 0.265305
vt 0.569610 0.223476
vt 0.621432 0.252061
vt 0.614640 0.183823
vt 0.599630 0.197041
vt 0.578104 0.141975
vt 0.599630 0.197041
vt 0.563038 0.155128
vt 0.578104 0.141975
vt 0.599630 0.197041
vt 0.592125 0.203650
vt 0.563038 0.155128
vt 0.592125 0.203650
vt 0.555505 0.161705
vt 0.563038 0.155128
vt 0.592125 0.203650
vt 0.547972 0.168281
vt 0.555505 0.161705
vt 0.584620 0.210258
vt 0.547972 0.168281
vt 0.592125 0.203650
vt 0.584620 0.210258
vt 0.532906 0.181435
vt 0.547972 0.168281
vt 0.569610 0.223476
vt 0.532906 0.181435
vt 0.584620 0.210258
vt 0.578104 0.141975
vt 0.563038 0.155128
vt 0.553426 0.117270
vt 0.563038 0.155128
vt 0.539306 0.131433
vt 0.553426 0.117270
vt 0.563038 0.155128
vt 0.555505 0.161705
vt 0.539306 0.131433
vt 0.555505 0.161705
vt 0.532245 0.138515
vt 0.539306 0.131433
vt 0.555505 0.161705
vt 0.525185 0.145596
vt 0.532245 0.138515
vt 0.547972 0.168281
vt 0.525185 0.145596
vt 0.555505 0.161705
vt 0.547972 0.168281
vt 0.511064 0.159760
vt 0.525185 0.145596
vt 0.532906 0.181435
vt 0.511064 0.159760
vt 0.547972 0.168281
vt 0.553426 0.117270
vt 0.539306 0.131433
vt 0.523962 0.095539
vt 0.539306 0.131433
vt 0.512258 0.111756
vt 0.523962 0.095539
vt 0.539306 0.131433
vt 0.532245 0.138515
vt 0.512258 0.111756
vt 0.532245 0.138515
vt 0.506405 0.119865
vt 0.512258 0.111756
vt 0.532245 0.138515
vt 0.500553 0.127973
vt 0.506405 0.119865
vt 0.525185 0.145596
vt 0.500553 0.127973
vt 0.532245 0.138515
vt 0.525185 0.145596
vt 0.488848 0.144190
vt 0.500553 0.127973
vt 0.511064 0.159760
vt 0.488848 0.144190
vt 0.525185 0.145596
vt 0.523962 0.095539
vt 0.512258 0.111756
vt 0.490930 0.079006
vt 0.512258 0.111756
vt 0.482197 0.096998
vt 0.490930 0.079006
vt 0.512258 0.111756
vt 0.506405 0.119865
vt 0.482197 0.096998
vt 0.506405 0.119865
vt 0.477830 0.105995
vt 0.482197 0.096998
vt 0.506405 0.119865
vt 0.473463 0.114991
vt 0.477830 0.105995
vt 0.500553 0.127973
vt 0.473463 0.114991
vt 0.506405 0.119865
vt 0.500553 0.127973
vt 0.464730 0.132983
vt 0.473463 0.114991
vt 0.488848 0.144190
vt 0.464730 0.132983
vt 0.500553 0.127973
vt 0.490930 0.079006
vt 0.482197 0.096998
vt 0.454488 0.068265
vt 0.482197 0.096998
vt 0.449073 0.087518
vt 0.454488 0.068265
vt 0.482197 0.096998
vt 0.477830 0.105995
vt 0.449073 0.087518
vt 0.477830 0.105995
vt 0.446365 0.097145
vt 0.449073 0.087518
vt 0.477830 0.105995
vt 0.443657 0.106771
vt 0.446365 0.097145
vt 0.473463 0.114991
vt 0.443657 0.106771
vt 0.477830 0.105995
vt 0.473463 0.114991
vt 0.438242 0.126024
vt 0.443657 0.106771
vt 0.464730 0.132983
vt 0.438242 0.126024
vt 0.473463 0.114991
vt 0.454488 0.068265
vt 0.449073 0.087518
vt 0.438305 0.065568
vt 0.449073 0.087518
vt 0.435288 0.085339
vt 0.438305 0.065568
vt 0.449073 0.087518
vt 0.446365 0.097145
vt 0.435288 0.085339
vt 0.446365 0.097145
vt 0.433780 0.095225
vt 0.435288 0.085339
vt 0.446365 0.097145
vt 0.432272 0.105110
vt 0.433780 0.095225
vt 0.443657 0.106771
vt 0.432272 0.105110
vt 0.446365 0.097145
vt 0.443657 0.106771
vt 0.429256 0.124881
vt 0.432272 0.105110
vt 0.438242 0.126024
vt 0.429256 0.124881
vt 0.443657 0.106771
vt 0.438305 0.065568
vt 0.435288 0.085339
vt 0.424041 0.064107
vt 0.435288 0.085339
vt 0.422060 0.084009
vt 0.424041 0.064107
vt 0.435288 0.085339
vt 0.433780 0.095225
vt 0.422060 0.084009
vt 0.433780 0.095225
vt 0.421070 0.093960
vt 0.422060 0.084009
vt 0.433780 0.095225
vt 0.420080 0.103910
vt 0.421070 0.093960
vt 0.432272 0.105110
vt 0.420080 0.103910
vt 0.433780 0.095225
vt 0.432272 0.105110
vt 0.418099 0.123812
vt 0.420080 0.103910
vt 0.429256 0.124881
vt 0.418099 0.123812
vt 0.432272 0.105110
vt 0.655315 0.188960
vt 0.650223 0.205896
vt 0.631170 0.211977
vt 0.655315 0.188960
vt 0.659750 0.202855
vt 0.650223 0.205896
vt 0.655315 0.188960
vt 0.669277 0.199814
vt 0.659750 0.202855
vt 0.655315 0.188960
vt 0.688330 0.193733
vt 0.669277 0.199814
vt 0.631170 0.211977
vt 0.650223 0.205896
vt 0.641736 0.230919
vt 0.650223 0.205896
vt 0.658805 0.220496
vt 0.641736 0.230919
vt 0.650223 0.205896
vt 0.659750 0.202855
vt 0.658805 0.220496
vt 0.659750 0.202855
vt 0.667340 0.215285
vt 0.658805 0.220496
vt 0.659750 0.202855
vt 0.675875 0.210074
vt 0.667340 0.215285
vt 0.669277 0.199814
vt 0.675875 0.210074
vt 0.659750 0.202855
vt 0.669277 0.199814
vt 0.692944 0.199651
vt 0.675875 0.210074
vt 0.688330 0.193733
vt 0.692944 0.199651
vt 0.669277 0.199814
vt 0.641736 0.230919
vt 0.658805 0.220496
vt 0.656977 0.247374
vt 0.658805 0.220496
vt 0.671136 0.233248
vt 0.656977 0.247374
vt 0.658805 0.220496
vt 0.667340 0.215285
vt 0.671136 0.233248
vt 0.667340 0.215285
vt 0.678215 0.226185
vt 0.671136 0.233248
vt 0.667340 0.215285
vt 0.685294 0.219122
vt 0.678215 0.226185
vt 0.675875 0.210074
vt 0.685294 0.219122
vt 0.667340 0.215285
vt 0.675875 0.210074
vt 0.699453 0.204996
vt 0.685294 0.219122
vt 0.692944 0.199651
vt 0.699453 0.204996
vt 0.675875 0.210074
vt 0.656977 0.247374
vt 0.671136 0.233248
vt 0.669809 0.257997
vt 0.671136 0.233248
vt 0.682410 0.242466
vt 0.669809 0.257997
vt 0.671136 0.233248
vt 0.678215 0.226185
vt 0.682410 0.242466
vt 0.678215 0.226185
vt 0.688710 0.234700
vt 0.682410 0.242466
vt 0.678215 0.226185
vt 0.695011 0.226934
vt 0.688710 0.234700
vt 0.685294 0.219122
vt 0.695011 0.226934
vt 0.678215 0.226185
vt 0.685294 0.219122
vt 0.707612 0.211403
vt 0.695011 0.226934
vt 0.699453 0.204996
vt 0.707612 0.211403
vt 0.685294 0.219122
vt 0.669809 0.257997
vt 0.682410 0.242466
vt 0.680286 0.266507
vt 0.682410 0.242466
vt 0.692896 0.250982
vt 0.680286 0.266507
vt 0.682410 0.242466
vt 0.688710 0.234700
vt 0.692896 0.250982
vt 0.688710 0.234700
vt 0.699200 0.243220
vt 0.692896 0.250982
vt 0.688710 0.234700
vt 0.705505 0.235458
vt 0.699200 0.243220
vt 0.695011 0.226934
vt 0.705505 0.235458
vt 0.688710 0.234700
vt 0.695011 0.226934
vt 0.718114 0.219933
vt 0.705505 0.235458
vt 0.707612 0.211403
vt 0.718114 0.219933
vt 0.695011 0.226934
vt 0.680286 0.266507
vt 0.692896 0.250982
vt 0.691068 0.275101
vt 0.692896 0.250982
vt 0.703533 0.259460
vt 0.691068 0.275101
vt 0.692896 0.250982
vt 0.699200 0.243220
vt 0.703533 0.259460
vt 0.699200 0.243220
vt 0.709765 0.251640
vt 0.703533 0.259460
vt 0.699200 0.243220
vt 0.715998 0.243820
vt 0.709765 0.251640
vt 0.705505 0.235458
vt 0.715998 0.243820
vt 0.699200 0.243220
vt 0.705505 0.235458
vt 0.728463 0.228179
vt 0.715998 0.243820
vt 0.718114 0.219933
vt 0.728463 0.228179
vt 0.705505 0.235458
vt 0.691068 0.275101
vt 0.703533 0.259460
vt 0.702255 0.283672
vt 0.703533 0.259460
vt 0.714412 0.267790
vt 0.702255 0.283672
vt 0.703533 0.259460
vt 0.709765 0.251640
vt 0.714412 0.267790
vt 0.709765 0.251640
vt 0.720490 0.259850
vt 0.714412 0.267790
vt 0.709765 0.251640
vt 0.726569 0.251909
vt 0.720490 0.259850
vt 0.715998 0.243820
vt 0.726569 0.251909
vt 0.709765 0.251640
vt 0.715998 0.243820
vt 0.738725 0.236028
vt 0.726569 0.251909
vt 0.728463 0.228179
vt 0.738725 0.236028
vt 0.715998 0.243820
vt 0.702255 0.283672
vt 0.714412 0.267790
vt 0.720226 0.296912
vt 0.714412 0.267790
vt 0.732086 0.280807
vt 0.720226 0.296912
vt 0.714412 0.267790
vt 0.720490 0.259850
vt 0.732086 0.280807
vt 0.720490 0.259850
vt 0.738015 0.272755
vt 0.732086 0.280807
vt 0.720490 0.259850
vt 0.743945 0.264703
vt 0.738015 0.272755
vt 0.726569 0.251909
vt 0.743945 0.264703
vt 0.720490 0.259850
vt 0.726569 0.251909
vt 0.755804 0.248598
vt 0.743945 0.264703
vt 0.738725 0.236028
vt 0.755804 0.248598
vt 0.726569 0.251909
vt 0.720226 0.296912
vt 0.732086 0.280807
vt 0.738060 0.309822
vt 0.732086 0.280807
vt 0.749787 0.293620
vt 0.738060 0.309822
vt 0.732086 0.280807
vt 0.738015 0.272755
vt 0.749787 0.293620
vt 0.738015 0.272755
vt 0.755650 0.285520
vt 0.749787 0.293620
vt 0.738015 0.272755
vt 0.761514 0.277419
vt 0.755650 0.285520
vt 0.743945 0.264703
vt 0.761514 0.277419
vt 0.738015 0.272755
vt 0.743945 0.264703
vt 0.773241 0.261218
vt 0.761514 0.277419
vt 0.755804 0.248598
vt 0.773241 0.261218
vt 0.743945 0.264703
vt 0.738060 0.309822
vt 0.749787 0.293620
vt 0.755828 0.322585
vt 0.749787 0.293620
vt 0.767496 0.306342
vt 0.755828 0.322585
vt 0.749787 0.293620
vt 0.755650 0.285520
vt 0.767496 0.306342
vt 0.755650 0.285520
vt 0.773330 0.298220
vt 0.767496 0.306342
vt 0.755650 0.285520
vt 0.779164 0.290098
vt 0.773330 0.298220
vt 0.761514 0.277419
vt 0.779164 0.290098
vt 0.755650 0.285520
vt 0.761514 0.277419
vt 0.790832 0.273855
vt 0.779164 0.290098
vt 0.773241 0.261218
vt 0.790832 0.273855
vt 0.761514 0.277419
vt 0.755828 0.322585
vt 0.767496 0.306342
vt 0.773490 0.335286
vt 0.767496 0.306342
vt 0.785167 0.319049
vt 0.773490 0.335286
vt 0.767496 0.306342
vt 0.773330 0.298220
vt 0.785167 0.319049
vt 0.773330 0.298220
vt 0.791005 0.310930
vt 0.785167 0.319049
vt 0.773330 0.298220
vt 0.796843 0.302811
vt 0.791005 0.310930
vt 0.779164 0.290098
vt 0.796843 0.302811
vt 0.773330 0.298220
vt 0.779164 0.290098
vt 0.808520 0.286573
vt 0.796843 0.302811
vt 0.790832 0.273855
vt 0.808520 0.286573
vt 0.779164 0.290098
vt 0.773490 0.335286
vt 0.785167 0.319049
vt 0.788515 0.345112
vt 0.785167 0.319049
vt 0.799432 0.328354
vt 0.788515 0.345112
vt 0.785167 0.319049
vt 0.791005 0.310930
vt 0.799432 0.328354
vt 0.791005 0.310930
vt 0.804890 0.319975
vt 0.799432 0.328354
vt 0.791005 0.310930
vt 0.810348 0.311596
vt 0.804890 0.319975
vt 0.796843 0.302811
vt 0.810348 0.311596
vt 0.791005 0.310930
vt 0.796843 0.302811
vt 0.821265 0.294838
vt 0.810348 0.311596
vt 0.808520 0.286573
vt 0.821265 0.294838
vt 0.796843 0.302811
vt 0.788515 0.345112
vt 0.799432 0.328354
vt 0.805686 0.354156
vt 0.799432 0.328354
vt 0.814869 0.336389
vt 0.805686 0.354156
vt 0.799432 0.328354
vt 0.804890 0.319975
vt 0.814869 0.336389
vt 0.804890 0.319975
vt 0.819460 0.327505
vt 0.814869 0.336389
vt 0.804890 0.319975
vt 0.824051 0.318621
vt 0.819460 0.327505
vt 0.810348 0.311596
vt 0.824051 0.318621
vt 0.804890 0.319975
vt 0.810348 0.311596
vt 0.833234 0.300854
vt 0.824051 0.318621
vt 0.821265 0.294838
vt 0.833234 0.300854
vt 0.810348 0.311596
vt 0.805686 0.354156
vt 0.814869 0.336389
vt 0.823814 0.361417
vt 0.814869 0.336389
vt 0.831095 0.342789
vt 0.823814 0.361417
vt 0.814869 0.336389
vt 0.819460 0.327505
vt 0.831095 0.342789
vt 0.819460 0.327505
vt 0.834735 0.333475
vt 0.831095 0.342789
vt 0.819460 0.327505
vt 0.838375 0.324161
vt 0.834735 0.333475
vt 0.824051 0.318621
vt 0.838375 0.324161
vt 0.819460 0.327505
vt 0.824051 0.318621
vt 0.845656 0.305533
vt 0.838375 0.324161
vt 0.833234 0.300854
vt 0.845656 0.305533
vt 0.824051 0.318621
vt 0.823814 0.361417
vt 0.831095 0.342789
vt 0.842856 0.366777
vt 0.831095 0.342789
vt 0.848109 0.347479
vt 0.842856 0.366777
vt 0.831095 0.342789
vt 0.834735 0.333475
vt 0.848109 0.347479
vt 0.834735 0.333475
vt 0.850735 0.337830
vt 0.848109 0.347479
vt 0.834735 0.333475
vt 0.853361 0.328181
vt 0.850735 0.337830
vt 0.838375 0.324161
vt 0.853361 0.328181
vt 0.834735 0.333475
vt 0.838375 0.324161
vt 0.858614 0.308883
vt 0.853361 0.328181
vt 0.845656 0.305533
vt 0.858614 0.308883
vt 0.838375 0.324161
vt 0.842856 0.366777
vt 0.848109 0.347479
vt 0.854401 0.367722
vt 0.848109 0.347479
vt 0.853720 0.347734
vt 0.854401 0.367722
vt 0.848109 0.347479
vt 0.850735 0.337830
vt 0.853720 0.347734
vt 0.850735 0.337830
vt 0.853380 0.337740
vt 0.853720 0.347734
vt 0.850735 0.337830
vt 0.853040 0.327746
vt 0.853380 0.337740
vt 0.853361 0.328181
vt 0.853040 0.327746
vt 0.850735 0.337830
vt 0.853361 0.328181
vt 0.852359 0.307757
vt 0.853040 0.327746
vt 0.858614 0.308883
vt 0.852359 0.307757
vt 0.853361 0.328181
vt 0.854401 0.367722
vt 0.853720 0.347734
vt 0.865867 0.365208
vt 0.853720 0.347734
vt 0.859589 0.346219
vt 0.865867 0.365208
vt 0.853720 0.347734
vt 0.853380 0.337740
vt 0.859589 0.346219
vt 0.853380 0.337740
vt 0.856450 0.336725
vt 0.859589 0.346219
vt 0.853380 0.337740
vt 0.853311 0.327230
vt 0.856450 0.336725
vt 0.853040 0.327746
vt 0.853311 0.327230
vt 0.853380 0.337740
vt 0.853040 0.327746
vt 0.847033 0.308241
vt 0.853311 0.327230
vt 0.852359 0.307757
vt 0.847033 0.308241
vt 0.853040 0.327746
vt 0.865867 0.365208
vt 0.859589 0.346219
vt 0.874324 0.361035
vt 0.859589 0.346219
vt 0.864271 0.343745
vt 0.874324 0.361035
vt 0.859589 0.346219
vt 0.856450 0.336725
vt 0.864271 0.343745
vt 0.856450 0.336725
vt 0.859245 0.335100
vt 0.864271 0.343745
vt 0.856450 0.336725
vt 0.854219 0.326455
vt 0.859245 0.335100
vt 0.853311 0.327230
vt 0.854219 0.326455
vt 0.856450 0.336725
vt 0.853311 0.327230
vt 0.844166 0.309165
vt 0.854219 0.326455
vt 0.847033 0.308241
vt 0.844166 0.309165
vt 0.853311 0.327230
vt 0.874324 0.361035
vt 0.864271 0.343745
vt 0.882791 0.353878
vt 0.864271 0.343745
vt 0.868314 0.340079
vt 0.882791 0.353878
vt 0.864271 0.343745
vt 0.859245 0.335100
vt 0.868314 0.340079
vt 0.859245 0.335100
vt 0.861075 0.333180
vt 0.868314 0.340079
vt 0.859245 0.335100
vt 0.853836 0.326280
vt 0.861075 0.333180
vt 0.854219 0.326455
vt 0.853836 0.326280
vt 0.859245 0.335100
vt 0.854219 0.326455
vt 0.839359 0.312482
vt 0.853836 0.326280
vt 0.844166 0.309165
vt 0.839359 0.312482
vt 0.854219 0.326455
vt 0.882791 0.353878
vt 0.868314 0.340079
vt 0.894737 0.331348
vt 0.868314 0.340079
vt 0.876469 0.323206
vt 0.894737 0.331348
vt 0.868314 0.340079
vt 0.861075 0.333180
vt 0.876469 0.323206
vt 0.861075 0.333180
vt 0.867335 0.319135
vt 0.876469 0.323206
vt 0.861075 0.333180
vt 0.858201 0.315064
vt 0.867335 0.319135
vt 0.853836 0.326280
vt 0.858201 0.315064
vt 0.861075 0.333180
vt 0.853836 0.326280
vt 0.839934 0.306922
vt 0.858201 0.315064
vt 0.839359 0.312482
vt 0.839934 0.306922
vt 0.853836 0.326280
vt 0.894737 0.331348
vt 0.876469 0.323206
vt 0.899730 0.310955
vt 0.876469 0.323206
vt 0.880163 0.306815
vt 0.899730 0.310955
vt 0.876469 0.323206
vt 0.867335 0.319135
vt 0.880163 0.306815
vt 0.867335 0.319135
vt 0.870380 0.304745
vt 0.880163 0.306815
vt 0.867335 0.319135
vt 0.860597 0.302675
vt 0.870380 0.304745
vt 0.858201 0.315064
vt 0.860597 0.302675
vt 0.867335 0.319135
vt 0.858201 0.315064
vt 0.841030 0.298534
vt 0.860597 0.302675
vt 0.839934 0.306922
vt 0.841030 0.298534
vt 0.858201 0.315064
vt 0.899730 0.310955
vt 0.880163 0.306815
vt 0.900203 0.289737
vt 0.880163 0.306815
vt 0.880204 0.289975
vt 0.900203 0.289737
vt 0.880163 0.306815
vt 0.870380 0.304745
vt 0.880204 0.289975
vt 0.870380 0.304745
vt 0.870205 0.290095
vt 0.880204 0.289975
vt 0.870380 0.304745
vt 0.860206 0.290214
vt 0.870205 0.290095
vt 0.860597 0.302675
vt 0.860206 0.290214
vt 0.870380 0.304745
vt 0.860597 0.302675
vt 0.840207 0.290453
vt 0.860206 0.290214
vt 0.841030 0.298534
vt 0.840207 0.290453
vt 0.860597 0.302675
vt 0.900203 0.289737
vt 0.880204 0.289975
vt 0.896045 0.268569
vt 0.880204 0.289975
vt 0.876552 0.273043
vt 0.896045 0.268569
vt 0.880204 0.289975
vt 0.870205 0.290095
vt 0.876552 0.273043
vt 0.870205 0.290095
vt 0.866805 0.275280
vt 0.876552 0.273043
vt 0.870205 0.290095
vt 0.857058 0.277517
vt 0.866805 0.275280
vt 0.860206 0.290214
vt 0.857058 0.277517
vt 0.870205 0.290095
vt 0.860206 0.290214
vt 0.837565 0.281990
vt 0.857058 0.277517
vt 0.840207 0.290453
vt 0.837565 0.281990
vt 0.860206 0.290214
vt 0.896045 0.268569
vt 0.876552 0.273043
vt 0.891451 0.255220
vt 0.876552 0.273043
vt 0.872644 0.262023
vt 0.891451 0.255220
vt 0.876552 0.273043
vt 0.866805 0.275280
vt 0.872644 0.262023
vt 0.866805 0.275280
vt 0.863240 0.265425
vt 0.872644 0.262023
vt 0.866805 0.275280
vt 0.853836 0.268827
vt 0.863240 0.265425
vt 0.857058 0.277517
vt 0.853836 0.268827
vt 0.866805 0.275280
vt 0.857058 0.277517
vt 0.835029 0.275630
vt 0.853836 0.268827
vt 0.837565 0.281990
vt 0.835029 0.275630
vt 0.857058 0.277517
vt 0.891451 0.255220
vt 0.872644 0.262023
vt 0.886943 0.244239
vt 0.872644 0.262023
vt 0.868461 0.251883
vt 0.886943 0.244239
vt 0.872644 0.262023
vt 0.863240 0.265425
vt 0.868461 0.251883
vt 0.863240 0.265425
vt 0.859220 0.255705
vt 0.868461 0.251883
vt 0.863240 0.265425
vt 0.849979 0.259527
vt 0.859220 0.255705
vt 0.853836 0.268827
vt 0.849979 0.259527
vt 0.863240 0.265425
vt 0.853836 0.268827
vt 0.831498 0.267171
vt 0.849979 0.259527
vt 0.835029 0.275630
vt 0.831498 0.267171
vt 0.853836 0.268827
vt 0.886943 0.244239
vt 0.868461 0.251883
vt 0.881869 0.233398
vt 0.868461 0.251883
vt 0.863780 0.241929
vt 0.881869 0.233398
vt 0.868461 0.251883
vt 0.859220 0.255705
vt 0.863780 0.241929
vt 0.859220 0.255705
vt 0.854735 0.246195
vt 0.863780 0.241929
vt 0.859220 0.255705
vt 0.845690 0.250460
vt 0.854735 0.246195
vt 0.849979 0.259527
vt 0.845690 0.250460
vt 0.859220 0.255705
vt 0.849979 0.259527
vt 0.827601 0.258992
vt 0.845690 0.250460
vt 0.831498 0.267171
vt 0.827601 0.258992
vt 0.849979 0.259527
vt 0.881869 0.233398
vt 0.863780 0.241929
vt 0.876206 0.222773
vt 0.863780 0.241929
vt 0.858589 0.232241
vt 0.876206 0.222773
vt 0.863780 0.241929
vt 0.854735 0.246195
vt 0.858589 0.232241
vt 0.854735 0.246195
vt 0.849780 0.236975
vt 0.858589 0.232241
vt 0.854735 0.246195
vt 0.840971 0.241709
vt 0.849780 0.236975
vt 0.845690 0.250460
vt 0.840971 0.241709
vt 0.854735 0.246195
vt 0.845690 0.250460
vt 0.823354 0.251177
vt 0.840971 0.241709
vt 0.827601 0.258992
vt 0.823354 0.251177
vt 0.845690 0.250460
vt 0.876206 0.222773
vt 0.858589 0.232241
vt 0.858251 0.195256
vt 0.858589 0.232241
vt 0.841540 0.206245
vt 0.858251 0.195256
vt 0.858589 0.232241
vt 0.849780 0.236975
vt 0.841540 0.206245
vt 0.849780 0.236975
vt 0.833185 0.211740
vt 0.841540 0.206245
vt 0.849780 0.236975
vt 0.824830 0.217234
vt 0.833185 0.211740
vt 0.840971 0.241709
vt 0.824830 0.217234
vt 0.849780 0.236975
vt 0.840971 0.241709
vt 0.808119 0.228223
vt 0.824830 0.217234
vt 0.823354 0.251177
vt 0.808119 0.228223
vt 0.840971 0.241709
vt 0.858251 0.195256
vt 0.841540 0.206245
vt 0.836685 0.169603
vt 0.841540 0.206245
vt 0.821465 0.182578
vt 0.836685 0.169603
vt 0.841540 0.206245
vt 0.833185 0.211740
vt 0.821465 0.182578
vt 0.833185 0.211740
vt 0.813855 0.189065
vt 0.821465 0.182578
vt 0.833185 0.211740
vt 0.806245 0.195552
vt 0.813855 0.189065
vt 0.824830 0.217234
vt 0.806245 0.195552
vt 0.833185 0.211740
vt 0.824830 0.217234
vt 0.791025 0.208527
vt 0.806245 0.195552
vt 0.808119 0.228223
vt 0.791025 0.208527
vt 0.824830 0.217234
vt 0.836685 0.169603
vt 0.821465 0.182578
vt 0.812094 0.146805
vt 0.821465 0.182578
vt 0.798598 0.161565
vt 0.812094 0.146805
vt 0.821465 0.182578
vt 0.813855 0.189065
vt 0.798598 0.161565
vt 0.813855 0.189065
vt 0.791850 0.168945
vt 0.798598 0.161565
vt 0.813855 0.189065
vt 0.785102 0.176325
vt 0.791850 0.168945
vt 0.806245 0.195552
vt 0.785102 0.176325
vt 0.813855 0.189065
vt 0.806245 0.195552
vt 0.771606 0.191085
vt 0.785102 0.176325
vt 0.791025 0.208527
vt 0.771606 0.191085
vt 0.806245 0.195552
vt 0.812094 0.146805
vt 0.798598 0.161565
vt 0.784660 0.126953
vt 0.798598 0.161565
vt 0.773040 0.143231
vt 0.784660 0.126953
vt 0.798598 0.161565
vt 0.791850 0.168945
vt 0.773040 0.143231
vt 0.791850 0.168945
vt 0.767230 0.151370
vt 0.773040 0.143231
vt 0.791850 0.168945
vt 0.761420 0.159509
vt 0.767230 0.151370
vt 0.785102 0.176325
vt 0.761420 0.159509
vt 0.791850 0.168945
vt 0.785102 0.176325
vt 0.749800 0.175787
vt 0.761420 0.159509
vt 0.771606 0.191085
vt 0.749800 0.175787
vt 0.785102 0.176325
vt 0.784660 0.126953
vt 0.773040 0.143231
vt 0.768878 0.117866
vt 0.773040 0.143231
vt 0.759063 0.135292
vt 0.768878 0.117866
vt 0.773040 0.143231
vt 0.767230 0.151370
vt 0.759063 0.135292
vt 0.767230 0.151370
vt 0.754155 0.144005
vt 0.759063 0.135292
vt 0.767230 0.151370
vt 0.749247 0.152718
vt 0.754155 0.144005
vt 0.761420 0.159509
vt 0.749247 0.152718
vt 0.767230 0.151370
vt 0.761420 0.159509
vt 0.739432 0.170143
vt 0.749247 0.152718
vt 0.749800 0.175787
vt 0.739432 0.170143
vt 0.761420 0.159509
vt 0.768878 0.117866
vt 0.759063 0.135292
vt 0.753085 0.110513
vt 0.759063 0.135292
vt 0.744752 0.128694
vt 0.753085 0.110513
vt 0.759063 0.135292
vt 0.754155 0.144005
vt 0.744752 0.128694
vt 0.754155 0.144005
vt 0.740585 0.137785
vt 0.744752 0.128694
vt 0.754155 0.144005
vt 0.736418 0.146875
vt 0.740585 0.137785
vt 0.749247 0.152718
vt 0.736418 0.146875
vt 0.754155 0.144005
vt 0.749247 0.152718
vt 0.728085 0.165057
vt 0.736418 0.146875
vt 0.739432 0.170143
vt 0.728085 0.165057
vt 0.749247 0.152718
vt 0.753085 0.110513
vt 0.744752 0.128694
vt 0.737465 0.104408
vt 0.744752 0.128694
vt 0.730245 0.123059
vt 0.737465 0.104408
vt 0.744752 0.128694
vt 0.740585 0.137785
vt 0.730245 0.123059
vt 0.740585 0.137785
vt 0.726635 0.132385
vt 0.730245 0.123059
vt 0.740585 0.137785
vt 0.723025 0.141711
vt 0.726635 0.132385
vt 0.736418 0.146875
vt 0.723025 0.141711
vt 0.740585 0.137785
vt 0.736418 0.146875
vt 0.715805 0.160362
vt 0.723025 0.141711
vt 0.728085 0.165057
vt 0.715805 0.160362
vt 0.736418 0.146875
vt 0.737465 0.104408
vt 0.730245 0.123059
vt 0.722189 0.099122
vt 0.730245 0.123059
vt 0.715673 0.118030
vt 0.722189 0.099122
vt 0.730245 0.123059
vt 0.726635 0.132385
vt 0.715673 0.118030
vt 0.726635 0.132385
vt 0.712415 0.127485
vt 0.715673 0.118030
vt 0.726635 0.132385
vt 0.709157 0.136939
vt 0.712415 0.127485
vt 0.723025 0.141711
vt 0.709157 0.136939
vt 0.726635 0.132385
vt 0.723025 0.141711
vt 0.702641 0.155848
vt 0.709157 0.136939
vt 0.715805 0.160362
vt 0.702641 0.155848
vt 0.723025 0.141711
vt 0.722189 0.099122
vt 0.715673 0.118030
vt 0.694054 0.096389
vt 0.715673 0.118030
vt 0.692915 0.116356
vt 0.694054 0.096389
vt 0.715673 0.118030
vt 0.712415 0.127485
vt 0.692915 0.116356
vt 0.712415 0.127485
vt 0.692345 0.126340
vt 0.692915 0.116356
vt 0.712415 0.127485
vt 0.691776 0.136324
vt 0.692345 0.126340
vt 0.709157 0.136939
vt 0.691776 0.136324
vt 0.712415 0.127485
vt 0.709157 0.136939
vt 0.690636 0.156291
vt 0.691776 0.136324
vt 0.702641 0.155848
vt 0.690636 0.156291
vt 0.709157 0.136939
vt 0.694054 0.096389
vt 0.692915 0.116356
vt 0.661232 0.106995
vt 0.692915 0.116356
vt 0.669077 0.125391
vt 0.661232 0.106995
vt 0.692915 0.116356
vt 0.692345 0.126340
vt 0.669077 0.125391
vt 0.692345 0.126340
vt 0.673000 0.134590
vt 0.669077 0.125391
vt 0.692345 0.126340
vt 0.676923 0.143788
vt 0.673000 0.134590
vt 0.691776 0.136324
vt 0.676923 0.143788
vt 0.692345 0.126340
vt 0.691776 0.136324
vt 0.684769 0.162185
vt 0.676923 0.143788
vt 0.690636 0.156291
vt 0.684769 0.162185
vt 0.691776 0.136324
vt 0.813915 0.594130
vt 0.820210 0.584050
vt 0.838291 0.575500
vt 0.813915 0.594130
vt 0.811170 0.588325
vt 0.820210 0.584050
vt 0.813915 0.594130
vt 0.802130 0.592600
vt 0.811170 0.588325
vt 0.813915 0.594130
vt 0.784049 0.601150
vt 0.802130 0.592600
vt 0.838291 0.575500
vt 0.820210 0.584050
vt 0.826031 0.561730
vt 0.820210 0.584050
vt 0.813384 0.577223
vt 0.826031 0.561730
vt 0.820210 0.584050
vt 0.811170 0.588325
vt 0.813384 0.577223
vt 0.811170 0.588325
vt 0.807060 0.584970
vt 0.813384 0.577223
vt 0.811170 0.588325
vt 0.800736 0.592717
vt 0.807060 0.584970
vt 0.802130 0.592600
vt 0.800736 0.592717
vt 0.811170 0.588325
vt 0.802130 0.592600
vt 0.788089 0.608210
vt 0.800736 0.592717
vt 0.784049 0.601150
vt 0.788089 0.608210
vt 0.802130 0.592600
vt 0.826031 0.561730
vt 0.813384 0.577223
vt 0.806712 0.554556
vt 0.813384 0.577223
vt 0.803641 0.574319
vt 0.806712 0.554556
vt 0.813384 0.577223
vt 0.807060 0.584970
vt 0.803641 0.574319
vt 0.807060 0.584970
vt 0.802105 0.584200
vt 0.803641 0.574319
vt 0.807060 0.584970
vt 0.800569 0.594081
vt 0.802105 0.584200
vt 0.800736 0.592717
vt 0.800569 0.594081
vt 0.807060 0.584970
vt 0.800736 0.592717
vt 0.797498 0.613844
vt 0.800569 0.594081
vt 0.788089 0.608210
vt 0.797498 0.613844
vt 0.800736 0.592717
vt 0.806712 0.554556
vt 0.803641 0.574319
vt 0.783075 0.557027
vt 0.803641 0.574319
vt 0.786458 0.576739
vt 0.783075 0.557027
vt 0.803641 0.574319
vt 0.802105 0.584200
vt 0.786458 0.576739
vt 0.802105 0.584200
vt 0.788150 0.586595
vt 0.786458 0.576739
vt 0.802105 0.584200
vt 0.789841 0.596451
vt 0.788150 0.586595
vt 0.800569 0.594081
vt 0.789841 0.596451
vt 0.802105 0.584200
vt 0.800569 0.594081
vt 0.793224 0.616163
vt 0.789841 0.596451
vt 0.797498 0.613844
vt 0.793224 0.616163
vt 0.800569 0.594081
vt 0.783075 0.557027
vt 0.786458 0.576739
vt 0.766114 0.561910
vt 0.786458 0.576739
vt 0.771895 0.581057
vt 0.766114 0.561910
vt 0.786458 0.576739
vt 0.788150 0.586595
vt 0.771895 0.581057
vt 0.788150 0.586595
vt 0.774785 0.590630
vt 0.771895 0.581057
vt 0.788150 0.586595
vt 0.777675 0.600203
vt 0.774785 0.590630
vt 0.789841 0.596451
vt 0.777675 0.600203
vt 0.788150 0.586595
vt 0.789841 0.596451
vt 0.783456 0.619350
vt 0.777675 0.600203
vt 0.793224 0.616163
vt 0.783456 0.619350
vt 0.789841 0.596451
vt 0.766114 0.561910
vt 0.771895 0.581057
vt 0.749902 0.568815
vt 0.771895 0.581057
vt 0.757970 0.587115
vt 0.749902 0.568815
vt 0.771895 0.581057
vt 0.774785 0.590630
vt 0.757970 0.587115
vt 0.774785 0.590630
vt 0.762005 0.596265
vt 0.757970 0.587115
vt 0.774785 0.590630
vt 0.766039 0.605415
vt 0.762005 0.596265
vt 0.777675 0.600203
vt 0.766039 0.605415
vt 0.774785 0.590630
vt 0.777675 0.600203
vt 0.774108 0.623715
vt 0.766039 0.605415
vt 0.783456 0.619350
vt 0.774108 0.623715
vt 0.777675 0.600203
vt 0.749902 0.568815
vt 0.757970 0.587115
vt 0.734573 0.577609
vt 0.757970 0.587115
vt 0.744728 0.594840
vt 0.734573 0.577609
vt 0.757970 0.587115
vt 0.762005 0.596265
vt 0.744728 0.594840
vt 0.762005 0.596265
vt 0.749805 0.603455
vt 0.744728 0.594840
vt 0.762005 0.596265
vt 0.754882 0.612070
vt 0.749805 0.603455
vt 0.766039 0.605415
vt 0.754882 0.612070
vt 0.762005 0.596265
vt 0.766039 0.605415
vt 0.765037 0.629300
vt 0.754882 0.612070
vt 0.774108 0.623715
vt 0.765037 0.629300
vt 0.766039 0.605415
vt 0.734573 0.577609
vt 0.744728 0.594840
vt 0.725067 0.586140
vt 0.744728 0.594840
vt 0.740042 0.599397
vt 0.725067 0.586140
vt 0.744728 0.594840
vt 0.749805 0.603455
vt 0.740042 0.599397
vt 0.749805 0.603455
vt 0.747530 0.606025
vt 0.740042 0.599397
vt 0.749805 0.603455
vt 0.755018 0.612653
vt 0.747530 0.606025
vt 0.754882 0.612070
vt 0.755018 0.612653
vt 0.749805 0.603455
vt 0.754882 0.612070
vt 0.769993 0.625910
vt 0.755018 0.612653
vt 0.765037 0.629300
vt 0.769993 0.625910
vt 0.754882 0.612070
vt 0.725067 0.586140
vt 0.740042 0.599397
vt 0.718004 0.599487
vt 0.740042 0.599397
vt 0.736831 0.606236
vt 0.718004 0.599487
vt 0.740042 0.599397
vt 0.747530 0.606025
vt 0.736831 0.606236
vt 0.747530 0.606025
vt 0.746245 0.609610
vt 0.736831 0.606236
vt 0.747530 0.606025
vt 0.755658 0.612984
vt 0.746245 0.609610
vt 0.755018 0.612653
vt 0.755658 0.612984
vt 0.747530 0.606025
vt 0.755018 0.612653
vt 0.774486 0.619733
vt 0.755658 0.612984
vt 0.769993 0.625910
vt 0.774486 0.619733
vt 0.755018 0.612653
vt 0.718004 0.599487
vt 0.736831 0.606236
vt 0.716097 0.612107
vt 0.736831 0.606236
vt 0.736076 0.613032
vt 0.716097 0.612107
vt 0.736831 0.606236
vt 0.746245 0.609610
vt 0.736076 0.613032
vt 0.746245 0.609610
vt 0.746065 0.613495
vt 0.736076 0.613032
vt 0.746245 0.609610
vt 0.756054 0.613958
vt 0.746065 0.613495
vt 0.755658 0.612984
vt 0.756054 0.613958
vt 0.746245 0.609610
vt 0.755658 0.612984
vt 0.776033 0.614883
vt 0.756054 0.613958
vt 0.774486 0.619733
vt 0.776033 0.614883
vt 0.755658 0.612984
vt 0.716097 0.612107
vt 0.736076 0.613032
vt 0.718361 0.625565
vt 0.736076 0.613032
vt 0.737524 0.619838
vt 0.718361 0.625565
vt 0.736076 0.613032
vt 0.746065 0.613495
vt 0.737524 0.619838
vt 0.746065 0.613495
vt 0.747105 0.616975
vt 0.737524 0.619838
vt 0.746065 0.613495
vt 0.756686 0.614112
vt 0.747105 0.616975
vt 0.756054 0.613958
vt 0.756686 0.614112
vt 0.746065 0.613495
vt 0.756054 0.613958
vt 0.775849 0.608385
vt 0.756686 0.614112
vt 0.776033 0.614883
vt 0.775849 0.608385
vt 0.756054 0.613958
vt 0.718361 0.625565
vt 0.737524 0.619838
vt 0.720858 0.631583
vt 0.737524 0.619838
vt 0.738799 0.622744
vt 0.720858 0.631583
vt 0.737524 0.619838
vt 0.747105 0.616975
vt 0.738799 0.622744
vt 0.747105 0.616975
vt 0.747770 0.618325
vt 0.738799 0.622744
vt 0.747105 0.616975
vt 0.756741 0.613906
vt 0.747770 0.618325
vt 0.756686 0.614112
vt 0.756741 0.613906
vt 0.747105 0.616975
vt 0.756686 0.614112
vt 0.774682 0.605067
vt 0.756741 0.613906
vt 0.775849 0.608385
vt 0.774682 0.605067
vt 0.756686 0.614112
vt 0.720858 0.631583
vt 0.738799 0.622744
vt 0.721152 0.632245
vt 0.738799 0.622744
vt 0.739321 0.623885
vt 0.721152 0.632245
vt 0.738799 0.622744
vt 0.747770 0.618325
vt 0.739321 0.623885
vt 0.747770 0.618325
vt 0.748405 0.619705
vt 0.739321 0.623885
vt 0.747770 0.618325
vt 0.757489 0.615525
vt 0.748405 0.619705
vt 0.756741 0.613906
vt 0.757489 0.615525
vt 0.747770 0.618325
vt 0.756741 0.613906
vt 0.775658 0.607165
vt 0.757489 0.615525
vt 0.774682 0.605067
vt 0.775658 0.607165
vt 0.756741 0.613906
vt 0.721152 0.632245
vt 0.739321 0.623885
vt 0.722785 0.635384
vt 0.739321 0.623885
vt 0.740338 0.625798
vt 0.722785 0.635384
vt 0.739321 0.623885
vt 0.748405 0.619705
vt 0.740338 0.625798
vt 0.748405 0.619705
vt 0.749115 0.621005
vt 0.740338 0.625798
vt 0.748405 0.619705
vt 0.757891 0.616212
vt 0.749115 0.621005
vt 0.757489 0.615525
vt 0.757891 0.616212
vt 0.748405 0.619705
vt 0.757489 0.615525
vt 0.775445 0.606626
vt 0.757891 0.616212
vt 0.775658 0.607165
vt 0.775445 0.606626
vt 0.757489 0.615525
vt 0.722785 0.635384
vt 0.740338 0.625798
vt 0.726838 0.641149
vt 0.740338 0.625798
vt 0.742289 0.628450
vt 0.726838 0.641149
vt 0.740338 0.625798
vt 0.749115 0.621005
vt 0.742289 0.628450
vt 0.749115 0.621005
vt 0.750015 0.622100
vt 0.742289 0.628450
vt 0.749115 0.621005
vt 0.757740 0.615750
vt 0.750015 0.622100
vt 0.757891 0.616212
vt 0.757740 0.615750
vt 0.749115 0.621005
vt 0.757891 0.616212
vt 0.773191 0.603051
vt 0.757740 0.615750
vt 0.775445 0.606626
vt 0.773191 0.603051
vt 0.757891 0.616212
vt 0.726838 0.641149
vt 0.742289 0.628450
vt 0.737789 0.651664
vt 0.742289 0.628450
vt 0.751376 0.636988
vt 0.737789 0.651664
vt 0.742289 0.628450
vt 0.750015 0.622100
vt 0.751376 0.636988
vt 0.750015 0.622100
vt 0.758170 0.629650
vt 0.751376 0.636988
vt 0.750015 0.622100
vt 0.764964 0.622312
vt 0.758170 0.629650
vt 0.757740 0.615750
vt 0.764964 0.622312
vt 0.750015 0.622100
vt 0.757740 0.615750
vt 0.778551 0.607636
vt 0.764964 0.622312
vt 0.773191 0.603051
vt 0.778551 0.607636
vt 0.757740 0.615750
vt 0.737789 0.651664
vt 0.751376 0.636988
vt 0.746077 0.659270
vt 0.751376 0.636988
vt 0.759599 0.644533
vt 0.746077 0.659270
vt 0.751376 0.636988
vt 0.758170 0.629650
vt 0.759599 0.644533
vt 0.758170 0.629650
vt 0.766360 0.637165
vt 0.759599 0.644533
vt 0.758170 0.629650
vt 0.773121 0.629797
vt 0.766360 0.637165
vt 0.764964 0.622312
vt 0.773121 0.629797
vt 0.758170 0.629650
vt 0.764964 0.622312
vt 0.786643 0.615060
vt 0.773121 0.629797
vt 0.778551 0.607636
vt 0.786643 0.615060
vt 0.764964 0.622312
vt 0.746077 0.659270
vt 0.759599 0.644533
vt 0.754446 0.666857
vt 0.759599 0.644533
vt 0.767879 0.652039
vt 0.754446 0.666857
vt 0.759599 0.644533
vt 0.766360 0.637165
vt 0.767879 0.652039
vt 0.766360 0.637165
vt 0.774595 0.644630
vt 0.767879 0.652039
vt 0.766360 0.637165
vt 0.781311 0.637221
vt 0.774595 0.644630
vt 0.773121 0.629797
vt 0.781311 0.637221
vt 0.766360 0.637165
vt 0.773121 0.629797
vt 0.794744 0.622403
vt 0.781311 0.637221
vt 0.786643 0.615060
vt 0.794744 0.622403
vt 0.773121 0.629797
vt 0.754446 0.666857
vt 0.767879 0.652039
vt 0.762880 0.674401
vt 0.767879 0.652039
vt 0.776213 0.659494
vt 0.762880 0.674401
vt 0.767879 0.652039
vt 0.774595 0.644630
vt 0.776213 0.659494
vt 0.774595 0.644630
vt 0.782880 0.652040
vt 0.776213 0.659494
vt 0.774595 0.644630
vt 0.789547 0.644586
vt 0.782880 0.652040
vt 0.781311 0.637221
vt 0.789547 0.644586
vt 0.774595 0.644630
vt 0.781311 0.637221
vt 0.802880 0.629679
vt 0.789547 0.644586
vt 0.794744 0.622403
vt 0.802880 0.629679
vt 0.781311 0.637221
vt 0.762880 0.674401
vt 0.776213 0.659494
vt 0.773356 0.680688
vt 0.776213 0.659494
vt 0.781752 0.662536
vt 0.773356 0.680688
vt 0.776213 0.659494
vt 0.782880 0.652040
vt 0.781752 0.662536
vt 0.782880 0.652040
vt 0.785950 0.653460
vt 0.781752 0.662536
vt 0.782880 0.652040
vt 0.790148 0.644384
vt 0.785950 0.653460
vt 0.789547 0.644586
vt 0.790148 0.644384
vt 0.782880 0.652040
vt 0.789547 0.644586
vt 0.798544 0.626232
vt 0.790148 0.644384
vt 0.802880 0.629679
vt 0.798544 0.626232
vt 0.789547 0.644586
vt 0.773356 0.680688
vt 0.781752 0.662536
vt 0.790118 0.683402
vt 0.781752 0.662536
vt 0.789823 0.663404
vt 0.790118 0.683402
vt 0.781752 0.662536
vt 0.785950 0.653460
vt 0.789823 0.663404
vt 0.785950 0.653460
vt 0.789675 0.653405
vt 0.789823 0.663404
vt 0.785950 0.653460
vt 0.789527 0.643406
vt 0.789675 0.653405
vt 0.790148 0.644384
vt 0.789527 0.643406
vt 0.785950 0.653460
vt 0.790148 0.644384
vt 0.789232 0.623408
vt 0.789527 0.643406
vt 0.798544 0.626232
vt 0.789232 0.623408
vt 0.790148 0.644384
vt 0.790118 0.683402
vt 0.789823 0.663404
vt 0.803739 0.680187
vt 0.789823 0.663404
vt 0.796793 0.661433
vt 0.803739 0.680187
vt 0.789823 0.663404
vt 0.789675 0.653405
vt 0.796793 0.661433
vt 0.789675 0.653405
vt 0.793320 0.652055
vt 0.796793 0.661433
vt 0.789675 0.653405
vt 0.789847 0.642677
vt 0.793320 0.652055
vt 0.789527 0.643406
vt 0.789847 0.642677
vt 0.789675 0.653405
vt 0.789527 0.643406
vt 0.782901 0.623923
vt 0.789847 0.642677
vt 0.789232 0.623408
vt 0.782901 0.623923
vt 0.789527 0.643406
vt 0.803739 0.680187
vt 0.796793 0.661433
vt 0.815838 0.672227
vt 0.796793 0.661433
vt 0.802706 0.657142
vt 0.815838 0.672227
vt 0.796793 0.661433
vt 0.793320 0.652055
vt 0.802706 0.657142
vt 0.793320 0.652055
vt 0.796140 0.649600
vt 0.802706 0.657142
vt 0.793320 0.652055
vt 0.789574 0.642058
vt 0.796140 0.649600
vt 0.789847 0.642677
vt 0.789574 0.642058
vt 0.793320 0.652055
vt 0.789847 0.642677
vt 0.776442 0.626973
vt 0.789574 0.642058
vt 0.782901 0.623923
vt 0.776442 0.626973
vt 0.789847 0.642677
vt 0.815838 0.672227
vt 0.802706 0.657142
vt 0.829065 0.653556
vt 0.802706 0.657142
vt 0.812118 0.642935
vt 0.829065 0.653556
vt 0.802706 0.657142
vt 0.796140 0.649600
vt 0.812118 0.642935
vt 0.796140 0.649600
vt 0.803645 0.637625
vt 0.812118 0.642935
vt 0.796140 0.649600
vt 0.795172 0.632315
vt 0.803645 0.637625
vt 0.789574 0.642058
vt 0.795172 0.632315
vt 0.796140 0.649600
vt 0.789574 0.642058
vt 0.778225 0.621694
vt 0.795172 0.632315
vt 0.776442 0.626973
vt 0.778225 0.621694
vt 0.789574 0.642058
vt 0.829065 0.653556
vt 0.812118 0.642935
vt 0.836507 0.637690
vt 0.812118 0.642935
vt 0.818266 0.629490
vt 0.836507 0.637690
vt 0.812118 0.642935
vt 0.803645 0.637625
vt 0.818266 0.629490
vt 0.803645 0.637625
vt 0.809145 0.625390
vt 0.818266 0.629490
vt 0.803645 0.637625
vt 0.800024 0.621290
vt 0.809145 0.625390
vt 0.795172 0.632315
vt 0.800024 0.621290
vt 0.803645 0.637625
vt 0.795172 0.632315
vt 0.781783 0.613090
vt 0.800024 0.621290
vt 0.778225 0.621694
vt 0.781783 0.613090
vt 0.795172 0.632315
vn -0.000491 0.553337 0.832957
vn 0.431042 0.264958 0.862554
vn 0.436937 0.211605 0.874248
vn -0.437244 0.211537 0.874111
vn -0.431442 0.264767 0.862413
vn -0.000174 0.195839 0.980636
vn 0.447214 -0.000692 0.894427
vn 0.447213 -0.000940 0.894427
vn -0.447213 0.000942 0.894427
vn -0.447214 0.000695 0.894427
vn -0.000000 0.000001 1.000000
vn 0.447225 0.004926 0.894408
vn 0.447173 0.007918 0.894412
vn -0.447178 -0.007264 0.894416
vn -0.447225 -0.004134 0.894412
vn -0.000000 0.000145 1.000000
vn 0.446290 0.034240 0.894233
vn 0.445664 0.040075 0.894303
vn -0.445892 -0.036242 0.894353
vn -0.446506 -0.028759 0.894318
vn -0.000043 0.000763 1.000000
vn 0.441004 0.081192 0.893825
vn 0.439644 0.084990 0.894142
vn -0.440482 -0.079255 0.894256
vn -0.442242 -0.069934 0.894165
vn -0.000141 0.000926 1.000000
vn 0.429812 0.128920 0.893667
vn 0.427986 0.132091 0.894081
vn -0.429641 -0.125567 0.894227
vn -0.432627 -0.115674 0.894122
vn -0.000270 0.001027 0.999999
vn 0.388501 0.238730 0.889986
vn 0.392010 0.224293 0.892200
vn -0.408046 -0.184519 0.894120
vn -0.414758 -0.169581 0.893990
vn -0.001746 0.004305 0.999989
vn 0.247211 0.484546 0.839108
vn 0.312020 0.334192 0.889359
vn -0.357906 -0.270346 0.893765
vn -0.374307 -0.247724 0.893603
vn -0.008449 0.012252 0.999889
vn -0.517941 -0.038246 -0.854561
vn 0.187084 0.427024 0.884675
vn -0.265140 -0.362641 0.893416
vn -0.293224 -0.340865 0.893214
vn -0.013748 0.010795 0.999847
vn -0.529523 -0.166986 -0.831698
vn 0.037682 0.470465 0.881614
vn -0.143943 -0.425618 0.893381
vn -0.177204 -0.413363 0.893157
vn -0.012507 0.004718 0.999911
vn -0.343580 0.504292 0.792239
vn -0.006804 0.454714 0.890611
vn -0.032390 -0.447828 0.893533
vn -0.057971 -0.445763 0.893272
vn -0.002993 0.000297 0.999995
vn -0.056263 0.449452 0.891531
vn -0.043616 0.446551 0.893694
vn 0.034666 -0.446669 0.894028
vn 0.022946 -0.447810 0.893834
vn -0.000777 -0.000045 1.000000
vn -0.079992 0.441151 0.893861
vn -0.083274 0.439926 0.894165
vn 0.077706 -0.440726 0.894272
vn 0.068834 -0.442367 0.894189
vn -0.000884 -0.000135 1.000000
vn -0.124361 0.430969 0.893756
vn -0.127216 0.429371 0.894123
vn 0.121107 -0.430867 0.894252
vn 0.111854 -0.433550 0.894160
vn -0.000955 -0.000242 1.000000
vn -0.157172 0.419847 0.893882
vn -0.156490 0.419380 0.894221
vn 0.154292 -0.420074 0.894277
vn 0.149187 -0.422110 0.894185
vn -0.000117 -0.000040 1.000000
vn -0.164643 0.415961 0.894354
vn -0.163851 0.416191 0.894393
vn 0.163636 -0.416270 0.894395
vn 0.163800 -0.416268 0.894366
vn -0.000002 -0.000001 1.000000
vn -0.162510 0.416644 0.894426
vn -0.162535 0.416633 0.894427
vn 0.162532 -0.416635 0.894426
vn 0.162497 -0.416649 0.894426
vn 0.000000 -0.000001 1.000000
vn -0.163625 0.416206 0.894427
vn -0.164120 0.416011 0.894427
vn 0.164108 -0.416016 0.894427
vn 0.163611 -0.416213 0.894426
vn -0.000002 -0.000001 1.000000
vn -0.167518 0.414661 0.894424
vn -0.168439 0.414285 0.894425
vn 0.168385 -0.414306 0.894425
vn 0.167439 -0.414693 0.894424
vn -0.000011 -0.000004 1.000000
vn -0.172550 0.412599 0.894421
vn -0.173154 0.412340 0.894423
vn 0.173111 -0.412358 0.894424
vn 0.172442 -0.412643 0.894421
vn -0.000005 -0.000003 1.000000
vn -0.175017 0.411550 0.894425
vn -0.174977 0.411564 0.894426
vn 0.174968 -0.411569 0.894426
vn 0.174980 -0.411567 0.894424
vn 0.000000 -0.000001 1.000000
vn -0.173634 0.412132 0.894427
vn -0.172992 0.412401 0.894427
vn 0.172969 -0.412411 0.894427
vn 0.173606 -0.412145 0.894426
vn -0.000005 -0.000003 1.000000
vn -0.167072 0.414858 0.894416
vn -0.164799 0.415759 0.894419
vn 0.163981 -0.416088 0.894416
vn 0.166050 -0.415277 0.894412
vn -0.000176 -0.000073 1.000000
vn -0.152002 0.420680 0.894385
vn -0.147839 0.422129 0.894400
vn 0.145206 -0.423090 0.894377
vn 0.147798 -0.422273 0.894338
vn -0.000482 -0.000177 1.000000
vn -0.129880 0.428100 0.894350
vn -0.124551 0.429627 0.894375
vn 0.120538 -0.430869 0.894328
vn 0.122106 -0.430671 0.894210
vn -0.000639 -0.000194 1.000000
vn -0.103768 0.435205 0.894331
vn -0.097520 0.436583 0.894363
vn 0.092067 -0.437916 0.894289
vn 0.093036 -0.438075 0.894111
vn -0.000846 -0.000200 1.000000
vn -0.054919 0.444641 0.894024
vn -0.034354 0.446853 0.893948
vn 0.720564 0.626394 0.297353
vn 0.123182 -0.433152 0.892864
vn -0.019190 0.242696 0.969912
vn 0.060054 0.444200 0.893913
vn 0.101319 0.436500 0.893981
vn -0.016670 0.456482 -0.889576
vn 0.002357 0.449475 -0.893290
vn 0.055009 0.236482 0.970077
vn 0.196474 0.403591 0.893595
vn 0.226233 0.386976 0.893906
vn -0.882561 0.470118 -0.008737
vn 0.126118 0.436106 -0.891014
vn -0.023311 0.014666 0.999621
vn 0.277867 0.351159 0.894135
vn 0.290923 0.340259 0.894197
vn -0.364026 -0.284319 0.886932
vn 0.104188 0.471363 -0.875764
vn -0.004437 0.003756 0.999983
vn 0.335028 0.297609 0.893972
vn 0.352037 0.278352 0.893639
vn 0.724496 -0.686593 0.060788
vn 0.302982 0.323034 -0.896577
vn 0.204128 0.137521 0.969237
vn 0.409791 0.182219 0.893794
vn 0.426690 0.135874 0.894133
vn 0.407545 0.189161 -0.893378
vn 0.396224 0.210568 -0.893682
vn 0.239547 0.051420 0.969522
vn 0.448299 0.023335 0.893579
vn 0.447759 -0.014581 0.894035
vn 0.448069 0.121397 -0.885718
vn 0.445529 0.065636 -0.892858
vn 0.241220 0.013421 0.970378
vn 0.438365 -0.091080 0.894170
vn 0.432826 -0.114325 0.894199
vn 0.460479 0.044775 -0.886541
vn 0.452708 -0.009704 -0.891606
vn 0.237343 -0.047055 0.970286
vn 0.412108 -0.174863 0.894198
vn 0.401945 -0.196882 0.894247
vn 0.438429 0.897431 -0.048959
vn 0.437081 -0.110895 -0.892559
vn 0.020860 0.039126 0.999017
vn 0.375166 -0.244567 0.894113
vn 0.365773 -0.258152 0.894185
vn -0.289742 0.377383 0.879563
vn 0.530586 0.038684 -0.846748
vn 0.002021 0.002879 0.999994
vn 0.345953 -0.283753 0.894316
vn 0.340257 -0.290482 0.894341
vn -0.314463 0.321585 0.893138
vn -0.126278 0.526026 0.841041
vn 0.001257 0.001501 0.999998
vn 0.325136 -0.307291 0.894348
vn 0.320523 -0.312043 0.894368
vn -0.312314 0.320798 0.894175
vn -0.273639 0.365367 0.889735
vn 0.000814 0.000853 0.999999
vn 0.306016 -0.326296 0.894363
vn 0.301761 -0.330190 0.894380
vn -0.299902 0.332018 0.894328
vn -0.295184 0.337372 0.893894
vn 0.000079 0.000074 1.000000
vn 0.285250 -0.344732 0.894311
vn 0.281168 -0.347950 0.894358
vn -0.280458 0.348550 0.894347
vn -0.283993 0.345839 0.894284
vn 0.000124 0.000106 1.000000
vn 0.261410 -0.363254 0.894266
vn 0.256455 -0.366612 0.894330
vn -0.255461 0.367345 0.894314
vn -0.259585 0.364672 0.894220
vn 0.000170 0.000124 1.000000
vn 0.233126 -0.382116 0.894226
vn 0.227295 -0.385427 0.894306
vn -0.226001 0.386241 0.894282
vn -0.230712 0.383731 0.894160
vn 0.000218 0.000136 1.000000
vn 0.205669 -0.397554 0.894232
vn 0.202010 -0.399234 0.894318
vn -0.201385 0.399578 0.894305
vn -0.203808 0.398644 0.894173
vn 0.000051 0.000026 1.000000
vn 0.192378 -0.403851 0.894369
vn 0.192046 -0.403945 0.894397
vn -0.191954 0.403991 0.894396
vn -0.192014 0.404038 0.894362
vn 0.000000 0.000000 1.000000
vn 0.191480 -0.404148 0.894427
vn 0.191494 -0.404141 0.894427
vn -0.191494 0.404141 0.894427
vn -0.191479 0.404149 0.894427
vn -0.000000 0.000000 1.000000
vn 0.191961 -0.403921 0.894427
vn 0.192170 -0.403820 0.894427
vn -0.192169 0.403821 0.894427
vn -0.191959 0.403921 0.894427
vn 0.000000 0.000001 1.000000
vn 0.189756 -0.404972 0.894421
vn 0.188157 -0.405714 0.894423
vn -0.187967 0.405804 0.894423
vn -0.189527 0.405081 0.894421
vn 0.000042 0.000020 1.000000
vn 0.176482 -0.411006 0.894387
vn 0.172499 -0.412665 0.894400
vn -0.171329 0.413173 0.894390
vn -0.174856 0.411735 0.894371
vn 0.000241 0.000104 1.000000
vn 0.153830 -0.420140 0.894326
vn 0.149080 -0.421766 0.894365
vn -0.147402 0.422398 0.894345
vn -0.150560 0.421449 0.894266
vn 0.000273 0.000101 1.000000
vn 0.128921 -0.428459 0.894317
vn 0.123836 -0.429868 0.894359
vn -0.121966 0.430450 0.894336
vn -0.125248 0.429691 0.894247
vn 0.000302 0.000092 1.000000
vn 0.090822 -0.438437 0.894162
vn 0.078644 -0.440628 0.894238
vn -0.073300 0.441791 0.894118
vn -0.082721 0.440485 0.893941
vn 0.001040 0.000230 0.999999
vn 0.011692 -0.449051 0.893430
vn -0.011213 -0.448452 0.893736
vn 0.032155 0.449286 0.892809
vn 0.021256 0.452237 0.891645
vn 0.003742 0.000148 0.999993
vn -0.102674 -0.438932 0.892635
vn -0.128687 -0.430872 0.893190
vn 0.153781 0.425741 0.891681
vn 0.158871 0.433154 0.887208
vn 0.003670 -0.000859 0.999993
vn -0.212562 -0.397353 0.892708
vn -0.233283 -0.384274 0.893260
vn 0.250428 0.375935 0.892165
vn 0.257201 0.381076 0.888048
vn 0.002298 -0.001232 0.999997
vn -0.292092 -0.342008 0.893148
vn -0.304305 -0.329936 0.893611
vn 0.319821 0.317133 0.892828
vn 0.326148 0.317610 0.890366
vn 0.002079 -0.001793 0.999996
vn -0.338750 -0.293559 0.893908
vn -0.346854 -0.283425 0.894071
vn 0.354418 0.275119 0.893699
vn 0.363441 0.269607 0.891752
vn 0.000843 -0.000984 0.999999
vn -0.369343 -0.253215 0.894129
vn -0.374395 -0.245314 0.894231
vn 0.378076 0.240137 0.894088
vn 0.378862 0.240944 0.893538
vn 0.000482 -0.000702 1.000000
vn -0.389972 -0.219761 0.894219
vn -0.393246 -0.213529 0.894295
vn 0.395178 0.210231 0.894224
vn 0.394993 0.211804 0.893935
vn 0.000245 -0.000434 1.000000
vn -0.405820 -0.188702 0.894260
vn -0.408799 -0.181878 0.894318
vn 0.409693 0.180050 0.894278
vn 0.408195 0.184186 0.894121
vn 0.000109 -0.000231 1.000000
vn -0.422332 -0.148930 0.894123
vn -0.425233 -0.139710 0.894236
vn 0.426197 0.137089 0.894183
vn 0.424091 0.144602 0.894000
vn 0.000178 -0.000486 1.000000
vn -0.437362 -0.097833 0.893948
vn -0.439204 -0.087319 0.894134
vn 0.440035 0.083937 0.894049
vn 0.439297 0.091251 0.893695
vn 0.000129 -0.000552 1.000000
vn -0.446216 -0.042550 0.893913
vn -0.446726 -0.031607 0.894112
vn 0.447150 0.028005 0.894020
vn 0.447409 0.035354 0.893630
vn 0.000061 -0.000576 1.000000
vn -0.448055 0.005635 0.893988
vn -0.447549 0.012151 0.894177
vn 0.447566 -0.015589 0.894115
vn 0.448368 -0.012800 0.893757
vn -0.000006 -0.000517 1.000000
vn -0.446375 0.030776 0.894317
vn -0.446075 0.033690 0.894361
vn 0.446017 -0.034910 0.894344
vn 0.446254 -0.035026 0.894220
vn -0.000005 -0.000066 1.000000
vn -0.444957 0.045487 0.894396
vn -0.444568 0.048949 0.894407
vn 0.444461 -0.050029 0.894400
vn 0.444812 -0.047130 0.894383
vn -0.000022 -0.000212 1.000000
vn -0.442331 0.066931 0.894351
vn -0.441448 0.072196 0.894378
vn 0.441088 -0.074659 0.894353
vn 0.441804 -0.071043 0.894294
vn -0.000066 -0.000450 1.000000
vn -0.439342 0.084601 0.894327
vn -0.439200 0.084882 0.894370
vn 0.439060 -0.085704 0.894361
vn 0.438805 -0.087987 0.894264
vn -0.000000 -0.000005 1.000000
vn -0.441930 0.069675 0.894339
vn -0.442764 0.063851 0.894362
vn 0.442439 -0.065789 0.894382
vn 0.441495 -0.072050 0.894366
vn -0.000073 -0.000423 1.000000
vn -0.446461 0.035090 0.894115
vn -0.446355 0.032102 0.894280
vn 0.446164 -0.033881 0.894310
vn 0.445868 -0.039426 0.894230
vn -0.000020 -0.000226 1.000000
vn -0.447320 0.012876 0.894281
vn -0.447222 0.010854 0.894357
vn 0.447183 -0.011638 0.894367
vn 0.447175 -0.014969 0.894321
vn -0.000004 -0.000085 1.000000
vn -0.447304 0.001178 0.894381
vn -0.447257 0.000705 0.894405
vn 0.447254 -0.000893 0.894407
vn 0.447286 -0.001830 0.894389
vn -0.000000 -0.000008 1.000000
vn -0.447217 -0.001553 0.894424
vn -0.447213 -0.001606 0.894426
vn 0.447214 0.001592 0.894425
vn 0.447217 0.001495 0.894424
vn -0.000000 0.000000 1.000000
vn -0.447207 -0.002441 0.894427
vn -0.447205 -0.002745 0.894427
vn 0.447206 0.002739 0.894427
vn 0.447207 0.002434 0.894427
vn -0.000000 -0.000002 1.000000
vn -0.447191 -0.004896 0.894425
vn -0.447180 -0.005499 0.894427
vn 0.447182 0.005470 0.894426
vn 0.447190 0.004855 0.894426
vn 0.000001 -0.000006 1.000000
vn -0.447219 -0.003398 0.894418
vn -0.447223 -0.001368 0.894422
vn 0.447225 0.001234 0.894421
vn 0.447221 0.003209 0.894418
vn 0.000000 -0.000028 1.000000
vn -0.447135 0.012477 0.894379
vn -0.446966 0.016661 0.894396
vn 0.446953 -0.017223 0.894392
vn 0.447126 -0.013291 0.894372
vn -0.000003 -0.000114 1.000000
vn -0.446069 0.034553 0.894331
vn -0.445719 0.037830 0.894373
vn 0.445689 -0.038308 0.894368
vn 0.446018 -0.035702 0.894312
vn -0.000005 -0.000061 1.000000
vn -0.444457 0.050488 0.894376
vn -0.444172 0.052539 0.894400
vn 0.444150 -0.052759 0.894398
vn 0.444407 -0.051060 0.894369
vn -0.000003 -0.000025 1.000000
vn -0.442816 0.062973 0.894399
vn -0.442409 0.065617 0.894410
vn 0.442312 -0.066319 0.894406
vn 0.442689 -0.063948 0.894392
vn -0.000021 -0.000145 1.000000
vn -0.440207 0.079376 0.894381
vn -0.439464 0.083213 0.894398
vn 0.439201 -0.084697 0.894387
vn 0.439794 -0.081927 0.894354
vn -0.000046 -0.000268 1.000000
vn -0.436380 0.098415 0.894364
vn -0.435557 0.101773 0.894389
vn 0.435288 -0.103023 0.894377
vn 0.435801 -0.101323 0.894321
vn -0.000039 -0.000170 1.000000
vn -0.432505 0.114086 0.894385
vn -0.431776 0.116681 0.894402
vn 0.431574 -0.117478 0.894395
vn 0.432065 -0.115924 0.894361
vn -0.000029 -0.000109 1.000000
vn -0.425254 0.139343 0.894283
vn -0.422044 0.148552 0.894321
vn 0.420791 -0.152467 0.894253
vn 0.423672 -0.144741 0.894177
vn -0.000255 -0.000810 1.000000
vn -0.400626 0.201990 0.893699
vn -0.390613 0.219847 0.893918
vn 0.381567 -0.238279 0.893101
vn 0.388008 -0.231104 0.892211
vn -0.001593 -0.003260 0.999993
vn -0.344758 0.289304 0.892998
vn -0.327332 0.307632 0.893429
vn 0.310738 -0.328325 0.891989
vn 0.312352 -0.338019 0.887795
vn -0.002464 -0.002927 0.999993
vn -0.264405 0.364222 0.892990
vn -0.244046 0.377122 0.893432
vn 0.226606 -0.390581 0.892242
vn 0.225284 -0.400874 0.888002
vn -0.002480 -0.001792 0.999995
vn -0.185278 0.409524 0.893287
vn -0.171454 0.414629 0.893693
vn 0.159700 -0.420412 0.893168
vn 0.154877 -0.427569 0.890617
vn -0.001412 -0.000626 0.999999
vn -0.137274 0.426286 0.894112
vn -0.130310 0.428230 0.894225
vn 0.126238 -0.429681 0.894113
vn 0.123604 -0.431774 0.893473
vn -0.000329 -0.000106 1.000000
vn -0.105700 0.434818 0.894293
vn -0.098327 0.436451 0.894339
vn 0.094003 -0.437532 0.894276
vn 0.098624 -0.436762 0.894155
vn -0.000786 -0.000194 1.000000
vn -0.064598 0.443032 0.894176
vn -0.054018 0.444280 0.894258
vn 0.045513 -0.445591 0.894079
vn 0.049415 -0.445891 0.893722
vn -0.001420 -0.000213 0.999999
vn -0.022364 0.447247 0.894131
vn -0.016021 0.447299 0.894241
vn 0.009998 -0.447701 0.894128
vn 0.006129 -0.448941 0.893541
vn -0.000669 -0.000031 1.000000
vn -0.008642 0.447255 0.894365
vn -0.009079 0.447197 0.894389
vn 0.007186 -0.447240 0.894385
vn 0.002021 -0.447486 0.894289
vn -0.000152 -0.000002 1.000000
vn -0.014542 0.447019 0.894406
vn -0.014263 0.447003 0.894419
vn 0.013979 -0.447008 0.894421
vn 0.013404 -0.447038 0.894414
vn -0.000002 0.000004 1.000000
vn -0.012996 0.447027 0.894426
vn -0.011981 0.447057 0.894425
vn 0.011759 -0.447061 0.894426
vn 0.012710 -0.447039 0.894424
vn -0.000048 0.000003 1.000000
vn -0.010857 0.447093 0.894421
vn -0.011633 0.447071 0.894423
vn 0.011533 -0.447071 0.894424
vn 0.010489 -0.447104 0.894420
vn -0.000003 0.000000 1.000000
vn -0.021717 0.446745 0.894398
vn -0.025323 0.446537 0.894407
vn 0.025085 -0.446549 0.894407
vn 0.021414 -0.446755 0.894400
vn -0.000052 -0.000002 1.000000
vn -0.042678 0.445360 0.894334
vn -0.045630 0.444981 0.894377
vn 0.045365 -0.445002 0.894380
vn 0.042099 -0.445397 0.894343
vn -0.000038 -0.000005 1.000000
vn -0.060241 0.443275 0.894359
vn -0.062697 0.442870 0.894391
vn 0.062510 -0.442894 0.894392
vn 0.059824 -0.443320 0.894365
vn -0.000026 -0.000006 1.000000
vn -0.069039 0.441932 0.894388
vn -0.068250 0.442014 0.894408
vn 0.068170 -0.442026 0.894408
vn 0.068811 -0.441961 0.894391
vn -0.000007 -0.000002 1.000000
vn -0.058660 0.443407 0.894399
vn -0.054570 0.443912 0.894407
vn 0.053513 -0.444056 0.894400
vn 0.057346 -0.443597 0.894390
vn -0.000231 -0.000033 1.000000
vn -0.034454 0.446090 0.894325
vn -0.029297 0.446378 0.894365
vn 0.027544 -0.446529 0.894345
vn 0.031150 -0.446442 0.894270
vn -0.000295 -0.000026 1.000000
vn -0.006575 0.447415 0.894302
vn -0.000755 0.447368 0.894350
vn -0.001439 -0.447421 0.894322
vn 0.002392 -0.447615 0.894223
vn -0.000366 -0.000007 1.000000
vn 0.029240 0.446659 0.894226
vn 0.038275 0.445843 0.894293
vn -0.041300 -0.445682 0.894238
vn -0.034807 -0.446537 0.894088
vn -0.000523 0.000030 1.000000
vn 0.083106 0.440384 0.893955
vn 0.095984 0.437419 0.894121
vn -0.102095 -0.436352 0.893965
vn -0.093338 -0.439051 0.893601
vn -0.001125 0.000198 0.999999
vn 0.151049 0.422545 0.893667
vn 0.165215 0.416626 0.893939
vn -0.172962 -0.414050 0.893670
vn -0.166605 -0.418377 0.892863
vn -0.001253 0.000432 0.999999
vn 0.220112 0.391227 0.893584
vn 0.233546 0.382655 0.893885
vn -0.241094 -0.378658 0.893584
vn -0.236156 -0.383994 0.892625
vn -0.001173 0.000646 0.999999
vn 0.287514 0.345029 0.893471
vn 0.302841 0.331340 0.893589
vn 0.823328 -0.565480 0.048607
vn -0.235871 -0.390644 0.889810
vn 0.171999 0.173651 0.969671
vn 0.361788 0.264438 0.893970
vn 0.383086 0.231865 0.894139
vn 0.346379 0.286398 -0.893307
vn 0.339943 0.292555 -0.893784
vn 0.215047 0.114595 0.969857
vn 0.420856 0.154972 0.893792
vn 0.428796 0.129402 0.894086
vn -0.315146 0.949037 0.003373
vn 0.405261 0.196625 -0.892806
vn -0.003165 0.011590 0.999928
vn 0.434864 0.107096 0.894105
vn 0.435922 0.101606 0.894230
vn -0.442049 -0.075113 0.893841
vn -0.455468 -0.001677 0.890251
vn -0.000154 0.000784 1.000000
vn 0.461436 -0.024262 0.886842
vn 0.466805 -0.106632 0.877908
vn 0.188615 -0.963532 0.189814
vn -0.338757 -0.411058 0.846330
vn 0.263051 -0.151664 0.952787
vn 0.366871 -0.347300 0.863011
vn 0.252760 -0.395089 0.883186
vn 0.207093 0.520673 0.828258
vn 0.767167 -0.084832 -0.635813
vn 0.000361 0.000110 1.000000
vn 0.133990 -0.426776 0.894376
vn 0.126783 -0.428933 0.894395
vn -0.110299 0.433685 0.894288
vn -0.124914 0.429743 0.894269
vn 0.004479 0.001379 0.999989
vn 0.095134 -0.437236 0.894301
vn 0.080253 -0.440255 0.894279
vn 0.984685 0.153793 0.082114
vn 0.141499 -0.423633 -0.894714
vn 0.060375 -0.234357 0.970274
vn 0.024427 -0.446972 0.894215
vn 0.000691 -0.447547 0.894260
vn 0.999088 0.006990 -0.042126
vn 0.090310 -0.441492 -0.892709
vn 0.039830 -0.001071 0.999206
vn -0.051861 -0.444830 0.894112
vn -0.067063 -0.442643 0.894187
vn 0.337111 0.395055 0.854569
vn 0.858294 -0.314795 -0.405261
vn 0.002372 -0.000359 0.999997
vn -0.094584 -0.437278 0.894339
vn -0.101317 -0.435723 0.894360
vn 0.113288 0.433195 0.894152
vn 0.599355 0.291807 0.745401
vn 0.001111 -0.000253 0.999999
vn -0.117353 -0.431648 0.894376
vn -0.121225 -0.430540 0.894393
vn 0.124901 0.429586 0.894347
vn 0.133047 0.427894 0.893983
vn 0.000343 -0.000101 1.000000
vn -0.118224 -0.431462 0.894351
vn -0.114143 -0.432510 0.894375
vn 0.115486 0.432132 0.894385
vn 0.121890 0.430432 0.894355
vn 0.000161 -0.000056 1.000000
vn -0.073855 -0.442037 0.893951
vn -0.063571 -0.443302 0.894115
vn 0.068133 0.442423 0.894215
vn 0.080233 0.440592 0.894115
vn 0.000932 -0.000187 1.000000
vn -0.000545 -0.449936 0.893061
vn 0.007408 -0.448495 0.893755
vn -0.001159 0.448158 0.893953
vn 0.013055 0.448526 0.893674
vn 0.001001 -0.000037 0.999999
vn 0.070230 -0.444506 0.893018
vn 0.077487 -0.441829 0.893747
vn -0.071465 0.442446 0.893943
vn -0.057637 0.445040 0.893654
vn 0.000933 0.000111 1.000000
vn 0.125548 -0.431451 0.893358
vn 0.128039 -0.429476 0.893956
vn -0.124906 0.430196 0.894052
vn -0.116916 0.432981 0.893789
vn 0.000333 0.000090 1.000000
vn 0.147636 -0.422680 0.894173
vn 0.147555 -0.422411 0.894314
vn -0.146924 0.422606 0.894325
vn -0.145183 0.423382 0.894243
vn 0.000009 0.000004 1.000000
vn 0.151447 -0.420804 0.894420
vn 0.151993 -0.420600 0.894424
vn -0.151962 0.420611 0.894424
vn -0.151360 0.420834 0.894421
vn 0.000004 -0.000001 1.000000
vn 0.153897 -0.419904 0.894425
vn 0.153979 -0.419873 0.894426
vn -0.153972 0.419873 0.894427
vn -0.153874 0.419911 0.894426
vn 0.000000 -0.000000 1.000000
vn 0.156196 -0.419055 0.894425
vn 0.157140 -0.418699 0.894426
vn -0.157073 0.418725 0.894426
vn -0.156115 0.419083 0.894426
vn 0.000014 0.000008 1.000000
vn 0.162018 -0.416851 0.894419
vn 0.162943 -0.416482 0.894423
vn -0.162846 0.416520 0.894423
vn -0.161826 0.416923 0.894420
vn 0.000015 0.000006 1.000000
vn 0.164426 -0.415905 0.894420
vn 0.163638 -0.416209 0.894423
vn -0.163570 0.416236 0.894423
vn -0.164265 0.415967 0.894421
vn 0.000009 0.000002 1.000000
vn 0.156789 -0.418859 0.894413
vn 0.154285 -0.419778 0.894417
vn -0.153828 0.419952 0.894415
vn -0.156195 0.419088 0.894410
vn 0.000098 0.000037 1.000000
vn 0.165449 -0.415933 0.894218
vn 0.172499 -0.412926 0.894280
vn -0.169212 0.414175 0.894330
vn -0.160899 0.417569 0.894286
vn 0.000680 0.000253 1.000000
vn 0.289362 -0.355404 0.888796
vn 0.286930 -0.351805 0.891013
vn -0.247123 0.374295 0.893775
vn -0.225827 0.388039 0.893548
vn 0.005833 0.003295 0.999978
vn 0.430990 -0.227054 0.873324
vn 0.383603 -0.249555 0.889140
vn -0.347665 0.285913 0.892963
vn -0.326800 0.311084 0.892429
vn 0.004243 0.004581 0.999981
vn 0.456570 -0.129311 0.880240
vn 0.426997 -0.153152 0.891189
vn -0.412686 0.178891 0.893134
vn -0.401809 0.204414 0.892616
vn 0.001597 0.003232 0.999994
vn 0.452401 -0.065693 0.889392
vn 0.443833 -0.076252 0.892859
vn -0.438868 0.093968 0.893625
vn -0.435905 0.110321 0.893206
vn 0.000520 0.002146 0.999998
vn 0.449284 -0.031367 0.892838
vn 0.446340 -0.039305 0.894000
vn -0.445402 0.045372 0.894181
vn -0.444688 0.053998 0.894057
vn 0.000055 0.000477 1.000000
vn 0.447200 -0.019561 0.894220
vn 0.447013 -0.018408 0.894338
vn -0.446894 0.020065 0.894362
vn -0.446783 0.024113 0.894317
vn 0.000011 0.000178 1.000000
vn 0.447277 -0.007300 0.894366
vn 0.447217 -0.006741 0.894400
vn -0.447202 0.007171 0.894404
vn -0.447213 0.008727 0.894385
vn 0.000001 0.000025 1.000000
vn 0.447219 -0.003038 0.894419
vn 0.447211 -0.002899 0.894424
vn -0.447211 0.002946 0.894424
vn -0.447216 0.003224 0.894420
vn 0.000001 0.000001 1.000000
vn 0.447212 -0.001634 0.894426
vn 0.447212 -0.001312 0.894427
vn -0.447212 0.001316 0.894427
vn -0.447211 0.001641 0.894427
vn -0.000000 0.000000 1.000000
vn 0.447215 -0.000035 0.894426
vn 0.447214 0.000116 0.894427
vn -0.447214 -0.000113 0.894427
vn -0.447215 0.000041 0.894427
vn 0.000000 0.000000 1.000000
vn 0.447214 0.000534 0.894427
vn 0.447213 0.000515 0.894427
vn -0.447214 -0.000515 0.894427
vn -0.447213 -0.000533 0.894427
vn -0.000001 -0.000000 1.000000
vn 0.419539 -0.348037 0.838366
vn 0.081633 -0.978627 0.188744
vn -0.434654 -0.212663 0.875129
vn -0.442648 -0.140728 0.885584
vn -0.217596 -0.217758 0.951438
vn -0.712007 -0.310257 -0.629910
vn -0.356517 0.423455 0.832816
vn -0.135852 -0.445271 0.885030
vn -0.272357 -0.431789 0.859872
vn 0.000000 0.000000 1.000000
vn 0.000000 0.447216 0.894426
vn 0.000000 0.447209 0.894430
vn 0.000000 -0.447209 0.894429
vn 0.000000 -0.447216 0.894426
vn 0.000000 0.000000 1.000000
vn 0.459600 -0.074463 0.884999
vn 0.128395 -0.464597 0.876164
vn 0.080497 -0.460506 0.883999
vn 0.264046 0.401182 0.877116
vn 0.303138 0.391058 0.869011
vn 0.159860 -0.025904 0.986800
vn -0.115887 -0.432388 0.894210
vn -0.121126 -0.430757 0.894303
vn 0.122023 0.430534 0.894288
vn 0.117927 0.431945 0.894157
vn 0.000125 -0.000032 1.000000
vn -0.145574 -0.423218 0.894257
vn -0.151919 -0.420835 0.894326
vn 0.156995 0.419111 0.894259
vn 0.152743 0.420925 0.894143
vn 0.000972 -0.000329 0.999999
vn -0.179876 -0.409855 0.894239
vn -0.188219 -0.405960 0.894299
vn 0.196156 0.402546 0.894136
vn 0.196022 0.403498 0.893736
vn 0.001206 -0.000528 0.999999
vn -0.215620 -0.392265 0.894224
vn -0.222518 -0.388239 0.894291
vn 0.227894 0.385385 0.894172
vn 0.230003 0.385281 0.893676
vn 0.000677 -0.000374 1.000000
vn -0.243354 -0.375523 0.894294
vn -0.248199 -0.372225 0.894341
vn 0.251191 0.370340 0.894288
vn 0.250902 0.371049 0.894075
vn 0.000387 -0.000252 1.000000
vn -0.274437 -0.353661 0.894208
vn -0.284189 -0.345721 0.894267
vn 0.292888 0.339057 0.894012
vn 0.287989 0.343897 0.893755
vn 0.001587 -0.001210 0.999998
vn -0.332149 -0.301881 0.893614
vn -0.347989 -0.282822 0.893820
vn 0.428471 0.194113 0.882458
vn 0.484035 0.136622 0.864318
vn 0.005495 -0.006042 0.999967
vn -0.399462 -0.207229 0.893021
vn -0.412246 -0.178838 0.893348
vn 0.465881 0.073285 0.881807
vn 0.601719 -0.139196 0.786485
vn 0.003512 -0.007144 0.999968
vn -0.440405 -0.091982 0.893075
vn -0.444674 -0.063941 0.893407
vn 0.456004 0.013354 0.889877
vn 0.522551 -0.147070 0.839828
vn 0.000998 -0.005292 0.999986
vn -0.449251 0.006759 0.893380
vn -0.448007 0.024378 0.893697
vn 0.447962 -0.055876 0.892305
vn 0.457389 -0.106714 0.882840
vn -0.000098 -0.002953 0.999996
vn -0.442971 0.065776 0.894120
vn -0.441089 0.076369 0.894208
vn 0.439609 -0.087792 0.893889
vn 0.439448 -0.112956 0.891138
vn -0.000185 -0.001190 0.999999
vn -0.433623 0.111173 0.894210
vn -0.430339 0.122836 0.894270
vn 0.424022 -0.147793 0.893511
vn 0.423077 -0.156834 0.892418
vn -0.000752 -0.002935 0.999995
vn -0.415081 0.168485 0.894047
vn -0.408047 0.184437 0.894137
vn 0.321990 -0.377290 0.868317
vn 0.189121 -0.613955 0.766350
vn -0.002145 -0.005168 0.999984
vn -0.385647 0.228280 0.893960
vn -0.378585 0.239354 0.894082
vn 0.372041 -0.251510 0.893492
vn 0.149817 -0.642579 0.751430
vn -0.000433 -0.000707 1.000000
vn -0.366363 0.257052 0.894261
vn -0.365363 0.258238 0.894328
vn 0.364548 -0.259474 0.894303
vn 0.362910 -0.262505 0.894085
vn 0.000000 0.000000 1.000000
vn -0.361958 0.262693 0.894415
vn -0.360283 0.264976 0.894418
vn 0.359871 -0.265547 0.894415
vn 0.361465 -0.263389 0.894410
vn -0.000091 -0.000127 1.000000
vn -0.349200 0.279641 0.894349
vn -0.345190 0.284498 0.894374
vn 0.342999 -0.287257 0.894335
vn 0.346055 -0.283743 0.894279
vn -0.000426 -0.000537 1.000000
vn -0.328975 0.303400 0.894273
vn -0.325101 0.307383 0.894329
vn 0.324076 -0.308565 0.894294
vn 0.325363 -0.307769 0.894101
vn -0.000051 -0.000056 1.000000
vn -0.315557 0.317145 0.894339
vn -0.315083 0.317497 0.894382
vn 0.314987 -0.317597 0.894380
vn 0.315181 -0.317545 0.894330
vn -0.000000 -0.000001 1.000000
vn -0.313745 0.318693 0.894426
vn -0.313543 0.318890 0.894427
vn 0.313542 -0.318893 0.894427
vn 0.313741 -0.318698 0.894426
vn 0.000000 -0.000000 1.000000
vn -0.312699 0.319719 0.894427
vn -0.312576 0.319839 0.894427
vn 0.312575 -0.319839 0.894427
vn 0.312697 -0.319721 0.894427
vn -0.000000 -0.000000 1.000000
vn -0.303719 0.328432 0.894364
vn -0.297796 0.333775 0.894378
vn 0.261892 -0.366637 0.892743
vn 0.204464 -0.418608 0.884851
vn -0.002929 -0.002723 0.999992
vn -0.267666 0.358801 0.894213
vn -0.254448 0.368216 0.894245
vn 0.216037 -0.394746 0.893031
vn -0.436316 0.192799 -0.878895
vn -0.009759 -0.007009 0.999928
vn -0.214160 0.393314 0.894114
vn -0.200144 0.400481 0.894180
vn 0.081555 -0.461337 0.883469
vn -0.621684 0.095504 -0.777424
vn -0.003135 -0.001611 0.999994
vn -0.170288 0.413874 0.894265
vn -0.162709 0.416822 0.894307
vn 0.152721 -0.421123 0.894053
vn -0.205421 -0.558687 0.803537
vn -0.000782 -0.000312 1.000000
vn -0.127432 0.429241 0.894155
vn -0.110967 0.433965 0.894070
vn 0.894534 0.439217 0.083055
vn 0.182489 -0.410808 0.893272
vn -0.054767 0.237498 0.969843
vn -0.029276 0.446893 0.894108
vn 0.007811 0.447764 0.894118
vn -0.056489 0.445925 -0.893286
vn -0.065653 0.443148 -0.894041
vn 0.017791 0.243420 0.969758
vn 0.103215 0.436401 0.893812
vn 0.136125 0.426681 0.894099
vn 0.017512 0.459637 -0.887934
vn 0.060222 0.445718 -0.893145
vn 0.058069 0.234667 0.970340
vn 0.204239 0.398439 0.894166
vn 0.225170 0.386907 0.894205
vn 0.088251 0.453289 -0.886984
vn 0.138542 0.429830 -0.892218
vn 0.106360 0.217261 0.970302
vn 0.279896 0.349355 0.894209
vn 0.299406 0.332854 0.894184
vn 0.210098 0.400743 -0.891776
vn 0.227555 0.388326 -0.892985
vn 0.162691 0.180228 0.970077
vn 0.349140 0.280496 0.894105
vn 0.365492 0.258492 0.894202
vn 0.288867 0.357348 -0.888177
vn 0.318799 0.316452 -0.893435
vn 0.185682 0.154834 0.970334
vn 0.399638 0.201787 0.894188
vn 0.409520 0.180718 0.894223
vn 0.330477 0.330684 -0.883987
vn 0.365418 0.265088 -0.892299
vn 0.208720 0.121918 0.970346
vn 0.431311 0.119848 0.894208
vn 0.437320 0.095849 0.894184
vn 0.397482 0.219897 -0.890872
vn 0.407609 0.194625 -0.892175
vn 0.237107 0.052024 0.970090
vn 0.447091 0.025103 0.894136
vn 0.447586 -0.002725 0.894237
vn 0.071206 0.989796 -0.123428
vn 0.442959 0.076036 -0.893312
vn 0.005896 0.072528 0.997349
vn 0.443596 -0.061968 0.894082
vn 0.440716 -0.078982 0.894165
vn -0.412096 0.287074 0.864734
vn 0.463207 0.344139 -0.816705
vn 0.000618 0.003455 0.999994
vn 0.432836 -0.113423 0.894309
vn 0.429977 -0.123657 0.894332
vn -0.421175 0.156315 0.893408
vn 0.464493 0.076342 -0.882280
vn 0.001115 0.004077 0.999991
vn 0.419857 -0.154785 0.894294
vn 0.415551 -0.165871 0.894318
vn -0.403532 0.197326 0.893434
vn 0.457870 -0.017612 -0.888845
vn 0.002152 0.005591 0.999982
vn 0.402417 -0.195750 0.894284
vn 0.398151 -0.204161 0.894312
vn -0.393479 0.214680 0.893917
vn -0.348618 0.308132 0.885167
vn 0.000087 0.000175 1.000000
vn 0.390302 -0.218723 0.894329
vn 0.389860 -0.219325 0.894375
vn -0.389696 0.219635 0.894370
vn -0.389660 0.219971 0.894303
vn 0.000001 -0.000000 1.000000
vn 0.389147 -0.220377 0.894427
vn 0.389078 -0.220498 0.894427
vn -0.389076 0.220500 0.894427
vn -0.389143 0.220382 0.894427
vn 0.000001 -0.000001 1.000000
vn 0.388853 -0.220892 0.894427
vn 0.388843 -0.220910 0.894427
vn -0.388842 0.220911 0.894427
vn -0.388852 0.220893 0.894427
vn -0.000000 -0.000000 1.000000
vn 0.387708 -0.222906 0.894425
vn 0.387106 -0.223947 0.894425
vn -0.386980 0.224167 0.894425
vn -0.387557 0.223171 0.894424
vn 0.000028 0.000049 1.000000
vn 0.384578 -0.228284 0.894419
vn 0.384091 -0.229088 0.894423
vn -0.383982 0.229274 0.894422
vn -0.384307 0.228753 0.894416
vn 0.000013 0.000023 1.000000
vn 0.384544 -0.228342 0.894419
vn 0.385240 -0.227154 0.894422
vn -0.385008 0.227544 0.894423
vn -0.384196 0.228923 0.894420
vn 0.000046 0.000078 1.000000
vn 0.392978 -0.213761 0.894357
vn 0.394290 -0.211227 0.894382
vn -0.392645 0.214164 0.894407
vn -0.390601 0.217902 0.894399
vn 0.000315 0.000559 1.000000
vn 0.454300 -0.085524 0.886734
vn 0.440823 -0.110869 0.890721
vn -0.415347 0.166996 0.894203
vn -0.408854 0.182613 0.894143
vn 0.002290 0.005047 0.999985
vn 0.549229 0.302729 0.778911
vn 0.460989 0.029250 0.886923
vn -0.444237 0.063492 0.893656
vn -0.439316 0.093325 0.893472
vn 0.002680 0.013980 0.999899
vn -0.325543 0.613875 -0.719151
vn 0.430705 0.215155 0.876471
vn -0.444294 -0.067624 0.893325
vn -0.448666 -0.033965 0.893054
vn -0.001204 0.010579 0.999943
vn -0.449905 0.609098 -0.653135
vn 0.356109 0.316918 0.879062
vn -0.407426 -0.189064 0.893453
vn -0.420311 -0.159757 0.893206
vn -0.004131 0.009940 0.999942
vn 0.068480 0.686283 0.724104
vn 0.323252 0.319937 0.890589
vn -0.348353 -0.283239 0.893547
vn -0.364397 -0.263189 0.893278
vn -0.002394 0.003134 0.999992
vn 0.277170 0.363046 0.889592
vn 0.292291 0.340831 0.893532
vn -0.299718 -0.333129 0.893976
vn -0.309218 -0.324889 0.893774
vn -0.000584 0.000544 1.000000
vn 0.264155 0.362250 0.893866
vn 0.261310 0.363563 0.894170
vn -0.266007 -0.359864 0.894281
vn -0.273229 -0.354604 0.894205
vn -0.000751 0.000583 1.000000
vn 0.226411 0.387262 0.893737
vn 0.223790 0.387898 0.894122
vn -0.229519 -0.384215 0.894259
vn -0.237809 -0.379341 0.894174
vn -0.000895 0.000564 0.999999
vn 0.182244 0.410268 0.893570
vn 0.176541 0.411740 0.894038
vn -0.180706 -0.409621 0.894179
vn -0.192444 -0.404474 0.894073
vn -0.000556 0.000270 1.000000
vn 0.113850 0.435278 0.893068
vn 0.101709 0.437067 0.893660
vn -0.108652 -0.434905 0.893897
vn -0.125170 -0.431046 0.893606
vn -0.001291 0.000398 0.999999
vn 0.015805 0.452066 0.891845
vn 0.004750 0.449753 0.893141
vn -0.014759 -0.448672 0.893574
vn -0.034928 -0.448506 0.893097
vn -0.001669 0.000153 0.999999
vn -0.087014 0.444917 0.891335
vn -0.096078 0.439750 0.892967
vn 0.085918 -0.440868 0.893451
vn 0.065623 -0.445448 0.892900
vn -0.001582 -0.000215 0.999999
vn -0.171868 0.418414 0.891847
vn -0.175169 0.413944 0.893290
vn 0.167185 -0.416541 0.893612
vn 0.153715 -0.422827 0.893078
vn -0.001135 -0.000409 0.999999
vn -0.219536 0.392214 0.893293
vn -0.220719 0.390033 0.893956
vn 0.216988 -0.391832 0.894083
vn 0.208924 -0.396683 0.893864
vn -0.000392 -0.000207 1.000000
vn -0.250938 0.371229 0.893991
vn -0.255060 0.367888 0.894205
vn 0.252567 -0.369472 0.894260
vn 0.245887 -0.374199 0.894156
vn -0.000399 -0.000259 1.000000
vn -0.285133 0.345740 0.893959
vn -0.288880 0.342008 0.894192
vn 0.286461 -0.343884 0.894250
vn 0.280127 -0.349346 0.894140
vn -0.000382 -0.000303 1.000000
vn -0.310587 0.322807 0.894053
vn -0.311684 0.321174 0.894259
vn 0.310844 -0.321915 0.894285
vn 0.307623 -0.325279 0.894182
vn -0.000041 -0.000039 1.000000
vn -0.318908 0.313725 0.894357
vn -0.318802 0.313730 0.894393
vn 0.318729 -0.313800 0.894394
vn 0.318615 -0.314004 0.894363
vn -0.000000 0.000000 1.000000
vn -0.319287 0.313139 0.894427
vn -0.319487 0.312935 0.894427
vn 0.319486 -0.312936 0.894427
vn 0.319285 -0.313141 0.894427
vn 0.000000 -0.000001 1.000000
vn -0.320780 0.311612 0.894426
vn -0.321123 0.311257 0.894427
vn 0.321119 -0.311261 0.894427
vn 0.320774 -0.311618 0.894426
vn -0.000000 -0.000001 1.000000
vn -0.323847 0.308433 0.894423
vn -0.324670 0.307562 0.894425
vn 0.324634 -0.307600 0.894425
vn 0.323800 -0.308481 0.894424
vn -0.000007 -0.000008 1.000000
vn -0.329008 0.302943 0.894415
vn -0.329878 0.301980 0.894421
vn 0.329823 -0.302041 0.894421
vn 0.328903 -0.303053 0.894417
vn -0.000009 -0.000010 1.000000
vn -0.333431 0.298067 0.894416
vn -0.333818 0.297615 0.894422
vn 0.333792 -0.297645 0.894422
vn 0.333353 -0.298150 0.894417
vn -0.000001 -0.000002 1.000000
vn -0.334962 0.296320 0.894424
vn -0.334900 0.296383 0.894426
vn 0.334897 -0.296389 0.894426
vn 0.334946 -0.296335 0.894425
vn 0.000001 -0.000002 1.000000
vn -0.335526 0.295675 0.894427
vn -0.335907 0.295239 0.894427
vn 0.335883 -0.295268 0.894427
vn 0.335495 -0.295707 0.894427
vn -0.000005 -0.000003 1.000000
vn -0.338507 0.292266 0.894424
vn -0.339168 0.291496 0.894424
vn 0.339078 -0.291601 0.894425
vn 0.338370 -0.292426 0.894423
vn -0.000018 -0.000019 1.000000
vn -0.341362 0.288934 0.894421
vn -0.341361 0.288923 0.894425
vn 0.341330 -0.288963 0.894424
vn 0.341231 -0.289089 0.894421
vn 0.000001 0.000001 1.000000
vn -0.340406 0.290050 0.894424
vn -0.339827 0.290723 0.894426
vn 0.339772 -0.290788 0.894426
vn 0.340336 -0.290127 0.894426
vn -0.000013 -0.000014 1.000000
vn -0.349738 0.279193 0.894279
vn -0.354639 0.272814 0.894317
vn 0.353553 -0.274141 0.894341
vn 0.348329 -0.280841 0.894313
vn -0.000239 -0.000285 1.000000
vn -0.397737 0.211315 0.892833
vn -0.404237 0.196154 0.893373
vn 0.398137 -0.206309 0.893825
vn 0.388353 -0.225214 0.893566
vn -0.001248 -0.002045 0.999997
vn -0.447193 0.092446 0.889647
vn -0.443883 0.082587 0.892271
vn 0.439292 -0.096852 0.893108
vn 0.434603 -0.121398 0.892403
vn -0.000650 -0.002243 0.999997
vn -0.455229 -0.018026 0.890192
vn -0.450164 -0.025200 0.892590
vn 0.449415 0.013785 0.893217
vn 0.450904 -0.008265 0.892534
vn -0.000042 -0.001620 0.999999
vn -0.441614 -0.096547 0.891995
vn -0.438480 -0.097870 0.893396
vn 0.439481 0.090754 0.893656
vn 0.442774 0.079257 0.893123
vn 0.000164 -0.000916 1.000000
vn -0.430197 -0.126229 0.893866
vn -0.429945 -0.124638 0.894211
vn 0.430383 0.122779 0.894257
vn 0.431683 0.119001 0.894141
vn 0.000017 -0.000054 1.000000
vn -0.426920 -0.133397 0.894396
vn -0.426387 -0.134994 0.894411
vn 0.426479 0.134699 0.894412
vn 0.427107 0.132765 0.894401
vn 0.000015 -0.000044 1.000000
vn -0.423533 -0.143756 0.894402
vn -0.423000 -0.145246 0.894413
vn 0.423082 0.144996 0.894415
vn 0.423703 0.143233 0.894405
vn 0.000013 -0.000038 1.000000
vn -0.420646 -0.151959 0.894408
vn -0.420349 -0.152725 0.894417
vn 0.420377 0.152638 0.894419
vn 0.420747 0.151663 0.894411
vn 0.000001 -0.000004 1.000000
vn -0.419183 -0.155867 0.894422
vn -0.419084 -0.156119 0.894425
vn 0.419087 0.156110 0.894425
vn 0.419194 0.155836 0.894423
vn 0.000000 -0.000001 1.000000
vn -0.418556 -0.157520 0.894426
vn -0.418441 -0.157823 0.894427
vn 0.418442 0.157821 0.894427
vn 0.418558 0.157515 0.894426
vn -0.000000 -0.000000 1.000000
vn -0.417848 -0.159389 0.894426
vn -0.417724 -0.159713 0.894427
vn 0.417724 0.159710 0.894427
vn 0.417850 0.159383 0.894426
vn 0.000001 -0.000000 1.000000
vn -0.418545 -0.157573 0.894422
vn -0.419141 -0.155974 0.894423
vn 0.419177 0.155880 0.894423
vn 0.418589 0.157458 0.894422
vn 0.000009 -0.000020 1.000000
vn -0.423698 -0.143389 0.894382
vn -0.425075 -0.139162 0.894397
vn 0.425300 0.138508 0.894391
vn 0.424016 0.142500 0.894373
vn 0.000047 -0.000137 1.000000
vn -0.431794 -0.117434 0.894295
vn -0.433136 -0.111970 0.894347
vn 0.433461 0.110816 0.894333
vn 0.432435 0.115354 0.894256
vn 0.000056 -0.000201 1.000000
vn -0.439253 -0.085918 0.894246
vn -0.440326 -0.079437 0.894317
vn 0.440654 0.077864 0.894294
vn 0.439941 0.083004 0.894182
vn 0.000055 -0.000269 1.000000
vn -0.443429 -0.060627 0.894257
vn -0.443450 -0.059299 0.894335
vn 0.443539 0.058778 0.894326
vn 0.443800 0.058637 0.894205
vn 0.000002 -0.000008 1.000000
vn -0.442300 -0.066696 0.894384
vn -0.441675 -0.070577 0.894395
vn 0.441911 0.068927 0.894407
vn 0.442579 0.064634 0.894397
vn 0.000051 -0.000354 1.000000
vn -0.438346 -0.090157 0.894273
vn -0.437846 -0.091735 0.894358
vn 0.438109 0.090299 0.894375
vn 0.438936 0.086557 0.894340
vn 0.000034 -0.000175 1.000000
vn -0.435047 -0.104184 0.894360
vn -0.434695 -0.105337 0.894396
vn 0.434831 0.104736 0.894401
vn 0.435391 0.102557 0.894381
vn 0.000014 -0.000062 1.000000
vn -0.429170 -0.126803 0.894279
vn -0.427051 -0.133478 0.894322
vn 0.427712 0.131126 0.894354
vn 0.430001 0.123612 0.894326
vn 0.000136 -0.000494 1.000000
vn -0.405620 -0.193950 0.893228
vn -0.399891 -0.203505 0.893685
vn 0.404500 0.192471 0.894055
vn 0.411783 0.177209 0.893886
vn 0.000870 -0.002104 0.999997
vn -0.352839 -0.286007 0.890901
vn -0.347289 -0.286545 0.892907
vn 0.356532 0.272518 0.893655
vn 0.369550 0.255898 0.893280
vn 0.001474 -0.002154 0.999997
vn -0.282478 -0.356712 0.890484
vn -0.277801 -0.354507 0.892834
vn 0.289381 0.343144 0.893595
vn 0.305878 0.329621 0.893190
vn 0.001762 -0.001643 0.999997
vn -0.213257 -0.399955 0.891380
vn -0.210040 -0.397440 0.893266
vn 0.217251 0.392589 0.893687
vn 0.232428 0.384714 0.893293
vn 0.000843 -0.000512 1.000000
vn -0.156383 -0.421878 0.893064
vn -0.149794 -0.422737 0.893787
vn 0.154226 0.420802 0.893946
vn 0.166167 0.416891 0.893639
vn 0.000633 -0.000258 1.000000
vn -0.096973 -0.438647 0.893412
vn -0.088792 -0.439367 0.893908
vn 0.093387 0.438141 0.894042
vn 0.105817 0.435786 0.893808
vn 0.000757 -0.000192 1.000000
vn -0.031133 -0.448428 0.893277
vn -0.022977 -0.447776 0.893850
vn 0.028003 0.447189 0.894001
vn 0.041162 0.446690 0.893742
vn 0.000806 -0.000079 1.000000
vn 0.046279 -0.447821 0.892925
vn 0.054443 -0.445500 0.893625
vn -0.043425 0.446052 0.893953
vn -0.028132 0.447833 0.893675
vn 0.001969 0.000107 0.999998
vn 0.143354 -0.429973 0.891388
vn 0.145379 -0.425823 0.893051
vn -0.126957 0.430082 0.893818
vn -0.107826 0.435853 0.893536
vn 0.002910 0.000704 0.999996
vn 0.236474 -0.389859 0.889994
vn 0.231082 -0.386681 0.892793
vn -0.213277 0.394763 0.893686
vn -0.194899 0.404901 0.893347
vn 0.002532 0.001216 0.999996
vn 0.304769 -0.337469 0.890635
vn 0.300176 -0.335219 0.893041
vn -0.287156 0.344627 0.893741
vn -0.272405 0.357212 0.893418
vn 0.001798 0.001371 0.999997
vn 0.350876 -0.285300 0.891902
vn 0.346664 -0.285447 0.893501
vn -0.338111 0.294293 0.893909
vn -0.329377 0.304874 0.893623
vn 0.001110 0.001207 0.999999
vn 0.370768 -0.253742 0.893390
vn 0.367533 -0.255962 0.894093
vn -0.364715 0.259538 0.894216
vn -0.360534 0.265713 0.894098
vn 0.000213 0.000289 1.000000
vn 0.376844 -0.241377 0.894274
vn 0.377289 -0.240363 0.894360
vn -0.376674 0.241274 0.894373
vn -0.375005 0.244001 0.894335
vn 0.000056 0.000086 1.000000
vn 0.381269 -0.233868 0.894394
vn 0.381254 -0.233826 0.894411
vn -0.381150 0.233988 0.894413
vn -0.380867 0.234499 0.894399
vn 0.000001 0.000002 1.000000
vn 0.382666 -0.231452 0.894425
vn 0.383120 -0.230696 0.894426
vn -0.383081 0.230762 0.894426
vn -0.382612 0.231538 0.894426
vn 0.000006 0.000015 1.000000
vn 0.386080 -0.225738 0.894418
vn 0.386780 -0.224522 0.894422
vn -0.386669 0.224713 0.894422
vn -0.385902 0.226036 0.894420
vn 0.000020 0.000038 1.000000
vn 0.388534 -0.221506 0.894414
vn 0.388215 -0.222034 0.894421
vn -0.388167 0.222122 0.894421
vn -0.388365 0.221795 0.894416
vn 0.000001 0.000004 1.000000
vn 0.385181 -0.227275 0.894417
vn 0.383921 -0.229387 0.894420
vn -0.383651 0.229849 0.894417
vn -0.384848 0.227857 0.894412
vn 0.000059 0.000101 1.000000
vn 0.371408 -0.249638 0.894280
vn 0.365237 -0.258446 0.894319
vn -0.357271 0.270430 0.893994
vn -0.360362 0.267013 0.893780
vn 0.001340 0.002028 0.999997
vn 0.330627 -0.302819 0.893860
vn 0.314991 -0.318693 0.893989
vn -0.246389 0.390946 0.886822
vn -0.140123 0.510702 0.848262
vn 0.006577 0.007084 0.999953
vn 0.253672 -0.370603 0.893478
vn 0.229047 -0.385871 0.893667
vn -0.138446 0.445877 0.884323
vn 0.649040 0.096425 -0.754619
vn 0.008718 0.005613 0.999946
vn 0.153310 -0.422179 0.893454
vn 0.126459 -0.430568 0.893655
vn 0.085065 0.497952 0.863022
vn 0.915670 0.248873 -0.315613
vn 0.007418 0.002466 0.999969
vn 0.055508 -0.445476 0.893571
vn 0.036102 -0.447048 0.893781
vn -0.018398 0.450420 0.892627
vn 0.458668 0.533372 0.710730
vn 0.000966 0.000104 1.000000
vn -0.008529 -0.448093 0.893946
vn -0.016130 -0.447498 0.894139
vn 0.019077 0.447552 0.894055
vn 0.017212 0.448633 0.893550
vn 0.000272 -0.000007 1.000000
vn -0.044624 -0.445370 0.894234
vn -0.051576 -0.444469 0.894308
vn 0.053674 0.444284 0.894276
vn 0.048548 0.445139 0.894144
vn 0.000357 -0.000034 1.000000
vn -0.082834 -0.439973 0.894182
vn -0.090615 -0.438246 0.894276
vn 0.093246 0.437789 0.894229
vn 0.087851 0.439267 0.894051
vn 0.000441 -0.000080 1.000000
vn -0.141453 -0.425588 0.893793
vn -0.158460 -0.419165 0.893975
vn 0.163865 0.417488 0.893785
vn 0.150380 0.423317 0.893414
vn 0.001032 -0.000320 0.999999
vn -0.246032 -0.378646 0.892242
vn -0.268833 -0.361016 0.892970
vn 0.280853 0.353739 0.892183
vn 0.266700 0.368474 0.890561
vn 0.002279 -0.001398 0.999996
vn -0.358399 -0.279246 0.890827
vn -0.374929 -0.252126 0.892110
vn 0.385748 0.239733 0.890913
vn 0.384046 0.256449 0.886985
vn 0.001653 -0.002053 0.999997
vn -0.431986 -0.141105 0.890773
vn -0.438661 -0.108721 0.892052
vn 0.444972 0.092434 0.890762
vn 0.448850 0.109931 0.886819
vn 0.000939 -0.002714 0.999996
vn -0.453841 -0.002290 0.891080
vn -0.450709 0.021907 0.892402
vn 0.451209 -0.113001 0.885235
vn 0.459177 -0.168190 0.872278
vn -0.000015 -0.006805 0.999977
vn -0.440173 0.089276 0.893464
vn -0.435768 0.106537 0.893732
vn 0.432792 -0.125720 0.892684
vn 0.429016 -0.259813 0.865126
vn -0.000331 -0.001481 0.999999
vn -0.422220 0.149583 0.894067
vn -0.417847 0.160755 0.894182
vn 0.414499 -0.170603 0.893915
vn 0.415934 -0.171225 0.893130
vn -0.000509 -0.001443 0.999999
vn -0.401225 0.199147 0.894069
vn -0.395627 0.209558 0.894184
vn 0.391322 -0.218531 0.893930
vn 0.392630 -0.219385 0.893147
vn -0.000643 -0.001299 0.999999
vn -0.372217 0.249380 0.894016
vn -0.363738 0.261170 0.894139
vn 0.357512 -0.270735 0.893805
vn 0.360516 -0.269408 0.892999
vn -0.000993 -0.001498 0.999998
vn -0.326002 0.308246 0.893704
vn -0.311866 0.321936 0.893922
vn 0.295447 -0.339653 0.892943
vn 0.298133 -0.341581 0.891313
vn -0.002531 -0.002696 0.999993
vn -0.255163 0.369812 0.893382
vn -0.235137 0.382165 0.893678
vn 0.208316 -0.401194 0.891991
vn 0.199112 -0.416121 0.887242
vn -0.003617 -0.002473 0.999990
vn -0.164826 0.418184 0.893283
vn -0.141760 0.425883 0.893604
vn 0.112257 -0.438093 0.891893
vn 0.094855 -0.454457 0.885704
vn -0.003894 -0.001504 0.999991
vn -0.076321 0.442724 0.893404
vn -0.059970 0.444577 0.893731
vn 0.044012 -0.447878 0.893011
vn 0.025666 -0.457809 0.888680
vn -0.001738 -0.000278 0.999998
vn -0.023260 0.447296 0.894083
vn -0.016649 0.447345 0.894206
vn 0.012571 -0.447711 0.894090
vn 0.007271 -0.449353 0.893325
vn -0.000214 -0.000008 1.000000
vn 0.001874 0.447355 0.894354
vn 0.006313 0.447260 0.894381
vn -0.007938 -0.447264 0.894367
vn -0.004947 -0.447421 0.894310
vn -0.000273 -0.000000 1.000000
vn 0.025920 0.446645 0.894336
vn 0.031079 0.446247 0.894370
vn -0.033240 -0.446139 0.894346
vn -0.029962 -0.446523 0.894270
vn -0.000365 0.000021 1.000000
vn 0.049883 0.444617 0.894331
vn 0.053568 0.444112 0.894369
vn -0.054459 -0.444031 0.894355
vn -0.052866 -0.444406 0.894264
vn -0.000054 0.000005 1.000000
vn 0.063875 0.442717 0.894383
vn 0.064742 0.442548 0.894405
vn -0.064853 -0.442535 0.894403
vn -0.064279 -0.442670 0.894378
vn -0.000004 -0.000001 1.000000
vn 0.067744 0.442060 0.894423
vn 0.068135 0.441997 0.894425
vn -0.068146 -0.441994 0.894426
vn -0.067774 -0.442055 0.894424
vn -0.000001 -0.000001 1.000000
vn 0.069412 0.441796 0.894426
vn 0.069479 0.441784 0.894427
vn -0.069481 -0.441784 0.894427
vn -0.069419 -0.441795 0.894426
vn -0.000000 -0.000002 1.000000
vn 0.070001 0.441701 0.894427
vn 0.070165 0.441675 0.894427
vn -0.070166 -0.441676 0.894427
vn -0.070002 -0.441702 0.894427
vn -0.000001 -0.000003 1.000000
vn 0.071057 0.441533 0.894427
vn 0.071258 0.441500 0.894427
vn -0.071260 -0.441501 0.894427
vn -0.071059 -0.441532 0.894427
vn -0.000001 -0.000001 1.000000
vn 0.071429 0.441474 0.894427
vn 0.071213 0.441507 0.894427
vn -0.071216 -0.441508 0.894427
vn -0.071432 -0.441472 0.894427
vn -0.000000 -0.000000 1.000000
vn 0.069289 0.441815 0.894426
vn 0.068656 0.441912 0.894427
vn -0.068668 -0.441911 0.894427
vn -0.069305 -0.441813 0.894426
vn -0.000002 0.000002 1.000000
vn 0.070053 0.441707 0.894420
vn 0.071731 0.441433 0.894422
vn -0.071791 -0.441424 0.894422
vn -0.070139 -0.441695 0.894419
vn -0.000012 0.000002 1.000000
vn 0.085291 0.439105 0.894378
vn 0.089729 0.438187 0.894394
vn -0.090142 -0.438109 0.894391
vn -0.085850 -0.439006 0.894373
vn -0.000088 0.000016 1.000000
vn 0.111668 0.433333 0.894289
vn 0.116453 0.431951 0.894347
vn -0.117038 -0.431808 0.894340
vn -0.112809 -0.433079 0.894269
vn -0.000096 0.000025 1.000000
vn 0.139181 0.425324 0.894275
vn 0.144091 0.423551 0.894339
vn -0.144720 -0.423354 0.894331
vn -0.140420 -0.424968 0.894251
vn -0.000103 0.000032 1.000000
vn 0.163705 0.416472 0.894288
vn 0.167053 0.415002 0.894353
vn -0.168170 -0.414574 0.894342
vn -0.165574 -0.415790 0.894262
vn -0.000206 0.000079 1.000000
vn 0.180573 0.409265 0.894369
vn 0.183432 0.407938 0.894393
vn -0.184357 -0.407541 0.894384
vn -0.182750 -0.408370 0.894336
vn -0.000124 0.000057 1.000000
vn 0.197276 0.401471 0.894373
vn 0.201278 0.399433 0.894394
vn -0.202881 -0.398657 0.894378
vn -0.199869 -0.400256 0.894342
vn -0.000302 0.000145 1.000000
vn 0.220898 0.389105 0.894316
vn 0.226617 0.385712 0.894355
vn -0.229952 -0.383848 0.894306
vn -0.226627 -0.386059 0.894203
vn -0.000594 0.000338 1.000000
vn 0.260818 0.364133 0.894081
vn 0.272416 0.355301 0.894176
vn -0.277692 -0.351643 0.893999
vn -0.270642 -0.357919 0.893670
vn -0.000933 0.000648 0.999999
vn 0.328887 0.306642 0.893199
vn 0.344272 0.288055 0.893589
vn -0.357253 -0.274609 0.892726
vn -0.351058 -0.286467 0.891457
vn -0.002366 0.002460 0.999994
vn 0.400594 0.208021 0.892329
vn 0.411605 0.182007 0.893003
vn -0.422896 -0.161926 0.891593
vn -0.429108 -0.167790 0.887532
vn -0.001629 0.003113 0.999994
vn 0.442178 0.090224 0.892378
vn 0.445266 0.064699 0.893058
vn -0.449578 -0.047479 0.891978
vn -0.456991 -0.050101 0.888059
vn -0.000501 0.002437 0.999997
vn 0.450090 -0.013179 0.892886
vn 0.448098 -0.030618 0.893460
vn -0.448143 0.043954 0.892881
vn -0.452768 0.043544 0.890564
vn 0.000057 0.001853 0.999998
vn 0.440999 -0.081554 0.893794
vn 0.438328 -0.092696 0.894022
vn -0.437354 0.099228 0.893798
vn -0.439313 0.100320 0.892715
vn 0.000131 0.000710 1.000000
vn 0.429393 -0.127123 0.894126
vn 0.426844 -0.134669 0.894242
vn -0.425939 0.137969 0.894170
vn -0.427572 0.134894 0.893860
vn 0.000132 0.000450 1.000000
vn 0.417707 -0.160879 0.894225
vn 0.415422 -0.166258 0.894306
vn -0.414733 0.168151 0.894272
vn -0.416178 0.165496 0.894096
vn 0.000094 0.000244 1.000000
vn 0.408898 -0.181631 0.894322
vn 0.408043 -0.183315 0.894369
vn -0.407811 0.183867 0.894362
vn -0.408138 0.183534 0.894281
vn 0.000013 0.000025 1.000000
vn 0.407522 -0.184251 0.894415
vn 0.408054 -0.183042 0.894420
vn -0.407965 0.183239 0.894421
vn -0.407353 0.184619 0.894415
vn 0.000015 0.000034 1.000000
vn 0.411591 -0.175018 0.894406
vn 0.412343 -0.173189 0.894416
vn -0.412172 0.173591 0.894416
vn -0.411307 0.175667 0.894409
vn 0.000034 0.000075 1.000000
vn 0.417016 -0.161791 0.894383
vn 0.417838 -0.159552 0.894402
vn -0.417559 0.160250 0.894407
vn -0.416515 0.163019 0.894394
vn 0.000051 0.000123 1.000000
vn 0.427597 -0.132639 0.894186
vn 0.429852 -0.124583 0.894263
vn -0.428929 0.127377 0.894313
vn -0.426158 0.136649 0.894269
vn 0.000190 0.000565 1.000000
vn 0.445995 -0.058900 0.893095
vn 0.446352 -0.046701 0.893638
vn -0.444573 0.056486 0.893960
vn -0.442466 0.073963 0.893730
vn 0.000341 0.001865 0.999998
vn 0.451211 0.041922 0.891432
vn 0.447270 0.048498 0.893083
vn -0.447356 -0.036665 0.893604
vn -0.449417 -0.017011 0.893160
vn -0.000055 0.001822 0.999998
vn 0.433647 0.129580 0.891717
vn 0.428926 0.134749 0.893233
vn -0.430973 -0.125044 0.893659
vn -0.436512 -0.107676 0.893232
vn -0.000339 0.001417 0.999999
vn 0.405742 0.196823 0.892544
vn 0.402784 0.198026 0.893616
vn -0.405978 -0.190195 0.893872
vn -0.411604 -0.179501 0.893511
vn -0.000488 0.001122 0.999999
vn 0.385395 0.229839 0.893670
vn 0.385218 0.228260 0.894150
vn -0.386721 -0.225378 0.894232
vn -0.390088 -0.219982 0.894114
vn -0.000119 0.000205 1.000000
vn 0.376367 0.241983 0.894311
vn 0.375325 0.243368 0.894373
vn -0.375784 -0.242628 0.894382
vn -0.377524 -0.240035 0.894348
vn -0.000054 0.000085 1.000000
vn 0.369748 0.251717 0.894385
vn 0.369199 0.252445 0.894407
vn -0.369354 -0.252214 0.894408
vn -0.370205 -0.251018 0.894393
vn -0.000012 0.000018 1.000000
vn 0.365849 0.257246 0.894416
vn 0.365238 0.258092 0.894422
vn -0.365295 -0.258009 0.894422
vn -0.365982 -0.257051 0.894417
vn -0.000007 0.000011 1.000000
vn 0.362015 0.262606 0.894418
vn 0.361396 0.263440 0.894423
vn -0.361445 -0.263374 0.894422
vn -0.362111 -0.262468 0.894419
vn -0.000010 0.000009 1.000000
vn 0.359561 0.265947 0.894421
vn 0.359622 0.265852 0.894424
vn -0.359638 -0.265833 0.894423
vn -0.359616 -0.265872 0.894421
vn -0.000000 0.000000 1.000000
vn 0.361238 0.263650 0.894425
vn 0.361988 0.262621 0.894424
vn -0.362034 -0.262555 0.894425
vn -0.361296 -0.263574 0.894424
vn -0.000010 0.000014 1.000000
vn 0.366246 0.256686 0.894414
vn 0.367329 0.255113 0.894420
vn -0.367507 -0.254864 0.894418
vn -0.366513 -0.256309 0.894412
vn -0.000036 0.000051 1.000000
vn 0.372780 0.247137 0.894404
vn 0.374082 0.245130 0.894412
vn -0.374363 -0.244709 0.894410
vn -0.373300 -0.246376 0.894397
vn -0.000049 0.000075 1.000000
vn 0.380890 0.234508 0.894388
vn 0.382696 0.231491 0.894403
vn -0.383235 -0.230621 0.894396
vn -0.381795 -0.233084 0.894374
vn -0.000102 0.000161 1.000000
vn 0.391488 0.216486 0.894355
vn 0.393745 0.212239 0.894382
vn -0.394662 -0.210605 0.894364
vn -0.393132 -0.213671 0.894311
vn -0.000164 0.000291 1.000000
vn 0.408092 0.184025 0.894201
vn 0.412492 0.173608 0.894266
vn -0.414253 -0.169811 0.894180
vn -0.411178 -0.177908 0.894026
vn -0.000332 0.000716 1.000000
vn 0.433486 0.116535 0.893594
vn 0.437619 0.097439 0.893865
vn -0.441133 -0.085097 0.893398
vn -0.440097 -0.097360 0.892656
vn -0.000656 0.002303 0.999997
vn 0.449887 0.016533 0.892933
vn 0.449151 -0.006700 0.893431
vn -0.450248 0.023462 0.892595
vn -0.455107 0.017671 0.890262
vn -0.000114 0.002629 0.999997
vn 0.441181 -0.090181 0.892875
vn 0.435113 -0.111866 0.893399
vn -0.432651 0.126551 0.892635
vn -0.438682 0.123578 0.890105
vn 0.000428 0.002149 0.999998
vn 0.413220 -0.177483 0.893168
vn 0.406277 -0.190629 0.893644
vn -0.402741 0.199773 0.893247
vn -0.406271 0.200652 0.891450
vn 0.000500 0.001164 0.999999
vn 0.387013 -0.225865 0.893983
vn 0.382990 -0.231957 0.894156
vn -0.381383 0.234973 0.894055
vn -0.382196 0.235909 0.893461
vn 0.000131 0.000224 1.000000
vn 0.370775 -0.250489 0.894305
vn 0.368108 -0.254218 0.894354
vn -0.367406 0.255285 0.894339
vn -0.369258 0.252919 0.894249
vn 0.000102 0.000149 1.000000
vn 0.357780 -0.268604 0.894341
vn 0.355558 -0.271419 0.894377
vn -0.355063 0.272093 0.894369
vn -0.356673 0.270178 0.894309
vn 0.000069 0.000090 1.000000
vn 0.347601 -0.281542 0.894375
vn 0.346238 -0.283145 0.894398
vn -0.345998 0.283446 0.894396
vn -0.346968 0.282365 0.894362
vn 0.000026 0.000031 1.000000
vn 0.341666 -0.288610 0.894409
vn 0.341045 -0.289319 0.894417
vn -0.340973 0.289406 0.894417
vn -0.341451 0.288872 0.894407
vn 0.000007 0.000006 1.000000
vn 0.338655 -0.292096 0.894423
vn 0.338264 -0.292545 0.894424
vn -0.338241 0.292571 0.894425
vn -0.338601 0.292161 0.894422
vn 0.000003 0.000003 1.000000
vn 0.336765 -0.294266 0.894425
vn 0.336568 -0.294489 0.894426
vn -0.336561 0.294498 0.894426
vn -0.336743 0.294292 0.894425
vn 0.000000 0.000000 1.000000
vn 0.335785 -0.295379 0.894427
vn 0.335675 -0.295505 0.894427
vn -0.335673 0.295506 0.894427
vn -0.335781 0.295384 0.894427
vn 0.000001 -0.000000 1.000000
vn 0.335273 -0.295959 0.894427
vn 0.335236 -0.296002 0.894427
vn -0.335236 0.296002 0.894427
vn -0.335273 0.295960 0.894427
vn -0.000001 0.000000 1.000000
vn 0.335293 -0.295938 0.894427
vn 0.335377 -0.295841 0.894427
vn -0.335377 0.295842 0.894427
vn -0.335292 0.295937 0.894427
vn -0.000001 0.000001 1.000000
vn 0.336052 -0.295076 0.894427
vn 0.336261 -0.294837 0.894427
vn -0.336260 0.294838 0.894427
vn -0.336050 0.295077 0.894427
vn -0.000000 0.000000 1.000000
vn 0.330284 -0.301652 0.894382
vn 0.326736 -0.305458 0.894393
vn -0.326369 0.305863 0.894388
vn -0.329849 0.302146 0.894376
vn 0.000081 0.000091 1.000000
vn 0.300401 -0.332237 0.894079
vn 0.290975 -0.340225 0.894193
vn -0.288595 0.342429 0.894123
vn -0.297169 0.335442 0.893963
vn 0.000490 0.000459 1.000000
vn 0.244538 -0.376523 0.893550
vn 0.231689 -0.383780 0.893887
vn -0.227719 0.386515 0.893728
vn -0.237237 0.382231 0.893095
vn 0.000670 0.000449 1.000000
vn 0.175841 -0.413364 0.893426
vn 0.161312 -0.418424 0.893812
vn -0.156650 0.420581 0.893629
vn -0.166755 0.418311 0.892865
vn 0.000755 0.000333 1.000000
vn 0.108286 -0.435762 0.893524
vn 0.097136 -0.437612 0.893902
vn -0.091194 0.439221 0.893739
vn -0.097102 0.439468 0.892995
vn 0.000975 0.000248 0.999999
vn 0.063110 -0.443464 0.894068
vn 0.057111 -0.443988 0.894211
vn -0.054562 0.444446 0.894143
vn -0.054727 0.445289 0.893713
vn 0.000177 0.000025 1.000000
vn 0.045176 -0.445145 0.894318
vn 0.044612 -0.445140 0.894349
vn -0.043979 0.445217 0.894342
vn -0.043260 0.445398 0.894287
vn 0.000000 0.000000 1.000000
vn -0.217998 -0.682993 0.697135
vn -0.501079 -0.176903 0.847128
vn -0.483187 -0.089576 0.870923
vn 0.282407 -0.475119 0.833372
vn 0.249728 -0.539658 0.803993
vn -0.082458 -0.257742 0.962689
vn -0.372376 0.252555 0.893058
vn -0.357670 0.271607 0.893477
vn 0.345613 -0.290421 0.892304
vn 0.348677 -0.298143 0.888558
vn -0.001803 -0.002653 0.999995
vn -0.313803 0.321911 0.893253
vn -0.303339 0.330663 0.893671
vn 0.297455 -0.337116 0.893238
vn 0.294958 -0.346065 0.890640
vn -0.000496 -0.000477 1.000000
vn -0.283750 0.346363 0.894158
vn -0.282487 0.347094 0.894274
vn 0.281570 -0.347905 0.894248
vn 0.280003 -0.349821 0.893993
vn 0.000001 -0.000001 1.000000
vn -0.280888 0.347999 0.894426
vn -0.280349 0.348432 0.894427
vn 0.280331 -0.348447 0.894427
vn 0.280866 -0.348016 0.894427
vn -0.000004 -0.000004 1.000000
vn -0.276511 0.351500 0.894421
vn -0.275343 0.352411 0.894423
vn 0.275253 -0.352483 0.894423
vn 0.276382 -0.351604 0.894421
vn -0.000019 -0.000015 1.000000
vn -0.269737 0.356745 0.894413
vn -0.268569 0.357611 0.894419
vn 0.268488 -0.357672 0.894419
vn 0.269548 -0.356893 0.894411
vn -0.000011 -0.000007 1.000000
vn -0.264251 0.360818 0.894417
vn -0.263725 0.361192 0.894421
vn 0.263696 -0.361213 0.894421
vn 0.264165 -0.360884 0.894416
vn -0.000003 -0.000001 1.000000
vn -0.261798 0.362582 0.894425
vn -0.261571 0.362743 0.894426
vn 0.261566 -0.362746 0.894426
vn 0.261781 -0.362595 0.894425
vn -0.000000 0.000000 1.000000
vn -0.260972 0.363173 0.894427
vn -0.261001 0.363151 0.894427
vn 0.261001 -0.363151 0.894427
vn 0.260969 -0.363175 0.894427
vn 0.000000 -0.000001 1.000000
vn -0.255725 0.366933 0.894407
vn -0.252863 0.368899 0.894413
vn 0.252470 -0.369174 0.894410
vn 0.255255 -0.367268 0.894404
vn -0.000088 -0.000061 1.000000
vn -0.232851 0.382139 0.894288
vn -0.226024 0.386110 0.894333
vn 0.223862 -0.387447 0.894299
vn 0.229807 -0.384118 0.894227
vn -0.000439 -0.000274 1.000000
vn -0.194209 0.403570 0.894100
vn -0.185851 0.407212 0.894224
vn 0.182749 -0.408770 0.894153
vn 0.188179 -0.406888 0.893885
vn -0.000503 -0.000247 1.000000
vn -0.150915 0.421721 0.894078
vn -0.141958 0.424541 0.894211
vn 0.138553 -0.425827 0.894133
vn 0.144177 -0.424578 0.893838
vn -0.000545 -0.000200 1.000000
vn -0.092577 0.438724 0.893840
vn -0.072374 0.442315 0.893935
vn -0.944094 -0.194963 0.265848
vn 0.148783 -0.425392 0.892695
vn -0.121329 0.207514 0.970679
vn 0.013248 0.448254 0.893808
vn 0.049599 0.445509 0.893903
vn -0.997925 0.055627 -0.032436
vn -0.197027 0.441764 -0.875229
vn -0.099018 0.021308 0.994857
vn 0.136314 0.427368 0.893742
vn 0.164535 0.417030 0.893876
vn -0.440653 -0.329511 0.835013
vn -0.275561 0.510446 -0.814562
vn -0.018190 0.007193 0.999809
vn 0.233888 0.382319 0.893940
vn 0.257718 0.366663 0.893946
vn -0.834555 0.443041 0.327463
vn 0.096648 0.446485 -0.889556
vn 0.008941 0.243616 0.969831
vn 0.334533 0.298806 0.893757
vn 0.361019 0.265961 0.893829
vn -0.711539 0.200547 0.673419
vn -0.452691 0.779726 -0.432548
vn -0.004597 0.005596 0.999974
vn 0.417188 0.172992 0.892204
vn 0.425404 0.147687 0.892872
vn -0.436420 -0.124904 0.891031
vn -0.470311 -0.092637 0.877625
vn -0.000973 0.002464 0.999996
vn 0.443664 0.072135 0.893285
vn 0.445910 0.050574 0.893648
vn -0.449435 -0.031508 0.892757
vn -0.454179 -0.032649 0.890312
vn -0.000476 0.002886 0.999996
vn 0.448874 -0.025413 0.893234
vn 0.446389 -0.046824 0.893613
vn -0.445835 0.064954 0.892756
vn -0.451030 0.066419 0.890034
vn 0.000148 0.002630 0.999997
vn 0.435718 -0.109322 0.893419
vn 0.431387 -0.122729 0.893780
vn -0.429234 0.132852 0.893369
vn -0.431864 0.137616 0.891378
vn 0.000298 0.001166 0.999999
vn 0.420119 -0.155224 0.894095
vn 0.417849 -0.160520 0.894224
vn -0.416956 0.163238 0.894148
vn -0.417271 0.165054 0.893668
vn 0.000056 0.000151 1.000000
vn 0.410956 -0.176759 0.894355
vn 0.409283 -0.180456 0.894384
vn -0.408843 0.181502 0.894374
vn -0.410142 0.178788 0.894326
vn 0.000073 0.000173 1.000000
vn 0.401727 -0.196883 0.894345
vn 0.399704 -0.200812 0.894378
vn -0.399129 0.202012 0.894364
vn -0.400661 0.199214 0.894307
vn 0.000096 0.000196 1.000000
vn 0.388348 -0.222325 0.894292
vn 0.384645 -0.228493 0.894337
vn -0.383981 0.229690 0.894316
vn -0.387065 0.224786 0.894233
vn 0.000108 0.000189 1.000000
vn 0.364718 -0.259986 0.894085
vn 0.358647 -0.267870 0.894213
vn -0.357310 0.269804 0.894168
vn -0.362596 0.263304 0.893977
vn 0.000249 0.000359 1.000000
vn 0.330441 -0.302907 0.893899
vn 0.322984 -0.310240 0.894110
vn -0.321183 0.312299 0.894042
vn -0.327009 0.307224 0.893688
vn 0.000291 0.000325 1.000000
vn 0.290713 -0.341200 0.893906
vn 0.282621 -0.347394 0.894115
vn -0.280686 0.349127 0.894050
vn -0.286901 0.344946 0.893700
vn 0.000306 0.000267 1.000000
vn 0.249464 -0.372297 0.893959
vn 0.241620 -0.376976 0.894153
vn -0.238605 0.379062 0.894080
vn -0.244255 0.376219 0.893755
vn 0.000532 0.000362 1.000000
vn 0.211393 -0.394831 0.894104
vn 0.204426 -0.398198 0.894231
vn -0.201891 0.399627 0.894169
vn -0.205536 0.398437 0.893870
vn 0.000342 0.000187 1.000000
vn 0.179837 -0.409901 0.894226
vn 0.174751 -0.411915 0.894309
vn -0.173286 0.412592 0.894282
vn -0.176305 0.411658 0.894122
vn 0.000187 0.000083 1.000000
vn 0.157095 -0.418942 0.894320
vn 0.153957 -0.420007 0.894366
vn -0.153292 0.420269 0.894358
vn -0.155345 0.419672 0.894284
vn 0.000073 0.000028 1.000000
vn 0.112283 -0.434117 0.893831
vn 0.091528 -0.438682 0.893969
vn -0.075471 0.443051 0.893314
vn -0.091367 0.440857 0.892915
vn 0.003233 0.000913 0.999994
vn -0.022845 -0.451985 0.891733
vn -0.063978 -0.446685 0.892401
vn 0.134371 0.444602 0.885592
vn 0.145764 0.457697 0.877078
vn 0.010195 -0.000457 0.999948
vn -0.151981 -0.434131 0.887937
vn -0.168111 -0.426360 0.888795
vn 0.200436 0.419587 0.885309
vn 0.316111 0.415451 0.852921
vn -0.000000 0.000000 1.000000
vn 0.392995 0.831069 0.393547
vn 0.559177 0.262878 0.786267
vn 0.520021 0.125251 0.844920
vn 0.276718 0.882635 0.379978
vn 0.579101 0.651628 -0.489921
vn 0.249764 0.451034 0.856847
vn 0.276488 -0.356030 0.892635
vn 0.227774 -0.389017 0.892628
vn 0.722044 0.644752 0.250893
vn 0.568991 -0.034671 -0.821613
vn 0.212534 -0.097416 0.972286
vn 0.081541 -0.444102 0.892258
vn 0.026553 -0.449838 0.892715
vn 0.518506 0.508389 0.687526
vn 0.988034 0.135321 -0.074009
vn 0.006995 0.000595 0.999975
vn -0.078217 -0.444181 0.892517
vn -0.097036 -0.439235 0.893116
vn 0.113131 0.437805 0.891924
vn 0.163837 0.445709 0.880057
vn 0.000905 -0.000179 1.000000
vn -0.142551 -0.424821 0.893984
vn -0.153070 -0.420802 0.894145
vn 0.158631 0.419051 0.893998
vn 0.154225 0.421729 0.893509
vn 0.000859 -0.000284 1.000000
vn -0.192737 -0.404505 0.893996
vn -0.202336 -0.399435 0.894154
vn 0.207257 0.397207 0.894020
vn 0.203355 0.400269 0.893550
vn 0.000743 -0.000353 1.000000
vn -0.251025 -0.371727 0.893759
vn -0.269342 -0.358377 0.893880
vn 0.524892 0.122291 0.842338
vn 0.212230 0.397740 0.892615
vn 0.102629 -0.103719 0.989298
vn -0.340981 -0.291893 0.893605
vn -0.366893 -0.258515 0.893622
vn 0.715362 -0.611553 0.338024
vn 0.015864 -0.604182 -0.796689
vn -0.001528 -0.239811 0.970818
vn -0.420815 -0.157878 0.893303
vn -0.433286 -0.117908 0.893510
vn 0.581169 -0.651521 0.487609
vn -0.171686 -0.625424 -0.761163
vn 0.011691 -0.049088 0.998726
vn -0.448667 -0.013961 0.893590
vn -0.448130 0.024000 0.893646
vn 0.369661 -0.534290 0.760188
vn -0.406102 -0.289674 -0.866701
vn -0.046636 -0.165851 0.985047
vn -0.434593 0.113780 0.893411
vn -0.425809 0.141762 0.893639
vn -0.307796 -0.900367 -0.307574
vn -0.506601 -0.376237 -0.775759
vn -0.242227 0.013961 0.970119
vn -0.411272 0.177738 0.894016
vn -0.407654 0.185215 0.894155
vn 0.267553 -0.463436 0.844774
vn -0.542349 -0.178582 -0.820954
vn -0.000165 -0.000367 1.000000
vn -0.404381 0.191224 0.894377
vn -0.401229 0.197638 0.894402
vn 0.393903 -0.212488 0.894254
vn 0.394964 -0.211314 0.894064
vn -0.001462 -0.003046 0.999994
vn -0.386678 0.225182 0.894300
vn -0.379147 0.237714 0.894281
vn -0.551576 -0.828831 0.093827
vn -0.409353 0.178182 -0.894808
vn -0.215146 0.110606 0.970298
vn -0.346866 0.282956 0.894215
vn -0.332718 0.299306 0.894268
vn 0.173636 -0.479866 0.859988
vn -0.516859 0.040586 -0.855108
vn -0.000932 -0.001077 0.999999
vn -0.306700 0.326601 0.894017
vn -0.304239 0.328451 0.894180
vn 0.302477 -0.330268 0.894109
vn 0.299132 -0.334878 0.893519
vn -0.000000 -0.000003 1.000000
vn -0.301702 0.330118 0.894426
vn -0.301364 0.330424 0.894427
vn 0.301354 -0.330434 0.894427
vn 0.301683 -0.330134 0.894427
vn -0.000002 -0.000003 1.000000
vn -0.299633 0.331998 0.894426
vn -0.299256 0.332336 0.894427
vn 0.299241 -0.332349 0.894427
vn 0.299604 -0.332022 0.894427
vn -0.000001 -0.000005 1.000000
vn -0.276816 0.352169 0.894064
vn -0.260886 0.364084 0.894081
vn 0.054543 -0.488739 0.870723
vn 0.317322 -0.316000 0.894120
vn -0.085991 -0.052728 0.994900
vn -0.174805 0.413442 0.893593
vn -0.132932 0.428946 0.893496
vn -0.928837 -0.368642 -0.036943
vn -0.510832 0.211478 -0.833264
vn -0.129809 0.198986 0.971367
vn -0.005704 0.449980 0.893021
vn 0.043524 0.447299 0.893325
vn -0.997247 0.044800 -0.059094
vn -0.235012 0.432781 -0.870328
vn -0.112784 0.025938 0.993281
vn 0.159612 0.419845 0.893451
vn 0.198422 0.402798 0.893523
vn -0.842667 0.055075 0.535611
vn -0.257001 0.516671 -0.816702
vn -0.143036 0.173376 0.974413
vn 0.296756 0.337295 0.893403
vn 0.327188 0.307373 0.893572
vn -0.637665 -0.040471 0.769250
vn -0.814099 0.450147 0.366893
vn -0.004046 0.003990 0.999984
vn 0.384742 0.234337 0.892782
vn 0.393422 0.217303 0.893308
vn -0.402274 -0.204774 0.892325
vn -0.427386 -0.185567 0.884820
vn -0.000609 0.001034 0.999999
vn 0.407001 0.188500 0.893766
vn 0.408048 0.185520 0.893912
vn -0.410006 -0.181741 0.893793
vn -0.413650 -0.176508 0.893162
vn 0.000000 0.000000 1.000000
vn 0.000491 -0.553337 0.832957
vn -0.431042 -0.264958 0.862554
vn -0.436937 -0.211605 0.874248
vn 0.437244 -0.211537 0.874111
vn 0.431442 -0.264767 0.862413
vn 0.000174 -0.195839 0.980636
vn -0.447214 0.000692 0.894427
vn -0.447213 0.000940 0.894427
vn 0.447213 -0.000942 0.894427
vn 0.447214 -0.000695 0.894427
vn 0.000000 -0.000001 1.000000
vn -0.447225 -0.004926 0.894408
vn -0.447173 -0.007918 0.894412
vn 0.447178 0.007264 0.894416
vn 0.447225 0.004134 0.894412
vn 0.000000 -0.000145 1.000000
vn -0.446290 -0.034240 0.894233
vn -0.445664 -0.040075 0.894303
vn 0.445892 0.036242 0.894353
vn 0.446506 0.028759 0.894318
vn 0.000043 -0.000763 1.000000
vn -0.441004 -0.081192 0.893825
vn -0.439644 -0.084990 0.894142
vn 0.440482 0.079255 0.894256
vn 0.442242 0.069934 0.894165
vn 0.000141 -0.000926 1.000000
vn -0.429812 -0.128920 0.893667
vn -0.427986 -0.132091 0.894081
vn 0.429641 0.125567 0.894227
vn 0.432627 0.115674 0.894122
vn 0.000270 -0.001027 0.999999
vn -0.388501 -0.238730 0.889986
vn -0.392010 -0.224293 0.892200
vn 0.408046 0.184519 0.894120
vn 0.414758 0.169581 0.893990
vn 0.001746 -0.004305 0.999989
vn -0.247211 -0.484546 0.839108
vn -0.312020 -0.334192 0.889359
vn 0.357906 0.270346 0.893765
vn 0.374307 0.247724 0.893603
vn 0.008449 -0.012252 0.999889
vn 0.517941 0.038246 -0.854561
vn -0.187084 -0.427024 0.884675
vn 0.265140 0.362641 0.893416
vn 0.293224 0.340865 0.893214
vn 0.013748 -0.010795 0.999847
vn 0.529523 0.166986 -0.831698
vn -0.037682 -0.470465 0.881614
vn 0.143943 0.425618 0.893381
vn 0.177204 0.413363 0.893157
vn 0.012507 -0.004718 0.999911
vn 0.343580 -0.504292 0.792239
vn 0.006804 -0.454714 0.890611
vn 0.032390 0.447828 0.893533
vn 0.057971 0.445763 0.893272
vn 0.002993 -0.000297 0.999995
vn 0.056263 -0.449452 0.891531
vn 0.043616 -0.446551 0.893694
vn -0.034666 0.446669 0.894028
vn -0.022946 0.447810 0.893834
vn 0.000777 0.000045 1.000000
vn 0.079992 -0.441151 0.893861
vn 0.083274 -0.439926 0.894165
vn -0.077706 0.440726 0.894272
vn -0.068834 0.442367 0.894189
vn 0.000884 0.000135 1.000000
vn 0.124361 -0.430969 0.893756
vn 0.127216 -0.429371 0.894123
vn -0.121107 0.430867 0.894252
vn -0.111854 0.433550 0.894160
vn 0.000955 0.000242 1.000000
vn 0.157172 -0.419847 0.893882
vn 0.156490 -0.419380 0.894221
vn -0.154292 0.420074 0.894277
vn -0.149187 0.422110 0.894185
vn 0.000117 0.000040 1.000000
vn 0.164643 -0.415961 0.894354
vn 0.163851 -0.416191 0.894393
vn -0.163636 0.416270 0.894395
vn -0.163800 0.416268 0.894366
vn 0.000002 0.000001 1.000000
vn 0.162510 -0.416644 0.894426
vn 0.162535 -0.416633 0.894427
vn -0.162532 0.416635 0.894426
vn -0.162497 0.416649 0.894426
vn -0.000000 0.000001 1.000000
vn 0.163625 -0.416206 0.894427
vn 0.164120 -0.416011 0.894427
vn -0.164108 0.416016 0.894427
vn -0.163611 0.416213 0.894426
vn 0.000002 0.000001 1.000000
vn 0.167518 -0.414661 0.894424
vn 0.168439 -0.414285 0.894425
vn -0.168385 0.414306 0.894425
vn -0.167439 0.414693 0.894424
vn 0.000011 0.000004 1.000000
vn 0.172550 -0.412599 0.894421
vn 0.173154 -0.412340 0.894423
vn -0.173111 0.412358 0.894424
vn -0.172442 0.412643 0.894421
vn 0.000005 0.000003 1.000000
vn 0.175017 -0.411550 0.894425
vn 0.174977 -0.411564 0.894426
vn -0.174968 0.411569 0.894426
vn -0.174980 0.411567 0.894424
vn -0.000000 0.000001 1.000000
vn 0.173634 -0.412132 0.894427
vn 0.172992 -0.412401 0.894427
vn -0.172969 0.412411 0.894427
vn -0.173606 0.412145 0.894426
vn 0.000005 0.000003 1.000000
vn 0.167072 -0.414858 0.894416
vn 0.164799 -0.415759 0.894419
vn -0.163981 0.416088 0.894416
vn -0.166050 0.415277 0.894412
vn 0.000176 0.000073 1.000000
vn 0.152002 -0.420680 0.894385
vn 0.147839 -0.422129 0.894400
vn -0.145206 0.423090 0.894377
vn -0.147798 0.422273 0.894338
vn 0.000482 0.000177 1.000000
vn 0.129880 -0.428100 0.894350
vn 0.124551 -0.429627 0.894375
vn -0.120538 0.430869 0.894328
vn -0.122106 0.430671 0.894210
vn 0.000639 0.000194 1.000000
vn 0.103768 -0.435205 0.894331
vn 0.097520 -0.436583 0.894363
vn -0.092067 0.437916 0.894289
vn -0.093036 0.438075 0.894111
vn 0.000846 0.000200 1.000000
vn 0.054919 -0.444641 0.894024
vn 0.034354 -0.446853 0.893948
vn -0.720564 -0.626394 0.297353
vn -0.123182 0.433152 0.892864
vn 0.019190 -0.242696 0.969912
vn -0.060054 -0.444200 0.893913
vn -0.101319 -0.436500 0.893981
vn 0.016670 -0.456482 -0.889576
vn -0.002357 -0.449475 -0.893290
vn -0.055009 -0.236482 0.970077
vn -0.196474 -0.403591 0.893595
vn -0.226233 -0.386976 0.893906
vn 0.882561 -0.470118 -0.008737
vn -0.126118 -0.436106 -0.891014
vn 0.023311 -0.014666 0.999621
vn -0.277867 -0.351159 0.894135
vn -0.290923 -0.340259 0.894197
vn 0.364026 0.284319 0.886932
vn -0.104188 -0.471363 -0.875764
vn 0.004437 -0.003756 0.999983
vn -0.335028 -0.297609 0.893972
vn -0.352037 -0.278352 0.893639
vn -0.724496 0.686593 0.060788
vn -0.302982 -0.323034 -0.896577
vn -0.204128 -0.137521 0.969237
vn -0.409791 -0.182219 0.893794
vn -0.426690 -0.135874 0.894133
vn -0.407545 -0.189161 -0.893378
vn -0.396224 -0.210568 -0.893682
vn -0.239547 -0.051420 0.969522
vn -0.448299 -0.023335 0.893579
vn -0.447759 0.014581 0.894035
vn -0.448069 -0.121397 -0.885718
vn -0.445529 -0.065636 -0.892858
vn -0.241220 -0.013421 0.970378
vn -0.438365 0.091080 0.894170
vn -0.432826 0.114325 0.894199
vn -0.460479 -0.044775 -0.886541
vn -0.452708 0.009704 -0.891606
vn -0.237343 0.047055 0.970286
vn -0.412108 0.174863 0.894198
vn -0.401945 0.196882 0.894247
vn -0.438429 -0.897431 -0.048959
vn -0.437081 0.110895 -0.892559
vn -0.020860 -0.039126 0.999017
vn -0.375166 0.244567 0.894113
vn -0.365773 0.258152 0.894185
vn 0.289742 -0.377383 0.879563
vn -0.530586 -0.038684 -0.846748
vn -0.002021 -0.002879 0.999994
vn -0.345953 0.283753 0.894316
vn -0.340257 0.290482 0.894341
vn 0.314463 -0.321585 0.893138
vn 0.126278 -0.526026 0.841041
vn -0.001257 -0.001501 0.999998
vn -0.325136 0.307291 0.894348
vn -0.320523 0.312043 0.894368
vn 0.312314 -0.320798 0.894175
vn 0.273639 -0.365367 0.889735
vn -0.000814 -0.000853 0.999999
vn -0.306016 0.326296 0.894363
vn -0.301761 0.330190 0.894380
vn 0.299902 -0.332018 0.894328
vn 0.295184 -0.337372 0.893894
vn -0.000079 -0.000074 1.000000
vn -0.285250 0.344732 0.894311
vn -0.281168 0.347950 0.894358
vn 0.280458 -0.348550 0.894347
vn 0.283993 -0.345839 0.894284
vn -0.000124 -0.000106 1.000000
vn -0.261410 0.363254 0.894266
vn -0.256455 0.366612 0.894330
vn 0.255461 -0.367345 0.894314
vn 0.259585 -0.364672 0.894220
vn -0.000170 -0.000124 1.000000
vn -0.233126 0.382116 0.894226
vn -0.227295 0.385427 0.894306
vn 0.226001 -0.386241 0.894282
vn 0.230712 -0.383731 0.894160
vn -0.000218 -0.000136 1.000000
vn -0.205669 0.397554 0.894232
vn -0.202010 0.399234 0.894318
vn 0.201385 -0.399578 0.894305
vn 0.203808 -0.398644 0.894173
vn -0.000051 -0.000026 1.000000
vn -0.192378 0.403851 0.894369
vn -0.192046 0.403945 0.894397
vn 0.191954 -0.403991 0.894396
vn 0.192014 -0.404038 0.894362
vn -0.000000 -0.000000 1.000000
vn -0.191480 0.404148 0.894427
vn -0.191494 0.404141 0.894427
vn 0.191494 -0.404141 0.894427
vn 0.191479 -0.404149 0.894427
vn 0.000000 -0.000000 1.000000
vn -0.191961 0.403921 0.894427
vn -0.192170 0.403820 0.894427
vn 0.192169 -0.403821 0.894427
vn 0.191959 -0.403921 0.894427
vn -0.000000 -0.000001 1.000000
vn -0.189756 0.404972 0.894421
vn -0.188157 0.405714 0.894423
vn 0.187967 -0.405804 0.894423
vn 0.189527 -0.405081 0.894421
vn -0.000042 -0.000020 1.000000
vn -0.176482 0.411006 0.894387
vn -0.172499 0.412665 0.894400
vn 0.171329 -0.413173 0.894390
vn 0.174856 -0.411735 0.894371
vn -0.000241 -0.000104 1.000000
vn -0.153830 0.420140 0.894326
vn -0.149080 0.421766 0.894365
vn 0.147402 -0.422398 0.894345
vn 0.150560 -0.421449 0.894266
vn -0.000273 -0.000101 1.000000
vn -0.128921 0.428459 0.894317
vn -0.123836 0.429868 0.894359
vn 0.121966 -0.430450 0.894336
vn 0.125248 -0.429691 0.894247
vn -0.000302 -0.000092 1.000000
vn -0.090822 0.438437 0.894162
vn -0.078644 0.440628 0.894238
vn 0.073300 -0.441791 0.894118
vn 0.082721 -0.440485 0.893941
vn -0.001040 -0.000230 0.999999
vn -0.011692 0.449051 0.893430
vn 0.011213 0.448452 0.893736
vn -0.032155 -0.449286 0.892809
vn -0.021256 -0.452237 0.891645
vn -0.003742 -0.000148 0.999993
vn 0.102674 0.438932 0.892635
vn 0.128687 0.430872 0.893190
vn -0.153781 -0.425741 0.891681
vn -0.158871 -0.433154 0.887208
vn -0.003670 0.000859 0.999993
vn 0.212562 0.397353 0.892708
vn 0.233283 0.384274 0.893260
vn -0.250428 -0.375935 0.892165
vn -0.257201 -0.381076 0.888048
vn -0.002298 0.001232 0.999997
vn 0.292092 0.342008 0.893148
vn 0.304305 0.329936 0.893611
vn -0.319821 -0.317133 0.892828
vn -0.326148 -0.317610 0.890366
vn -0.002079 0.001793 0.999996
vn 0.338750 0.293559 0.893908
vn 0.346854 0.283425 0.894071
vn -0.354418 -0.275119 0.893699
vn -0.363441 -0.269607 0.891752
vn -0.000843 0.000984 0.999999
vn 0.369343 0.253215 0.894129
vn 0.374395 0.245314 0.894231
vn -0.378076 -0.240137 0.894088
vn -0.378862 -0.240944 0.893538
vn -0.000482 0.000702 1.000000
vn 0.389972 0.219761 0.894219
vn 0.393246 0.213529 0.894295
vn -0.395178 -0.210231 0.894224
vn -0.394993 -0.211804 0.893935
vn -0.000245 0.000434 1.000000
vn 0.405820 0.188702 0.894260
vn 0.408799 0.181878 0.894318
vn -0.409693 -0.180050 0.894278
vn -0.408195 -0.184186 0.894121
vn -0.000109 0.000231 1.000000
vn 0.422332 0.148930 0.894123
vn 0.425233 0.139710 0.894236
vn -0.426197 -0.137089 0.894183
vn -0.424091 -0.144602 0.894000
vn -0.000178 0.000486 1.000000
vn 0.437362 0.097833 0.893948
vn 0.439204 0.087319 0.894134
vn -0.440035 -0.083937 0.894049
vn -0.439297 -0.091251 0.893695
vn -0.000129 0.000552 1.000000
vn 0.446216 0.042550 0.893913
vn 0.446726 0.031607 0.894112
vn -0.447150 -0.028005 0.894020
vn -0.447409 -0.035354 0.893630
vn -0.000061 0.000576 1.000000
vn 0.448055 -0.005635 0.893988
vn 0.447549 -0.012151 0.894177
vn -0.447566 0.015589 0.894115
vn -0.448368 0.012800 0.893757
vn 0.000006 0.000517 1.000000
vn 0.446375 -0.030776 0.894317
vn 0.446075 -0.033690 0.894361
vn -0.446017 0.034910 0.894344
vn -0.446254 0.035026 0.894220
vn 0.000005 0.000066 1.000000
vn 0.444957 -0.045487 0.894396
vn 0.444568 -0.048949 0.894407
vn -0.444461 0.050029 0.894400
vn -0.444812 0.047130 0.894383
vn 0.000022 0.000212 1.000000
vn 0.442331 -0.066931 0.894351
vn 0.441448 -0.072196 0.894378
vn -0.441088 0.074659 0.894353
vn -0.441804 0.071043 0.894294
vn 0.000066 0.000450 1.000000
vn 0.439342 -0.084601 0.894327
vn 0.439200 -0.084882 0.894370
vn -0.439060 0.085704 0.894361
vn -0.438805 0.087987 0.894264
vn 0.000000 0.000005 1.000000
vn 0.441930 -0.069675 0.894339
vn 0.442764 -0.063851 0.894362
vn -0.442439 0.065789 0.894382
vn -0.441495 0.072050 0.894366
vn 0.000073 0.000423 1.000000
vn 0.446461 -0.035090 0.894115
vn 0.446355 -0.032102 0.894280
vn -0.446164 0.033881 0.894310
vn -0.445868 0.039426 0.894230
vn 0.000020 0.000226 1.000000
vn 0.447320 -0.012876 0.894281
vn 0.447222 -0.010854 0.894357
vn -0.447183 0.011638 0.894367
vn -0.447175 0.014969 0.894321
vn 0.000004 0.000085 1.000000
vn 0.447304 -0.001178 0.894381
vn 0.447257 -0.000705 0.894405
vn -0.447254 0.000893 0.894407
vn -0.447286 0.001830 0.894389
vn 0.000000 0.000008 1.000000
vn 0.447217 0.001553 0.894424
vn 0.447213 0.001606 0.894426
vn -0.447214 -0.001592 0.894425
vn -0.447217 -0.001495 0.894424
vn 0.000000 -0.000000 1.000000
vn 0.447207 0.002441 0.894427
vn 0.447205 0.002745 0.894427
vn -0.447206 -0.002739 0.894427
vn -0.447207 -0.002434 0.894427
vn 0.000000 0.000002 1.000000
vn 0.447191 0.004896 0.894425
vn 0.447180 0.005499 0.894427
vn -0.447182 -0.005470 0.894426
vn -0.447190 -0.004855 0.894426
vn -0.000001 0.000006 1.000000
vn 0.447219 0.003398 0.894418
vn 0.447223 0.001368 0.894422
vn -0.447225 -0.001234 0.894421
vn -0.447221 -0.003209 0.894418
vn -0.000000 0.000028 1.000000
vn 0.447135 -0.012477 0.894379
vn 0.446966 -0.016661 0.894396
vn -0.446953 0.017223 0.894392
vn -0.447126 0.013291 0.894372
vn 0.000003 0.000114 1.000000
vn 0.446069 -0.034553 0.894331
vn 0.445719 -0.037830 0.894373
vn -0.445689 0.038308 0.894368
vn -0.446018 0.035702 0.894312
vn 0.000005 0.000061 1.000000
vn 0.444457 -0.050488 0.894376
vn 0.444172 -0.052539 0.894400
vn -0.444150 0.052759 0.894398
vn -0.444407 0.051060 0.894369
vn 0.000003 0.000025 1.000000
vn 0.442816 -0.062973 0.894399
vn 0.442409 -0.065617 0.894410
vn -0.442312 0.066319 0.894406
vn -0.442689 0.063948 0.894392
vn 0.000021 0.000145 1.000000
vn 0.440207 -0.079376 0.894381
vn 0.439464 -0.083213 0.894398
vn -0.439201 0.084697 0.894387
vn -0.439794 0.081927 0.894354
vn 0.000046 0.000268 1.000000
vn 0.436380 -0.098415 0.894364
vn 0.435557 -0.101773 0.894389
vn -0.435288 0.103023 0.894377
vn -0.435801 0.101323 0.894321
vn 0.000039 0.000170 1.000000
vn 0.432505 -0.114086 0.894385
vn 0.431776 -0.116681 0.894402
vn -0.431574 0.117478 0.894395
vn -0.432065 0.115924 0.894361
vn 0.000029 0.000109 1.000000
vn 0.425254 -0.139343 0.894283
vn 0.422044 -0.148552 0.894321
vn -0.420791 0.152467 0.894253
vn -0.423672 0.144741 0.894177
vn 0.000255 0.000810 1.000000
vn 0.400626 -0.201990 0.893699
vn 0.390613 -0.219847 0.893918
vn -0.381567 0.238279 0.893101
vn -0.388008 0.231104 0.892211
vn 0.001593 0.003260 0.999993
vn 0.344758 -0.289304 0.892998
vn 0.327332 -0.307632 0.893429
vn -0.310738 0.328325 0.891989
vn -0.312352 0.338019 0.887795
vn 0.002464 0.002927 0.999993
vn 0.264405 -0.364222 0.892990
vn 0.244046 -0.377122 0.893432
vn -0.226606 0.390581 0.892242
vn -0.225284 0.400874 0.888002
vn 0.002480 0.001792 0.999995
vn 0.185278 -0.409524 0.893287
vn 0.171454 -0.414629 0.893693
vn -0.159700 0.420412 0.893168
vn -0.154877 0.427569 0.890617
vn 0.001412 0.000626 0.999999
vn 0.137274 -0.426286 0.894112
vn 0.130310 -0.428230 0.894225
vn -0.126238 0.429681 0.894113
vn -0.123604 0.431774 0.893473
vn 0.000329 0.000106 1.000000
vn 0.105700 -0.434818 0.894293
vn 0.098327 -0.436451 0.894339
vn -0.094003 0.437532 0.894276
vn -0.098624 0.436762 0.894155
vn 0.000786 0.000194 1.000000
vn 0.064598 -0.443032 0.894176
vn 0.054018 -0.444280 0.894258
vn -0.045513 0.445591 0.894079
vn -0.049415 0.445891 0.893722
vn 0.001420 0.000213 0.999999
vn 0.022364 -0.447247 0.894131
vn 0.016021 -0.447299 0.894241
vn -0.009998 0.447701 0.894128
vn -0.006129 0.448941 0.893541
vn 0.000669 0.000031 1.000000
vn 0.008642 -0.447255 0.894365
vn 0.009079 -0.447197 0.894389
vn -0.007186 0.447240 0.894385
vn -0.002021 0.447486 0.894289
vn 0.000152 0.000002 1.000000
vn 0.014542 -0.447019 0.894406
vn 0.014263 -0.447003 0.894419
vn -0.013979 0.447008 0.894421
vn -0.013404 0.447038 0.894414
vn 0.000002 -0.000004 1.000000
vn 0.012996 -0.447027 0.894426
vn 0.011981 -0.447057 0.894425
vn -0.011759 0.447061 0.894426
vn -0.012710 0.447039 0.894424
vn 0.000048 -0.000003 1.000000
vn 0.010857 -0.447093 0.894421
vn 0.011633 -0.447071 0.894423
vn -0.011533 0.447071 0.894424
vn -0.010489 0.447104 0.894420
vn 0.000003 -0.000000 1.000000
vn 0.021717 -0.446745 0.894398
vn 0.025323 -0.446537 0.894407
vn -0.025085 0.446549 0.894407
vn -0.021414 0.446755 0.894400
vn 0.000052 0.000002 1.000000
vn 0.042678 -0.445360 0.894334
vn 0.045630 -0.444981 0.894377
vn -0.045365 0.445002 0.894380
vn -0.042099 0.445397 0.894343
vn 0.000038 0.000005 1.000000
vn 0.060241 -0.443275 0.894359
vn 0.062697 -0.442870 0.894391
vn -0.062510 0.442894 0.894392
vn -0.059824 0.443320 0.894365
vn 0.000026 0.000006 1.000000
vn 0.069039 -0.441932 0.894388
vn 0.068250 -0.442014 0.894408
vn -0.068170 0.442026 0.894408
vn -0.068811 0.441961 0.894391
vn 0.000007 0.000002 1.000000
vn 0.058660 -0.443407 0.894399
vn 0.054570 -0.443912 0.894407
vn -0.053513 0.444056 0.894400
vn -0.057346 0.443597 0.894390
vn 0.000231 0.000033 1.000000
vn 0.034454 -0.446090 0.894325
vn 0.029297 -0.446378 0.894365
vn -0.027544 0.446529 0.894345
vn -0.031150 0.446442 0.894270
vn 0.000295 0.000026 1.000000
vn 0.006575 -0.447415 0.894302
vn 0.000755 -0.447368 0.894350
vn 0.001439 0.447421 0.894322
vn -0.002392 0.447615 0.894223
vn 0.000366 0.000007 1.000000
vn -0.029240 -0.446659 0.894226
vn -0.038275 -0.445843 0.894293
vn 0.041300 0.445682 0.894238
vn 0.034807 0.446537 0.894088
vn 0.000523 -0.000030 1.000000
vn -0.083106 -0.440384 0.893955
vn -0.095984 -0.437419 0.894121
vn 0.102095 0.436352 0.893965
vn 0.093338 0.439051 0.893601
vn 0.001125 -0.000198 0.999999
vn -0.151049 -0.422545 0.893667
vn -0.165215 -0.416626 0.893939
vn 0.172962 0.414050 0.893670
vn 0.166605 0.418377 0.892863
vn 0.001253 -0.000432 0.999999
vn -0.220112 -0.391227 0.893584
vn -0.233546 -0.382655 0.893885
vn 0.241094 0.378658 0.893584
vn 0.236156 0.383994 0.892625
vn 0.001173 -0.000646 0.999999
vn -0.287514 -0.345029 0.893471
vn -0.302841 -0.331340 0.893589
vn -0.823328 0.565480 0.048607
vn 0.235871 0.390644 0.889810
vn -0.171999 -0.173651 0.969671
vn -0.361788 -0.264438 0.893970
vn -0.383086 -0.231865 0.894139
vn -0.346379 -0.286398 -0.893307
vn -0.339943 -0.292555 -0.893784
vn -0.215047 -0.114595 0.969857
vn -0.420856 -0.154972 0.893792
vn -0.428796 -0.129402 0.894086
vn 0.315146 -0.949037 0.003373
vn -0.405261 -0.196625 -0.892806
vn 0.003165 -0.011590 0.999928
vn -0.434864 -0.107096 0.894105
vn -0.435922 -0.101606 0.894230
vn 0.442049 0.075113 0.893841
vn 0.455468 0.001677 0.890251
vn 0.000154 -0.000784 1.000000
vn -0.461436 0.024262 0.886842
vn -0.466805 0.106632 0.877908
vn -0.188615 0.963532 0.189814
vn 0.338757 0.411058 0.846330
vn -0.263051 0.151664 0.952787
vn -0.366871 0.347300 0.863011
vn -0.252760 0.395089 0.883186
vn -0.207093 -0.520673 0.828258
vn -0.767167 0.084832 -0.635813
vn -0.000361 -0.000110 1.000000
vn -0.133990 0.426776 0.894376
vn -0.126783 0.428933 0.894395
vn 0.110299 -0.433685 0.894288
vn 0.124914 -0.429743 0.894269
vn -0.004479 -0.001379 0.999989
vn -0.095134 0.437236 0.894301
vn -0.080253 0.440255 0.894279
vn -0.984685 -0.153793 0.082114
vn -0.141499 0.423633 -0.894714
vn -0.060375 0.234357 0.970274
vn -0.024427 0.446972 0.894215
vn -0.000691 0.447547 0.894260
vn -0.999088 -0.006990 -0.042126
vn -0.090310 0.441492 -0.892709
vn -0.039830 0.001071 0.999206
vn 0.051861 0.444830 0.894112
vn 0.067063 0.442643 0.894187
vn -0.337111 -0.395055 0.854569
vn -0.858294 0.314795 -0.405261
vn -0.002372 0.000359 0.999997
vn 0.094584 0.437278 0.894339
vn 0.101317 0.435723 0.894360
vn -0.113288 -0.433195 0.894152
vn -0.599355 -0.291807 0.745401
vn -0.001111 0.000253 0.999999
vn 0.117353 0.431648 0.894376
vn 0.121225 0.430540 0.894393
vn -0.124901 -0.429586 0.894347
vn -0.133047 -0.427894 0.893983
vn -0.000343 0.000101 1.000000
vn 0.118224 0.431462 0.894351
vn 0.114143 0.432510 0.894375
vn -0.115486 -0.432132 0.894385
vn -0.121890 -0.430432 0.894355
vn -0.000161 0.000056 1.000000
vn 0.073855 0.442037 0.893951
vn 0.063571 0.443302 0.894115
vn -0.068133 -0.442423 0.894215
vn -0.080233 -0.440592 0.894115
vn -0.000932 0.000187 1.000000
vn 0.000545 0.449936 0.893061
vn -0.007408 0.448495 0.893755
vn 0.001159 -0.448158 0.893953
vn -0.013055 -0.448526 0.893674
vn -0.001001 0.000037 0.999999
vn -0.070230 0.444506 0.893018
vn -0.077487 0.441829 0.893747
vn 0.071465 -0.442446 0.893943
vn 0.057637 -0.445040 0.893654
vn -0.000933 -0.000111 1.000000
vn -0.125548 0.431451 0.893358
vn -0.128039 0.429476 0.893956
vn 0.124906 -0.430196 0.894052
vn 0.116916 -0.432981 0.893789
vn -0.000333 -0.000090 1.000000
vn -0.147636 0.422680 0.894173
vn -0.147555 0.422411 0.894314
vn 0.146924 -0.422606 0.894325
vn 0.145183 -0.423382 0.894243
vn -0.000009 -0.000004 1.000000
vn -0.151447 0.420804 0.894420
vn -0.151993 0.420600 0.894424
vn 0.151962 -0.420611 0.894424
vn 0.151360 -0.420834 0.894421
vn -0.000004 0.000001 1.000000
vn -0.153897 0.419904 0.894425
vn -0.153979 0.419873 0.894426
vn 0.153972 -0.419873 0.894427
vn 0.153874 -0.419911 0.894426
vn -0.000000 0.000000 1.000000
vn -0.156196 0.419055 0.894425
vn -0.157140 0.418699 0.894426
vn 0.157073 -0.418725 0.894426
vn 0.156115 -0.419083 0.894426
vn -0.000014 -0.000008 1.000000
vn -0.162018 0.416851 0.894419
vn -0.162943 0.416482 0.894423
vn 0.162846 -0.416520 0.894423
vn 0.161826 -0.416923 0.894420
vn -0.000015 -0.000006 1.000000
vn -0.164426 0.415905 0.894420
vn -0.163638 0.416209 0.894423
vn 0.163570 -0.416236 0.894423
vn 0.164265 -0.415967 0.894421
vn -0.000009 -0.000002 1.000000
vn -0.156789 0.418859 0.894413
vn -0.154285 0.419778 0.894417
vn 0.153828 -0.419952 0.894415
vn 0.156195 -0.419088 0.894410
vn -0.000098 -0.000037 1.000000
vn -0.165449 0.415933 0.894218
vn -0.172499 0.412926 0.894280
vn 0.169212 -0.414175 0.894330
vn 0.160899 -0.417569 0.894286
vn -0.000680 -0.000253 1.000000
vn -0.289362 0.355404 0.888796
vn -0.286930 0.351805 0.891013
vn 0.247123 -0.374295 0.893775
vn 0.225827 -0.388039 0.893548
vn -0.005833 -0.003295 0.999978
vn -0.430990 0.227054 0.873324
vn -0.383603 0.249555 0.889140
vn 0.347665 -0.285913 0.892963
vn 0.326800 -0.311084 0.892429
vn -0.004243 -0.004581 0.999981
vn -0.456570 0.129311 0.880240
vn -0.426997 0.153152 0.891189
vn 0.412686 -0.178891 0.893134
vn 0.401809 -0.204414 0.892616
vn -0.001597 -0.003232 0.999994
vn -0.452401 0.065693 0.889392
vn -0.443833 0.076252 0.892859
vn 0.438868 -0.093968 0.893625
vn 0.435905 -0.110321 0.893206
vn -0.000520 -0.002146 0.999998
vn -0.449284 0.031367 0.892838
vn -0.446340 0.039305 0.894000
vn 0.445402 -0.045372 0.894181
vn 0.444688 -0.053998 0.894057
vn -0.000055 -0.000477 1.000000
vn -0.447200 0.019561 0.894220
vn -0.447013 0.018408 0.894338
vn 0.446894 -0.020065 0.894362
vn 0.446783 -0.024113 0.894317
vn -0.000011 -0.000178 1.000000
vn -0.447277 0.007300 0.894366
vn -0.447217 0.006741 0.894400
vn 0.447202 -0.007171 0.894404
vn 0.447213 -0.008727 0.894385
vn -0.000001 -0.000025 1.000000
vn -0.447219 0.003038 0.894419
vn -0.447211 0.002899 0.894424
vn 0.447211 -0.002946 0.894424
vn 0.447216 -0.003224 0.894420
vn -0.000001 -0.000001 1.000000
vn -0.447212 0.001634 0.894426
vn -0.447212 0.001312 0.894427
vn 0.447212 -0.001316 0.894427
vn 0.447211 -0.001641 0.894427
vn 0.000000 -0.000000 1.000000
vn -0.447215 0.000035 0.894426
vn -0.447214 -0.000116 0.894427
vn 0.447214 0.000113 0.894427
vn 0.447215 -0.000041 0.894427
vn -0.000000 -0.000000 1.000000
vn -0.447214 -0.000534 0.894427
vn -0.447213 -0.000515 0.894427
vn 0.447214 0.000515 0.894427
vn 0.447213 0.000533 0.894427
vn 0.000001 0.000000 1.000000
vn -0.419539 0.348037 0.838366
vn -0.081633 0.978627 0.188744
vn 0.434654 0.212663 0.875129
vn 0.442648 0.140728 0.885584
vn 0.217596 0.217758 0.951438
vn 0.712007 0.310257 -0.629910
vn 0.356517 -0.423455 0.832816
vn 0.135852 0.445271 0.885030
vn 0.272357 0.431789 0.859872
vn 0.000000 -0.000000 1.000000
vn 0.000000 -0.447216 0.894426
vn 0.000000 -0.447209 0.894430
vn 0.000000 0.447209 0.894429
vn 0.000000 0.447216 0.894426
vn 0.000000 0.000000 1.000000
vn -0.459600 0.074463 0.884999
vn -0.128395 0.464597 0.876164
vn -0.080497 0.460506 0.883999
vn -0.264046 -0.401182 0.877116
vn -0.303138 -0.391058 0.869011
vn -0.159860 0.025904 0.986800
vn 0.115887 0.432388 0.894210
vn 0.121126 0.430757 0.894303
vn -0.122023 -0.430534 0.894288
vn -0.117927 -0.431945 0.894157
vn -0.000125 0.000032 1.000000
vn 0.145574 0.423218 0.894257
vn 0.151919 0.420835 0.894326
vn -0.156995 -0.419111 0.894259
vn -0.152743 -0.420925 0.894143
vn -0.000972 0.000329 0.999999
vn 0.179876 0.409855 0.894239
vn 0.188219 0.405960 0.894299
vn -0.196156 -0.402546 0.894136
vn -0.196022 -0.403498 0.893736
vn -0.001206 0.000528 0.999999
vn 0.215620 0.392265 0.894224
vn 0.222518 0.388239 0.894291
vn -0.227894 -0.385385 0.894172
vn -0.230003 -0.385281 0.893676
vn -0.000677 0.000374 1.000000
vn 0.243354 0.375523 0.894294
vn 0.248199 0.372225 0.894341
vn -0.251191 -0.370340 0.894288
vn -0.250902 -0.371049 0.894075
vn -0.000387 0.000252 1.000000
vn 0.274437 0.353661 0.894208
vn 0.284189 0.345721 0.894267
vn -0.292888 -0.339057 0.894012
vn -0.287989 -0.343897 0.893755
vn -0.001587 0.001210 0.999998
vn 0.332149 0.301881 0.893614
vn 0.347989 0.282822 0.893820
vn -0.428471 -0.194113 0.882458
vn -0.484035 -0.136622 0.864318
vn -0.005495 0.006042 0.999967
vn 0.399462 0.207229 0.893021
vn 0.412246 0.178838 0.893348
vn -0.465881 -0.073285 0.881807
vn -0.601719 0.139196 0.786485
vn -0.003512 0.007144 0.999968
vn 0.440405 0.091982 0.893075
vn 0.444674 0.063941 0.893407
vn -0.456004 -0.013354 0.889877
vn -0.522551 0.147070 0.839828
vn -0.000998 0.005292 0.999986
vn 0.449251 -0.006759 0.893380
vn 0.448007 -0.024378 0.893697
vn -0.447962 0.055876 0.892305
vn -0.457389 0.106714 0.882840
vn 0.000098 0.002953 0.999996
vn 0.442971 -0.065776 0.894120
vn 0.441089 -0.076369 0.894208
vn -0.439609 0.087792 0.893889
vn -0.439448 0.112956 0.891138
vn 0.000185 0.001190 0.999999
vn 0.433623 -0.111173 0.894210
vn 0.430339 -0.122836 0.894270
vn -0.424022 0.147793 0.893511
vn -0.423077 0.156834 0.892418
vn 0.000752 0.002935 0.999995
vn 0.415081 -0.168485 0.894047
vn 0.408047 -0.184437 0.894137
vn -0.321990 0.377290 0.868317
vn -0.189121 0.613955 0.766350
vn 0.002145 0.005168 0.999984
vn 0.385647 -0.228280 0.893960
vn 0.378585 -0.239354 0.894082
vn -0.372041 0.251510 0.893492
vn -0.149817 0.642579 0.751430
vn 0.000433 0.000707 1.000000
vn 0.366363 -0.257052 0.894261
vn 0.365363 -0.258238 0.894328
vn -0.364548 0.259474 0.894303
vn -0.362910 0.262505 0.894085
vn -0.000000 -0.000000 1.000000
vn 0.361958 -0.262693 0.894415
vn 0.360283 -0.264976 0.894418
vn -0.359871 0.265547 0.894415
vn -0.361465 0.263389 0.894410
vn 0.000091 0.000127 1.000000
vn 0.349200 -0.279641 0.894349
vn 0.345190 -0.284498 0.894374
vn -0.342999 0.287257 0.894335
vn -0.346055 0.283743 0.894279
vn 0.000426 0.000537 1.000000
vn 0.328975 -0.303400 0.894273
vn 0.325101 -0.307383 0.894329
vn -0.324076 0.308565 0.894294
vn -0.325363 0.307769 0.894101
vn 0.000051 0.000056 1.000000
vn 0.315557 -0.317145 0.894339
vn 0.315083 -0.317497 0.894382
vn -0.314987 0.317597 0.894380
vn -0.315181 0.317545 0.894330
vn 0.000000 0.000001 1.000000
vn 0.313745 -0.318693 0.894426
vn 0.313543 -0.318890 0.894427
vn -0.313542 0.318893 0.894427
vn -0.313741 0.318698 0.894426
vn -0.000000 0.000000 1.000000
vn 0.312699 -0.319719 0.894427
vn 0.312576 -0.319839 0.894427
vn -0.312575 0.319839 0.894427
vn -0.312697 0.319721 0.894427
vn 0.000000 0.000000 1.000000
vn 0.303719 -0.328432 0.894364
vn 0.297796 -0.333775 0.894378
vn -0.261892 0.366637 0.892743
vn -0.204464 0.418608 0.884851
vn 0.002929 0.002723 0.999992
vn 0.267666 -0.358801 0.894213
vn 0.254448 -0.368216 0.894245
vn -0.216037 0.394746 0.893031
vn 0.436316 -0.192799 -0.878895
vn 0.009759 0.007009 0.999928
vn 0.214160 -0.393314 0.894114
vn 0.200144 -0.400481 0.894180
vn -0.081555 0.461337 0.883469
vn 0.621684 -0.095504 -0.777424
vn 0.003135 0.001611 0.999994
vn 0.170288 -0.413874 0.894265
vn 0.162709 -0.416822 0.894307
vn -0.152721 0.421123 0.894053
vn 0.205421 0.558687 0.803537
vn 0.000782 0.000312 1.000000
vn 0.127432 -0.429241 0.894155
vn 0.110967 -0.433965 0.894070
vn -0.894534 -0.439217 0.083055
vn -0.182489 0.410808 0.893272
vn 0.054767 -0.237498 0.969843
vn 0.029276 -0.446893 0.894108
vn -0.007811 -0.447764 0.894118
vn 0.056489 -0.445925 -0.893286
vn 0.065653 -0.443148 -0.894041
vn -0.017791 -0.243420 0.969758
vn -0.103215 -0.436401 0.893812
vn -0.136125 -0.426681 0.894099
vn -0.017512 -0.459637 -0.887934
vn -0.060222 -0.445718 -0.893145
vn -0.058069 -0.234667 0.970340
vn -0.204239 -0.398439 0.894166
vn -0.225170 -0.386907 0.894205
vn -0.088251 -0.453289 -0.886984
vn -0.138542 -0.429830 -0.892218
vn -0.106360 -0.217261 0.970302
vn -0.279896 -0.349355 0.894209
vn -0.299406 -0.332854 0.894184
vn -0.210098 -0.400743 -0.891776
vn -0.227555 -0.388326 -0.892985
vn -0.162691 -0.180228 0.970077
vn -0.349140 -0.280496 0.894105
vn -0.365492 -0.258492 0.894202
vn -0.288867 -0.357348 -0.888177
vn -0.318799 -0.316452 -0.893435
vn -0.185682 -0.154834 0.970334
vn -0.399638 -0.201787 0.894188
vn -0.409520 -0.180718 0.894223
vn -0.330477 -0.330684 -0.883987
vn -0.365418 -0.265088 -0.892299
vn -0.208720 -0.121918 0.970346
vn -0.431311 -0.119848 0.894208
vn -0.437320 -0.095849 0.894184
vn -0.397482 -0.219897 -0.890872
vn -0.407609 -0.194625 -0.892175
vn -0.237107 -0.052024 0.970090
vn -0.447091 -0.025103 0.894136
vn -0.447586 0.002725 0.894237
vn -0.071206 -0.989796 -0.123428
vn -0.442959 -0.076036 -0.893312
vn -0.005896 -0.072528 0.997349
vn -0.443596 0.061968 0.894082
vn -0.440716 0.078982 0.894165
vn 0.412096 -0.287074 0.864734
vn -0.463207 -0.344139 -0.816705
vn -0.000618 -0.003455 0.999994
vn -0.432836 0.113423 0.894309
vn -0.429977 0.123657 0.894332
vn 0.421175 -0.156315 0.893408
vn -0.464493 -0.076342 -0.882280
vn -0.001115 -0.004077 0.999991
vn -0.419857 0.154785 0.894294
vn -0.415551 0.165871 0.894318
vn 0.403532 -0.197326 0.893434
vn -0.457870 0.017612 -0.888845
vn -0.002152 -0.005591 0.999982
vn -0.402417 0.195750 0.894284
vn -0.398151 0.204161 0.894312
vn 0.393479 -0.214680 0.893917
vn 0.348618 -0.308132 0.885167
vn -0.000087 -0.000175 1.000000
vn -0.390302 0.218723 0.894329
vn -0.389860 0.219325 0.894375
vn 0.389696 -0.219635 0.894370
vn 0.389660 -0.219971 0.894303
vn -0.000001 0.000000 1.000000
vn -0.389147 0.220377 0.894427
vn -0.389078 0.220498 0.894427
vn 0.389076 -0.220500 0.894427
vn 0.389143 -0.220382 0.894427
vn -0.000001 0.000001 1.000000
vn -0.388853 0.220892 0.894427
vn -0.388843 0.220910 0.894427
vn 0.388842 -0.220911 0.894427
vn 0.388852 -0.220893 0.894427
vn 0.000000 0.000000 1.000000
vn -0.387708 0.222906 0.894425
vn -0.387106 0.223947 0.894425
vn 0.386980 -0.224167 0.894425
vn 0.387557 -0.223171 0.894424
vn -0.000028 -0.000049 1.000000
vn -0.384578 0.228284 0.894419
vn -0.384091 0.229088 0.894423
vn 0.383982 -0.229274 0.894422
vn 0.384307 -0.228753 0.894416
vn -0.000013 -0.000023 1.000000
vn -0.384544 0.228342 0.894419
vn -0.385240 0.227154 0.894422
vn 0.385008 -0.227544 0.894423
vn 0.384196 -0.228923 0.894420
vn -0.000046 -0.000078 1.000000
vn -0.392978 0.213761 0.894357
vn -0.394290 0.211227 0.894382
vn 0.392645 -0.214164 0.894407
vn 0.390601 -0.217902 0.894399
vn -0.000315 -0.000559 1.000000
vn -0.454300 0.085524 0.886734
vn -0.440823 0.110869 0.890721
vn 0.415347 -0.166996 0.894203
vn 0.408854 -0.182613 0.894143
vn -0.002290 -0.005047 0.999985
vn -0.549229 -0.302729 0.778911
vn -0.460989 -0.029250 0.886923
vn 0.444237 -0.063492 0.893656
vn 0.439316 -0.093325 0.893472
vn -0.002680 -0.013980 0.999899
vn 0.325543 -0.613875 -0.719151
vn -0.430705 -0.215155 0.876471
vn 0.444294 0.067624 0.893325
vn 0.448666 0.033965 0.893054
vn 0.001204 -0.010579 0.999943
vn 0.449905 -0.609098 -0.653135
vn -0.356109 -0.316918 0.879062
vn 0.407426 0.189064 0.893453
vn 0.420311 0.159757 0.893206
vn 0.004131 -0.009940 0.999942
vn -0.068480 -0.686283 0.724104
vn -0.323252 -0.319937 0.890589
vn 0.348353 0.283239 0.893547
vn 0.364397 0.263189 0.893278
vn 0.002394 -0.003134 0.999992
vn -0.277170 -0.363046 0.889592
vn -0.292291 -0.340831 0.893532
vn 0.299718 0.333129 0.893976
vn 0.309218 0.324889 0.893774
vn 0.000584 -0.000544 1.000000
vn -0.264155 -0.362250 0.893866
vn -0.261310 -0.363563 0.894170
vn 0.266007 0.359864 0.894281
vn 0.273229 0.354604 0.894205
vn 0.000751 -0.000583 1.000000
vn -0.226411 -0.387262 0.893737
vn -0.223790 -0.387898 0.894122
vn 0.229519 0.384215 0.894259
vn 0.237809 0.379341 0.894174
vn 0.000895 -0.000564 0.999999
vn -0.182244 -0.410268 0.893570
vn -0.176541 -0.411740 0.894038
vn 0.180706 0.409621 0.894179
vn 0.192444 0.404474 0.894073
vn 0.000556 -0.000270 1.000000
vn -0.113850 -0.435278 0.893068
vn -0.101709 -0.437067 0.893660
vn 0.108652 0.434905 0.893897
vn 0.125170 0.431046 0.893606
vn 0.001291 -0.000398 0.999999
vn -0.015805 -0.452066 0.891845
vn -0.004750 -0.449753 0.893141
vn 0.014759 0.448672 0.893574
vn 0.034928 0.448506 0.893097
vn 0.001669 -0.000153 0.999999
vn 0.087014 -0.444917 0.891335
vn 0.096078 -0.439750 0.892967
vn -0.085918 0.440868 0.893451
vn -0.065623 0.445448 0.892900
vn 0.001582 0.000215 0.999999
vn 0.171868 -0.418414 0.891847
vn 0.175169 -0.413944 0.893290
vn -0.167185 0.416541 0.893612
vn -0.153715 0.422827 0.893078
vn 0.001135 0.000409 0.999999
vn 0.219536 -0.392214 0.893293
vn 0.220719 -0.390033 0.893956
vn -0.216988 0.391832 0.894083
vn -0.208924 0.396683 0.893864
vn 0.000392 0.000207 1.000000
vn 0.250938 -0.371229 0.893991
vn 0.255060 -0.367888 0.894205
vn -0.252567 0.369472 0.894260
vn -0.245887 0.374199 0.894156
vn 0.000399 0.000259 1.000000
vn 0.285133 -0.345740 0.893959
vn 0.288880 -0.342008 0.894192
vn -0.286461 0.343884 0.894250
vn -0.280127 0.349346 0.894140
vn 0.000382 0.000303 1.000000
vn 0.310587 -0.322807 0.894053
vn 0.311684 -0.321174 0.894259
vn -0.310844 0.321915 0.894285
vn -0.307623 0.325279 0.894182
vn 0.000041 0.000039 1.000000
vn 0.318908 -0.313725 0.894357
vn 0.318802 -0.313730 0.894393
vn -0.318729 0.313800 0.894394
vn -0.318615 0.314004 0.894363
vn 0.000000 -0.000000 1.000000
vn 0.319287 -0.313139 0.894427
vn 0.319487 -0.312935 0.894427
vn -0.319486 0.312936 0.894427
vn -0.319285 0.313141 0.894427
vn -0.000000 0.000001 1.000000
vn 0.320780 -0.311612 0.894426
vn 0.321123 -0.311257 0.894427
vn -0.321119 0.311261 0.894427
vn -0.320774 0.311618 0.894426
vn 0.000000 0.000001 1.000000
vn 0.323847 -0.308433 0.894423
vn 0.324670 -0.307562 0.894425
vn -0.324634 0.307600 0.894425
vn -0.323800 0.308481 0.894424
vn 0.000007 0.000008 1.000000
vn 0.329008 -0.302943 0.894415
vn 0.329878 -0.301980 0.894421
vn -0.329823 0.302041 0.894421
vn -0.328903 0.303053 0.894417
vn 0.000009 0.000010 1.000000
vn 0.333431 -0.298067 0.894416
vn 0.333818 -0.297615 0.894422
vn -0.333792 0.297645 0.894422
vn -0.333353 0.298150 0.894417
vn 0.000001 0.000002 1.000000
vn 0.334962 -0.296320 0.894424
vn 0.334900 -0.296383 0.894426
vn -0.334897 0.296389 0.894426
vn -0.334946 0.296335 0.894425
vn -0.000001 0.000002 1.000000
vn 0.335526 -0.295675 0.894427
vn 0.335907 -0.295239 0.894427
vn -0.335883 0.295268 0.894427
vn -0.335495 0.295707 0.894427
vn 0.000005 0.000003 1.000000
vn 0.338507 -0.292266 0.894424
vn 0.339168 -0.291496 0.894424
vn -0.339078 0.291601 0.894425
vn -0.338370 0.292426 0.894423
vn 0.000018 0.000019 1.000000
vn 0.341362 -0.288934 0.894421
vn 0.341361 -0.288923 0.894425
vn -0.341330 0.288963 0.894424
vn -0.341231 0.289089 0.894421
vn -0.000001 -0.000001 1.000000
vn 0.340406 -0.290050 0.894424
vn 0.339827 -0.290723 0.894426
vn -0.339772 0.290788 0.894426
vn -0.340336 0.290127 0.894426
vn 0.000013 0.000014 1.000000
vn 0.349738 -0.279193 0.894279
vn 0.354639 -0.272814 0.894317
vn -0.353553 0.274141 0.894341
vn -0.348329 0.280841 0.894313
vn 0.000239 0.000285 1.000000
vn 0.397737 -0.211315 0.892833
vn 0.404237 -0.196154 0.893373
vn -0.398137 0.206309 0.893825
vn -0.388353 0.225214 0.893566
vn 0.001248 0.002045 0.999997
vn 0.447193 -0.092446 0.889647
vn 0.443883 -0.082587 0.892271
vn -0.439292 0.096852 0.893108
vn -0.434603 0.121398 0.892403
vn 0.000650 0.002243 0.999997
vn 0.455229 0.018026 0.890192
vn 0.450164 0.025200 0.892590
vn -0.449415 -0.013785 0.893217
vn -0.450904 0.008265 0.892534
vn 0.000042 0.001620 0.999999
vn 0.441614 0.096547 0.891995
vn 0.438480 0.097870 0.893396
vn -0.439481 -0.090754 0.893656
vn -0.442774 -0.079257 0.893123
vn -0.000164 0.000916 1.000000
vn 0.430197 0.126229 0.893866
vn 0.429945 0.124638 0.894211
vn -0.430383 -0.122779 0.894257
vn -0.431683 -0.119001 0.894141
vn -0.000017 0.000054 1.000000
vn 0.426920 0.133397 0.894396
vn 0.426387 0.134994 0.894411
vn -0.426479 -0.134699 0.894412
vn -0.427107 -0.132765 0.894401
vn -0.000015 0.000044 1.000000
vn 0.423533 0.143756 0.894402
vn 0.423000 0.145246 0.894413
vn -0.423082 -0.144996 0.894415
vn -0.423703 -0.143233 0.894405
vn -0.000013 0.000038 1.000000
vn 0.420646 0.151959 0.894408
vn 0.420349 0.152725 0.894417
vn -0.420377 -0.152638 0.894419
vn -0.420747 -0.151663 0.894411
vn -0.000001 0.000004 1.000000
vn 0.419183 0.155867 0.894422
vn 0.419084 0.156119 0.894425
vn -0.419087 -0.156110 0.894425
vn -0.419194 -0.155836 0.894423
vn -0.000000 0.000001 1.000000
vn 0.418556 0.157520 0.894426
vn 0.418441 0.157823 0.894427
vn -0.418442 -0.157821 0.894427
vn -0.418558 -0.157515 0.894426
vn 0.000000 0.000000 1.000000
vn 0.417848 0.159389 0.894426
vn 0.417724 0.159713 0.894427
vn -0.417724 -0.159710 0.894427
vn -0.417850 -0.159383 0.894426
vn -0.000001 0.000000 1.000000
vn 0.418545 0.157573 0.894422
vn 0.419141 0.155974 0.894423
vn -0.419177 -0.155880 0.894423
vn -0.418589 -0.157458 0.894422
vn -0.000009 0.000020 1.000000
vn 0.423698 0.143389 0.894382
vn 0.425075 0.139162 0.894397
vn -0.425300 -0.138508 0.894391
vn -0.424016 -0.142500 0.894373
vn -0.000047 0.000137 1.000000
vn 0.431794 0.117434 0.894295
vn 0.433136 0.111970 0.894347
vn -0.433461 -0.110816 0.894333
vn -0.432435 -0.115354 0.894256
vn -0.000056 0.000201 1.000000
vn 0.439253 0.085918 0.894246
vn 0.440326 0.079437 0.894317
vn -0.440654 -0.077864 0.894294
vn -0.439941 -0.083004 0.894182
vn -0.000055 0.000269 1.000000
vn 0.443429 0.060627 0.894257
vn 0.443450 0.059299 0.894335
vn -0.443539 -0.058778 0.894326
vn -0.443800 -0.058637 0.894205
vn -0.000002 0.000008 1.000000
vn 0.442300 0.066696 0.894384
vn 0.441675 0.070577 0.894395
vn -0.441911 -0.068927 0.894407
vn -0.442579 -0.064634 0.894397
vn -0.000051 0.000354 1.000000
vn 0.438346 0.090157 0.894273
vn 0.437846 0.091735 0.894358
vn -0.438109 -0.090299 0.894375
vn -0.438936 -0.086557 0.894340
vn -0.000034 0.000175 1.000000
vn 0.435047 0.104184 0.894360
vn 0.434695 0.105337 0.894396
vn -0.434831 -0.104736 0.894401
vn -0.435391 -0.102557 0.894381
vn -0.000014 0.000062 1.000000
vn 0.429170 0.126803 0.894279
vn 0.427051 0.133478 0.894322
vn -0.427712 -0.131126 0.894354
vn -0.430001 -0.123612 0.894326
vn -0.000136 0.000494 1.000000
vn 0.405620 0.193950 0.893228
vn 0.399891 0.203505 0.893685
vn -0.404500 -0.192471 0.894055
vn -0.411783 -0.177209 0.893886
vn -0.000870 0.002104 0.999997
vn 0.352839 0.286007 0.890901
vn 0.347289 0.286545 0.892907
vn -0.356532 -0.272518 0.893655
vn -0.369550 -0.255898 0.893280
vn -0.001474 0.002154 0.999997
vn 0.282478 0.356712 0.890484
vn 0.277801 0.354507 0.892834
vn -0.289381 -0.343144 0.893595
vn -0.305878 -0.329621 0.893190
vn -0.001762 0.001643 0.999997
vn 0.213257 0.399955 0.891380
vn 0.210040 0.397440 0.893266
vn -0.217251 -0.392589 0.893687
vn -0.232428 -0.384714 0.893293
vn -0.000843 0.000512 1.000000
vn 0.156383 0.421878 0.893064
vn 0.149794 0.422737 0.893787
vn -0.154226 -0.420802 0.893946
vn -0.166167 -0.416891 0.893639
vn -0.000633 0.000258 1.000000
vn 0.096973 0.438647 0.893412
vn 0.088792 0.439367 0.893908
vn -0.093387 -0.438141 0.894042
vn -0.105817 -0.435786 0.893808
vn -0.000757 0.000192 1.000000
vn 0.031133 0.448428 0.893277
vn 0.022977 0.447776 0.893850
vn -0.028003 -0.447189 0.894001
vn -0.041162 -0.446690 0.893742
vn -0.000806 0.000079 1.000000
vn -0.046279 0.447821 0.892925
vn -0.054443 0.445500 0.893625
vn 0.043425 -0.446052 0.893953
vn 0.028132 -0.447833 0.893675
vn -0.001969 -0.000107 0.999998
vn -0.143354 0.429973 0.891388
vn -0.145379 0.425823 0.893051
vn 0.126957 -0.430082 0.893818
vn 0.107826 -0.435853 0.893536
vn -0.002910 -0.000704 0.999996
vn -0.236474 0.389859 0.889994
vn -0.231082 0.386681 0.892793
vn 0.213277 -0.394763 0.893686
vn 0.194899 -0.404901 0.893347
vn -0.002532 -0.001216 0.999996
vn -0.304769 0.337469 0.890635
vn -0.300176 0.335219 0.893041
vn 0.287156 -0.344627 0.893741
vn 0.272405 -0.357212 0.893418
vn -0.001798 -0.001371 0.999997
vn -0.350876 0.285300 0.891902
vn -0.346664 0.285447 0.893501
vn 0.338111 -0.294293 0.893909
vn 0.329377 -0.304874 0.893623
vn -0.001110 -0.001207 0.999999
vn -0.370768 0.253742 0.893390
vn -0.367533 0.255962 0.894093
vn 0.364715 -0.259538 0.894216
vn 0.360534 -0.265713 0.894098
vn -0.000213 -0.000289 1.000000
vn -0.376844 0.241377 0.894274
vn -0.377289 0.240363 0.894360
vn 0.376674 -0.241274 0.894373
vn 0.375005 -0.244001 0.894335
vn -0.000056 -0.000086 1.000000
vn -0.381269 0.233868 0.894394
vn -0.381254 0.233826 0.894411
vn 0.381150 -0.233988 0.894413
vn 0.380867 -0.234499 0.894399
vn -0.000001 -0.000002 1.000000
vn -0.382666 0.231452 0.894425
vn -0.383120 0.230696 0.894426
vn 0.383081 -0.230762 0.894426
vn 0.382612 -0.231538 0.894426
vn -0.000006 -0.000015 1.000000
vn -0.386080 0.225738 0.894418
vn -0.386780 0.224522 0.894422
vn 0.386669 -0.224713 0.894422
vn 0.385902 -0.226036 0.894420
vn -0.000020 -0.000038 1.000000
vn -0.388534 0.221506 0.894414
vn -0.388215 0.222034 0.894421
vn 0.388167 -0.222122 0.894421
vn 0.388365 -0.221795 0.894416
vn -0.000001 -0.000004 1.000000
vn -0.385181 0.227275 0.894417
vn -0.383921 0.229387 0.894420
vn 0.383651 -0.229849 0.894417
vn 0.384848 -0.227857 0.894412
vn -0.000059 -0.000101 1.000000
vn -0.371408 0.249638 0.894280
vn -0.365237 0.258446 0.894319
vn 0.357271 -0.270430 0.893994
vn 0.360362 -0.267013 0.893780
vn -0.001340 -0.002028 0.999997
vn -0.330627 0.302819 0.893860
vn -0.314991 0.318693 0.893989
vn 0.246389 -0.390946 0.886822
vn 0.140123 -0.510702 0.848262
vn -0.006577 -0.007084 0.999953
vn -0.253672 0.370603 0.893478
vn -0.229047 0.385871 0.893667
vn 0.138446 -0.445877 0.884323
vn -0.649040 -0.096425 -0.754619
vn -0.008718 -0.005613 0.999946
vn -0.153310 0.422179 0.893454
vn -0.126459 0.430568 0.893655
vn -0.085065 -0.497952 0.863022
vn -0.915670 -0.248873 -0.315613
vn -0.007418 -0.002466 0.999969
vn -0.055508 0.445476 0.893571
vn -0.036102 0.447048 0.893781
vn 0.018398 -0.450420 0.892627
vn -0.458668 -0.533372 0.710730
vn -0.000966 -0.000104 1.000000
vn 0.008529 0.448093 0.893946
vn 0.016130 0.447498 0.894139
vn -0.019077 -0.447552 0.894055
vn -0.017212 -0.448633 0.893550
vn -0.000272 0.000007 1.000000
vn 0.044624 0.445370 0.894234
vn 0.051576 0.444469 0.894308
vn -0.053674 -0.444284 0.894276
vn -0.048548 -0.445139 0.894144
vn -0.000357 0.000034 1.000000
vn 0.082834 0.439973 0.894182
vn 0.090615 0.438246 0.894276
vn -0.093246 -0.437789 0.894229
vn -0.087851 -0.439267 0.894051
vn -0.000441 0.000080 1.000000
vn 0.141453 0.425588 0.893793
vn 0.158460 0.419165 0.893975
vn -0.163865 -0.417488 0.893785
vn -0.150380 -0.423317 0.893414
vn -0.001032 0.000320 0.999999
vn 0.246032 0.378646 0.892242
vn 0.268833 0.361016 0.892970
vn -0.280853 -0.353739 0.892183
vn -0.266700 -0.368474 0.890561
vn -0.002279 0.001398 0.999996
vn 0.358399 0.279246 0.890827
vn 0.374929 0.252126 0.892110
vn -0.385748 -0.239733 0.890913
vn -0.384046 -0.256449 0.886985
vn -0.001653 0.002053 0.999997
vn 0.431986 0.141105 0.890773
vn 0.438661 0.108721 0.892052
vn -0.444972 -0.092434 0.890762
vn -0.448850 -0.109931 0.886819
vn -0.000939 0.002714 0.999996
vn 0.453841 0.002290 0.891080
vn 0.450709 -0.021907 0.892402
vn -0.451209 0.113001 0.885235
vn -0.459177 0.168190 0.872278
vn 0.000015 0.006805 0.999977
vn 0.440173 -0.089276 0.893464
vn 0.435768 -0.106537 0.893732
vn -0.432792 0.125720 0.892684
vn -0.429016 0.259813 0.865126
vn 0.000331 0.001481 0.999999
vn 0.422220 -0.149583 0.894067
vn 0.417847 -0.160755 0.894182
vn -0.414499 0.170603 0.893915
vn -0.415934 0.171225 0.893130
vn 0.000509 0.001443 0.999999
vn 0.401225 -0.199147 0.894069
vn 0.395627 -0.209558 0.894184
vn -0.391322 0.218531 0.893930
vn -0.392630 0.219385 0.893147
vn 0.000643 0.001299 0.999999
vn 0.372217 -0.249380 0.894016
vn 0.363738 -0.261170 0.894139
vn -0.357512 0.270735 0.893805
vn -0.360516 0.269408 0.892999
vn 0.000993 0.001498 0.999998
vn 0.326002 -0.308246 0.893704
vn 0.311866 -0.321936 0.893922
vn -0.295447 0.339653 0.892943
vn -0.298133 0.341581 0.891313
vn 0.002531 0.002696 0.999993
vn 0.255163 -0.369812 0.893382
vn 0.235137 -0.382165 0.893678
vn -0.208316 0.401194 0.891991
vn -0.199112 0.416121 0.887242
vn 0.003617 0.002473 0.999990
vn 0.164826 -0.418184 0.893283
vn 0.141760 -0.425883 0.893604
vn -0.112257 0.438093 0.891893
vn -0.094855 0.454457 0.885704
vn 0.003894 0.001504 0.999991
vn 0.076321 -0.442724 0.893404
vn 0.059970 -0.444577 0.893731
vn -0.044012 0.447878 0.893011
vn -0.025666 0.457809 0.888680
vn 0.001738 0.000278 0.999998
vn 0.023260 -0.447296 0.894083
vn 0.016649 -0.447345 0.894206
vn -0.012571 0.447711 0.894090
vn -0.007271 0.449353 0.893325
vn 0.000214 0.000008 1.000000
vn -0.001874 -0.447355 0.894354
vn -0.006313 -0.447260 0.894381
vn 0.007938 0.447264 0.894367
vn 0.004947 0.447421 0.894310
vn 0.000273 0.000000 1.000000
vn -0.025920 -0.446645 0.894336
vn -0.031079 -0.446247 0.894370
vn 0.033240 0.446139 0.894346
vn 0.029962 0.446523 0.894270
vn 0.000365 -0.000021 1.000000
vn -0.049883 -0.444617 0.894331
vn -0.053568 -0.444112 0.894369
vn 0.054459 0.444031 0.894355
vn 0.052866 0.444406 0.894264
vn 0.000054 -0.000005 1.000000
vn -0.063875 -0.442717 0.894383
vn -0.064742 -0.442548 0.894405
vn 0.064853 0.442535 0.894403
vn 0.064279 0.442670 0.894378
vn 0.000004 0.000001 1.000000
vn -0.067744 -0.442060 0.894423
vn -0.068135 -0.441997 0.894425
vn 0.068146 0.441994 0.894426
vn 0.067774 0.442055 0.894424
vn 0.000001 0.000001 1.000000
vn -0.069412 -0.441796 0.894426
vn -0.069479 -0.441784 0.894427
vn 0.069481 0.441784 0.894427
vn 0.069419 0.441795 0.894426
vn 0.000000 0.000002 1.000000
vn -0.070001 -0.441701 0.894427
vn -0.070165 -0.441675 0.894427
vn 0.070166 0.441676 0.894427
vn 0.070002 0.441702 0.894427
vn 0.000001 0.000003 1.000000
vn -0.071057 -0.441533 0.894427
vn -0.071258 -0.441500 0.894427
vn 0.071260 0.441501 0.894427
vn 0.071059 0.441532 0.894427
vn 0.000001 0.000001 1.000000
vn -0.071429 -0.441474 0.894427
vn -0.071213 -0.441507 0.894427
vn 0.071216 0.441508 0.894427
vn 0.071432 0.441472 0.894427
vn 0.000000 0.000000 1.000000
vn -0.069289 -0.441815 0.894426
vn -0.068656 -0.441912 0.894427
vn 0.068668 0.441911 0.894427
vn 0.069305 0.441813 0.894426
vn 0.000002 -0.000002 1.000000
vn -0.070053 -0.441707 0.894420
vn -0.071731 -0.441433 0.894422
vn 0.071791 0.441424 0.894422
vn 0.070139 0.441695 0.894419
vn 0.000012 -0.000002 1.000000
vn -0.085291 -0.439105 0.894378
vn -0.089729 -0.438187 0.894394
vn 0.090142 0.438109 0.894391
vn 0.085850 0.439006 0.894373
vn 0.000088 -0.000016 1.000000
vn -0.111668 -0.433333 0.894289
vn -0.116453 -0.431951 0.894347
vn 0.117038 0.431808 0.894340
vn 0.112809 0.433079 0.894269
vn 0.000096 -0.000025 1.000000
vn -0.139181 -0.425324 0.894275
vn -0.144091 -0.423551 0.894339
vn 0.144720 0.423354 0.894331
vn 0.140420 0.424968 0.894251
vn 0.000103 -0.000032 1.000000
vn -0.163705 -0.416472 0.894288
vn -0.167053 -0.415002 0.894353
vn 0.168170 0.414574 0.894342
vn 0.165574 0.415790 0.894262
vn 0.000206 -0.000079 1.000000
vn -0.180573 -0.409265 0.894369
vn -0.183432 -0.407938 0.894393
vn 0.184357 0.407541 0.894384
vn 0.182750 0.408370 0.894336
vn 0.000124 -0.000057 1.000000
vn -0.197276 -0.401471 0.894373
vn -0.201278 -0.399433 0.894394
vn 0.202881 0.398657 0.894378
vn 0.199869 0.400256 0.894342
vn 0.000302 -0.000145 1.000000
vn -0.220898 -0.389105 0.894316
vn -0.226617 -0.385712 0.894355
vn 0.229952 0.383848 0.894306
vn 0.226627 0.386059 0.894203
vn 0.000594 -0.000338 1.000000
vn -0.260818 -0.364133 0.894081
vn -0.272416 -0.355301 0.894176
vn 0.277692 0.351643 0.893999
vn 0.270642 0.357919 0.893670
vn 0.000933 -0.000648 0.999999
vn -0.328887 -0.306642 0.893199
vn -0.344272 -0.288055 0.893589
vn 0.357253 0.274609 0.892726
vn 0.351058 0.286467 0.891457
vn 0.002366 -0.002460 0.999994
vn -0.400594 -0.208021 0.892329
vn -0.411605 -0.182007 0.893003
vn 0.422896 0.161926 0.891593
vn 0.429108 0.167790 0.887532
vn 0.001629 -0.003113 0.999994
vn -0.442178 -0.090224 0.892378
vn -0.445266 -0.064699 0.893058
vn 0.449578 0.047479 0.891978
vn 0.456991 0.050101 0.888059
vn 0.000501 -0.002437 0.999997
vn -0.450090 0.013179 0.892886
vn -0.448098 0.030618 0.893460
vn 0.448143 -0.043954 0.892881
vn 0.452768 -0.043544 0.890564
vn -0.000057 -0.001853 0.999998
vn -0.440999 0.081554 0.893794
vn -0.438328 0.092696 0.894022
vn 0.437354 -0.099228 0.893798
vn 0.439313 -0.100320 0.892715
vn -0.000131 -0.000710 1.000000
vn -0.429393 0.127123 0.894126
vn -0.426844 0.134669 0.894242
vn 0.425939 -0.137969 0.894170
vn 0.427572 -0.134894 0.893860
vn -0.000132 -0.000450 1.000000
vn -0.417707 0.160879 0.894225
vn -0.415422 0.166258 0.894306
vn 0.414733 -0.168151 0.894272
vn 0.416178 -0.165496 0.894096
vn -0.000094 -0.000244 1.000000
vn -0.408898 0.181631 0.894322
vn -0.408043 0.183315 0.894369
vn 0.407811 -0.183867 0.894362
vn 0.408138 -0.183534 0.894281
vn -0.000013 -0.000025 1.000000
vn -0.407522 0.184251 0.894415
vn -0.408054 0.183042 0.894420
vn 0.407965 -0.183239 0.894421
vn 0.407353 -0.184619 0.894415
vn -0.000015 -0.000034 1.000000
vn -0.411591 0.175018 0.894406
vn -0.412343 0.173189 0.894416
vn 0.412172 -0.173591 0.894416
vn 0.411307 -0.175667 0.894409
vn -0.000034 -0.000075 1.000000
vn -0.417016 0.161791 0.894383
vn -0.417838 0.159552 0.894402
vn 0.417559 -0.160250 0.894407
vn 0.416515 -0.163019 0.894394
vn -0.000051 -0.000123 1.000000
vn -0.427597 0.132639 0.894186
vn -0.429852 0.124583 0.894263
vn 0.428929 -0.127377 0.894313
vn 0.426158 -0.136649 0.894269
vn -0.000190 -0.000565 1.000000
vn -0.445995 0.058900 0.893095
vn -0.446352 0.046701 0.893638
vn 0.444573 -0.056486 0.893960
vn 0.442466 -0.073963 0.893730
vn -0.000341 -0.001865 0.999998
vn -0.451211 -0.041922 0.891432
vn -0.447270 -0.048498 0.893083
vn 0.447356 0.036665 0.893604
vn 0.449417 0.017011 0.893160
vn 0.000055 -0.001822 0.999998
vn -0.433647 -0.129580 0.891717
vn -0.428926 -0.134749 0.893233
vn 0.430973 0.125044 0.893659
vn 0.436512 0.107676 0.893232
vn 0.000339 -0.001417 0.999999
vn -0.405742 -0.196823 0.892544
vn -0.402784 -0.198026 0.893616
vn 0.405978 0.190195 0.893872
vn 0.411604 0.179501 0.893511
vn 0.000488 -0.001122 0.999999
vn -0.385395 -0.229839 0.893670
vn -0.385218 -0.228260 0.894150
vn 0.386721 0.225378 0.894232
vn 0.390088 0.219982 0.894114
vn 0.000119 -0.000205 1.000000
vn -0.376367 -0.241983 0.894311
vn -0.375325 -0.243368 0.894373
vn 0.375784 0.242628 0.894382
vn 0.377524 0.240035 0.894348
vn 0.000054 -0.000085 1.000000
vn -0.369748 -0.251717 0.894385
vn -0.369199 -0.252445 0.894407
vn 0.369354 0.252214 0.894408
vn 0.370205 0.251018 0.894393
vn 0.000012 -0.000018 1.000000
vn -0.365849 -0.257246 0.894416
vn -0.365238 -0.258092 0.894422
vn 0.365295 0.258009 0.894422
vn 0.365982 0.257051 0.894417
vn 0.000007 -0.000011 1.000000
vn -0.362015 -0.262606 0.894418
vn -0.361396 -0.263440 0.894423
vn 0.361445 0.263374 0.894422
vn 0.362111 0.262468 0.894419
vn 0.000010 -0.000009 1.000000
vn -0.359561 -0.265947 0.894421
vn -0.359622 -0.265852 0.894424
vn 0.359638 0.265833 0.894423
vn 0.359616 0.265872 0.894421
vn 0.000000 -0.000000 1.000000
vn -0.361238 -0.263650 0.894425
vn -0.361988 -0.262621 0.894424
vn 0.362034 0.262555 0.894425
vn 0.361296 0.263574 0.894424
vn 0.000010 -0.000014 1.000000
vn -0.366246 -0.256686 0.894414
vn -0.367329 -0.255113 0.894420
vn 0.367507 0.254864 0.894418
vn 0.366513 0.256309 0.894412
vn 0.000036 -0.000051 1.000000
vn -0.372780 -0.247137 0.894404
vn -0.374082 -0.245130 0.894412
vn 0.374363 0.244709 0.894410
vn 0.373300 0.246376 0.894397
vn 0.000049 -0.000075 1.000000
vn -0.380890 -0.234508 0.894388
vn -0.382696 -0.231491 0.894403
vn 0.383235 0.230621 0.894396
vn 0.381795 0.233084 0.894374
vn 0.000102 -0.000161 1.000000
vn -0.391488 -0.216486 0.894355
vn -0.393745 -0.212239 0.894382
vn 0.394662 0.210605 0.894364
vn 0.393132 0.213671 0.894311
vn 0.000164 -0.000291 1.000000
vn -0.408092 -0.184025 0.894201
vn -0.412492 -0.173608 0.894266
vn 0.414253 0.169811 0.894180
vn 0.411178 0.177908 0.894026
vn 0.000332 -0.000716 1.000000
vn -0.433486 -0.116535 0.893594
vn -0.437619 -0.097439 0.893865
vn 0.441133 0.085097 0.893398
vn 0.440097 0.097360 0.892656
vn 0.000656 -0.002303 0.999997
vn -0.449887 -0.016533 0.892933
vn -0.449151 0.006700 0.893431
vn 0.450248 -0.023462 0.892595
vn 0.455107 -0.017671 0.890262
vn 0.000114 -0.002629 0.999997
vn -0.441181 0.090181 0.892875
vn -0.435113 0.111866 0.893399
vn 0.432651 -0.126551 0.892635
vn 0.438682 -0.123578 0.890105
vn -0.000428 -0.002149 0.999998
vn -0.413220 0.177483 0.893168
vn -0.406277 0.190629 0.893644
vn 0.402741 -0.199773 0.893247
vn 0.406271 -0.200652 0.891450
vn -0.000500 -0.001164 0.999999
vn -0.387013 0.225865 0.893983
vn -0.382990 0.231957 0.894156
vn 0.381383 -0.234973 0.894055
vn 0.382196 -0.235909 0.893461
vn -0.000131 -0.000224 1.000000
vn -0.370775 0.250489 0.894305
vn -0.368108 0.254218 0.894354
vn 0.367406 -0.255285 0.894339
vn 0.369258 -0.252919 0.894249
vn -0.000102 -0.000149 1.000000
vn -0.357780 0.268604 0.894341
vn -0.355558 0.271419 0.894377
vn 0.355063 -0.272093 0.894369
vn 0.356673 -0.270178 0.894309
vn -0.000069 -0.000090 1.000000
vn -0.347601 0.281542 0.894375
vn -0.346238 0.283145 0.894398
vn 0.345998 -0.283446 0.894396
vn 0.346968 -0.282365 0.894362
vn -0.000026 -0.000031 1.000000
vn -0.341666 0.288610 0.894409
vn -0.341045 0.289319 0.894417
vn 0.340973 -0.289406 0.894417
vn 0.341451 -0.288872 0.894407
vn -0.000007 -0.000006 1.000000
vn -0.338655 0.292096 0.894423
vn -0.338264 0.292545 0.894424
vn 0.338241 -0.292571 0.894425
vn 0.338601 -0.292161 0.894422
vn -0.000003 -0.000003 1.000000
vn -0.336765 0.294266 0.894425
vn -0.336568 0.294489 0.894426
vn 0.336561 -0.294498 0.894426
vn 0.336743 -0.294292 0.894425
vn -0.000000 -0.000000 1.000000
vn -0.335785 0.295379 0.894427
vn -0.335675 0.295505 0.894427
vn 0.335673 -0.295506 0.894427
vn 0.335781 -0.295384 0.894427
vn -0.000001 0.000000 1.000000
vn -0.335273 0.295959 0.894427
vn -0.335236 0.296002 0.894427
vn 0.335236 -0.296002 0.894427
vn 0.335273 -0.295960 0.894427
vn 0.000001 -0.000000 1.000000
vn -0.335293 0.295938 0.894427
vn -0.335377 0.295841 0.894427
vn 0.335377 -0.295842 0.894427
vn 0.335292 -0.295937 0.894427
vn 0.000001 -0.000001 1.000000
vn -0.336052 0.295076 0.894427
vn -0.336261 0.294837 0.894427
vn 0.336260 -0.294838 0.894427
vn 0.336050 -0.295077 0.894427
vn 0.000000 -0.000000 1.000000
vn -0.330284 0.301652 0.894382
vn -0.326736 0.305458 0.894393
vn 0.326369 -0.305863 0.894388
vn 0.329849 -0.302146 0.894376
vn -0.000081 -0.000091 1.000000
vn -0.300401 0.332237 0.894079
vn -0.290975 0.340225 0.894193
vn 0.288595 -0.342429 0.894123
vn 0.297169 -0.335442 0.893963
vn -0.000490 -0.000459 1.000000
vn -0.244538 0.376523 0.893550
vn -0.231689 0.383780 0.893887
vn 0.227719 -0.386515 0.893728
vn 0.237237 -0.382231 0.893095
vn -0.000670 -0.000449 1.000000
vn -0.175841 0.413364 0.893426
vn -0.161312 0.418424 0.893812
vn 0.156650 -0.420581 0.893629
vn 0.166755 -0.418311 0.892865
vn -0.000755 -0.000333 1.000000
vn -0.108286 0.435762 0.893524
vn -0.097136 0.437612 0.893902
vn 0.091194 -0.439221 0.893739
vn 0.097102 -0.439468 0.892995
vn -0.000975 -0.000248 0.999999
vn -0.063110 0.443464 0.894068
vn -0.057111 0.443988 0.894211
vn 0.054562 -0.444446 0.894143
vn 0.054727 -0.445289 0.893713
vn -0.000177 -0.000025 1.000000
vn -0.045176 0.445145 0.894318
vn -0.044612 0.445140 0.894349
vn 0.043979 -0.445217 0.894342
vn 0.043260 -0.445398 0.894287
vn -0.000000 0.000000 1.000000
vn 0.217998 0.682993 0.697135
vn 0.501079 0.176903 0.847128
vn 0.483187 0.089576 0.870923
vn -0.282407 0.475119 0.833372
vn -0.249728 0.539658 0.803993
vn 0.082458 0.257742 0.962689
vn 0.372376 -0.252555 0.893058
vn 0.357670 -0.271607 0.893477
vn -0.345613 0.290421 0.892304
vn -0.348677 0.298143 0.888558
vn 0.001803 0.002653 0.999995
vn 0.313803 -0.321911 0.893253
vn 0.303339 -0.330663 0.893671
vn -0.297455 0.337116 0.893238
vn -0.294958 0.346065 0.890640
vn 0.000496 0.000477 1.000000
vn 0.283750 -0.346363 0.894158
vn 0.282487 -0.347094 0.894274
vn -0.281570 0.347905 0.894248
vn -0.280003 0.349821 0.893993
vn -0.000001 0.000001 1.000000
vn 0.280888 -0.347999 0.894426
vn 0.280349 -0.348432 0.894427
vn -0.280331 0.348447 0.894427
vn -0.280866 0.348016 0.894427
vn 0.000004 0.000004 1.000000
vn 0.276511 -0.351500 0.894421
vn 0.275343 -0.352411 0.894423
vn -0.275253 0.352483 0.894423
vn -0.276382 0.351604 0.894421
vn 0.000019 0.000015 1.000000
vn 0.269737 -0.356745 0.894413
vn 0.268569 -0.357611 0.894419
vn -0.268488 0.357672 0.894419
vn -0.269548 0.356893 0.894411
vn 0.000011 0.000007 1.000000
vn 0.264251 -0.360818 0.894417
vn 0.263725 -0.361192 0.894421
vn -0.263696 0.361213 0.894421
vn -0.264165 0.360884 0.894416
vn 0.000003 0.000001 1.000000
vn 0.261798 -0.362582 0.894425
vn 0.261571 -0.362743 0.894426
vn -0.261566 0.362746 0.894426
vn -0.261781 0.362595 0.894425
vn 0.000000 -0.000000 1.000000
vn 0.260972 -0.363173 0.894427
vn 0.261001 -0.363151 0.894427
vn -0.261001 0.363151 0.894427
vn -0.260969 0.363175 0.894427
vn -0.000000 0.000001 1.000000
vn 0.255725 -0.366933 0.894407
vn 0.252863 -0.368899 0.894413
vn -0.252470 0.369174 0.894410
vn -0.255255 0.367268 0.894404
vn 0.000088 0.000061 1.000000
vn 0.232851 -0.382139 0.894288
vn 0.226024 -0.386110 0.894333
vn -0.223862 0.387447 0.894299
vn -0.229807 0.384118 0.894227
vn 0.000439 0.000274 1.000000
vn 0.194209 -0.403570 0.894100
vn 0.185851 -0.407212 0.894224
vn -0.182749 0.408770 0.894153
vn -0.188179 0.406888 0.893885
vn 0.000503 0.000247 1.000000
vn 0.150915 -0.421721 0.894078
vn 0.141958 -0.424541 0.894211
vn -0.138553 0.425827 0.894133
vn -0.144177 0.424578 0.893838
vn 0.000545 0.000200 1.000000
vn 0.092577 -0.438724 0.893840
vn 0.072374 -0.442315 0.893935
vn 0.944094 0.194963 0.265848
vn -0.148783 0.425392 0.892695
vn 0.121329 -0.207514 0.970679
vn -0.013248 -0.448254 0.893808
vn -0.049599 -0.445509 0.893903
vn 0.997925 -0.055627 -0.032436
vn 0.197027 -0.441764 -0.875229
vn 0.099018 -0.021308 0.994857
vn -0.136314 -0.427368 0.893742
vn -0.164535 -0.417030 0.893876
vn 0.440653 0.329511 0.835013
vn 0.275561 -0.510446 -0.814562
vn 0.018190 -0.007193 0.999809
vn -0.233888 -0.382319 0.893940
vn -0.257718 -0.366663 0.893946
vn 0.834555 -0.443041 0.327463
vn -0.096648 -0.446485 -0.889556
vn -0.008941 -0.243616 0.969831
vn -0.334533 -0.298806 0.893757
vn -0.361019 -0.265961 0.893829
vn 0.711539 -0.200547 0.673419
vn 0.452691 -0.779726 -0.432548
vn 0.004597 -0.005596 0.999974
vn -0.417188 -0.172992 0.892204
vn -0.425404 -0.147687 0.892872
vn 0.436420 0.124904 0.891031
vn 0.470311 0.092637 0.877625
vn 0.000973 -0.002464 0.999996
vn -0.443664 -0.072135 0.893285
vn -0.445910 -0.050574 0.893648
vn 0.449435 0.031508 0.892757
vn 0.454179 0.032649 0.890312
vn 0.000476 -0.002886 0.999996
vn -0.448874 0.025413 0.893234
vn -0.446389 0.046824 0.893613
vn 0.445835 -0.064954 0.892756
vn 0.451030 -0.066419 0.890034
vn -0.000148 -0.002630 0.999997
vn -0.435718 0.109322 0.893419
vn -0.431387 0.122729 0.893780
vn 0.429234 -0.132852 0.893369
vn 0.431864 -0.137616 0.891378
vn -0.000298 -0.001166 0.999999
vn -0.420119 0.155224 0.894095
vn -0.417849 0.160520 0.894224
vn 0.416956 -0.163238 0.894148
vn 0.417271 -0.165054 0.893668
vn -0.000056 -0.000151 1.000000
vn -0.410956 0.176759 0.894355
vn -0.409283 0.180456 0.894384
vn 0.408843 -0.181502 0.894374
vn 0.410142 -0.178788 0.894326
vn -0.000073 -0.000173 1.000000
vn -0.401727 0.196883 0.894345
vn -0.399704 0.200812 0.894378
vn 0.399129 -0.202012 0.894364
vn 0.400661 -0.199214 0.894307
vn -0.000096 -0.000196 1.000000
vn -0.388348 0.222325 0.894292
vn -0.384645 0.228493 0.894337
vn 0.383981 -0.229690 0.894316
vn 0.387065 -0.224786 0.894233
vn -0.000108 -0.000189 1.000000
vn -0.364718 0.259986 0.894085
vn -0.358647 0.267870 0.894213
vn 0.357310 -0.269804 0.894168
vn 0.362596 -0.263304 0.893977
vn -0.000249 -0.000359 1.000000
vn -0.330441 0.302907 0.893899
vn -0.322984 0.310240 0.894110
vn 0.321183 -0.312299 0.894042
vn 0.327009 -0.307224 0.893688
vn -0.000291 -0.000325 1.000000
vn -0.290713 0.341200 0.893906
vn -0.282621 0.347394 0.894115
vn 0.280686 -0.349127 0.894050
vn 0.286901 -0.344946 0.893700
vn -0.000306 -0.000267 1.000000
vn -0.249464 0.372297 0.893959
vn -0.241620 0.376976 0.894153
vn 0.238605 -0.379062 0.894080
vn 0.244255 -0.376219 0.893755
vn -0.000532 -0.000362 1.000000
vn -0.211393 0.394831 0.894104
vn -0.204426 0.398198 0.894231
vn 0.201891 -0.399627 0.894169
vn 0.205536 -0.398437 0.893870
vn -0.000342 -0.000187 1.000000
vn -0.179837 0.409901 0.894226
vn -0.174751 0.411915 0.894309
vn 0.173286 -0.412592 0.894282
vn 0.176305 -0.411658 0.894122
vn -0.000187 -0.000083 1.000000
vn -0.157095 0.418942 0.894320
vn -0.153957 0.420007 0.894366
vn 0.153292 -0.420269 0.894358
vn 0.155345 -0.419672 0.894284
vn -0.000073 -0.000028 1.000000
vn -0.112283 0.434117 0.893831
vn -0.091528 0.438682 0.893969
vn 0.075471 -0.443051 0.893314
vn 0.091367 -0.440857 0.892915
vn -0.003233 -0.000913 0.999994
vn 0.022845 0.451985 0.891733
vn 0.063978 0.446685 0.892401
vn -0.134371 -0.444602 0.885592
vn -0.145764 -0.457697 0.877078
vn -0.010195 0.000457 0.999948
vn 0.151981 0.434131 0.887937
vn 0.168111 0.426360 0.888795
vn -0.200436 -0.419587 0.885309
vn -0.316111 -0.415451 0.852921
vn 0.000000 0.000000 1.000000
vn -0.392995 -0.831069 0.393547
vn -0.559177 -0.262878 0.786267
vn -0.520021 -0.125251 0.844920
vn -0.276718 -0.882635 0.379978
vn -0.579101 -0.651628 -0.489921
vn -0.249764 -0.451034 0.856847
vn -0.276488 0.356030 0.892635
vn -0.227774 0.389017 0.892628
vn -0.722044 -0.644752 0.250893
vn -0.568991 0.034671 -0.821613
vn -0.212534 0.097416 0.972286
vn -0.081541 0.444102 0.892258
vn -0.026553 0.449838 0.892715
vn -0.518506 -0.508389 0.687526
vn -0.988034 -0.135321 -0.074009
vn -0.006995 -0.000595 0.999975
vn 0.078217 0.444181 0.892517
vn 0.097036 0.439235 0.893116
vn -0.113131 -0.437805 0.891924
vn -0.163837 -0.445709 0.880057
vn -0.000905 0.000179 1.000000
vn 0.142551 0.424821 0.893984
vn 0.153070 0.420802 0.894145
vn -0.158631 -0.419051 0.893998
vn -0.154225 -0.421729 0.893509
vn -0.000859 0.000284 1.000000
vn 0.192737 0.404505 0.893996
vn 0.202336 0.399435 0.894154
vn -0.207257 -0.397207 0.894020
vn -0.203355 -0.400269 0.893550
vn -0.000743 0.000353 1.000000
vn 0.251025 0.371727 0.893759
vn 0.269342 0.358377 0.893880
vn -0.524892 -0.122291 0.842338
vn -0.212230 -0.397740 0.892615
vn -0.102629 0.103719 0.989298
vn 0.340981 0.291893 0.893605
vn 0.366893 0.258515 0.893622
vn -0.715362 0.611553 0.338024
vn -0.015864 0.604182 -0.796689
vn 0.001528 0.239811 0.970818
vn 0.420815 0.157878 0.893303
vn 0.433286 0.117908 0.893510
vn -0.581169 0.651521 0.487609
vn 0.171686 0.625424 -0.761163
vn -0.011691 0.049088 0.998726
vn 0.448667 0.013961 0.893590
vn 0.448130 -0.024000 0.893646
vn -0.369661 0.534290 0.760188
vn 0.406102 0.289674 -0.866701
vn 0.046636 0.165851 0.985047
vn 0.434593 -0.113780 0.893411
vn 0.425809 -0.141762 0.893639
vn 0.307796 0.900367 -0.307574
vn 0.506601 0.376237 -0.775759
vn 0.242227 -0.013961 0.970119
vn 0.411272 -0.177738 0.894016
vn 0.407654 -0.185215 0.894155
vn -0.267553 0.463436 0.844774
vn 0.542349 0.178582 -0.820954
vn 0.000165 0.000367 1.000000
vn 0.404381 -0.191224 0.894377
vn 0.401229 -0.197638 0.894402
vn -0.393903 0.212488 0.894254
vn -0.394964 0.211314 0.894064
vn 0.001462 0.003046 0.999994
vn 0.386678 -0.225182 0.894300
vn 0.379147 -0.237714 0.894281
vn 0.551576 0.828831 0.093827
vn 0.409353 -0.178182 -0.894808
vn 0.215146 -0.110606 0.970298
vn 0.346866 -0.282956 0.894215
vn 0.332718 -0.299306 0.894268
vn -0.173636 0.479866 0.859988
vn 0.516859 -0.040586 -0.855108
vn 0.000932 0.001077 0.999999
vn 0.306700 -0.326601 0.894017
vn 0.304239 -0.328451 0.894180
vn -0.302477 0.330268 0.894109
vn -0.299132 0.334878 0.893519
vn 0.000000 0.000003 1.000000
vn 0.301702 -0.330118 0.894426
vn 0.301364 -0.330424 0.894427
vn -0.301354 0.330434 0.894427
vn -0.301683 0.330134 0.894427
vn 0.000002 0.000003 1.000000
vn 0.299633 -0.331998 0.894426
vn 0.299256 -0.332336 0.894427
vn -0.299241 0.332349 0.894427
vn -0.299604 0.332022 0.894427
vn 0.000001 0.000005 1.000000
vn 0.276816 -0.352169 0.894064
vn 0.260886 -0.364084 0.894081
vn -0.054543 0.488739 0.870723
vn -0.317322 0.316000 0.894120
vn 0.085991 0.052728 0.994900
vn 0.174805 -0.413442 0.893593
vn 0.132932 -0.428946 0.893496
vn 0.928837 0.368642 -0.036943
vn 0.510832 -0.211478 -0.833264
vn 0.129809 -0.198986 0.971367
vn 0.005704 -0.449980 0.893021
vn -0.043524 -0.447299 0.893325
vn 0.997247 -0.044800 -0.059094
vn 0.235012 -0.432781 -0.870328
vn 0.112784 -0.025938 0.993281
vn -0.159612 -0.419845 0.893451
vn -0.198422 -0.402798 0.893523
vn 0.842667 -0.055075 0.535611
vn 0.257001 -0.516671 -0.816702
vn 0.143036 -0.173376 0.974413
vn -0.296756 -0.337295 0.893403
vn -0.327188 -0.307373 0.893572
vn 0.637665 0.040471 0.769250
vn 0.814099 -0.450147 0.366893
vn 0.004046 -0.003990 0.999984
vn -0.384742 -0.234337 0.892782
vn -0.393422 -0.217303 0.893308
vn 0.402274 0.204774 0.892325
vn 0.427386 0.185567 0.884820
vn 0.000609 -0.001034 0.999999
vn -0.407001 -0.188500 0.893766
vn -0.408048 -0.185520 0.893912
vn 0.410006 0.181741 0.893793
vn 0.413650 0.176508 0.893162
vn 0.000000 0.000000 1.000000
f 1/1/1 3/1/3 2/1/2
f 1/1/1 6/1/6 3/1/3
f 1/1/1 4/1/4 6/1/6
f 1/1/1 5/1/5 4/1/4
f 2/1/2 3/1/3 7/1/7
f 3/1/3 8/1/8 7/1/7
f 3/1/3 6/1/6 8/1/8
f 6/1/6 11/1/11 8/1/8
f 6/1/6 9/1/9 11/1/11
f 4/1/4 9/1/9 6/1/6
f 4/1/4 10/1/10 9/1/9
f 5/1/5 10/1/10 4/1/4
f 7/1/7 8/1/8 12/1/12
f 8/1/8 13/1/13 12/1/12
f 8/1/8 11/1/11 13/1/13
f 11/1/11 16/1/16 13/1/13
f 11/1/11 14/1/14 16/1/16
f 9/1/9 14/1/14 11/1/11
f 9/1/9 15/1/15 14/1/14
f 10/1/10 15/1/15 9/1/9
f 12/1/12 13/1/13 17/1/17
f 13/1/13 18/1/18 17/1/17
f 13/1/13 16/1/16 18/1/18
f 16/1/16 21/1/21 18/1/18
f 16/1/16 19/1/19 21/1/21
f 14/1/14 19/1/19 16/1/16
f 14/1/14 20/1/20 19/1/19
f 15/1/15 20/1/20 14/1/14
f 17/1/17 18/1/18 22/1/22
f 18/1/18 23/1/23 22/1/22
f 18/1/18 21/1/21 23/1/23
f 21/1/21 26/1/26 23/1/23
f 21/1/21 24/1/24 26/1/26
f 19/1/19 24/1/24 21/1/21
f 19/1/19 25/1/25 24/1/24
f 20/1/20 25/1/25 19/1/19
f 22/1/22 23/1/23 27/1/27
f 23/1/23 28/1/28 27/1/27
f 23/1/23 26/1/26 28/1/28
f 26/1/26 31/1/31 28/1/28
f 26/1/26 29/1/29 31/1/31
f 24/1/24 29/1/29 26/1/26
f 24/1/24 30/1/30 29/1/29
f 25/1/25 30/1/30 24/1/24
f 27/1/27 28/1/28 32/1/32
f 28/1/28 33/1/33 32/1/32
f 28/1/28 31/1/31 33/1/33
f 31/1/31 36/1/36 33/1/33
f 31/1/31 34/1/34 36/1/36
f 29/1/29 34/1/34 31/1/31
f 29/1/29 35/1/35 34/1/34
f 30/1/30 35/1/35 29/1/29
f 32/1/32 33/1/33 37/1/37
f 33/1/33 38/1/38 37/1/37
f 33/1/33 36/1/36 38/1/38
f 36/1/36 41/1/41 38/1/38
f 36/1/36 39/1/39 41/1/41
f 34/1/34 39/1/39 36/1/36
f 34/1/34 40/1/40 39/1/39
f 35/1/35 40/1/40 34/1/34
f 37/1/37 38/1/38 42/1/42
f 38/1/38 43/1/43 42/1/42
f 38/1/38 41/1/41 43/1/43
f 41/1/41 46/1/46 43/1/43
f 41/1/41 44/1/44 46/1/46
f 39/1/39 44/1/44 41/1/41
f 39/1/39 45/1/45 44/1/44
f 40/1/40 45/1/45 39/1/39
f 42/1/42 43/1/43 47/1/47
f 43/1/43 48/1/48 47/1/47
f 43/1/43 46/1/46 48/1/48
f 46/1/46 51/1/51 48/1/48
f 46/1/46 49/1/49 51/1/51
f 44/1/44 49/1/49 46/1/46
f 44/1/44 50/1/50 49/1/49
f 45/1/45 50/1/50 44/1/44
f 47/1/47 48/1/48 52/1/52
f 48/1/48 53/1/53 52/1/52
f 48/1/48 51/1/51 53/1/53
f 51/1/51 56/1/56 53/1/53
f 51/1/51 54/1/54 56/1/56
f 49/1/49 54/1/54 51/1/51
f 49/1/49 55/1/55 54/1/54
f 50/1/50 55/1/55 49/1/49
f 52/1/52 53/1/53 57/1/57
f 53/1/53 58/1/58 57/1/57
f 53/1/53 56/1/56 58/1/58
f 56/1/56 61/1/61 58/1/58
f 56/1/56 59/1/59 61/1/61
f 54/1/54 59/1/59 56/1/56
f 54/1/54 60/1/60 59/1/59
f 55/1/55 60/1/60 54/1/54
f 57/1/57 58/1/58 62/1/62
f 58/1/58 63/1/63 62/1/62
f 58/1/58 61/1/61 63/1/63
f 61/1/61 66/1/66 63/1/63
f 61/1/61 64/1/64 66/1/66
f 59/1/59 64/1/64 61/1/61
f 59/1/59 65/1/65 64/1/64
f 60/1/60 65/1/65 59/1/59
f 62/1/62 63/1/63 67/1/67
f 63/1/63 68/1/68 67/1/67
f 63/1/63 66/1/66 68/1/68
f 66/1/66 71/1/71 68/1/68
f 66/1/66 69/1/69 71/1/71
f 64/1/64 69/1/69 66/1/66
f 64/1/64 70/1/70 69/1/69
f 65/1/65 70/1/70 64/1/64
f 67/1/67 68/1/68 72/1/72
f 68/1/68 73/1/73 72/1/72
f 68/1/68 71/1/71 73/1/73
f 71/1/71 76/1/76 73/1/73
f 71/1/71 74/1/74 76/1/76
f 69/1/69 74/1/74 71/1/71
f 69/1/69 75/1/75 74/1/74
f 70/1/70 75/1/75 69/1/69
f 72/1/72 73/1/73 77/1/77
f 73/1/73 78/1/78 77/1/77
f 73/1/73 76/1/76 78/1/78
f 76/1/76 81/1/81 78/1/78
f 76/1/76 79/1/79 81/1/81
f 74/1/74 79/1/79 76/1/76
f 74/1/74 80/1/80 79/1/79
f 75/1/75 80/1/80 74/1/74
f 77/1/77 78/1/78 82/1/82
f 78/1/78 83/1/83 82/1/82
f 78/1/78 81/1/81 83/1/83
f 81/1/81 86/1/86 83/1/83
f 81/1/81 84/1/84 86/1/86
f 79/1/79 84/1/84 81/1/81
f 79/1/79 85/1/85 84/1/84
f 80/1/80 85/1/85 79/1/79
f 82/1/82 83/1/83 87/1/87
f 83/1/83 88/1/88 87/1/87
f 83/1/83 86/1/86 88/1/88
f 86/1/86 91/1/91 88/1/88
f 86/1/86 89/1/89 91/1/91
f 84/1/84 89/1/89 86/1/86
f 84/1/84 90/1/90 89/1/89
f 85/1/85 90/1/90 84/1/84
f 87/1/87 88/1/88 92/1/92
f 88/1/88 93/1/93 92/1/92
f 88/1/88 91/1/91 93/1/93
f 91/1/91 96/1/96 93/1/93
f 91/1/91 94/1/94 96/1/96
f 89/1/89 94/1/94 91/1/91
f 89/1/89 95/1/95 94/1/94
f 90/1/90 95/1/95 89/1/89
f 92/1/92 93/1/93 97/1/97
f 93/1/93 98/1/98 97/1/97
f 93/1/93 96/1/96 98/1/98
f 96/1/96 101/1/101 98/1/98
f 96/1/96 99/1/99 101/1/101
f 94/1/94 99/1/99 96/1/96
f 94/1/94 100/1/100 99/1/99
f 95/1/95 100/1/100 94/1/94
f 97/1/97 98/1/98 102/1/102
f 98/1/98 103/1/103 102/1/102
f 98/1/98 101/1/101 103/1/103
f 101/1/101 106/1/106 103/1/103
f 101/1/101 104/1/104 106/1/106
f 99/1/99 104/1/104 101/1/101
f 99/1/99 105/1/105 104/1/104
f 100/1/100 105/1/105 99/1/99
f 102/1/102 103/1/103 107/1/107
f 103/1/103 108/1/108 107/1/107
f 103/1/103 106/1/106 108/1/108
f 106/1/106 111/1/111 108/1/108
f 106/1/106 109/1/109 111/1/111
f 104/1/104 109/1/109 106/1/106
f 104/1/104 110/1/110 109/1/109
f 105/1/105 110/1/110 104/1/104
f 107/1/107 108/1/108 112/1/112
f 108/1/108 113/1/113 112/1/112
f 108/1/108 111/1/111 113/1/113
f 111/1/111 116/1/116 113/1/113
f 111/1/111 114/1/114 116/1/116
f 109/1/109 114/1/114 111/1/111
f 109/1/109 115/1/115 114/1/114
f 110/1/110 115/1/115 109/1/109
f 112/1/112 113/1/113 117/1/117
f 113/1/113 118/1/118 117/1/117
f 113/1/113 116/1/116 118/1/118
f 116/1/116 121/1/121 118/1/118
f 116/1/116 119/1/119 121/1/121
f 114/1/114 119/1/119 116/1/116
f 114/1/114 120/1/120 119/1/119
f 115/1/115 120/1/120 114/1/114
f 117/1/117 118/1/118 122/1/122
f 118/1/118 123/1/123 122/1/122
f 118/1/118 121/1/121 123/1/123
f 121/1/121 126/1/126 123/1/123
f 121/1/121 124/1/124 126/1/126
f 119/1/119 124/1/124 121/1/121
f 119/1/119 125/1/125 124/1/124
f 120/1/120 125/1/125 119/1/119
f 122/1/122 123/1/123 127/1/127
f 123/1/123 128/1/128 127/1/127
f 123/1/123 126/1/126 128/1/128
f 126/1/126 131/1/131 128/1/128
f 126/1/126 129/1/129 131/1/131
f 124/1/124 129/1/129 126/1/126
f 124/1/124 130/1/130 129/1/129
f 125/1/125 130/1/130 124/1/124
f 127/1/127 128/1/128 132/1/132
f 128/1/128 133/1/133 132/1/132
f 128/1/128 131/1/131 133/1/133
f 131/1/131 136/1/136 133/1/133
f 131/1/131 134/1/134 136/1/136
f 129/1/129 134/1/134 131/1/131
f 129/1/129 135/1/135 134/1/134
f 130/1/130 135/1/135 129/1/129
f 132/1/132 133/1/133 137/1/137
f 133/1/133 138/1/138 137/1/137
f 133/1/133 136/1/136 138/1/138
f 136/1/136 141/1/141 138/1/138
f 136/1/136 139/1/139 141/1/141
f 134/1/134 139/1/139 136/1/136
f 134/1/134 140/1/140 139/1/139
f 135/1/135 140/1/140 134/1/134
f 137/1/137 138/1/138 142/1/142
f 138/1/138 143/1/143 142/1/142
f 138/1/138 141/1/141 143/1/143
f 141/1/141 146/1/146 143/1/143
f 141/1/141 144/1/144 146/1/146
f 139/1/139 144/1/144 141/1/141
f 139/1/139 145/1/145 144/1/144
f 140/1/140 145/1/145 139/1/139
f 142/1/142 143/1/143 147/1/147
f 143/1/143 148/1/148 147/1/147
f 143/1/143 146/1/146 148/1/148
f 146/1/146 151/1/151 148/1/148
f 146/1/146 149/1/149 151/1/151
f 144/1/144 149/1/149 146/1/146
f 144/1/144 150/1/150 149/1/149
f 145/1/145 150/1/150 144/1/144
f 147/1/147 148/1/148 152/1/152
f 148/1/148 153/1/153 152/1/152
f 148/1/148 151/1/151 153/1/153
f 151/1/151 156/1/156 153/1/153
f 151/1/151 154/1/154 156/1/156
f 149/1/149 154/1/154 151/1/151
f 149/1/149 155/1/155 154/1/154
f 150/1/150 155/1/155 149/1/149
f 152/1/152 153/1/153 157/1/157
f 153/1/153 158/1/158 157/1/157
f 153/1/153 156/1/156 158/1/158
f 156/1/156 161/1/161 158/1/158
f 156/1/156 159/1/159 161/1/161
f 154/1/154 159/1/159 156/1/156
f 154/1/154 160/1/160 159/1/159
f 155/1/155 160/1/160 154/1/154
f 157/1/157 158/1/158 162/1/162
f 158/1/158 163/1/163 162/1/162
f 158/1/158 161/1/161 163/1/163
f 161/1/161 166/1/166 163/1/163
f 161/1/161 164/1/164 166/1/166
f 159/1/159 164/1/164 161/1/161
f 159/1/159 165/1/165 164/1/164
f 160/1/160 165/1/165 159/1/159
f 162/1/162 163/1/163 167/1/167
f 163/1/163 168/1/168 167/1/167
f 163/1/163 166/1/166 168/1/168
f 166/1/166 171/1/171 168/1/168
f 166/1/166 169/1/169 171/1/171
f 164/1/164 169/1/169 166/1/166
f 164/1/164 170/1/170 169/1/169
f 165/1/165 170/1/170 164/1/164
f 167/1/167 168/1/168 172/1/172
f 168/1/168 173/1/173 172/1/172
f 168/1/168 171/1/171 173/1/173
f 171/1/171 176/1/176 173/1/173
f 171/1/171 174/1/174 176/1/176
f 169/1/169 174/1/174 171/1/171
f 169/1/169 175/1/175 174/1/174
f 170/1/170 175/1/175 169/1/169
f 172/1/172 173/1/173 177/1/177
f 173/1/173 178/1/178 177/1/177
f 173/1/173 176/1/176 178/1/178
f 176/1/176 181/1/181 178/1/178
f 176/1/176 179/1/179 181/1/181
f 174/1/174 179/1/179 176/1/176
f 174/1/174 180/1/180 179/1/179
f 175/1/175 180/1/180 174/1/174
f 177/1/177 178/1/178 182/1/182
f 178/1/178 183/1/183 182/1/182
f 178/1/178 181/1/181 183/1/183
f 181/1/181 186/1/186 183/1/183
f 181/1/181 184/1/184 186/1/186
f 179/1/179 184/1/184 181/1/181
f 179/1/179 185/1/185 184/1/184
f 180/1/180 185/1/185 179/1/179
f 182/1/182 183/1/183 187/1/187
f 183/1/183 188/1/188 187/1/187
f 183/1/183 186/1/186 188/1/188
f 186/1/186 191/1/191 188/1/188
f 186/1/186 189/1/189 191/1/191
f 184/1/184 189/1/189 186/1/186
f 184/1/184 190/1/190 189/1/189
f 185/1/185 190/1/190 184/1/184
f 187/1/187 188/1/188 192/1/192
f 188/1/188 193/1/193 192/1/192
f 188/1/188 191/1/191 193/1/193
f 191/1/191 196/1/196 193/1/193
f 191/1/191 194/1/194 196/1/196
f 189/1/189 194/1/194 191/1/191
f 189/1/189 195/1/195 194/1/194
f 190/1/190 195/1/195 189/1/189
f 192/1/192 193/1/193 197/1/197
f 193/1/193 198/1/198 197/1/197
f 193/1/193 196/1/196 198/1/198
f 196/1/196 201/1/201 198/1/198
f 196/1/196 199/1/199 201/1/201
f 194/1/194 199/1/199 196/1/196
f 194/1/194 200/1/200 199/1/199
f 195/1/195 200/1/200 194/1/194
f 197/1/197 198/1/198 202/1/202
f 198/1/198 203/1/203 202/1/202
f 198/1/198 201/1/201 203/1/203
f 201/1/201 206/1/206 203/1/203
f 201/1/201 204/1/204 206/1/206
f 199/1/199 204/1/204 201/1/201
f 199/1/199 205/1/205 204/1/204
f 200/1/200 205/1/205 199/1/199
f 202/1/202 203/1/203 207/1/207
f 203/1/203 208/1/208 207/1/207
f 203/1/203 206/1/206 208/1/208
f 206/1/206 211/1/211 208/1/208
f 206/1/206 209/1/209 211/1/211
f 204/1/204 209/1/209 206/1/206
f 204/1/204 210/1/210 209/1/209
f 205/1/205 210/1/210 204/1/204
f 207/1/207 208/1/208 212/1/212
f 208/1/208 213/1/213 212/1/212
f 208/1/208 211/1/211 213/1/213
f 211/1/211 216/1/216 213/1/213
f 211/1/211 214/1/214 216/1/216
f 209/1/209 214/1/214 211/1/211
f 209/1/209 215/1/215 214/1/214
f 210/1/210 215/1/215 209/1/209
f 212/1/212 213/1/213 217/1/217
f 213/1/213 218/1/218 217/1/217
f 213/1/213 216/1/216 218/1/218
f 216/1/216 221/1/221 218/1/218
f 216/1/216 219/1/219 221/1/221
f 214/1/214 219/1/219 216/1/216
f 214/1/214 220/1/220 219/1/219
f 215/1/215 220/1/220 214/1/214
f 217/1/217 218/1/218 222/1/222
f 218/1/218 223/1/223 222/1/222
f 218/1/218 221/1/221 223/1/223
f 221/1/221 226/1/226 223/1/223
f 221/1/221 224/1/224 226/1/226
f 219/1/219 224/1/224 221/1/221
f 219/1/219 225/1/225 224/1/224
f 220/1/220 225/1/225 219/1/219
f 222/1/222 223/1/223 227/1/227
f 223/1/223 228/1/228 227/1/227
f 223/1/223 226/1/226 228/1/228
f 226/1/226 231/1/231 228/1/228
f 226/1/226 229/1/229 231/1/231
f 224/1/224 229/1/229 226/1/226
f 224/1/224 230/1/230 229/1/229
f 225/1/225 230/1/230 224/1/224
f 227/1/227 228/1/228 232/1/232
f 228/1/228 233/1/233 232/1/232
f 228/1/228 231/1/231 233/1/233
f 231/1/231 236/1/236 233/1/233
f 231/1/231 234/1/234 236/1/236
f 229/1/229 234/1/234 231/1/231
f 229/1/229 235/1/235 234/1/234
f 230/1/230 235/1/235 229/1/229
f 232/1/232 233/1/233 237/1/237
f 233/1/233 238/1/238 237/1/237
f 233/1/233 236/1/236 238/1/238
f 236/1/236 241/1/241 238/1/238
f 236/1/236 239/1/239 241/1/241
f 234/1/234 239/1/239 236/1/236
f 234/1/234 240/1/240 239/1/239
f 235/1/235 240/1/240 234/1/234
f 237/1/237 238/1/238 242/1/242
f 238/1/238 243/1/243 242/1/242
f 238/1/238 241/1/241 243/1/243
f 241/1/241 246/1/246 243/1/243
f 241/1/241 244/1/244 246/1/246
f 239/1/239 244/1/244 241/1/241
f 239/1/239 245/1/245 244/1/244
f 240/1/240 245/1/245 239/1/239
f 242/1/242 243/1/243 247/1/247
f 243/1/243 248/1/248 247/1/247
f 243/1/243 246/1/246 248/1/248
f 246/1/246 251/1/251 248/1/248
f 246/1/246 249/1/249 251/1/251
f 244/1/244 249/1/249 246/1/246
f 244/1/244 250/1/250 249/1/249
f 245/1/245 250/1/250 244/1/244
f 247/1/247 248/1/248 252/1/252
f 248/1/248 253/1/253 252/1/252
f 248/1/248 251/1/251 253/1/253
f 251/1/251 256/1/256 253/1/253
f 251/1/251 254/1/254 256/1/256
f 249/1/249 254/1/254 251/1/251
f 249/1/249 255/1/255 254/1/254
f 250/1/250 255/1/255 249/1/249
f 252/1/252 253/1/253 257/1/257
f 253/1/253 258/1/258 257/1/257
f 253/1/253 256/1/256 258/1/258
f 256/1/256 261/1/261 258/1/258
f 256/1/256 259/1/259 261/1/261
f 254/1/254 259/1/259 256/1/256
f 254/1/254 260/1/260 259/1/259
f 255/1/255 260/1/260 254/1/254
f 257/1/257 258/1/258 262/1/262
f 258/1/258 263/1/263 262/1/262
f 258/1/258 261/1/261 263/1/263
f 261/1/261 266/1/266 263/1/263
f 261/1/261 264/1/264 266/1/266
f 259/1/259 264/1/264 261/1/261
f 259/1/259 265/1/265 264/1/264
f 260/1/260 265/1/265 259/1/259
f 262/1/262 263/1/263 267/1/267
f 263/1/263 268/1/268 267/1/267
f 263/1/263 266/1/266 268/1/268
f 266/1/266 271/1/271 268/1/268
f 266/1/266 269/1/269 271/1/271
f 264/1/264 269/1/269 266/1/266
f 264/1/264 270/1/270 269/1/269
f 265/1/265 270/1/270 264/1/264
f 267/1/267 268/1/268 272/1/272
f 268/1/268 273/1/273 272/1/272
f 268/1/268 271/1/271 273/1/273
f 271/1/271 276/1/276 273/1/273
f 271/1/271 274/1/274 276/1/276
f 269/1/269 274/1/274 271/1/271
f 269/1/269 275/1/275 274/1/274
f 270/1/270 275/1/275 269/1/269
f 272/1/272 273/1/273 277/1/277
f 273/1/273 278/1/278 277/1/277
f 273/1/273 276/1/276 278/1/278
f 276/1/276 281/1/281 278/1/278
f 276/1/276 279/1/279 281/1/281
f 274/1/274 279/1/279 276/1/276
f 274/1/274 280/1/280 279/1/279
f 275/1/275 280/1/280 274/1/274
f 277/1/277 278/1/278 282/1/282
f 278/1/278 283/1/283 282/1/282
f 278/1/278 281/1/281 283/1/283
f 281/1/281 286/1/286 283/1/283
f 281/1/281 284/1/284 286/1/286
f 279/1/279 284/1/284 281/1/281
f 279/1/279 285/1/285 284/1/284
f 280/1/280 285/1/285 279/1/279
f 282/1/282 283/1/283 287/1/287
f 283/1/283 288/1/288 287/1/287
f 283/1/283 286/1/286 288/1/288
f 286/1/286 291/1/291 288/1/288
f 286/1/286 289/1/289 291/1/291
f 284/1/284 289/1/289 286/1/286
f 284/1/284 290/1/290 289/1/289
f 285/1/285 290/1/290 284/1/284
f 287/1/287 288/1/288 292/1/292
f 288/1/288 293/1/293 292/1/292
f 288/1/288 291/1/291 293/1/293
f 291/1/291 296/1/296 293/1/293
f 291/1/291 294/1/294 296/1/296
f 289/1/289 294/1/294 291/1/291
f 289/1/289 295/1/295 294/1/294
f 290/1/290 295/1/295 289/1/289
f 292/1/292 293/1/293 297/1/297
f 293/1/293 298/1/298 297/1/297
f 293/1/293 296/1/296 298/1/298
f 296/1/296 301/1/301 298/1/298
f 296/1/296 299/1/299 301/1/301
f 294/1/294 299/1/299 296/1/296
f 294/1/294 300/1/300 299/1/299
f 295/1/295 300/1/300 294/1/294
f 297/1/297 298/1/298 302/1/302
f 298/1/298 303/1/303 302/1/302
f 298/1/298 301/1/301 303/1/303
f 301/1/301 306/1/306 303/1/303
f 301/1/301 304/1/304 306/1/306
f 299/1/299 304/1/304 301/1/301
f 299/1/299 305/1/305 304/1/304
f 300/1/300 305/1/305 299/1/299
f 302/1/302 303/1/303 307/1/307
f 303/1/303 308/1/308 307/1/307
f 303/1/303 306/1/306 308/1/308
f 306/1/306 311/1/311 308/1/308
f 306/1/306 309/1/309 311/1/311
f 304/1/304 309/1/309 306/1/306
f 304/1/304 310/1/310 309/1/309
f 305/1/305 310/1/310 304/1/304
f 307/1/307 308/1/308 312/1/312
f 308/1/308 313/1/313 312/1/312
f 308/1/308 311/1/311 313/1/313
f 311/1/311 316/1/316 313/1/313
f 311/1/311 314/1/314 316/1/316
f 309/1/309 314/1/314 311/1/311
f 309/1/309 315/1/315 314/1/314
f 310/1/310 315/1/315 309/1/309
f 312/1/312 313/1/313 317/1/317
f 313/1/313 318/1/318 317/1/317
f 313/1/313 316/1/316 318/1/318
f 316/1/316 321/1/321 318/1/318
f 316/1/316 319/1/319 321/1/321
f 314/1/314 319/1/319 316/1/316
f 314/1/314 320/1/320 319/1/319
f 315/1/315 320/1/320 314/1/314
f 317/1/317 318/1/318 322/1/322
f 318/1/318 323/1/323 322/1/322
f 318/1/318 321/1/321 323/1/323
f 321/1/321 326/1/326 323/1/323
f 321/1/321 324/1/324 326/1/326
f 319/1/319 324/1/324 321/1/321
f 319/1/319 325/1/325 324/1/324
f 320/1/320 325/1/325 319/1/319
f 322/1/322 323/1/323 327/1/327
f 323/1/323 328/1/328 327/1/327
f 323/1/323 326/1/326 328/1/328
f 326/1/326 331/1/331 328/1/328
f 326/1/326 329/1/329 331/1/331
f 324/1/324 329/1/329 326/1/326
f 324/1/324 330/1/330 329/1/329
f 325/1/325 330/1/330 324/1/324
f 327/1/327 328/1/328 332/1/332
f 328/1/328 333/1/333 332/1/332
f 328/1/328 331/1/331 333/1/333
f 331/1/331 336/1/336 333/1/333
f 331/1/331 334/1/334 336/1/336
f 329/1/329 334/1/334 331/1/331
f 329/1/329 335/1/335 334/1/334
f 330/1/330 335/1/335 329/1/329
f 332/1/332 333/1/333 337/1/337
f 333/1/333 338/1/338 337/1/337
f 333/1/333 336/1/336 338/1/338
f 336/1/336 341/1/341 338/1/338
f 336/1/336 339/1/339 341/1/341
f 334/1/334 339/1/339 336/1/336
f 334/1/334 340/1/340 339/1/339
f 335/1/335 340/1/340 334/1/334
f 337/1/337 338/1/338 342/1/342
f 338/1/338 343/1/343 342/1/342
f 338/1/338 341/1/341 343/1/343
f 341/1/341 346/1/346 343/1/343
f 341/1/341 344/1/344 346/1/346
f 339/1/339 344/1/344 341/1/341
f 339/1/339 345/1/345 344/1/344
f 340/1/340 345/1/345 339/1/339
f 342/1/342 343/1/343 347/1/347
f 343/1/343 348/1/348 347/1/347
f 343/1/343 346/1/346 348/1/348
f 346/1/346 351/1/351 348/1/348
f 346/1/346 349/1/349 351/1/351
f 344/1/344 349/1/349 346/1/346
f 344/1/344 350/1/350 349/1/349
f 345/1/345 350/1/350 344/1/344
f 347/1/347 348/1/348 352/1/352
f 348/1/348 353/1/353 352/1/352
f 348/1/348 351/1/351 353/1/353
f 351/1/351 356/1/356 353/1/353
f 351/1/351 354/1/354 356/1/356
f 349/1/349 354/1/354 351/1/351
f 349/1/349 355/1/355 354/1/354
f 350/1/350 355/1/355 349/1/349
f 352/1/352 353/1/353 357/1/357
f 353/1/353 358/1/358 357/1/357
f 353/1/353 356/1/356 358/1/358
f 356/1/356 361/1/361 358/1/358
f 356/1/356 359/1/359 361/1/361
f 354/1/354 359/1/359 356/1/356
f 354/1/354 360/1/360 359/1/359
f 355/1/355 360/1/360 354/1/354
f 357/1/357 358/1/358 362/1/362
f 358/1/358 363/1/363 362/1/362
f 358/1/358 361/1/361 363/1/363
f 361/1/361 366/1/366 363/1/363
f 361/1/361 364/1/364 366/1/366
f 359/1/359 364/1/364 361/1/361
f 359/1/359 365/1/365 364/1/364
f 360/1/360 365/1/365 359/1/359
f 362/1/362 363/1/363 367/1/367
f 363/1/363 368/1/368 367/1/367
f 363/1/363 366/1/366 368/1/368
f 366/1/366 371/1/371 368/1/368
f 366/1/366 369/1/369 371/1/371
f 364/1/364 369/1/369 366/1/366
f 364/1/364 370/1/370 369/1/369
f 365/1/365 370/1/370 364/1/364
f 367/1/367 368/1/368 372/1/372
f 368/1/368 373/1/373 372/1/372
f 368/1/368 371/1/371 373/1/373
f 371/1/371 376/1/376 373/1/373
f 371/1/371 374/1/374 376/1/376
f 369/1/369 374/1/374 371/1/371
f 369/1/369 375/1/375 374/1/374
f 370/1/370 375/1/375 369/1/369
f 372/1/372 373/1/373 377/1/377
f 373/1/373 378/1/378 377/1/377
f 373/1/373 376/1/376 378/1/378
f 376/1/376 381/1/381 378/1/378
f 376/1/376 379/1/379 381/1/381
f 374/1/374 379/1/379 376/1/376
f 374/1/374 380/1/380 379/1/379
f 375/1/375 380/1/380 374/1/374
f 377/1/377 378/1/378 382/1/382
f 378/1/378 383/1/383 382/1/382
f 378/1/378 381/1/381 383/1/383
f 381/1/381 386/1/386 383/1/383
f 381/1/381 384/1/384 386/1/386
f 379/1/379 384/1/384 381/1/381
f 379/1/379 385/1/385 384/1/384
f 380/1/380 385/1/385 379/1/379
f 382/1/382 383/1/383 387/1/387
f 383/1/383 388/1/388 387/1/387
f 383/1/383 386/1/386 388/1/388
f 386/1/386 391/1/391 388/1/388
f 386/1/386 389/1/389 391/1/391
f 384/1/384 389/1/389 386/1/386
f 384/1/384 390/1/390 389/1/389
f 385/1/385 390/1/390 384/1/384
f 387/1/387 388/1/388 392/1/392
f 388/1/388 393/1/393 392/1/392
f 388/1/388 391/1/391 393/1/393
f 391/1/391 396/1/396 393/1/393
f 391/1/391 394/1/394 396/1/396
f 389/1/389 394/1/394 391/1/391
f 389/1/389 395/1/395 394/1/394
f 390/1/390 395/1/395 389/1/389
f 392/1/392 393/1/393 397/1/397
f 393/1/393 398/1/398 397/1/397
f 393/1/393 396/1/396 398/1/398
f 396/1/396 401/1/401 398/1/398
f 396/1/396 399/1/399 401/1/401
f 394/1/394 399/1/399 396/1/396
f 394/1/394 400/1/400 399/1/399
f 395/1/395 400/1/400 394/1/394
f 397/1/397 398/1/398 402/1/402
f 398/1/398 403/1/403 402/1/402
f 398/1/398 401/1/401 403/1/403
f 401/1/401 406/1/406 403/1/403
f 401/1/401 404/1/404 406/1/406
f 399/1/399 404/1/404 401/1/401
f 399/1/399 405/1/405 404/1/404
f 400/1/400 405/1/405 399/1/399
f 402/1/402 403/1/403 407/1/407
f 403/1/403 408/1/408 407/1/407
f 403/1/403 406/1/406 408/1/408
f 406/1/406 411/1/411 408/1/408
f 406/1/406 409/1/409 411/1/411
f 404/1/404 409/1/409 406/1/406
f 404/1/404 410/1/410 409/1/409
f 405/1/405 410/1/410 404/1/404
f 407/1/407 408/1/408 412/1/412
f 408/1/408 413/1/413 412/1/412
f 408/1/408 411/1/411 413/1/413
f 411/1/411 416/1/416 413/1/413
f 411/1/411 414/1/414 416/1/416
f 409/1/409 414/1/414 411/1/411
f 409/1/409 415/1/415 414/1/414
f 410/1/410 415/1/415 409/1/409
f 412/1/412 413/1/413 417/1/417
f 413/1/413 418/1/418 417/1/417
f 413/1/413 416/1/416 418/1/418
f 416/1/416 421/1/421 418/1/418
f 416/1/416 419/1/419 421/1/421
f 414/1/414 419/1/419 416/1/416
f 414/1/414 420/1/420 419/1/419
f 415/1/415 420/1/420 414/1/414
f 417/1/417 418/1/418 422/1/422
f 418/1/418 423/1/423 422/1/422
f 418/1/418 421/1/421 423/1/423
f 421/1/421 426/1/426 423/1/423
f 421/1/421 424/1/424 426/1/426
f 419/1/419 424/1/424 421/1/421
f 419/1/419 425/1/425 424/1/424
f 420/1/420 425/1/425 419/1/419
f 422/1/422 423/1/423 427/1/427
f 423/1/423 428/1/428 427/1/427
f 423/1/423 426/1/426 428/1/428
f 426/1/426 431/1/431 428/1/428
f 426/1/426 429/1/429 431/1/431
f 424/1/424 429/1/429 426/1/426
f 424/1/424 430/1/430 429/1/429
f 425/1/425 430/1/430 424/1/424
f 427/1/427 428/1/428 432/1/432
f 428/1/428 433/1/433 432/1/432
f 428/1/428 431/1/431 433/1/433
f 431/1/431 436/1/436 433/1/433
f 431/1/431 434/1/434 436/1/436
f 429/1/429 434/1/434 431/1/431
f 429/1/429 435/1/435 434/1/434
f 430/1/430 435/1/435 429/1/429
f 432/1/432 433/1/433 437/1/437
f 433/1/433 438/1/438 437/1/437
f 433/1/433 436/1/436 438/1/438
f 436/1/436 441/1/441 438/1/438
f 436/1/436 439/1/439 441/1/441
f 434/1/434 439/1/439 436/1/436
f 434/1/434 440/1/440 439/1/439
f 435/1/435 440/1/440 434/1/434
f 437/1/437 438/1/438 442/1/442
f 438/1/438 443/1/443 442/1/442
f 438/1/438 441/1/441 443/1/443
f 441/1/441 446/1/446 443/1/443
f 441/1/441 444/1/444 446/1/446
f 439/1/439 444/1/444 441/1/441
f 439/1/439 445/1/445 444/1/444
f 440/1/440 445/1/445 439/1/439
f 442/1/442 443/1/443 447/1/447
f 443/1/443 448/1/448 447/1/447
f 443/1/443 446/1/446 448/1/448
f 446/1/446 451/1/451 448/1/448
f 446/1/446 449/1/449 451/1/451
f 444/1/444 449/1/449 446/1/446
f 444/1/444 450/1/450 449/1/449
f 445/1/445 450/1/450 444/1/444
f 447/1/447 448/1/448 452/1/452
f 448/1/448 453/1/453 452/1/452
f 448/1/448 451/1/451 453/1/453
f 451/1/451 456/1/456 453/1/453
f 451/1/451 454/1/454 456/1/456
f 449/1/449 454/1/454 451/1/451
f 449/1/449 455/1/455 454/1/454
f 450/1/450 455/1/455 449/1/449
f 452/1/452 453/1/453 457/1/457
f 453/1/453 458/1/458 457/1/457
f 453/1/453 456/1/456 458/1/458
f 456/1/456 461/1/461 458/1/458
f 456/1/456 459/1/459 461/1/461
f 454/1/454 459/1/459 456/1/456
f 454/1/454 460/1/460 459/1/459
f 455/1/455 460/1/460 454/1/454
f 457/1/457 458/1/458 462/1/462
f 458/1/458 463/1/463 462/1/462
f 458/1/458 461/1/461 463/1/463
f 461/1/461 466/1/466 463/1/463
f 461/1/461 464/1/464 466/1/466
f 459/1/459 464/1/464 461/1/461
f 459/1/459 465/1/465 464/1/464
f 460/1/460 465/1/465 459/1/459
f 462/1/462 463/1/463 467/1/467
f 463/1/463 468/1/468 467/1/467
f 463/1/463 466/1/466 468/1/468
f 466/1/466 471/1/471 468/1/468
f 466/1/466 469/1/469 471/1/471
f 464/1/464 469/1/469 466/1/466
f 464/1/464 470/1/470 469/1/469
f 465/1/465 470/1/470 464/1/464
f 467/1/467 468/1/468 472/1/472
f 468/1/468 473/1/473 472/1/472
f 468/1/468 471/1/471 473/1/473
f 471/1/471 476/1/476 473/1/473
f 471/1/471 474/1/474 476/1/476
f 469/1/469 474/1/474 471/1/471
f 469/1/469 475/1/475 474/1/474
f 470/1/470 475/1/475 469/1/469
f 472/1/472 473/1/473 477/1/477
f 473/1/473 478/1/478 477/1/477
f 473/1/473 476/1/476 478/1/478
f 476/1/476 481/1/481 478/1/478
f 476/1/476 479/1/479 481/1/481
f 474/1/474 479/1/479 476/1/476
f 474/1/474 480/1/480 479/1/479
f 475/1/475 480/1/480 474/1/474
f 477/1/477 478/1/478 482/1/482
f 478/1/478 483/1/483 482/1/482
f 478/1/478 481/1/481 483/1/483
f 481/1/481 486/1/486 483/1/483
f 481/1/481 484/1/484 486/1/486
f 479/1/479 484/1/484 481/1/481
f 479/1/479 485/1/485 484/1/484
f 480/1/480 485/1/485 479/1/479
f 482/1/482 483/1/483 487/1/487
f 483/1/483 488/1/488 487/1/487
f 483/1/483 486/1/486 488/1/488
f 486/1/486 491/1/491 488/1/488
f 486/1/486 489/1/489 491/1/491
f 484/1/484 489/1/489 486/1/486
f 484/1/484 490/1/490 489/1/489
f 485/1/485 490/1/490 484/1/484
f 487/1/487 488/1/488 492/1/492
f 488/1/488 493/1/493 492/1/492
f 488/1/488 491/1/491 493/1/493
f 491/1/491 496/1/496 493/1/493
f 491/1/491 494/1/494 496/1/496
f 489/1/489 494/1/494 491/1/491
f 489/1/489 495/1/495 494/1/494
f 490/1/490 495/1/495 489/1/489
f 492/1/492 493/1/493 497/1/497
f 493/1/493 498/1/498 497/1/497
f 493/1/493 496/1/496 498/1/498
f 496/1/496 501/1/501 498/1/498
f 496/1/496 499/1/499 501/1/501
f 494/1/494 499/1/499 496/1/496
f 494/1/494 500/1/500 499/1/499
f 495/1/495 500/1/500 494/1/494
f 497/1/497 498/1/498 502/1/502
f 498/1/498 503/1/503 502/1/502
f 498/1/498 501/1/501 503/1/503
f 501/1/501 506/1/506 503/1/503
f 501/1/501 504/1/504 506/1/506
f 499/1/499 504/1/504 501/1/501
f 499/1/499 505/1/505 504/1/504
f 500/1/500 505/1/505 499/1/499
f 502/1/502 503/1/503 507/1/507
f 503/1/503 508/1/508 507/1/507
f 503/1/503 506/1/506 508/1/508
f 506/1/506 511/1/511 508/1/508
f 506/1/506 509/1/509 511/1/511
f 504/1/504 509/1/509 506/1/506
f 504/1/504 510/1/510 509/1/509
f 505/1/505 510/1/510 504/1/504
f 507/1/507 508/1/508 512/1/512
f 508/1/508 513/1/513 512/1/512
f 508/1/508 511/1/511 513/1/513
f 511/1/511 516/1/516 513/1/513
f 511/1/511 514/1/514 516/1/516
f 509/1/509 514/1/514 511/1/511
f 509/1/509 515/1/515 514/1/514
f 510/1/510 515/1/515 509/1/509
f 512/1/512 513/1/513 517/1/517
f 513/1/513 518/1/518 517/1/517
f 513/1/513 516/1/516 518/1/518
f 516/1/516 521/1/521 518/1/518
f 516/1/516 519/1/519 521/1/521
f 514/1/514 519/1/519 516/1/516
f 514/1/514 520/1/520 519/1/519
f 515/1/515 520/1/520 514/1/514
f 517/1/517 518/1/518 522/1/522
f 518/1/518 523/1/523 522/1/522
f 518/1/518 521/1/521 523/1/523
f 521/1/521 526/1/526 523/1/523
f 521/1/521 524/1/524 526/1/526
f 519/1/519 524/1/524 521/1/521
f 519/1/519 525/1/525 524/1/524
f 520/1/520 525/1/525 519/1/519
f 522/1/522 523/1/523 527/1/527
f 523/1/523 528/1/528 527/1/527
f 523/1/523 526/1/526 528/1/528
f 526/1/526 531/1/531 528/1/528
f 526/1/526 529/1/529 531/1/531
f 524/1/524 529/1/529 526/1/526
f 524/1/524 530/1/530 529/1/529
f 525/1/525 530/1/530 524/1/524
f 527/1/527 528/1/528 532/1/532
f 528/1/528 533/1/533 532/1/532
f 528/1/528 531/1/531 533/1/533
f 531/1/531 536/1/536 533/1/533
f 531/1/531 534/1/534 536/1/536
f 529/1/529 534/1/534 531/1/531
f 529/1/529 535/1/535 534/1/534
f 530/1/530 535/1/535 529/1/529
f 532/1/532 533/1/533 537/1/537
f 533/1/533 538/1/538 537/1/537
f 533/1/533 536/1/536 538/1/538
f 536/1/536 541/1/541 538/1/538
f 536/1/536 539/1/539 541/1/541
f 534/1/534 539/1/539 536/1/536
f 534/1/534 540/1/540 539/1/539
f 535/1/535 540/1/540 534/1/534
f 537/1/537 538/1/538 542/1/542
f 538/1/538 543/1/543 542/1/542
f 538/1/538 541/1/541 543/1/543
f 541/1/541 546/1/546 543/1/543
f 541/1/541 544/1/544 546/1/546
f 539/1/539 544/1/544 541/1/541
f 539/1/539 545/1/545 544/1/544
f 540/1/540 545/1/545 539/1/539
f 542/1/542 543/1/543 547/1/547
f 543/1/543 548/1/548 547/1/547
f 543/1/543 546/1/546 548/1/548
f 546/1/546 551/1/551 548/1/548
f 546/1/546 549/1/549 551/1/551
f 544/1/544 549/1/549 546/1/546
f 544/1/544 550/1/550 549/1/549
f 545/1/545 550/1/550 544/1/544
f 547/1/547 548/1/548 552/1/552
f 548/1/548 553/1/553 552/1/552
f 548/1/548 551/1/551 553/1/553
f 551/1/551 556/1/556 553/1/553
f 551/1/551 554/1/554 556/1/556
f 549/1/549 554/1/554 551/1/551
f 549/1/549 555/1/555 554/1/554
f 550/1/550 555/1/555 549/1/549
f 552/1/552 553/1/553 557/1/557
f 553/1/553 558/1/558 557/1/557
f 553/1/553 556/1/556 558/1/558
f 556/1/556 561/1/561 558/1/558
f 556/1/556 559/1/559 561/1/561
f 554/1/554 559/1/559 556/1/556
f 554/1/554 560/1/560 559/1/559
f 555/1/555 560/1/560 554/1/554
f 557/1/557 558/1/558 562/1/562
f 558/1/558 563/1/563 562/1/562
f 558/1/558 561/1/561 563/1/563
f 561/1/561 566/1/566 563/1/563
f 561/1/561 564/1/564 566/1/566
f 559/1/559 564/1/564 561/1/561
f 559/1/559 565/1/565 564/1/564
f 560/1/560 565/1/565 559/1/559
f 562/1/562 563/1/563 567/1/567
f 563/1/563 568/1/568 567/1/567
f 563/1/563 566/1/566 568/1/568
f 566/1/566 571/1/571 568/1/568
f 566/1/566 569/1/569 571/1/571
f 564/1/564 569/1/569 566/1/566
f 564/1/564 570/1/570 569/1/569
f 565/1/565 570/1/570 564/1/564
f 567/1/567 568/1/568 572/1/572
f 568/1/568 573/1/573 572/1/572
f 568/1/568 571/1/571 573/1/573
f 571/1/571 576/1/576 573/1/573
f 571/1/571 574/1/574 576/1/576
f 569/1/569 574/1/574 571/1/571
f 569/1/569 575/1/575 574/1/574
f 570/1/570 575/1/575 569/1/569
f 572/1/572 573/1/573 577/1/577
f 573/1/573 578/1/578 577/1/577
f 573/1/573 576/1/576 578/1/578
f 576/1/576 581/1/581 578/1/578
f 576/1/576 579/1/579 581/1/581
f 574/1/574 579/1/579 576/1/576
f 574/1/574 580/1/580 579/1/579
f 575/1/575 580/1/580 574/1/574
f 577/1/577 578/1/578 582/1/582
f 578/1/578 583/1/583 582/1/582
f 578/1/578 581/1/581 583/1/583
f 581/1/581 586/1/586 583/1/583
f 581/1/581 584/1/584 586/1/586
f 579/1/579 584/1/584 581/1/581
f 579/1/579 585/1/585 584/1/584
f 580/1/580 585/1/585 579/1/579
f 582/1/582 583/1/583 587/1/587
f 583/1/583 588/1/588 587/1/587
f 583/1/583 586/1/586 588/1/588
f 586/1/586 591/1/591 588/1/588
f 586/1/586 589/1/589 591/1/591
f 584/1/584 589/1/589 586/1/586
f 584/1/584 590/1/590 589/1/589
f 585/1/585 590/1/590 584/1/584
f 587/1/587 588/1/588 592/1/592
f 588/1/588 593/1/593 592/1/592
f 588/1/588 591/1/591 593/1/593
f 591/1/591 596/1/596 593/1/593
f 591/1/591 594/1/594 596/1/596
f 589/1/589 594/1/594 591/1/591
f 589/1/589 595/1/595 594/1/594
f 590/1/590 595/1/595 589/1/589
f 592/1/592 593/1/593 597/1/597
f 593/1/593 598/1/598 597/1/597
f 593/1/593 596/1/596 598/1/598
f 596/1/596 601/1/601 598/1/598
f 596/1/596 599/1/599 601/1/601
f 594/1/594 599/1/599 596/1/596
f 594/1/594 600/1/600 599/1/599
f 595/1/595 600/1/600 594/1/594
f 597/1/597 598/1/598 602/1/602
f 598/1/598 603/1/603 602/1/602
f 598/1/598 601/1/601 603/1/603
f 601/1/601 606/1/606 603/1/603
f 601/1/601 604/1/604 606/1/606
f 599/1/599 604/1/604 601/1/601
f 599/1/599 605/1/605 604/1/604
f 600/1/600 605/1/605 599/1/599
f 602/1/602 603/1/603 607/1/607
f 603/1/603 608/1/608 607/1/607
f 603/1/603 606/1/606 608/1/608
f 606/1/606 611/1/611 608/1/608
f 606/1/606 609/1/609 611/1/611
f 604/1/604 609/1/609 606/1/606
f 604/1/604 610/1/610 609/1/609
f 605/1/605 610/1/610 604/1/604
f 607/1/607 608/1/608 612/1/612
f 608/1/608 613/1/613 612/1/612
f 608/1/608 611/1/611 613/1/613
f 611/1/611 616/1/616 613/1/613
f 611/1/611 614/1/614 616/1/616
f 609/1/609 614/1/614 611/1/611
f 609/1/609 615/1/615 614/1/614
f 610/1/610 615/1/615 609/1/609
f 612/1/612 613/1/613 617/1/617
f 613/1/613 618/1/618 617/1/617
f 613/1/613 616/1/616 618/1/618
f 616/1/616 621/1/621 618/1/618
f 616/1/616 619/1/619 621/1/621
f 614/1/614 619/1/619 616/1/616
f 614/1/614 620/1/620 619/1/619
f 615/1/615 620/1/620 614/1/614
f 617/1/617 618/1/618 622/1/622
f 618/1/618 623/1/623 622/1/622
f 618/1/618 621/1/621 623/1/623
f 621/1/621 626/1/626 623/1/623
f 621/1/621 624/1/624 626/1/626
f 619/1/619 624/1/624 621/1/621
f 619/1/619 625/1/625 624/1/624
f 620/1/620 625/1/625 619/1/619
f 622/1/622 623/1/623 627/1/627
f 623/1/623 628/1/628 627/1/627
f 623/1/623 626/1/626 628/1/628
f 626/1/626 631/1/631 628/1/628
f 626/1/626 629/1/629 631/1/631
f 624/1/624 629/1/629 626/1/626
f 624/1/624 630/1/630 629/1/629
f 625/1/625 630/1/630 624/1/624
f 627/1/627 628/1/628 632/1/632
f 628/1/628 633/1/633 632/1/632
f 628/1/628 631/1/631 633/1/633
f 631/1/631 636/1/636 633/1/633
f 631/1/631 634/1/634 636/1/636
f 629/1/629 634/1/634 631/1/631
f 629/1/629 635/1/635 634/1/634
f 630/1/630 635/1/635 629/1/629
f 632/1/632 633/1/633 637/1/637
f 633/1/633 638/1/638 637/1/637
f 633/1/633 636/1/636 638/1/638
f 636/1/636 641/1/641 638/1/638
f 636/1/636 639/1/639 641/1/641
f 634/1/634 639/1/639 636/1/636
f 634/1/634 640/1/640 639/1/639
f 635/1/635 640/1/640 634/1/634
f 637/1/637 638/1/638 642/1/642
f 638/1/638 643/1/643 642/1/642
f 638/1/638 641/1/641 643/1/643
f 641/1/641 646/1/646 643/1/643
f 641/1/641 644/1/644 646/1/646
f 639/1/639 644/1/644 641/1/641
f 639/1/639 645/1/645 644/1/644
f 640/1/640 645/1/645 639/1/639
f 642/1/642 643/1/643 647/1/647
f 643/1/643 648/1/648 647/1/647
f 643/1/643 646/1/646 648/1/648
f 646/1/646 651/1/651 648/1/648
f 646/1/646 649/1/649 651/1/651
f 644/1/644 649/1/649 646/1/646
f 644/1/644 650/1/650 649/1/649
f 645/1/645 650/1/650 644/1/644
f 647/1/647 648/1/648 652/1/652
f 648/1/648 653/1/653 652/1/652
f 648/1/648 651/1/651 653/1/653
f 651/1/651 656/1/656 653/1/653
f 651/1/651 654/1/654 656/1/656
f 649/1/649 654/1/654 651/1/651
f 649/1/649 655/1/655 654/1/654
f 650/1/650 655/1/655 649/1/649
f 652/1/652 653/1/653 657/1/657
f 653/1/653 658/1/658 657/1/657
f 653/1/653 656/1/656 658/1/658
f 656/1/656 661/1/661 658/1/658
f 656/1/656 659/1/659 661/1/661
f 654/1/654 659/1/659 656/1/656
f 654/1/654 660/1/660 659/1/659
f 655/1/655 660/1/660 654/1/654
f 657/1/657 658/1/658 662/1/662
f 658/1/658 663/1/663 662/1/662
f 658/1/658 661/1/661 663/1/663
f 661/1/661 666/1/666 663/1/663
f 661/1/661 664/1/664 666/1/666
f 659/1/659 664/1/664 661/1/661
f 659/1/659 665/1/665 664/1/664
f 660/1/660 665/1/665 659/1/659
f 662/1/662 663/1/663 667/1/667
f 663/1/663 668/1/668 667/1/667
f 663/1/663 666/1/666 668/1/668
f 666/1/666 671/1/671 668/1/668
f 666/1/666 669/1/669 671/1/671
f 664/1/664 669/1/669 666/1/666
f 664/1/664 670/1/670 669/1/669
f 665/1/665 670/1/670 664/1/664
f 667/1/667 668/1/668 672/1/672
f 668/1/668 673/1/673 672/1/672
f 668/1/668 671/1/671 673/1/673
f 671/1/671 676/1/676 673/1/673
f 671/1/671 674/1/674 676/1/676
f 669/1/669 674/1/674 671/1/671
f 669/1/669 675/1/675 674/1/674
f 670/1/670 675/1/675 669/1/669
f 672/1/672 673/1/673 677/1/677
f 673/1/673 678/1/678 677/1/677
f 673/1/673 676/1/676 678/1/678
f 676/1/676 681/1/681 678/1/678
f 676/1/676 679/1/679 681/1/681
f 674/1/674 679/1/679 676/1/676
f 674/1/674 680/1/680 679/1/679
f 675/1/675 680/1/680 674/1/674
f 677/1/677 678/1/678 682/1/682
f 678/1/678 683/1/683 682/1/682
f 678/1/678 681/1/681 683/1/683
f 681/1/681 686/1/686 683/1/683
f 681/1/681 684/1/684 686/1/686
f 679/1/679 684/1/684 681/1/681
f 679/1/679 685/1/685 684/1/684
f 680/1/680 685/1/685 679/1/679
f 682/1/682 683/1/683 687/1/687
f 683/1/683 688/1/688 687/1/687
f 683/1/683 686/1/686 688/1/688
f 686/1/686 691/1/691 688/1/688
f 686/1/686 689/1/689 691/1/691
f 684/1/684 689/1/689 686/1/686
f 684/1/684 690/1/690 689/1/689
f 685/1/685 690/1/690 684/1/684
f 687/1/687 688/1/688 692/1/692
f 688/1/688 693/1/693 692/1/692
f 688/1/688 691/1/691 693/1/693
f 691/1/691 696/1/696 693/1/693
f 691/1/691 694/1/694 696/1/696
f 689/1/689 694/1/694 691/1/691
f 689/1/689 695/1/695 694/1/694
f 690/1/690 695/1/695 689/1/689
f 692/1/692 693/1/693 697/1/697
f 693/1/693 698/1/698 697/1/697
f 693/1/693 696/1/696 698/1/698
f 696/1/696 701/1/701 698/1/698
f 696/1/696 699/1/699 701/1/701
f 694/1/694 699/1/699 696/1/696
f 694/1/694 700/1/700 699/1/699
f 695/1/695 700/1/700 694/1/694
f 697/1/697 698/1/698 702/1/702
f 698/1/698 703/1/703 702/1/702
f 698/1/698 701/1/701 703/1/703
f 701/1/701 706/1/706 703/1/703
f 701/1/701 704/1/704 706/1/706
f 699/1/699 704/1/704 701/1/701
f 699/1/699 705/1/705 704/1/704
f 700/1/700 705/1/705 699/1/699
f 702/1/702 703/1/703 707/1/707
f 703/1/703 708/1/708 707/1/707
f 703/1/703 706/1/706 708/1/708
f 706/1/706 711/1/711 708/1/708
f 706/1/706 709/1/709 711/1/711
f 704/1/704 709/1/709 706/1/706
f 704/1/704 710/1/710 709/1/709
f 705/1/705 710/1/710 704/1/704
f 707/1/707 708/1/708 712/1/712
f 708/1/708 713/1/713 712/1/712
f 708/1/708 711/1/711 713/1/713
f 711/1/711 716/1/716 713/1/713
f 711/1/711 714/1/714 716/1/716
f 709/1/709 714/1/714 711/1/711
f 709/1/709 715/1/715 714/1/714
f 710/1/710 715/1/715 709/1/709
f 712/1/712 713/1/713 717/1/717
f 713/1/713 718/1/718 717/1/717
f 713/1/713 716/1/716 718/1/718
f 716/1/716 721/1/721 718/1/718
f 716/1/716 719/1/719 721/1/721
f 714/1/714 719/1/719 716/1/716
f 714/1/714 720/1/720 719/1/719
f 715/1/715 720/1/720 714/1/714
f 717/1/717 718/1/718 722/1/722
f 718/1/718 723/1/723 722/1/722
f 718/1/718 721/1/721 723/1/723
f 721/1/721 726/1/726 723/1/723
f 721/1/721 724/1/724 726/1/726
f 719/1/719 724/1/724 721/1/721
f 719/1/719 725/1/725 724/1/724
f 720/1/720 725/1/725 719/1/719
f 727/1/727 729/1/729 728/1/728
f 727/1/727 732/1/732 729/1/729
f 727/1/727 730/1/730 732/1/732
f 727/1/727 731/1/731 730/1/730
f 728/1/728 729/1/729 733/1/733
f 729/1/729 734/1/734 733/1/733
f 729/1/729 732/1/732 734/1/734
f 732/1/732 737/1/737 734/1/734
f 732/1/732 735/1/735 737/1/737
f 730/1/730 735/1/735 732/1/732
f 730/1/730 736/1/736 735/1/735
f 731/1/731 736/1/736 730/1/730
f 733/1/733 734/1/734 738/1/738
f 734/1/734 739/1/739 738/1/738
f 734/1/734 737/1/737 739/1/739
f 737/1/737 742/1/742 739/1/739
f 737/1/737 740/1/740 742/1/742
f 735/1/735 740/1/740 737/1/737
f 735/1/735 741/1/741 740/1/740
f 736/1/736 741/1/741 735/1/735
f 738/1/738 739/1/739 743/1/743
f 739/1/739 744/1/744 743/1/743
f 739/1/739 742/1/742 744/1/744
f 742/1/742 747/1/747 744/1/744
f 742/1/742 745/1/745 747/1/747
f 740/1/740 745/1/745 742/1/742
f 740/1/740 746/1/746 745/1/745
f 741/1/741 746/1/746 740/1/740
f 743/1/743 744/1/744 748/1/748
f 744/1/744 749/1/749 748/1/748
f 744/1/744 747/1/747 749/1/749
f 747/1/747 752/1/752 749/1/749
f 747/1/747 750/1/750 752/1/752
f 745/1/745 750/1/750 747/1/747
f 745/1/745 751/1/751 750/1/750
f 746/1/746 751/1/751 745/1/745
f 748/1/748 749/1/749 753/1/753
f 749/1/749 754/1/754 753/1/753
f 749/1/749 752/1/752 754/1/754
f 752/1/752 757/1/757 754/1/754
f 752/1/752 755/1/755 757/1/757
f 750/1/750 755/1/755 752/1/752
f 750/1/750 756/1/756 755/1/755
f 751/1/751 756/1/756 750/1/750
f 753/1/753 754/1/754 758/1/758
f 754/1/754 759/1/759 758/1/758
f 754/1/754 757/1/757 759/1/759
f 757/1/757 762/1/762 759/1/759
f 757/1/757 760/1/760 762/1/762
f 755/1/755 760/1/760 757/1/757
f 755/1/755 761/1/761 760/1/760
f 756/1/756 761/1/761 755/1/755
f 758/1/758 759/1/759 763/1/763
f 759/1/759 764/1/764 763/1/763
f 759/1/759 762/1/762 764/1/764
f 762/1/762 767/1/767 764/1/764
f 762/1/762 765/1/765 767/1/767
f 760/1/760 765/1/765 762/1/762
f 760/1/760 766/1/766 765/1/765
f 761/1/761 766/1/766 760/1/760
f 763/1/763 764/1/764 768/1/768
f 764/1/764 769/1/769 768/1/768
f 764/1/764 767/1/767 769/1/769
f 767/1/767 772/1/772 769/1/769
f 767/1/767 770/1/770 772/1/772
f 765/1/765 770/1/770 767/1/767
f 765/1/765 771/1/771 770/1/770
f 766/1/766 771/1/771 765/1/765
f 768/1/768 769/1/769 773/1/773
f 769/1/769 774/1/774 773/1/773
f 769/1/769 772/1/772 774/1/774
f 772/1/772 777/1/777 774/1/774
f 772/1/772 775/1/775 777/1/777
f 770/1/770 775/1/775 772/1/772
f 770/1/770 776/1/776 775/1/775
f 771/1/771 776/1/776 770/1/770
f 773/1/773 774/1/774 778/1/778
f 774/1/774 779/1/779 778/1/778
f 774/1/774 777/1/777 779/1/779
f 777/1/777 782/1/782 779/1/779
f 777/1/777 780/1/780 782/1/782
f 775/1/775 780/1/780 777/1/777
f 775/1/775 781/1/781 780/1/780
f 776/1/776 781/1/781 775/1/775
f 778/1/778 779/1/779 783/1/783
f 779/1/779 784/1/784 783/1/783
f 779/1/779 782/1/782 784/1/784
f 782/1/782 787/1/787 784/1/784
f 782/1/782 785/1/785 787/1/787
f 780/1/780 785/1/785 782/1/782
f 780/1/780 786/1/786 785/1/785
f 781/1/781 786/1/786 780/1/780
f 783/1/783 784/1/784 788/1/788
f 784/1/784 789/1/789 788/1/788
f 784/1/784 787/1/787 789/1/789
f 787/1/787 792/1/792 789/1/789
f 787/1/787 790/1/790 792/1/792
f 785/1/785 790/1/790 787/1/787
f 785/1/785 791/1/791 790/1/790
f 786/1/786 791/1/791 785/1/785
f 788/1/788 789/1/789 793/1/793
f 789/1/789 794/1/794 793/1/793
f 789/1/789 792/1/792 794/1/794
f 792/1/792 797/1/797 794/1/794
f 792/1/792 795/1/795 797/1/797
f 790/1/790 795/1/795 792/1/792
f 790/1/790 796/1/796 795/1/795
f 791/1/791 796/1/796 790/1/790
f 793/1/793 794/1/794 798/1/798
f 794/1/794 799/1/799 798/1/798
f 794/1/794 797/1/797 799/1/799
f 797/1/797 802/1/802 799/1/799
f 797/1/797 800/1/800 802/1/802
f 795/1/795 800/1/800 797/1/797
f 795/1/795 801/1/801 800/1/800
f 796/1/796 801/1/801 795/1/795
f 798/1/798 799/1/799 803/1/803
f 799/1/799 804/1/804 803/1/803
f 799/1/799 802/1/802 804/1/804
f 802/1/802 807/1/807 804/1/804
f 802/1/802 805/1/805 807/1/807
f 800/1/800 805/1/805 802/1/802
f 800/1/800 806/1/806 805/1/805
f 801/1/801 806/1/806 800/1/800
f 803/1/803 804/1/804 808/1/808
f 804/1/804 809/1/809 808/1/808
f 804/1/804 807/1/807 809/1/809
f 807/1/807 812/1/812 809/1/809
f 807/1/807 810/1/810 812/1/812
f 805/1/805 810/1/810 807/1/807
f 805/1/805 811/1/811 810/1/810
f 806/1/806 811/1/811 805/1/805
f 808/1/808 809/1/809 813/1/813
f 809/1/809 814/1/814 813/1/813
f 809/1/809 812/1/812 814/1/814
f 812/1/812 817/1/817 814/1/814
f 812/1/812 815/1/815 817/1/817
f 810/1/810 815/1/815 812/1/812
f 810/1/810 816/1/816 815/1/815
f 811/1/811 816/1/816 810/1/810
f 813/1/813 814/1/814 818/1/818
f 814/1/814 819/1/819 818/1/818
f 814/1/814 817/1/817 819/1/819
f 817/1/817 822/1/822 819/1/819
f 817/1/817 820/1/820 822/1/822
f 815/1/815 820/1/820 817/1/817
f 815/1/815 821/1/821 820/1/820
f 816/1/816 821/1/821 815/1/815
f 818/1/818 819/1/819 823/1/823
f 819/1/819 824/1/824 823/1/823
f 819/1/819 822/1/822 824/1/824
f 822/1/822 827/1/827 824/1/824
f 822/1/822 825/1/825 827/1/827
f 820/1/820 825/1/825 822/1/822
f 820/1/820 826/1/826 825/1/825
f 821/1/821 826/1/826 820/1/820
f 823/1/823 824/1/824 828/1/828
f 824/1/824 829/1/829 828/1/828
f 824/1/824 827/1/827 829/1/829
f 827/1/827 832/1/832 829/1/829
f 827/1/827 830/1/830 832/1/832
f 825/1/825 830/1/830 827/1/827
f 825/1/825 831/1/831 830/1/830
f 826/1/826 831/1/831 825/1/825
f 828/1/828 829/1/829 833/1/833
f 829/1/829 834/1/834 833/1/833
f 829/1/829 832/1/832 834/1/834
f 832/1/832 837/1/837 834/1/834
f 832/1/832 835/1/835 837/1/837
f 830/1/830 835/1/835 832/1/832
f 830/1/830 836/1/836 835/1/835
f 831/1/831 836/1/836 830/1/830
f 833/1/833 834/1/834 838/1/838
f 834/1/834 839/1/839 838/1/838
f 834/1/834 837/1/837 839/1/839
f 837/1/837 842/1/842 839/1/839
f 837/1/837 840/1/840 842/1/842
f 835/1/835 840/1/840 837/1/837
f 835/1/835 841/1/841 840/1/840
f 836/1/836 841/1/841 835/1/835
f 838/1/838 839/1/839 843/1/843
f 839/1/839 844/1/844 843/1/843
f 839/1/839 842/1/842 844/1/844
f 842/1/842 847/1/847 844/1/844
f 842/1/842 845/1/845 847/1/847
f 840/1/840 845/1/845 842/1/842
f 840/1/840 846/1/846 845/1/845
f 841/1/841 846/1/846 840/1/840
f 843/1/843 844/1/844 848/1/848
f 844/1/844 849/1/849 848/1/848
f 844/1/844 847/1/847 849/1/849
f 847/1/847 852/1/852 849/1/849
f 847/1/847 850/1/850 852/1/852
f 845/1/845 850/1/850 847/1/847
f 845/1/845 851/1/851 850/1/850
f 846/1/846 851/1/851 845/1/845
f 848/1/848 849/1/849 853/1/853
f 849/1/849 854/1/854 853/1/853
f 849/1/849 852/1/852 854/1/854
f 852/1/852 857/1/857 854/1/854
f 852/1/852 855/1/855 857/1/857
f 850/1/850 855/1/855 852/1/852
f 850/1/850 856/1/856 855/1/855
f 851/1/851 856/1/856 850/1/850
f 853/1/853 854/1/854 858/1/858
f 854/1/854 859/1/859 858/1/858
f 854/1/854 857/1/857 859/1/859
f 857/1/857 862/1/862 859/1/859
f 857/1/857 860/1/860 862/1/862
f 855/1/855 860/1/860 857/1/857
f 855/1/855 861/1/861 860/1/860
f 856/1/856 861/1/861 855/1/855
f 858/1/858 859/1/859 863/1/863
f 859/1/859 864/1/864 863/1/863
f 859/1/859 862/1/862 864/1/864
f 862/1/862 867/1/867 864/1/864
f 862/1/862 865/1/865 867/1/867
f 860/1/860 865/1/865 862/1/862
f 860/1/860 866/1/866 865/1/865
f 861/1/861 866/1/866 860/1/860
f 863/1/863 864/1/864 868/1/868
f 864/1/864 869/1/869 868/1/868
f 864/1/864 867/1/867 869/1/869
f 867/1/867 872/1/872 869/1/869
f 867/1/867 870/1/870 872/1/872
f 865/1/865 870/1/870 867/1/867
f 865/1/865 871/1/871 870/1/870
f 866/1/866 871/1/871 865/1/865
f 868/1/868 869/1/869 873/1/873
f 869/1/869 874/1/874 873/1/873
f 869/1/869 872/1/872 874/1/874
f 872/1/872 877/1/877 874/1/874
f 872/1/872 875/1/875 877/1/877
f 870/1/870 875/1/875 872/1/872
f 870/1/870 876/1/876 875/1/875
f 871/1/871 876/1/876 870/1/870
f 873/1/873 874/1/874 878/1/878
f 874/1/874 879/1/879 878/1/878
f 874/1/874 877/1/877 879/1/879
f 877/1/877 882/1/882 879/1/879
f 877/1/877 880/1/880 882/1/882
f 875/1/875 880/1/880 877/1/877
f 875/1/875 881/1/881 880/1/880
f 876/1/876 881/1/881 875/1/875
f 878/1/878 879/1/879 883/1/883
f 879/1/879 884/1/884 883/1/883
f 879/1/879 882/1/882 884/1/884
f 882/1/882 887/1/887 884/1/884
f 882/1/882 885/1/885 887/1/887
f 880/1/880 885/1/885 882/1/882
f 880/1/880 886/1/886 885/1/885
f 881/1/881 886/1/886 880/1/880
f 883/1/883 884/1/884 888/1/888
f 884/1/884 889/1/889 888/1/888
f 884/1/884 887/1/887 889/1/889
f 887/1/887 892/1/892 889/1/889
f 887/1/887 890/1/890 892/1/892
f 885/1/885 890/1/890 887/1/887
f 885/1/885 891/1/891 890/1/890
f 886/1/886 891/1/891 885/1/885
f 888/1/888 889/1/889 893/1/893
f 889/1/889 894/1/894 893/1/893
f 889/1/889 892/1/892 894/1/894
f 892/1/892 897/1/897 894/1/894
f 892/1/892 895/1/895 897/1/897
f 890/1/890 895/1/895 892/1/892
f 890/1/890 896/1/896 895/1/895
f 891/1/891 896/1/896 890/1/890
f 893/1/893 894/1/894 898/1/898
f 894/1/894 899/1/899 898/1/898
f 894/1/894 897/1/897 899/1/899
f 897/1/897 902/1/902 899/1/899
f 897/1/897 900/1/900 902/1/902
f 895/1/895 900/1/900 897/1/897
f 895/1/895 901/1/901 900/1/900
f 896/1/896 901/1/901 895/1/895
f 898/1/898 899/1/899 903/1/903
f 899/1/899 904/1/904 903/1/903
f 899/1/899 902/1/902 904/1/904
f 902/1/902 907/1/907 904/1/904
f 902/1/902 905/1/905 907/1/907
f 900/1/900 905/1/905 902/1/902
f 900/1/900 906/1/906 905/1/905
f 901/1/901 906/1/906 900/1/900
f 903/1/903 904/1/904 908/1/908
f 904/1/904 909/1/909 908/1/908
f 904/1/904 907/1/907 909/1/909
f 907/1/907 912/1/912 909/1/909
f 907/1/907 910/1/910 912/1/912
f 905/1/905 910/1/910 907/1/907
f 905/1/905 911/1/911 910/1/910
f 906/1/906 911/1/911 905/1/905
f 908/1/908 909/1/909 913/1/913
f 909/1/909 914/1/914 913/1/913
f 909/1/909 912/1/912 914/1/914
f 912/1/912 917/1/917 914/1/914
f 912/1/912 915/1/915 917/1/917
f 910/1/910 915/1/915 912/1/912
f 910/1/910 916/1/916 915/1/915
f 911/1/911 916/1/916 910/1/910
f 913/1/913 914/1/914 918/1/918
f 914/1/914 919/1/919 918/1/918
f 914/1/914 917/1/917 919/1/919
f 917/1/917 922/1/922 919/1/919
f 917/1/917 920/1/920 922/1/922
f 915/1/915 920/1/920 917/1/917
f 915/1/915 921/1/921 920/1/920
f 916/1/916 921/1/921 915/1/915
f 918/1/918 919/1/919 923/1/923
f 919/1/919 924/1/924 923/1/923
f 919/1/919 922/1/922 924/1/924
f 922/1/922 927/1/927 924/1/924
f 922/1/922 925/1/925 927/1/927
f 920/1/920 925/1/925 922/1/922
f 920/1/920 926/1/926 925/1/925
f 921/1/921 926/1/926 920/1/920
f 923/1/923 924/1/924 928/1/928
f 924/1/924 929/1/929 928/1/928
f 924/1/924 927/1/927 929/1/929
f 927/1/927 932/1/932 929/1/929
f 927/1/927 930/1/930 932/1/932
f 925/1/925 930/1/930 927/1/927
f 925/1/925 931/1/931 930/1/930
f 926/1/926 931/1/931 925/1/925
f 928/1/928 929/1/929 933/1/933
f 929/1/929 934/1/934 933/1/933
f 929/1/929 932/1/932 934/1/934
f 932/1/932 937/1/937 934/1/934
f 932/1/932 935/1/935 937/1/937
f 930/1/930 935/1/935 932/1/932
f 930/1/930 936/1/936 935/1/935
f 931/1/931 936/1/936 930/1/930
f 933/1/933 934/1/934 938/1/938
f 934/1/934 939/1/939 938/1/938
f 934/1/934 937/1/937 939/1/939
f 937/1/937 942/1/942 939/1/939
f 937/1/937 940/1/940 942/1/942
f 935/1/935 940/1/940 937/1/937
f 935/1/935 941/1/941 940/1/940
f 936/1/936 941/1/941 935/1/935
f 938/1/938 939/1/939 943/1/943
f 939/1/939 944/1/944 943/1/943
f 939/1/939 942/1/942 944/1/944
f 942/1/942 947/1/947 944/1/944
f 942/1/942 945/1/945 947/1/947
f 940/1/940 945/1/945 942/1/942
f 940/1/940 946/1/946 945/1/945
f 941/1/941 946/1/946 940/1/940
f 943/1/943 944/1/944 948/1/948
f 944/1/944 949/1/949 948/1/948
f 944/1/944 947/1/947 949/1/949
f 947/1/947 952/1/952 949/1/949
f 947/1/947 950/1/950 952/1/952
f 945/1/945 950/1/950 947/1/947
f 945/1/945 951/1/951 950/1/950
f 946/1/946 951/1/951 945/1/945
f 948/1/948 949/1/949 953/1/953
f 949/1/949 954/1/954 953/1/953
f 949/1/949 952/1/952 954/1/954
f 952/1/952 957/1/957 954/1/954
f 952/1/952 955/1/955 957/1/957
f 950/1/950 955/1/955 952/1/952
f 950/1/950 956/1/956 955/1/955
f 951/1/951 956/1/956 950/1/950
f 953/1/953 954/1/954 958/1/958
f 954/1/954 959/1/959 958/1/958
f 954/1/954 957/1/957 959/1/959
f 957/1/957 962/1/962 959/1/959
f 957/1/957 960/1/960 962/1/962
f 955/1/955 960/1/960 957/1/957
f 955/1/955 961/1/961 960/1/960
f 956/1/956 961/1/961 955/1/955
f 958/1/958 959/1/959 963/1/963
f 959/1/959 964/1/964 963/1/963
f 959/1/959 962/1/962 964/1/964
f 962/1/962 967/1/967 964/1/964
f 962/1/962 965/1/965 967/1/967
f 960/1/960 965/1/965 962/1/962
f 960/1/960 966/1/966 965/1/965
f 961/1/961 966/1/966 960/1/960
f 963/1/963 964/1/964 968/1/968
f 964/1/964 969/1/969 968/1/968
f 964/1/964 967/1/967 969/1/969
f 967/1/967 972/1/972 969/1/969
f 967/1/967 970/1/970 972/1/972
f 965/1/965 970/1/970 967/1/967
f 965/1/965 971/1/971 970/1/970
f 966/1/966 971/1/971 965/1/965
f 968/1/968 969/1/969 973/1/973
f 969/1/969 974/1/974 973/1/973
f 969/1/969 972/1/972 974/1/974
f 972/1/972 977/1/977 974/1/974
f 972/1/972 975/1/975 977/1/977
f 970/1/970 975/1/975 972/1/972
f 970/1/970 976/1/976 975/1/975
f 971/1/971 976/1/976 970/1/970
f 973/1/973 974/1/974 978/1/978
f 974/1/974 979/1/979 978/1/978
f 974/1/974 977/1/977 979/1/979
f 977/1/977 982/1/982 979/1/979
f 977/1/977 980/1/980 982/1/982
f 975/1/975 980/1/980 977/1/977
f 975/1/975 981/1/981 980/1/980
f 976/1/976 981/1/981 975/1/975
f 978/1/978 979/1/979 983/1/983
f 979/1/979 984/1/984 983/1/983
f 979/1/979 982/1/982 984/1/984
f 982/1/982 987/1/987 984/1/984
f 982/1/982 985/1/985 987/1/987
f 980/1/980 985/1/985 982/1/982
f 980/1/980 986/1/986 985/1/985
f 981/1/981 986/1/986 980/1/980
f 983/1/983 984/1/984 988/1/988
f 984/1/984 989/1/989 988/1/988
f 984/1/984 987/1/987 989/1/989
f 987/1/987 992/1/992 989/1/989
f 987/1/987 990/1/990 992/1/992
f 985/1/985 990/1/990 987/1/987
f 985/1/985 991/1/991 990/1/990
f 986/1/986 991/1/991 985/1/985
f 988/1/988 989/1/989 993/1/993
f 989/1/989 994/1/994 993/1/993
f 989/1/989 992/1/992 994/1/994
f 992/1/992 997/1/997 994/1/994
f 992/1/992 995/1/995 997/1/997
f 990/1/990 995/1/995 992/1/992
f 990/1/990 996/1/996 995/1/995
f 991/1/991 996/1/996 990/1/990
f 993/1/993 994/1/994 998/1/998
f 994/1/994 999/1/999 998/1/998
f 994/1/994 997/1/997 999/1/999
f 997/1/997 1002/1/1002 999/1/999
f 997/1/997 1000/1/1000 1002/1/1002
f 995/1/995 1000/1/1000 997/1/997
f 995/1/995 1001/1/1001 1000/1/1000
f 996/1/996 1001/1/1001 995/1/995
f 998/1/998 999/1/999 1003/1/1003
f 999/1/999 1004/1/1004 1003/1/1003
f 999/1/999 1002/1/1002 1004/1/1004
f 1002/1/1002 1007/1/1007 1004/1/1004
f 1002/1/1002 1005/1/1005 1007/1/1007
f 1000/1/1000 1005/1/1005 1002/1/1002
f 1000/1/1000 1006/1/1006 1005/1/1005
f 1001/1/1001 1006/1/1006 1000/1/1000
f 1003/1/1003 1004/1/1004 1008/1/1008
f 1004/1/1004 1009/1/1009 1008/1/1008
f 1004/1/1004 1007/1/1007 1009/1/1009
f 1007/1/1007 1012/1/1012 1009/1/1009
f 1007/1/1007 1010/1/1010 1012/1/1012
f 1005/1/1005 1010/1/1010 1007/1/1007
f 1005/1/1005 1011/1/1011 1010/1/1010
f 1006/1/1006 1011/1/1011 1005/1/1005
f 1008/1/1008 1009/1/1009 1013/1/1013
f 1009/1/1009 1014/1/1014 1013/1/1013
f 1009/1/1009 1012/1/1012 1014/1/1014
f 1012/1/1012 1017/1/1017 1014/1/1014
f 1012/1/1012 1015/1/1015 1017/1/1017
f 1010/1/1010 1015/1/1015 1012/1/1012
f 1010/1/1010 1016/1/1016 1015/1/1015
f 1011/1/1011 1016/1/1016 1010/1/1010
f 1013/1/1013 1014/1/1014 1018/1/1018
f 1014/1/1014 1019/1/1019 1018/1/1018
f 1014/1/1014 1017/1/1017 1019/1/1019
f 1017/1/1017 1022/1/1022 1019/1/1019
f 1017/1/1017 1020/1/1020 1022/1/1022
f 1015/1/1015 1020/1/1020 1017/1/1017
f 1015/1/1015 1021/1/1021 1020/1/1020
f 1016/1/1016 1021/1/1021 1015/1/1015
f 1018/1/1018 1019/1/1019 1023/1/1023
f 1019/1/1019 1024/1/1024 1023/1/1023
f 1019/1/1019 1022/1/1022 1024/1/1024
f 1022/1/1022 1027/1/1027 1024/1/1024
f 1022/1/1022 1025/1/1025 1027/1/1027
f 1020/1/1020 1025/1/1025 1022/1/1022
f 1020/1/1020 1026/1/1026 1025/1/1025
f 1021/1/1021 1026/1/1026 1020/1/1020
f 1023/1/1023 1024/1/1024 1028/1/1028
f 1024/1/1024 1029/1/1029 1028/1/1028
f 1024/1/1024 1027/1/1027 1029/1/1029
f 1027/1/1027 1032/1/1032 1029/1/1029
f 1027/1/1027 1030/1/1030 1032/1/1032
f 1025/1/1025 1030/1/1030 1027/1/1027
f 1025/1/1025 1031/1/1031 1030/1/1030
f 1026/1/1026 1031/1/1031 1025/1/1025
f 1028/1/1028 1029/1/1029 1033/1/1033
f 1029/1/1029 1034/1/1034 1033/1/1033
f 1029/1/1029 1032/1/1032 1034/1/1034
f 1032/1/1032 1037/1/1037 1034/1/1034
f 1032/1/1032 1035/1/1035 1037/1/1037
f 1030/1/1030 1035/1/1035 1032/1/1032
f 1030/1/1030 1036/1/1036 1035/1/1035
f 1031/1/1031 1036/1/1036 1030/1/1030
f 1033/1/1033 1034/1/1034 1038/1/1038
f 1034/1/1034 1039/1/1039 1038/1/1038
f 1034/1/1034 1037/1/1037 1039/1/1039
f 1037/1/1037 1042/1/1042 1039/1/1039
f 1037/1/1037 1040/1/1040 1042/1/1042
f 1035/1/1035 1040/1/1040 1037/1/1037
f 1035/1/1035 1041/1/1041 1040/1/1040
f 1036/1/1036 1041/1/1041 1035/1/1035
f 1038/1/1038 1039/1/1039 1043/1/1043
f 1039/1/1039 1044/1/1044 1043/1/1043
f 1039/1/1039 1042/1/1042 1044/1/1044
f 1042/1/1042 1047/1/1047 1044/1/1044
f 1042/1/1042 1045/1/1045 1047/1/1047
f 1040/1/1040 1045/1/1045 1042/1/1042
f 1040/1/1040 1046/1/1046 1045/1/1045
f 1041/1/1041 1046/1/1046 1040/1/1040
f 1043/1/1043 1044/1/1044 1048/1/1048
f 1044/1/1044 1049/1/1049 1048/1/1048
f 1044/1/1044 1047/1/1047 1049/1/1049
f 1047/1/1047 1052/1/1052 1049/1/1049
f 1047/1/1047 1050/1/1050 1052/1/1052
f 1045/1/1045 1050/1/1050 1047/1/1047
f 1045/1/1045 1051/1/1051 1050/1/1050
f 1046/1/1046 1051/1/1051 1045/1/1045
f 1048/1/1048 1049/1/1049 1053/1/1053
f 1049/1/1049 1054/1/1054 1053/1/1053
f 1049/1/1049 1052/1/1052 1054/1/1054
f 1052/1/1052 1057/1/1057 1054/1/1054
f 1052/1/1052 1055/1/1055 1057/1/1057
f 1050/1/1050 1055/1/1055 1052/1/1052
f 1050/1/1050 1056/1/1056 1055/1/1055
f 1051/1/1051 1056/1/1056 1050/1/1050
f 1053/1/1053 1054/1/1054 1058/1/1058
f 1054/1/1054 1059/1/1059 1058/1/1058
f 1054/1/1054 1057/1/1057 1059/1/1059
f 1057/1/1057 1062/1/1062 1059/1/1059
f 1057/1/1057 1060/1/1060 1062/1/1062
f 1055/1/1055 1060/1/1060 1057/1/1057
f 1055/1/1055 1061/1/1061 1060/1/1060
f 1056/1/1056 1061/1/1061 1055/1/1055
f 1058/1/1058 1059/1/1059 1063/1/1063
f 1059/1/1059 1064/1/1064 1063/1/1063
f 1059/1/1059 1062/1/1062 1064/1/1064
f 1062/1/1062 1067/1/1067 1064/1/1064
f 1062/1/1062 1065/1/1065 1067/1/1067
f 1060/1/1060 1065/1/1065 1062/1/1062
f 1060/1/1060 1066/1/1066 1065/1/1065
f 1061/1/1061 1066/1/1066 1060/1/1060
f 1063/1/1063 1064/1/1064 1068/1/1068
f 1064/1/1064 1069/1/1069 1068/1/1068
f 1064/1/1064 1067/1/1067 1069/1/1069
f 1067/1/1067 1072/1/1072 1069/1/1069
f 1067/1/1067 1070/1/1070 1072/1/1072
f 1065/1/1065 1070/1/1070 1067/1/1067
f 1065/1/1065 1071/1/1071 1070/1/1070
f 1066/1/1066 1071/1/1071 1065/1/1065
f 1068/1/1068 1069/1/1069 1073/1/1073
f 1069/1/1069 1074/1/1074 1073/1/1073
f 1069/1/1069 1072/1/1072 1074/1/1074
f 1072/1/1072 1077/1/1077 1074/1/1074
f 1072/1/1072 1075/1/1075 1077/1/1077
f 1070/1/1070 1075/1/1075 1072/1/1072
f 1070/1/1070 1076/1/1076 1075/1/1075
f 1071/1/1071 1076/1/1076 1070/1/1070
f 1073/1/1073 1074/1/1074 1078/1/1078
f 1074/1/1074 1079/1/1079 1078/1/1078
f 1074/1/1074 1077/1/1077 1079/1/1079
f 1077/1/1077 1082/1/1082 1079/1/1079
f 1077/1/1077 1080/1/1080 1082/1/1082
f 1075/1/1075 1080/1/1080 1077/1/1077
f 1075/1/1075 1081/1/1081 1080/1/1080
f 1076/1/1076 1081/1/1081 1075/1/1075
f 1078/1/1078 1079/1/1079 1083/1/1083
f 1079/1/1079 1084/1/1084 1083/1/1083
f 1079/1/1079 1082/1/1082 1084/1/1084
f 1082/1/1082 1087/1/1087 1084/1/1084
f 1082/1/1082 1085/1/1085 1087/1/1087
f 1080/1/1080 1085/1/1085 1082/1/1082
f 1080/1/1080 1086/1/1086 1085/1/1085
f 1081/1/1081 1086/1/1086 1080/1/1080
f 1083/1/1083 1084/1/1084 1088/1/1088
f 1084/1/1084 1089/1/1089 1088/1/1088
f 1084/1/1084 1087/1/1087 1089/1/1089
f 1087/1/1087 1092/1/1092 1089/1/1089
f 1087/1/1087 1090/1/1090 1092/1/1092
f 1085/1/1085 1090/1/1090 1087/1/1087
f 1085/1/1085 1091/1/1091 1090/1/1090
f 1086/1/1086 1091/1/1091 1085/1/1085
f 1088/1/1088 1089/1/1089 1093/1/1093
f 1089/1/1089 1094/1/1094 1093/1/1093
f 1089/1/1089 1092/1/1092 1094/1/1094
f 1092/1/1092 1097/1/1097 1094/1/1094
f 1092/1/1092 1095/1/1095 1097/1/1097
f 1090/1/1090 1095/1/1095 1092/1/1092
f 1090/1/1090 1096/1/1096 1095/1/1095
f 1091/1/1091 1096/1/1096 1090/1/1090
f 1093/1/1093 1094/1/1094 1098/1/1098
f 1094/1/1094 1099/1/1099 1098/1/1098
f 1094/1/1094 1097/1/1097 1099/1/1099
f 1097/1/1097 1102/1/1102 1099/1/1099
f 1097/1/1097 1100/1/1100 1102/1/1102
f 1095/1/1095 1100/1/1100 1097/1/1097
f 1095/1/1095 1101/1/1101 1100/1/1100
f 1096/1/1096 1101/1/1101 1095/1/1095
f 1098/1/1098 1099/1/1099 1103/1/1103
f 1099/1/1099 1104/1/1104 1103/1/1103
f 1099/1/1099 1102/1/1102 1104/1/1104
f 1102/1/1102 1107/1/1107 1104/1/1104
f 1102/1/1102 1105/1/1105 1107/1/1107
f 1100/1/1100 1105/1/1105 1102/1/1102
f 1100/1/1100 1106/1/1106 1105/1/1105
f 1101/1/1101 1106/1/1106 1100/1/1100
f 1103/1/1103 1104/1/1104 1108/1/1108
f 1104/1/1104 1109/1/1109 1108/1/1108
f 1104/1/1104 1107/1/1107 1109/1/1109
f 1107/1/1107 1112/1/1112 1109/1/1109
f 1107/1/1107 1110/1/1110 1112/1/1112
f 1105/1/1105 1110/1/1110 1107/1/1107
f 1105/1/1105 1111/1/1111 1110/1/1110
f 1106/1/1106 1111/1/1111 1105/1/1105
f 1108/1/1108 1109/1/1109 1113/1/1113
f 1109/1/1109 1114/1/1114 1113/1/1113
f 1109/1/1109 1112/1/1112 1114/1/1114
f 1112/1/1112 1117/1/1117 1114/1/1114
f 1112/1/1112 1115/1/1115 1117/1/1117
f 1110/1/1110 1115/1/1115 1112/1/1112
f 1110/1/1110 1116/1/1116 1115/1/1115
f 1111/1/1111 1116/1/1116 1110/1/1110
f 1113/1/1113 1114/1/1114 1118/1/1118
f 1114/1/1114 1119/1/1119 1118/1/1118
f 1114/1/1114 1117/1/1117 1119/1/1119
f 1117/1/1117 1122/1/1122 1119/1/1119
f 1117/1/1117 1120/1/1120 1122/1/1122
f 1115/1/1115 1120/1/1120 1117/1/1117
f 1115/1/1115 1121/1/1121 1120/1/1120
f 1116/1/1116 1121/1/1121 1115/1/1115
f 1118/1/1118 1119/1/1119 1123/1/1123
f 1119/1/1119 1124/1/1124 1123/1/1123
f 1119/1/1119 1122/1/1122 1124/1/1124
f 1122/1/1122 1127/1/1127 1124/1/1124
f 1122/1/1122 1125/1/1125 1127/1/1127
f 1120/1/1120 1125/1/1125 1122/1/1122
f 1120/1/1120 1126/1/1126 1125/1/1125
f 1121/1/1121 1126/1/1126 1120/1/1120
f 1123/1/1123 1124/1/1124 1128/1/1128
f 1124/1/1124 1129/1/1129 1128/1/1128
f 1124/1/1124 1127/1/1127 1129/1/1129
f 1127/1/1127 1132/1/1132 1129/1/1129
f 1127/1/1127 1130/1/1130 1132/1/1132
f 1125/1/1125 1130/1/1130 1127/1/1127
f 1125/1/1125 1131/1/1131 1130/1/1130
f 1126/1/1126 1131/1/1131 1125/1/1125
f 1128/1/1128 1129/1/1129 1133/1/1133
f 1129/1/1129 1134/1/1134 1133/1/1133
f 1129/1/1129 1132/1/1132 1134/1/1134
f 1132/1/1132 1137/1/1137 1134/1/1134
f 1132/1/1132 1135/1/1135 1137/1/1137
f 1130/1/1130 1135/1/1135 1132/1/1132
f 1130/1/1130 1136/1/1136 1135/1/1135
f 1131/1/1131 1136/1/1136 1130/1/1130
f 1133/1/1133 1134/1/1134 1138/1/1138
f 1134/1/1134 1139/1/1139 1138/1/1138
f 1134/1/1134 1137/1/1137 1139/1/1139
f 1137/1/1137 1142/1/1142 1139/1/1139
f 1137/1/1137 1140/1/1140 1142/1/1142
f 1135/1/1135 1140/1/1140 1137/1/1137
f 1135/1/1135 1141/1/1141 1140/1/1140
f 1136/1/1136 1141/1/1141 1135/1/1135
f 1138/1/1138 1139/1/1139 1143/1/1143
f 1139/1/1139 1144/1/1144 1143/1/1143
f 1139/1/1139 1142/1/1142 1144/1/1144
f 1142/1/1142 1147/1/1147 1144/1/1144
f 1142/1/1142 1145/1/1145 1147/1/1147
f 1140/1/1140 1145/1/1145 1142/1/1142
f 1140/1/1140 1146/1/1146 1145/1/1145
f 1141/1/1141 1146/1/1146 1140/1/1140
f 1143/1/1143 1144/1/1144 1148/1/1148
f 1144/1/1144 1149/1/1149 1148/1/1148
f 1144/1/1144 1147/1/1147 1149/1/1149
f 1147/1/1147 1152/1/1152 1149/1/1149
f 1147/1/1147 1150/1/1150 1152/1/1152
f 1145/1/1145 1150/1/1150 1147/1/1147
f 1145/1/1145 1151/1/1151 1150/1/1150
f 1146/1/1146 1151/1/1151 1145/1/1145
f 1148/1/1148 1149/1/1149 1153/1/1153
f 1149/1/1149 1154/1/1154 1153/1/1153
f 1149/1/1149 1152/1/1152 1154/1/1154
f 1152/1/1152 1157/1/1157 1154/1/1154
f 1152/1/1152 1155/1/1155 1157/1/1157
f 1150/1/1150 1155/1/1155 1152/1/1152
f 1150/1/1150 1156/1/1156 1155/1/1155
f 1151/1/1151 1156/1/1156 1150/1/1150
f 1153/1/1153 1154/1/1154 1158/1/1158
f 1154/1/1154 1159/1/1159 1158/1/1158
f 1154/1/1154 1157/1/1157 1159/1/1159
f 1157/1/1157 1162/1/1162 1159/1/1159
f 1157/1/1157 1160/1/1160 1162/1/1162
f 1155/1/1155 1160/1/1160 1157/1/1157
f 1155/1/1155 1161/1/1161 1160/1/1160
f 1156/1/1156 1161/1/1161 1155/1/1155
f 1158/1/1158 1159/1/1159 1163/1/1163
f 1159/1/1159 1164/1/1164 1163/1/1163
f 1159/1/1159 1162/1/1162 1164/1/1164
f 1162/1/1162 1167/1/1167 1164/1/1164
f 1162/1/1162 1165/1/1165 1167/1/1167
f 1160/1/1160 1165/1/1165 1162/1/1162
f 1160/1/1160 1166/1/1166 1165/1/1165
f 1161/1/1161 1166/1/1166 1160/1/1160
f 1163/1/1163 1164/1/1164 1168/1/1168
f 1164/1/1164 1169/1/1169 1168/1/1168
f 1164/1/1164 1167/1/1167 1169/1/1169
f 1167/1/1167 1172/1/1172 1169/1/1169
f 1167/1/1167 1170/1/1170 1172/1/1172
f 1165/1/1165 1170/1/1170 1167/1/1167
f 1165/1/1165 1171/1/1171 1170/1/1170
f 1166/1/1166 1171/1/1171 1165/1/1165
f 1168/1/1168 1169/1/1169 1173/1/1173
f 1169/1/1169 1174/1/1174 1173/1/1173
f 1169/1/1169 1172/1/1172 1174/1/1174
f 1172/1/1172 1177/1/1177 1174/1/1174
f 1172/1/1172 1175/1/1175 1177/1/1177
f 1170/1/1170 1175/1/1175 1172/1/1172
f 1170/1/1170 1176/1/1176 1175/1/1175
f 1171/1/1171 1176/1/1176 1170/1/1170
f 1173/1/1173 1174/1/1174 1178/1/1178
f 1174/1/1174 1179/1/1179 1178/1/1178
f 1174/1/1174 1177/1/1177 1179/1/1179
f 1177/1/1177 1182/1/1182 1179/1/1179
f 1177/1/1177 1180/1/1180 1182/1/1182
f 1175/1/1175 1180/1/1180 1177/1/1177
f 1175/1/1175 1181/1/1181 1180/1/1180
f 1176/1/1176 1181/1/1181 1175/1/1175
f 1178/1/1178 1179/1/1179 1183/1/1183
f 1179/1/1179 1184/1/1184 1183/1/1183
f 1179/1/1179 1182/1/1182 1184/1/1184
f 1182/1/1182 1187/1/1187 1184/1/1184
f 1182/1/1182 1185/1/1185 1187/1/1187
f 1180/1/1180 1185/1/1185 1182/1/1182
f 1180/1/1180 1186/1/1186 1185/1/1185
f 1181/1/1181 1186/1/1186 1180/1/1180
f 1183/1/1183 1184/1/1184 1188/1/1188
f 1184/1/1184 1189/1/1189 1188/1/1188
f 1184/1/1184 1187/1/1187 1189/1/1189
f 1187/1/1187 1192/1/1192 1189/1/1189
f 1187/1/1187 1190/1/1190 1192/1/1192
f 1185/1/1185 1190/1/1190 1187/1/1187
f 1185/1/1185 1191/1/1191 1190/1/1190
f 1186/1/1186 1191/1/1191 1185/1/1185
f 1188/1/1188 1189/1/1189 1193/1/1193
f 1189/1/1189 1194/1/1194 1193/1/1193
f 1189/1/1189 1192/1/1192 1194/1/1194
f 1192/1/1192 1197/1/1197 1194/1/1194
f 1192/1/1192 1195/1/1195 1197/1/1197
f 1190/1/1190 1195/1/1195 1192/1/1192
f 1190/1/1190 1196/1/1196 1195/1/1195
f 1191/1/1191 1196/1/1196 1190/1/1190
f 1193/1/1193 1194/1/1194 1198/1/1198
f 1194/1/1194 1199/1/1199 1198/1/1198
f 1194/1/1194 1197/1/1197 1199/1/1199
f 1197/1/1197 1202/1/1202 1199/1/1199
f 1197/1/1197 1200/1/1200 1202/1/1202
f 1195/1/1195 1200/1/1200 1197/1/1197
f 1195/1/1195 1201/1/1201 1200/1/1200
f 1196/1/1196 1201/1/1201 1195/1/1195
f 1198/1/1198 1199/1/1199 1203/1/1203
f 1199/1/1199 1204/1/1204 1203/1/1203
f 1199/1/1199 1202/1/1202 1204/1/1204
f 1202/1/1202 1207/1/1207 1204/1/1204
f 1202/1/1202 1205/1/1205 1207/1/1207
f 1200/1/1200 1205/1/1205 1202/1/1202
f 1200/1/1200 1206/1/1206 1205/1/1205
f 1201/1/1201 1206/1/1206 1200/1/1200
f 1203/1/1203 1204/1/1204 1208/1/1208
f 1204/1/1204 1209/1/1209 1208/1/1208
f 1204/1/1204 1207/1/1207 1209/1/1209
f 1207/1/1207 1212/1/1212 1209/1/1209
f 1207/1/1207 1210/1/1210 1212/1/1212
f 1205/1/1205 1210/1/1210 1207/1/1207
f 1205/1/1205 1211/1/1211 1210/1/1210
f 1206/1/1206 1211/1/1211 1205/1/1205
f 1208/1/1208 1209/1/1209 1213/1/1213
f 1209/1/1209 1214/1/1214 1213/1/1213
f 1209/1/1209 1212/1/1212 1214/1/1214
f 1212/1/1212 1217/1/1217 1214/1/1214
f 1212/1/1212 1215/1/1215 1217/1/1217
f 1210/1/1210 1215/1/1215 1212/1/1212
f 1210/1/1210 1216/1/1216 1215/1/1215
f 1211/1/1211 1216/1/1216 1210/1/1210
f 1213/1/1213 1214/1/1214 1218/1/1218
f 1214/1/1214 1219/1/1219 1218/1/1218
f 1214/1/1214 1217/1/1217 1219/1/1219
f 1217/1/1217 1222/1/1222 1219/1/1219
f 1217/1/1217 1220/1/1220 1222/1/1222
f 1215/1/1215 1220/1/1220 1217/1/1217
f 1215/1/1215 1221/1/1221 1220/1/1220
f 1216/1/1216 1221/1/1221 1215/1/1215
f 1218/1/1218 1219/1/1219 1223/1/1223
f 1219/1/1219 1224/1/1224 1223/1/1223
f 1219/1/1219 1222/1/1222 1224/1/1224
f 1222/1/1222 1227/1/1227 1224/1/1224
f 1222/1/1222 1225/1/1225 1227/1/1227
f 1220/1/1220 1225/1/1225 1222/1/1222
f 1220/1/1220 1226/1/1226 1225/1/1225
f 1221/1/1221 1226/1/1226 1220/1/1220
f 1223/1/1223 1224/1/1224 1228/1/1228
f 1224/1/1224 1229/1/1229 1228/1/1228
f 1224/1/1224 1227/1/1227 1229/1/1229
f 1227/1/1227 1232/1/1232 1229/1/1229
f 1227/1/1227 1230/1/1230 1232/1/1232
f 1225/1/1225 1230/1/1230 1227/1/1227
f 1225/1/1225 1231/1/1231 1230/1/1230
f 1226/1/1226 1231/1/1231 1225/1/1225
f 1228/1/1228 1229/1/1229 1233/1/1233
f 1229/1/1229 1234/1/1234 1233/1/1233
f 1229/1/1229 1232/1/1232 1234/1/1234
f 1232/1/1232 1237/1/1237 1234/1/1234
f 1232/1/1232 1235/1/1235 1237/1/1237
f 1230/1/1230 1235/1/1235 1232/1/1232
f 1230/1/1230 1236/1/1236 1235/1/1235
f 1231/1/1231 1236/1/1236 1230/1/1230
f 1233/1/1233 1234/1/1234 1238/1/1238
f 1234/1/1234 1239/1/1239 1238/1/1238
f 1234/1/1234 1237/1/1237 1239/1/1239
f 1237/1/1237 1242/1/1242 1239/1/1239
f 1237/1/1237 1240/1/1240 1242/1/1242
f 1235/1/1235 1240/1/1240 1237/1/1237
f 1235/1/1235 1241/1/1241 1240/1/1240
f 1236/1/1236 1241/1/1241 1235/1/1235
f 1238/1/1238 1239/1/1239 1243/1/1243
f 1239/1/1239 1244/1/1244 1243/1/1243
f 1239/1/1239 1242/1/1242 1244/1/1244
f 1242/1/1242 1247/1/1247 1244/1/1244
f 1242/1/1242 1245/1/1245 1247/1/1247
f 1240/1/1240 1245/1/1245 1242/1/1242
f 1240/1/1240 1246/1/1246 1245/1/1245
f 1241/1/1241 1246/1/1246 1240/1/1240
f 1243/1/1243 1244/1/1244 1248/1/1248
f 1244/1/1244 1249/1/1249 1248/1/1248
f 1244/1/1244 1247/1/1247 1249/1/1249
f 1247/1/1247 1252/1/1252 1249/1/1249
f 1247/1/1247 1250/1/1250 1252/1/1252
f 1245/1/1245 1250/1/1250 1247/1/1247
f 1245/1/1245 1251/1/1251 1250/1/1250
f 1246/1/1246 1251/1/1251 1245/1/1245
f 1248/1/1248 1249/1/1249 1253/1/1253
f 1249/1/1249 1254/1/1254 1253/1/1253
f 1249/1/1249 1252/1/1252 1254/1/1254
f 1252/1/1252 1257/1/1257 1254/1/1254
f 1252/1/1252 1255/1/1255 1257/1/1257
f 1250/1/1250 1255/1/1255 1252/1/1252
f 1250/1/1250 1256/1/1256 1255/1/1255
f 1251/1/1251 1256/1/1256 1250/1/1250
f 1253/1/1253 1254/1/1254 1258/1/1258
f 1254/1/1254 1259/1/1259 1258/1/1258
f 1254/1/1254 1257/1/1257 1259/1/1259
f 1257/1/1257 1262/1/1262 1259/1/1259
f 1257/1/1257 1260/1/1260 1262/1/1262
f 1255/1/1255 1260/1/1260 1257/1/1257
f 1255/1/1255 1261/1/1261 1260/1/1260
f 1256/1/1256 1261/1/1261 1255/1/1255
f 1258/1/1258 1259/1/1259 1263/1/1263
f 1259/1/1259 1264/1/1264 1263/1/1263
f 1259/1/1259 1262/1/1262 1264/1/1264
f 1262/1/1262 1267/1/1267 1264/1/1264
f 1262/1/1262 1265/1/1265 1267/1/1267
f 1260/1/1260 1265/1/1265 1262/1/1262
f 1260/1/1260 1266/1/1266 1265/1/1265
f 1261/1/1261 1266/1/1266 1260/1/1260
f 1263/1/1263 1264/1/1264 1268/1/1268
f 1264/1/1264 1269/1/1269 1268/1/1268
f 1264/1/1264 1267/1/1267 1269/1/1269
f 1267/1/1267 1272/1/1272 1269/1/1269
f 1267/1/1267 1270/1/1270 1272/1/1272
f 1265/1/1265 1270/1/1270 1267/1/1267
f 1265/1/1265 1271/1/1271 1270/1/1270
f 1266/1/1266 1271/1/1271 1265/1/1265
f 1268/1/1268 1269/1/1269 1273/1/1273
f 1269/1/1269 1274/1/1274 1273/1/1273
f 1269/1/1269 1272/1/1272 1274/1/1274
f 1272/1/1272 1277/1/1277 1274/1/1274
f 1272/1/1272 1275/1/1275 1277/1/1277
f 1270/1/1270 1275/1/1275 1272/1/1272
f 1270/1/1270 1276/1/1276 1275/1/1275
f 1271/1/1271 1276/1/1276 1270/1/1270
f 1273/1/1273 1274/1/1274 1278/1/1278
f 1274/1/1274 1279/1/1279 1278/1/1278
f 1274/1/1274 1277/1/1277 1279/1/1279
f 1277/1/1277 1282/1/1282 1279/1/1279
f 1277/1/1277 1280/1/1280 1282/1/1282
f 1275/1/1275 1280/1/1280 1277/1/1277
f 1275/1/1275 1281/1/1281 1280/1/1280
f 1276/1/1276 1281/1/1281 1275/1/1275
f 1278/1/1278 1279/1/1279 1283/1/1283
f 1279/1/1279 1284/1/1284 1283/1/1283
f 1279/1/1279 1282/1/1282 1284/1/1284
f 1282/1/1282 1287/1/1287 1284/1/1284
f 1282/1/1282 1285/1/1285 1287/1/1287
f 1280/1/1280 1285/1/1285 1282/1/1282
f 1280/1/1280 1286/1/1286 1285/1/1285
f 1281/1/1281 1286/1/1286 1280/1/1280
f 1283/1/1283 1284/1/1284 1288/1/1288
f 1284/1/1284 1289/1/1289 1288/1/1288
f 1284/1/1284 1287/1/1287 1289/1/1289
f 1287/1/1287 1292/1/1292 1289/1/1289
f 1287/1/1287 1290/1/1290 1292/1/1292
f 1285/1/1285 1290/1/1290 1287/1/1287
f 1285/1/1285 1291/1/1291 1290/1/1290
f 1286/1/1286 1291/1/1291 1285/1/1285
f 1288/1/1288 1289/1/1289 1293/1/1293
f 1289/1/1289 1294/1/1294 1293/1/1293
f 1289/1/1289 1292/1/1292 1294/1/1294
f 1292/1/1292 1297/1/1297 1294/1/1294
f 1292/1/1292 1295/1/1295 1297/1/1297
f 1290/1/1290 1295/1/1295 1292/1/1292
f 1290/1/1290 1296/1/1296 1295/1/1295
f 1291/1/1291 1296/1/1296 1290/1/1290
f 1293/1/1293 1294/1/1294 1298/1/1298
f 1294/1/1294 1299/1/1299 1298/1/1298
f 1294/1/1294 1297/1/1297 1299/1/1299
f 1297/1/1297 1302/1/1302 1299/1/1299
f 1297/1/1297 1300/1/1300 1302/1/1302
f 1295/1/1295 1300/1/1300 1297/1/1297
f 1295/1/1295 1301/1/1301 1300/1/1300
f 1296/1/1296 1301/1/1301 1295/1/1295
f 1298/1/1298 1299/1/1299 1303/1/1303
f 1299/1/1299 1304/1/1304 1303/1/1303
f 1299/1/1299 1302/1/1302 1304/1/1304
f 1302/1/1302 1307/1/1307 1304/1/1304
f 1302/1/1302 1305/1/1305 1307/1/1307
f 1300/1/1300 1305/1/1305 1302/1/1302
f 1300/1/1300 1306/1/1306 1305/1/1305
f 1301/1/1301 1306/1/1306 1300/1/1300
f 1303/1/1303 1304/1/1304 1308/1/1308
f 1304/1/1304 1309/1/1309 1308/1/1308
f 1304/1/1304 1307/1/1307 1309/1/1309
f 1307/1/1307 1312/1/1312 1309/1/1309
f 1307/1/1307 1310/1/1310 1312/1/1312
f 1305/1/1305 1310/1/1310 1307/1/1307
f 1305/1/1305 1311/1/1311 1310/1/1310
f 1306/1/1306 1311/1/1311 1305/1/1305
f 1308/1/1308 1309/1/1309 1313/1/1313
f 1309/1/1309 1314/1/1314 1313/1/1313
f 1309/1/1309 1312/1/1312 1314/1/1314
f 1312/1/1312 1317/1/1317 1314/1/1314
f 1312/1/1312 1315/1/1315 1317/1/1317
f 1310/1/1310 1315/1/1315 1312/1/1312
f 1310/1/1310 1316/1/1316 1315/1/1315
f 1311/1/1311 1316/1/1316 1310/1/1310
f 1313/1/1313 1314/1/1314 1318/1/1318
f 1314/1/1314 1319/1/1319 1318/1/1318
f 1314/1/1314 1317/1/1317 1319/1/1319
f 1317/1/1317 1322/1/1322 1319/1/1319
f 1317/1/1317 1320/1/1320 1322/1/1322
f 1315/1/1315 1320/1/1320 1317/1/1317
f 1315/1/1315 1321/1/1321 1320/1/1320
f 1316/1/1316 1321/1/1321 1315/1/1315
f 1318/1/1318 1319/1/1319 1323/1/1323
f 1319/1/1319 1324/1/1324 1323/1/1323
f 1319/1/1319 1322/1/1322 1324/1/1324
f 1322/1/1322 1327/1/1327 1324/1/1324
f 1322/1/1322 1325/1/1325 1327/1/1327
f 1320/1/1320 1325/1/1325 1322/1/1322
f 1320/1/1320 1326/1/1326 1325/1/1325
f 1321/1/1321 1326/1/1326 1320/1/1320
f 1323/1/1323 1324/1/1324 1328/1/1328
f 1324/1/1324 1329/1/1329 1328/1/1328
f 1324/1/1324 1327/1/1327 1329/1/1329
f 1327/1/1327 1332/1/1332 1329/1/1329
f 1327/1/1327 1330/1/1330 1332/1/1332
f 1325/1/1325 1330/1/1330 1327/1/1327
f 1325/1/1325 1331/1/1331 1330/1/1330
f 1326/1/1326 1331/1/1331 1325/1/1325
f 1328/1/1328 1329/1/1329 1333/1/1333
f 1329/1/1329 1334/1/1334 1333/1/1333
f 1329/1/1329 1332/1/1332 1334/1/1334
f 1332/1/1332 1337/1/1337 1334/1/1334
f 1332/1/1332 1335/1/1335 1337/1/1337
f 1330/1/1330 1335/1/1335 1332/1/1332
f 1330/1/1330 1336/1/1336 1335/1/1335
f 1331/1/1331 1336/1/1336 1330/1/1330
f 1333/1/1333 1334/1/1334 1338/1/1338
f 1334/1/1334 1339/1/1339 1338/1/1338
f 1334/1/1334 1337/1/1337 1339/1/1339
f 1337/1/1337 1342/1/1342 1339/1/1339
f 1337/1/1337 1340/1/1340 1342/1/1342
f 1335/1/1335 1340/1/1340 1337/1/1337
f 1335/1/1335 1341/1/1341 1340/1/1340
f 1336/1/1336 1341/1/1341 1335/1/1335
f 1338/1/1338 1339/1/1339 1343/1/1343
f 1339/1/1339 1344/1/1344 1343/1/1343
f 1339/1/1339 1342/1/1342 1344/1/1344
f 1342/1/1342 1347/1/1347 1344/1/1344
f 1342/1/1342 1345/1/1345 1347/1/1347
f 1340/1/1340 1345/1/1345 1342/1/1342
f 1340/1/1340 1346/1/1346 1345/1/1345
f 1341/1/1341 1346/1/1346 1340/1/1340
f 1343/1/1343 1344/1/1344 1348/1/1348
f 1344/1/1344 1349/1/1349 1348/1/1348
f 1344/1/1344 1347/1/1347 1349/1/1349
f 1347/1/1347 1352/1/1352 1349/1/1349
f 1347/1/1347 1350/1/1350 1352/1/1352
f 1345/1/1345 1350/1/1350 1347/1/1347
f 1345/1/1345 1351/1/1351 1350/1/1350
f 1346/1/1346 1351/1/1351 1345/1/1345
f 1348/1/1348 1349/1/1349 1353/1/1353
f 1349/1/1349 1354/1/1354 1353/1/1353
f 1349/1/1349 1352/1/1352 1354/1/1354
f 1352/1/1352 1357/1/1357 1354/1/1354
f 1352/1/1352 1355/1/1355 1357/1/1357
f 1350/1/1350 1355/1/1355 1352/1/1352
f 1350/1/1350 1356/1/1356 1355/1/1355
f 1351/1/1351 1356/1/1356 1350/1/1350
f 1353/1/1353 1354/1/1354 1358/1/1358
f 1354/1/1354 1359/1/1359 1358/1/1358
f 1354/1/1354 1357/1/1357 1359/1/1359
f 1357/1/1357 1362/1/1362 1359/1/1359
f 1357/1/1357 1360/1/1360 1362/1/1362
f 1355/1/1355 1360/1/1360 1357/1/1357
f 1355/1/1355 1361/1/1361 1360/1/1360
f 1356/1/1356 1361/1/1361 1355/1/1355
f 1358/1/1358 1359/1/1359 1363/1/1363
f 1359/1/1359 1364/1/1364 1363/1/1363
f 1359/1/1359 1362/1/1362 1364/1/1364
f 1362/1/1362 1367/1/1367 1364/1/1364
f 1362/1/1362 1365/1/1365 1367/1/1367
f 1360/1/1360 1365/1/1365 1362/1/1362
f 1360/1/1360 1366/1/1366 1365/1/1365
f 1361/1/1361 1366/1/1366 1360/1/1360
f 1363/1/1363 1364/1/1364 1368/1/1368
f 1364/1/1364 1369/1/1369 1368/1/1368
f 1364/1/1364 1367/1/1367 1369/1/1369
f 1367/1/1367 1372/1/1372 1369/1/1369
f 1367/1/1367 1370/1/1370 1372/1/1372
f 1365/1/1365 1370/1/1370 1367/1/1367
f 1365/1/1365 1371/1/1371 1370/1/1370
f 1366/1/1366 1371/1/1371 1365/1/1365
f 1368/1/1368 1369/1/1369 1373/1/1373
f 1369/1/1369 1374/1/1374 1373/1/1373
f 1369/1/1369 1372/1/1372 1374/1/1374
f 1372/1/1372 1377/1/1377 1374/1/1374
f 1372/1/1372 1375/1/1375 1377/1/1377
f 1370/1/1370 1375/1/1375 1372/1/1372
f 1370/1/1370 1376/1/1376 1375/1/1375
f 1371/1/1371 1376/1/1376 1370/1/1370
f 1373/1/1373 1374/1/1374 1378/1/1378
f 1374/1/1374 1379/1/1379 1378/1/1378
f 1374/1/1374 1377/1/1377 1379/1/1379
f 1377/1/1377 1382/1/1382 1379/1/1379
f 1377/1/1377 1380/1/1380 1382/1/1382
f 1375/1/1375 1380/1/1380 1377/1/1377
f 1375/1/1375 1381/1/1381 1380/1/1380
f 1376/1/1376 1381/1/1381 1375/1/1375
f 1378/1/1378 1379/1/1379 1383/1/1383
f 1379/1/1379 1384/1/1384 1383/1/1383
f 1379/1/1379 1382/1/1382 1384/1/1384
f 1382/1/1382 1387/1/1387 1384/1/1384
f 1382/1/1382 1385/1/1385 1387/1/1387
f 1380/1/1380 1385/1/1385 1382/1/1382
f 1380/1/1380 1386/1/1386 1385/1/1385
f 1381/1/1381 1386/1/1386 1380/1/1380
f 1383/1/1383 1384/1/1384 1388/1/1388
f 1384/1/1384 1389/1/1389 1388/1/1388
f 1384/1/1384 1387/1/1387 1389/1/1389
f 1387/1/1387 1392/1/1392 1389/1/1389
f 1387/1/1387 1390/1/1390 1392/1/1392
f 1385/1/1385 1390/1/1390 1387/1/1387
f 1385/1/1385 1391/1/1391 1390/1/1390
f 1386/1/1386 1391/1/1391 1385/1/1385
f 1388/1/1388 1389/1/1389 1393/1/1393
f 1389/1/1389 1394/1/1394 1393/1/1393
f 1389/1/1389 1392/1/1392 1394/1/1394
f 1392/1/1392 1397/1/1397 1394/1/1394
f 1392/1/1392 1395/1/1395 1397/1/1397
f 1390/1/1390 1395/1/1395 1392/1/1392
f 1390/1/1390 1396/1/1396 1395/1/1395
f 1391/1/1391 1396/1/1396 1390/1/1390
f 1393/1/1393 1394/1/1394 1398/1/1398
f 1394/1/1394 1399/1/1399 1398/1/1398
f 1394/1/1394 1397/1/1397 1399/1/1399
f 1397/1/1397 1402/1/1402 1399/1/1399
f 1397/1/1397 1400/1/1400 1402/1/1402
f 1395/1/1395 1400/1/1400 1397/1/1397
f 1395/1/1395 1401/1/1401 1400/1/1400
f 1396/1/1396 1401/1/1401 1395/1/1395
f 1398/1/1398 1399/1/1399 1403/1/1403
f 1399/1/1399 1404/1/1404 1403/1/1403
f 1399/1/1399 1402/1/1402 1404/1/1404
f 1402/1/1402 1407/1/1407 1404/1/1404
f 1402/1/1402 1405/1/1405 1407/1/1407
f 1400/1/1400 1405/1/1405 1402/1/1402
f 1400/1/1400 1406/1/1406 1405/1/1405
f 1401/1/1401 1406/1/1406 1400/1/1400
f 1403/1/1403 1404/1/1404 1408/1/1408
f 1404/1/1404 1409/1/1409 1408/1/1408
f 1404/1/1404 1407/1/1407 1409/1/1409
f 1407/1/1407 1412/1/1412 1409/1/1409
f 1407/1/1407 1410/1/1410 1412/1/1412
f 1405/1/1405 1410/1/1410 1407/1/1407
f 1405/1/1405 1411/1/1411 1410/1/1410
f 1406/1/1406 1411/1/1411 1405/1/1405
f 1408/1/1408 1409/1/1409 1413/1/1413
f 1409/1/1409 1414/1/1414 1413/1/1413
f 1409/1/1409 1412/1/1412 1414/1/1414
f 1412/1/1412 1417/1/1417 1414/1/1414
f 1412/1/1412 1415/1/1415 1417/1/1417
f 1410/1/1410 1415/1/1415 1412/1/1412
f 1410/1/1410 1416/1/1416 1415/1/1415
f 1411/1/1411 1416/1/1416 1410/1/1410
f 1413/1/1413 1414/1/1414 1418/1/1418
f 1414/1/1414 1419/1/1419 1418/1/1418
f 1414/1/1414 1417/1/1417 1419/1/1419
f 1417/1/1417 1422/1/1422 1419/1/1419
f 1417/1/1417 1420/1/1420 1422/1/1422
f 1415/1/1415 1420/1/1420 1417/1/1417
f 1415/1/1415 1421/1/1421 1420/1/1420
f 1416/1/1416 1421/1/1421 1415/1/1415
f 1418/1/1418 1419/1/1419 1423/1/1423
f 1419/1/1419 1424/1/1424 1423/1/1423
f 1419/1/1419 1422/1/1422 1424/1/1424
f 1422/1/1422 1427/1/1427 1424/1/1424
f 1422/1/1422 1425/1/1425 1427/1/1427
f 1420/1/1420 1425/1/1425 1422/1/1422
f 1420/1/1420 1426/1/1426 1425/1/1425
f 1421/1/1421 1426/1/1426 1420/1/1420
f 1423/1/1423 1424/1/1424 1428/1/1428
f 1424/1/1424 1429/1/1429 1428/1/1428
f 1424/1/1424 1427/1/1427 1429/1/1429
f 1427/1/1427 1432/1/1432 1429/1/1429
f 1427/1/1427 1430/1/1430 1432/1/1432
f 1425/1/1425 1430/1/1430 1427/1/1427
f 1425/1/1425 1431/1/1431 1430/1/1430
f 1426/1/1426 1431/1/1431 1425/1/1425
f 1428/1/1428 1429/1/1429 1433/1/1433
f 1429/1/1429 1434/1/1434 1433/1/1433
f 1429/1/1429 1432/1/1432 1434/1/1434
f 1432/1/1432 1437/1/1437 1434/1/1434
f 1432/1/1432 1435/1/1435 1437/1/1437
f 1430/1/1430 1435/1/1435 1432/1/1432
f 1430/1/1430 1436/1/1436 1435/1/1435
f 1431/1/1431 1436/1/1436 1430/1/1430
f 1433/1/1433 1434/1/1434 1438/1/1438
f 1434/1/1434 1439/1/1439 1438/1/1438
f 1434/1/1434 1437/1/1437 1439/1/1439
f 1437/1/1437 1442/1/1442 1439/1/1439
f 1437/1/1437 1440/1/1440 1442/1/1442
f 1435/1/1435 1440/1/1440 1437/1/1437
f 1435/1/1435 1441/1/1441 1440/1/1440
f 1436/1/1436 1441/1/1441 1435/1/1435
f 1438/1/1438 1439/1/1439 1443/1/1443
f 1439/1/1439 1444/1/1444 1443/1/1443
f 1439/1/1439 1442/1/1442 1444/1/1444
f 1442/1/1442 1447/1/1447 1444/1/1444
f 1442/1/1442 1445/1/1445 1447/1/1447
f 1440/1/1440 1445/1/1445 1442/1/1442
f 1440/1/1440 1446/1/1446 1445/1/1445
f 1441/1/1441 1446/1/1446 1440/1/1440
f 1443/1/1443 1444/1/1444 1448/1/1448
f 1444/1/1444 1449/1/1449 1448/1/1448
f 1444/1/1444 1447/1/1447 1449/1/1449
f 1447/1/1447 1452/1/1452 1449/1/1449
f 1447/1/1447 1450/1/1450 1452/1/1452
f 1445/1/1445 1450/1/1450 1447/1/1447
f 1445/1/1445 1451/1/1451 1450/1/1450
f 1446/1/1446 1451/1/1451 1445/1/1445
f 1448/1/1448 1449/1/1449 1453/1/1453
f 1449/1/1449 1454/1/1454 1453/1/1453
f 1449/1/1449 1452/1/1452 1454/1/1454
f 1452/1/1452 1457/1/1457 1454/1/1454
f 1452/1/1452 1455/1/1455 1457/1/1457
f 1450/1/1450 1455/1/1455 1452/1/1452
f 1450/1/1450 1456/1/1456 1455/1/1455
f 1451/1/1451 1456/1/1456 1450/1/1450
f 1453/1/1453 1454/1/1454 1458/1/1458
f 1454/1/1454 1459/1/1459 1458/1/1458
f 1454/1/1454 1457/1/1457 1459/1/1459
f 1457/1/1457 1462/1/1462 1459/1/1459
f 1457/1/1457 1460/1/1460 1462/1/1462
f 1455/1/1455 1460/1/1460 1457/1/1457
f 1455/1/1455 1461/1/1461 1460/1/1460
f 1456/1/1456 1461/1/1461 1455/1/1455
f 1458/1/1458 1459/1/1459 1463/1/1463
f 1459/1/1459 1464/1/1464 1463/1/1463
f 1459/1/1459 1462/1/1462 1464/1/1464
f 1462/1/1462 1467/1/1467 1464/1/1464
f 1462/1/1462 1465/1/1465 1467/1/1467
f 1460/1/1460 1465/1/1465 1462/1/1462
f 1460/1/1460 1466/1/1466 1465/1/1465
f 1461/1/1461 1466/1/1466 1460/1/1460
f 1463/1/1463 1464/1/1464 1468/1/1468
f 1464/1/1464 1469/1/1469 1468/1/1468
f 1464/1/1464 1467/1/1467 1469/1/1469
f 1467/1/1467 1472/1/1472 1469/1/1469
f 1467/1/1467 1470/1/1470 1472/1/1472
f 1465/1/1465 1470/1/1470 1467/1/1467
f 1465/1/1465 1471/1/1471 1470/1/1470
f 1466/1/1466 1471/1/1471 1465/1/1465
f 1468/1/1468 1469/1/1469 1473/1/1473
f 1469/1/1469 1474/1/1474 1473/1/1473
f 1469/1/1469 1472/1/1472 1474/1/1474
f 1472/1/1472 1477/1/1477 1474/1/1474
f 1472/1/1472 1475/1/1475 1477/1/1477
f 1470/1/1470 1475/1/1475 1472/1/1472
f 1470/1/1470 1476/1/1476 1475/1/1475
f 1471/1/1471 1476/1/1476 1470/1/1470
f 1473/1/1473 1474/1/1474 1478/1/1478
f 1474/1/1474 1479/1/1479 1478/1/1478
f 1474/1/1474 1477/1/1477 1479/1/1479
f 1477/1/1477 1482/1/1482 1479/1/1479
f 1477/1/1477 1480/1/1480 1482/1/1482
f 1475/1/1475 1480/1/1480 1477/1/1477
f 1475/1/1475 1481/1/1481 1480/1/1480
f 1476/1/1476 1481/1/1481 1475/1/1475
f 1478/1/1478 1479/1/1479 1483/1/1483
f 1479/1/1479 1484/1/1484 1483/1/1483
f 1479/1/1479 1482/1/1482 1484/1/1484
f 1482/1/1482 1487/1/1487 1484/1/1484
f 1482/1/1482 1485/1/1485 1487/1/1487
f 1480/1/1480 1485/1/1485 1482/1/1482
f 1480/1/1480 1486/1/1486 1485/1/1485
f 1481/1/1481 1486/1/1486 1480/1/1480
f 1483/1/1483 1484/1/1484 1488/1/1488
f 1484/1/1484 1489/1/1489 1488/1/1488
f 1484/1/1484 1487/1/1487 1489/1/1489
f 1487/1/1487 1492/1/1492 1489/1/1489
f 1487/1/1487 1490/1/1490 1492/1/1492
f 1485/1/1485 1490/1/1490 1487/1/1487
f 1485/1/1485 1491/1/1491 1490/1/1490
f 1486/1/1486 1491/1/1491 1485/1/1485
f 1488/1/1488 1489/1/1489 1493/1/1493
f 1489/1/1489 1494/1/1494 1493/1/1493
f 1489/1/1489 1492/1/1492 1494/1/1494
f 1492/1/1492 1497/1/1497 1494/1/1494
f 1492/1/1492 1495/1/1495 1497/1/1497
f 1490/1/1490 1495/1/1495 1492/1/1492
f 1490/1/1490 1496/1/1496 1495/1/1495
f 1491/1/1491 1496/1/1496 1490/1/1490
f 1493/1/1493 1494/1/1494 1498/1/1498
f 1494/1/1494 1499/1/1499 1498/1/1498
f 1494/1/1494 1497/1/1497 1499/1/1499
f 1497/1/1497 1502/1/1502 1499/1/1499
f 1497/1/1497 1500/1/1500 1502/1/1502
f 1495/1/1495 1500/1/1500 1497/1/1497
f 1495/1/1495 1501/1/1501 1500/1/1500
f 1496/1/1496 1501/1/1501 1495/1/1495
f 1498/1/1498 1499/1/1499 1503/1/1503
f 1499/1/1499 1504/1/1504 1503/1/1503
f 1499/1/1499 1502/1/1502 1504/1/1504
f 1502/1/1502 1507/1/1507 1504/1/1504
f 1502/1/1502 1505/1/1505 1507/1/1507
f 1500/1/1500 1505/1/1505 1502/1/1502
f 1500/1/1500 1506/1/1506 1505/1/1505
f 1501/1/1501 1506/1/1506 1500/1/1500
f 1503/1/1503 1504/1/1504 1508/1/1508
f 1504/1/1504 1509/1/1509 1508/1/1508
f 1504/1/1504 1507/1/1507 1509/1/1509
f 1507/1/1507 1512/1/1512 1509/1/1509
f 1507/1/1507 1510/1/1510 1512/1/1512
f 1505/1/1505 1510/1/1510 1507/1/1507
f 1505/1/1505 1511/1/1511 1510/1/1510
f 1506/1/1506 1511/1/1511 1505/1/1505
f 1508/1/1508 1509/1/1509 1513/1/1513
f 1509/1/1509 1514/1/1514 1513/1/1513
f 1509/1/1509 1512/1/1512 1514/1/1514
f 1512/1/1512 1517/1/1517 1514/1/1514
f 1512/1/1512 1515/1/1515 1517/1/1517
f 1510/1/1510 1515/1/1515 1512/1/1512
f 1510/1/1510 1516/1/1516 1515/1/1515
f 1511/1/1511 1516/1/1516 1510/1/1510
f 1513/1/1513 1514/1/1514 1518/1/1518
f 1514/1/1514 1519/1/1519 1518/1/1518
f 1514/1/1514 1517/1/1517 1519/1/1519
f 1517/1/1517 1522/1/1522 1519/1/1519
f 1517/1/1517 1520/1/1520 1522/1/1522
f 1515/1/1515 1520/1/1520 1517/1/1517
f 1515/1/1515 1521/1/1521 1520/1/1520
f 1516/1/1516 1521/1/1521 1515/1/1515
f 1518/1/1518 1519/1/1519 1523/1/1523
f 1519/1/1519 1524/1/1524 1523/1/1523
f 1519/1/1519 1522/1/1522 1524/1/1524
f 1522/1/1522 1527/1/1527 1524/1/1524
f 1522/1/1522 1525/1/1525 1527/1/1527
f 1520/1/1520 1525/1/1525 1522/1/1522
f 1520/1/1520 1526/1/1526 1525/1/1525
f 1521/1/1521 1526/1/1526 1520/1/1520
f 1523/1/1523 1524/1/1524 1528/1/1528
f 1524/1/1524 1529/1/1529 1528/1/1528
f 1524/1/1524 1527/1/1527 1529/1/1529
f 1527/1/1527 1532/1/1532 1529/1/1529
f 1527/1/1527 1530/1/1530 1532/1/1532
f 1525/1/1525 1530/1/1530 1527/1/1527
f 1525/1/1525 1531/1/1531 1530/1/1530
f 1526/1/1526 1531/1/1531 1525/1/1525
f 1528/1/1528 1529/1/1529 1533/1/1533
f 1529/1/1529 1534/1/1534 1533/1/1533
f 1529/1/1529 1532/1/1532 1534/1/1534
f 1532/1/1532 1537/1/1537 1534/1/1534
f 1532/1/1532 1535/1/1535 1537/1/1537
f 1530/1/1530 1535/1/1535 1532/1/1532
f 1530/1/1530 1536/1/1536 1535/1/1535
f 1531/1/1531 1536/1/1536 1530/1/1530
f 1533/1/1533 1534/1/1534 1538/1/1538
f 1534/1/1534 1539/1/1539 1538/1/1538
f 1534/1/1534 1537/1/1537 1539/1/1539
f 1537/1/1537 1542/1/1542 1539/1/1539
f 1537/1/1537 1540/1/1540 1542/1/1542
f 1535/1/1535 1540/1/1540 1537/1/1537
f 1535/1/1535 1541/1/1541 1540/1/1540
f 1536/1/1536 1541/1/1541 1535/1/1535
f 1538/1/1538 1539/1/1539 1543/1/1543
f 1539/1/1539 1544/1/1544 1543/1/1543
f 1539/1/1539 1542/1/1542 1544/1/1544
f 1542/1/1542 1547/1/1547 1544/1/1544
f 1542/1/1542 1545/1/1545 1547/1/1547
f 1540/1/1540 1545/1/1545 1542/1/1542
f 1540/1/1540 1546/1/1546 1545/1/1545
f 1541/1/1541 1546/1/1546 1540/1/1540
f 1543/1/1543 1544/1/1544 1548/1/1548
f 1544/1/1544 1549/1/1549 1548/1/1548
f 1544/1/1544 1547/1/1547 1549/1/1549
f 1547/1/1547 1552/1/1552 1549/1/1549
f 1547/1/1547 1550/1/1550 1552/1/1552
f 1545/1/1545 1550/1/1550 1547/1/1547
f 1545/1/1545 1551/1/1551 1550/1/1550
f 1546/1/1546 1551/1/1551 1545/1/1545
f 1548/1/1548 1549/1/1549 1553/1/1553
f 1549/1/1549 1554/1/1554 1553/1/1553
f 1549/1/1549 1552/1/1552 1554/1/1554
f 1552/1/1552 1557/1/1557 1554/1/1554
f 1552/1/1552 1555/1/1555 1557/1/1557
f 1550/1/1550 1555/1/1555 1552/1/1552
f 1550/1/1550 1556/1/1556 1555/1/1555
f 1551/1/1551 1556/1/1556 1550/1/1550
f 1553/1/1553 1554/1/1554 1558/1/1558
f 1554/1/1554 1559/1/1559 1558/1/1558
f 1554/1/1554 1557/1/1557 1559/1/1559
f 1557/1/1557 1562/1/1562 1559/1/1559
f 1557/1/1557 1560/1/1560 1562/1/1562
f 1555/1/1555 1560/1/1560 1557/1/1557
f 1555/1/1555 1561/1/1561 1560/1/1560
f 1556/1/1556 1561/1/1561 1555/1/1555
f 1558/1/1558 1559/1/1559 1563/1/1563
f 1559/1/1559 1564/1/1564 1563/1/1563
f 1559/1/1559 1562/1/1562 1564/1/1564
f 1562/1/1562 1567/1/1567 1564/1/1564
f 1562/1/1562 1565/1/1565 1567/1/1567
f 1560/1/1560 1565/1/1565 1562/1/1562
f 1560/1/1560 1566/1/1566 1565/1/1565
f 1561/1/1561 1566/1/1566 1560/1/1560
f 1563/1/1563 1564/1/1564 1568/1/1568
f 1564/1/1564 1569/1/1569 1568/1/1568
f 1564/1/1564 1567/1/1567 1569/1/1569
f 1567/1/1567 1572/1/1572 1569/1/1569
f 1567/1/1567 1570/1/1570 1572/1/1572
f 1565/1/1565 1570/1/1570 1567/1/1567
f 1565/1/1565 1571/1/1571 1570/1/1570
f 1566/1/1566 1571/1/1571 1565/1/1565
f 1568/1/1568 1569/1/1569 1573/1/1573
f 1569/1/1569 1574/1/1574 1573/1/1573
f 1569/1/1569 1572/1/1572 1574/1/1574
f 1572/1/1572 1577/1/1577 1574/1/1574
f 1572/1/1572 1575/1/1575 1577/1/1577
f 1570/1/1570 1575/1/1575 1572/1/1572
f 1570/1/1570 1576/1/1576 1575/1/1575
f 1571/1/1571 1576/1/1576 1570/1/1570
f 1573/1/1573 1574/1/1574 1578/1/1578
f 1574/1/1574 1579/1/1579 1578/1/1578
f 1574/1/1574 1577/1/1577 1579/1/1579
f 1577/1/1577 1582/1/1582 1579/1/1579
f 1577/1/1577 1580/1/1580 1582/1/1582
f 1575/1/1575 1580/1/1580 1577/1/1577
f 1575/1/1575 1581/1/1581 1580/1/1580
f 1576/1/1576 1581/1/1581 1575/1/1575
f 1578/1/1578 1579/1/1579 1583/1/1583
f 1579/1/1579 1584/1/1584 1583/1/1583
f 1579/1/1579 1582/1/1582 1584/1/1584
f 1582/1/1582 1587/1/1587 1584/1/1584
f 1582/1/1582 1585/1/1585 1587/1/1587
f 1580/1/1580 1585/1/1585 1582/1/1582
f 1580/1/1580 1586/1/1586 1585/1/1585
f 1581/1/1581 1586/1/1586 1580/1/1580
f 1583/1/1583 1584/1/1584 1588/1/1588
f 1584/1/1584 1589/1/1589 1588/1/1588
f 1584/1/1584 1587/1/1587 1589/1/1589
f 1587/1/1587 1592/1/1592 1589/1/1589
f 1587/1/1587 1590/1/1590 1592/1/1592
f 1585/1/1585 1590/1/1590 1587/1/1587
f 1585/1/1585 1591/1/1591 1590/1/1590
f 1586/1/1586 1591/1/1591 1585/1/1585
f 1588/1/1588 1589/1/1589 1593/1/1593
f 1589/1/1589 1594/1/1594 1593/1/1593
f 1589/1/1589 1592/1/1592 1594/1/1594
f 1592/1/1592 1597/1/1597 1594/1/1594
f 1592/1/1592 1595/1/1595 1597/1/1597
f 1590/1/1590 1595/1/1595 1592/1/1592
f 1590/1/1590 1596/1/1596 1595/1/1595
f 1591/1/1591 1596/1/1596 1590/1/1590
f 1593/1/1593 1594/1/1594 1598/1/1598
f 1594/1/1594 1599/1/1599 1598/1/1598
f 1594/1/1594 1597/1/1597 1599/1/1599
f 1597/1/1597 1602/1/1602 1599/1/1599
f 1597/1/1597 1600/1/1600 1602/1/1602
f 1595/1/1595 1600/1/1600 1597/1/1597
f 1595/1/1595 1601/1/1601 1600/1/1600
f 1596/1/1596 1601/1/1601 1595/1/1595
f 1598/1/1598 1599/1/1599 1603/1/1603
f 1599/1/1599 1604/1/1604 1603/1/1603
f 1599/1/1599 1602/1/1602 1604/1/1604
f 1602/1/1602 1607/1/1607 1604/1/1604
f 1602/1/1602 1605/1/1605 1607/1/1607
f 1600/1/1600 1605/1/1605 1602/1/1602
f 1600/1/1600 1606/1/1606 1605/1/1605
f 1601/1/1601 1606/1/1606 1600/1/1600
f 1603/1/1603 1604/1/1604 1608/1/1608
f 1604/1/1604 1609/1/1609 1608/1/1608
f 1604/1/1604 1607/1/1607 1609/1/1609
f 1607/1/1607 1612/1/1612 1609/1/1609
f 1607/1/1607 1610/1/1610 1612/1/1612
f 1605/1/1605 1610/1/1610 1607/1/1607
f 1605/1/1605 1611/1/1611 1610/1/1610
f 1606/1/1606 1611/1/1611 1605/1/1605
f 1608/1/1608 1609/1/1609 1613/1/1613
f 1609/1/1609 1614/1/1614 1613/1/1613
f 1609/1/1609 1612/1/1612 1614/1/1614
f 1612/1/1612 1617/1/1617 1614/1/1614
f 1612/1/1612 1615/1/1615 1617/1/1617
f 1610/1/1610 1615/1/1615 1612/1/1612
f 1610/1/1610 1616/1/1616 1615/1/1615
f 1611/1/1611 1616/1/1616 1610/1/1610
f 1613/1/1613 1614/1/1614 1618/1/1618
f 1614/1/1614 1619/1/1619 1618/1/1618
f 1614/1/1614 1617/1/1617 1619/1/1619
f 1617/1/1617 1622/1/1622 1619/1/1619
f 1617/1/1617 1620/1/1620 1622/1/1622
f 1615/1/1615 1620/1/1620 1617/1/1617
f 1615/1/1615 1621/1/1621 1620/1/1620
f 1616/1/1616 1621/1/1621 1615/1/1615
f 1618/1/1618 1619/1/1619 1623/1/1623
f 1619/1/1619 1624/1/1624 1623/1/1623
f 1619/1/1619 1622/1/1622 1624/1/1624
f 1622/1/1622 1627/1/1627 1624/1/1624
f 1622/1/1622 1625/1/1625 1627/1/1627
f 1620/1/1620 1625/1/1625 1622/1/1622
f 1620/1/1620 1626/1/1626 1625/1/1625
f 1621/1/1621 1626/1/1626 1620/1/1620
f 1623/1/1623 1624/1/1624 1628/1/1628
f 1624/1/1624 1629/1/1629 1628/1/1628
f 1624/1/1624 1627/1/1627 1629/1/1629
f 1627/1/1627 1632/1/1632 1629/1/1629
f 1627/1/1627 1630/1/1630 1632/1/1632
f 1625/1/1625 1630/1/1630 1627/1/1627
f 1625/1/1625 1631/1/1631 1630/1/1630
f 1626/1/1626 1631/1/1631 1625/1/1625
f 1628/1/1628 1629/1/1629 1633/1/1633
f 1629/1/1629 1634/1/1634 1633/1/1633
f 1629/1/1629 1632/1/1632 1634/1/1634
f 1632/1/1632 1637/1/1637 1634/1/1634
f 1632/1/1632 1635/1/1635 1637/1/1637
f 1630/1/1630 1635/1/1635 1632/1/1632
f 1630/1/1630 1636/1/1636 1635/1/1635
f 1631/1/1631 1636/1/1636 1630/1/1630
f 1633/1/1633 1634/1/1634 1638/1/1638
f 1634/1/1634 1639/1/1639 1638/1/1638
f 1634/1/1634 1637/1/1637 1639/1/1639
f 1637/1/1637 1642/1/1642 1639/1/1639
f 1637/1/1637 1640/1/1640 1642/1/1642
f 1635/1/1635 1640/1/1640 1637/1/1637
f 1635/1/1635 1641/1/1641 1640/1/1640
f 1636/1/1636 1641/1/1641 1635/1/1635
f 1638/1/1638 1639/1/1639 1643/1/1643
f 1639/1/1639 1644/1/1644 1643/1/1643
f 1639/1/1639 1642/1/1642 1644/1/1644
f 1642/1/1642 1647/1/1647 1644/1/1644
f 1642/1/1642 1645/1/1645 1647/1/1647
f 1640/1/1640 1645/1/1645 1642/1/1642
f 1640/1/1640 1646/1/1646 1645/1/1645
f 1641/1/1641 1646/1/1646 1640/1/1640
f 1643/1/1643 1644/1/1644 1648/1/1648
f 1644/1/1644 1649/1/1649 1648/1/1648
f 1644/1/1644 1647/1/1647 1649/1/1649
f 1647/1/1647 1652/1/1652 1649/1/1649
f 1647/1/1647 1650/1/1650 1652/1/1652
f 1645/1/1645 1650/1/1650 1647/1/1647
f 1645/1/1645 1651/1/1651 1650/1/1650
f 1646/1/1646 1651/1/1651 1645/1/1645
f 1648/1/1648 1649/1/1649 1653/1/1653
f 1649/1/1649 1654/1/1654 1653/1/1653
f 1649/1/1649 1652/1/1652 1654/1/1654
f 1652/1/1652 1657/1/1657 1654/1/1654
f 1652/1/1652 1655/1/1655 1657/1/1657
f 1650/1/1650 1655/1/1655 1652/1/1652
f 1650/1/1650 1656/1/1656 1655/1/1655
f 1651/1/1651 1656/1/1656 1650/1/1650
f 1653/1/1653 1654/1/1654 1658/1/1658
f 1654/1/1654 1659/1/1659 1658/1/1658
f 1654/1/1654 1657/1/1657 1659/1/1659
f 1657/1/1657 1662/1/1662 1659/1/1659
f 1657/1/1657 1660/1/1660 1662/1/1662
f 1655/1/1655 1660/1/1660 1657/1/1657
f 1655/1/1655 1661/1/1661 1660/1/1660
f 1656/1/1656 1661/1/1661 1655/1/1655
f 1658/1/1658 1659/1/1659 1663/1/1663
f 1659/1/1659 1664/1/1664 1663/1/1663
f 1659/1/1659 1662/1/1662 1664/1/1664
f 1662/1/1662 1667/1/1667 1664/1/1664
f 1662/1/1662 1665/1/1665 1667/1/1667
f 1660/1/1660 1665/1/1665 1662/1/1662
f 1660/1/1660 1666/1/1666 1665/1/1665
f 1661/1/1661 1666/1/1666 1660/1/1660
f 1663/1/1663 1664/1/1664 1668/1/1668
f 1664/1/1664 1669/1/1669 1668/1/1668
f 1664/1/1664 1667/1/1667 1669/1/1669
f 1667/1/1667 1672/1/1672 1669/1/1669
f 1667/1/1667 1670/1/1670 1672/1/1672
f 1665/1/1665 1670/1/1670 1667/1/1667
f 1665/1/1665 1671/1/1671 1670/1/1670
f 1666/1/1666 1671/1/1671 1665/1/1665
f 1668/1/1668 1669/1/1669 1673/1/1673
f 1669/1/1669 1674/1/1674 1673/1/1673
f 1669/1/1669 1672/1/1672 1674/1/1674
f 1672/1/1672 1677/1/1677 1674/1/1674
f 1672/1/1672 1675/1/1675 1677/1/1677
f 1670/1/1670 1675/1/1675 1672/1/1672
f 1670/1/1670 1676/1/1676 1675/1/1675
f 1671/1/1671 1676/1/1676 1670/1/1670
f 1673/1/1673 1674/1/1674 1678/1/1678
f 1674/1/1674 1679/1/1679 1678/1/1678
f 1674/1/1674 1677/1/1677 1679/1/1679
f 1677/1/1677 1682/1/1682 1679/1/1679
f 1677/1/1677 1680/1/1680 1682/1/1682
f 1675/1/1675 1680/1/1680 1677/1/1677
f 1675/1/1675 1681/1/1681 1680/1/1680
f 1676/1/1676 1681/1/1681 1675/1/1675
f 1678/1/1678 1679/1/1679 1683/1/1683
f 1679/1/1679 1684/1/1684 1683/1/1683
f 1679/1/1679 1682/1/1682 1684/1/1684
f 1682/1/1682 1687/1/1687 1684/1/1684
f 1682/1/1682 1685/1/1685 1687/1/1687
f 1680/1/1680 1685/1/1685 1682/1/1682
f 1680/1/1680 1686/1/1686 1685/1/1685
f 1681/1/1681 1686/1/1686 1680/1/1680
f 1683/1/1683 1684/1/1684 1688/1/1688
f 1684/1/1684 1689/1/1689 1688/1/1688
f 1684/1/1684 1687/1/1687 1689/1/1689
f 1687/1/1687 1692/1/1692 1689/1/1689
f 1687/1/1687 1690/1/1690 1692/1/1692
f 1685/1/1685 1690/1/1690 1687/1/1687
f 1685/1/1685 1691/1/1691 1690/1/1690
f 1686/1/1686 1691/1/1691 1685/1/1685
f 1688/1/1688 1689/1/1689 1693/1/1693
f 1689/1/1689 1694/1/1694 1693/1/1693
f 1689/1/1689 1692/1/1692 1694/1/1694
f 1692/1/1692 1697/1/1697 1694/1/1694
f 1692/1/1692 1695/1/1695 1697/1/1697
f 1690/1/1690 1695/1/1695 1692/1/1692
f 1690/1/1690 1696/1/1696 1695/1/1695
f 1691/1/1691 1696/1/1696 1690/1/1690
f 1693/1/1693 1694/1/1694 1698/1/1698
f 1694/1/1694 1699/1/1699 1698/1/1698
f 1694/1/1694 1697/1/1697 1699/1/1699
f 1697/1/1697 1702/1/1702 1699/1/1699
f 1697/1/1697 1700/1/1700 1702/1/1702
f 1695/1/1695 1700/1/1700 1697/1/1697
f 1695/1/1695 1701/1/1701 1700/1/1700
f 1696/1/1696 1701/1/1701 1695/1/1695
f 1698/1/1698 1699/1/1699 1703/1/1703
f 1699/1/1699 1704/1/1704 1703/1/1703
f 1699/1/1699 1702/1/1702 1704/1/1704
f 1702/1/1702 1707/1/1707 1704/1/1704
f 1702/1/1702 1705/1/1705 1707/1/1707
f 1700/1/1700 1705/1/1705 1702/1/1702
f 1700/1/1700 1706/1/1706 1705/1/1705
f 1701/1/1701 1706/1/1706 1700/1/1700
f 1703/1/1703 1704/1/1704 1708/1/1708
f 1704/1/1704 1709/1/1709 1708/1/1708
f 1704/1/1704 1707/1/1707 1709/1/1709
f 1707/1/1707 1712/1/1712 1709/1/1709
f 1707/1/1707 1710/1/1710 1712/1/1712
f 1705/1/1705 1710/1/1710 1707/1/1707
f 1705/1/1705 1711/1/1711 1710/1/1710
f 1706/1/1706 1711/1/1711 1705/1/1705
f 1708/1/1708 1709/1/1709 1713/1/1713
f 1709/1/1709 1714/1/1714 1713/1/1713
f 1709/1/1709 1712/1/1712 1714/1/1714
f 1712/1/1712 1717/1/1717 1714/1/1714
f 1712/1/1712 1715/1/1715 1717/1/1717
f 1710/1/1710 1715/1/1715 1712/1/1712
f 1710/1/1710 1716/1/1716 1715/1/1715
f 1711/1/1711 1716/1/1716 1710/1/1710
f 1713/1/1713 1714/1/1714 1718/1/1718
f 1714/1/1714 1719/1/1719 1718/1/1718
f 1714/1/1714 1717/1/1717 1719/1/1719
f 1717/1/1717 1722/1/1722 1719/1/1719
f 1717/1/1717 1720/1/1720 1722/1/1722
f 1715/1/1715 1720/1/1720 1717/1/1717
f 1715/1/1715 1721/1/1721 1720/1/1720
f 1716/1/1716 1721/1/1721 1715/1/1715
f 1718/1/1718 1719/1/1719 1723/1/1723
f 1719/1/1719 1724/1/1724 1723/1/1723
f 1719/1/1719 1722/1/1722 1724/1/1724
f 1722/1/1722 1727/1/1727 1724/1/1724
f 1722/1/1722 1725/1/1725 1727/1/1727
f 1720/1/1720 1725/1/1725 1722/1/1722
f 1720/1/1720 1726/1/1726 1725/1/1725
f 1721/1/1721 1726/1/1726 1720/1/1720
f 1723/1/1723 1724/1/1724 1728/1/1728
f 1724/1/1724 1729/1/1729 1728/1/1728
f 1724/1/1724 1727/1/1727 1729/1/1729
f 1727/1/1727 1732/1/1732 1729/1/1729
f 1727/1/1727 1730/1/1730 1732/1/1732
f 1725/1/1725 1730/1/1730 1727/1/1727
f 1725/1/1725 1731/1/1731 1730/1/1730
f 1726/1/1726 1731/1/1731 1725/1/1725
f 1728/1/1728 1729/1/1729 1733/1/1733
f 1729/1/1729 1734/1/1734 1733/1/1733
f 1729/1/1729 1732/1/1732 1734/1/1734
f 1732/1/1732 1737/1/1737 1734/1/1734
f 1732/1/1732 1735/1/1735 1737/1/1737
f 1730/1/1730 1735/1/1735 1732/1/1732
f 1730/1/1730 1736/1/1736 1735/1/1735
f 1731/1/1731 1736/1/1736 1730/1/1730
f 1733/1/1733 1734/1/1734 1738/1/1738
f 1734/1/1734 1739/1/1739 1738/1/1738
f 1734/1/1734 1737/1/1737 1739/1/1739
f 1737/1/1737 1742/1/1742 1739/1/1739
f 1737/1/1737 1740/1/1740 1742/1/1742
f 1735/1/1735 1740/1/1740 1737/1/1737
f 1735/1/1735 1741/1/1741 1740/1/1740
f 1736/1/1736 1741/1/1741 1735/1/1735
f 1738/1/1738 1739/1/1739 1743/1/1743
f 1739/1/1739 1744/1/1744 1743/1/1743
f 1739/1/1739 1742/1/1742 1744/1/1744
f 1742/1/1742 1747/1/1747 1744/1/1744
f 1742/1/1742 1745/1/1745 1747/1/1747
f 1740/1/1740 1745/1/1745 1742/1/1742
f 1740/1/1740 1746/1/1746 1745/1/1745
f 1741/1/1741 1746/1/1746 1740/1/1740
f 1743/1/1743 1744/1/1744 1748/1/1748
f 1744/1/1744 1749/1/1749 1748/1/1748
f 1744/1/1744 1747/1/1747 1749/1/1749
f 1747/1/1747 1752/1/1752 1749/1/1749
f 1747/1/1747 1750/1/1750 1752/1/1752
f 1745/1/1745 1750/1/1750 1747/1/1747
f 1745/1/1745 1751/1/1751 1750/1/1750
f 1746/1/1746 1751/1/1751 1745/1/1745
f 1753/1/1753 1755/1/1755 1754/1/1754
f 1753/1/1753 1758/1/1758 1755/1/1755
f 1753/1/1753 1756/1/1756 1758/1/1758
f 1753/1/1753 1757/1/1757 1756/1/1756
f 1754/1/1754 1755/1/1755 1759/1/1759
f 1755/1/1755 1760/1/1760 1759/1/1759
f 1755/1/1755 1758/1/1758 1760/1/1760
f 1758/1/1758 1763/1/1763 1760/1/1760
f 1758/1/1758 1761/1/1761 1763/1/1763
f 1756/1/1756 1761/1/1761 1758/1/1758
f 1756/1/1756 1762/1/1762 1761/1/1761
f 1757/1/1757 1762/1/1762 1756/1/1756
f 1759/1/1759 1760/1/1760 1764/1/1764
f 1760/1/1760 1765/1/1765 1764/1/1764
f 1760/1/1760 1763/1/1763 1765/1/1765
f 1763/1/1763 1768/1/1768 1765/1/1765
f 1763/1/1763 1766/1/1766 1768/1/1768
f 1761/1/1761 1766/1/1766 1763/1/1763
f 1761/1/1761 1767/1/1767 1766/1/1766
f 1762/1/1762 1767/1/1767 1761/1/1761
f 1764/1/1764 1765/1/1765 1769/1/1769
f 1765/1/1765 1770/1/1770 1769/1/1769
f 1765/1/1765 1768/1/1768 1770/1/1770
f 1768/1/1768 1773/1/1773 1770/1/1770
f 1768/1/1768 1771/1/1771 1773/1/1773
f 1766/1/1766 1771/1/1771 1768/1/1768
f 1766/1/1766 1772/1/1772 1771/1/1771
f 1767/1/1767 1772/1/1772 1766/1/1766
f 1769/1/1769 1770/1/1770 1774/1/1774
f 1770/1/1770 1775/1/1775 1774/1/1774
f 1770/1/1770 1773/1/1773 1775/1/1775
f 1773/1/1773 1778/1/1778 1775/1/1775
f 1773/1/1773 1776/1/1776 1778/1/1778
f 1771/1/1771 1776/1/1776 1773/1/1773
f 1771/1/1771 1777/1/1777 1776/1/1776
f 1772/1/1772 1777/1/1777 1771/1/1771
f 1774/1/1774 1775/1/1775 1779/1/1779
f 1775/1/1775 1780/1/1780 1779/1/1779
f 1775/1/1775 1778/1/1778 1780/1/1780
f 1778/1/1778 1783/1/1783 1780/1/1780
f 1778/1/1778 1781/1/1781 1783/1/1783
f 1776/1/1776 1781/1/1781 1778/1/1778
f 1776/1/1776 1782/1/1782 1781/1/1781
f 1777/1/1777 1782/1/1782 1776/1/1776
f 1779/1/1779 1780/1/1780 1784/1/1784
f 1780/1/1780 1785/1/1785 1784/1/1784
f 1780/1/1780 1783/1/1783 1785/1/1785
f 1783/1/1783 1788/1/1788 1785/1/1785
f 1783/1/1783 1786/1/1786 1788/1/1788
f 1781/1/1781 1786/1/1786 1783/1/1783
f 1781/1/1781 1787/1/1787 1786/1/1786
f 1782/1/1782 1787/1/1787 1781/1/1781
f 1784/1/1784 1785/1/1785 1789/1/1789
f 1785/1/1785 1790/1/1790 1789/1/1789
f 1785/1/1785 1788/1/1788 1790/1/1790
f 1788/1/1788 1793/1/1793 1790/1/1790
f 1788/1/1788 1791/1/1791 1793/1/1793
f 1786/1/1786 1791/1/1791 1788/1/1788
f 1786/1/1786 1792/1/1792 1791/1/1791
f 1787/1/1787 1792/1/1792 1786/1/1786
f 1789/1/1789 1790/1/1790 1794/1/1794
f 1790/1/1790 1795/1/1795 1794/1/1794
f 1790/1/1790 1793/1/1793 1795/1/1795
f 1793/1/1793 1798/1/1798 1795/1/1795
f 1793/1/1793 1796/1/1796 1798/1/1798
f 1791/1/1791 1796/1/1796 1793/1/1793
f 1791/1/1791 1797/1/1797 1796/1/1796
f 1792/1/1792 1797/1/1797 1791/1/1791
f 1794/1/1794 1795/1/1795 1799/1/1799
f 1795/1/1795 1800/1/1800 1799/1/1799
f 1795/1/1795 1798/1/1798 1800/1/1800
f 1798/1/1798 1803/1/1803 1800/1/1800
f 1798/1/1798 1801/1/1801 1803/1/1803
f 1796/1/1796 1801/1/1801 1798/1/1798
f 1796/1/1796 1802/1/1802 1801/1/1801
f 1797/1/1797 1802/1/1802 1796/1/1796
f 1799/1/1799 1800/1/1800 1804/1/1804
f 1800/1/1800 1805/1/1805 1804/1/1804
f 1800/1/1800 1803/1/1803 1805/1/1805
f 1803/1/1803 1808/1/1808 1805/1/1805
f 1803/1/1803 1806/1/1806 1808/1/1808
f 1801/1/1801 1806/1/1806 1803/1/1803
f 1801/1/1801 1807/1/1807 1806/1/1806
f 1802/1/1802 1807/1/1807 1801/1/1801
f 1804/1/1804 1805/1/1805 1809/1/1809
f 1805/1/1805 1810/1/1810 1809/1/1809
f 1805/1/1805 1808/1/1808 1810/1/1810
f 1808/1/1808 1813/1/1813 1810/1/1810
f 1808/1/1808 1811/1/1811 1813/1/1813
f 1806/1/1806 1811/1/1811 1808/1/1808
f 1806/1/1806 1812/1/1812 1811/1/1811
f 1807/1/1807 1812/1/1812 1806/1/1806
f 1809/1/1809 1810/1/1810 1814/1/1814
f 1810/1/1810 1815/1/1815 1814/1/1814
f 1810/1/1810 1813/1/1813 1815/1/1815
f 1813/1/1813 1818/1/1818 1815/1/1815
f 1813/1/1813 1816/1/1816 1818/1/1818
f 1811/1/1811 1816/1/1816 1813/1/1813
f 1811/1/1811 1817/1/1817 1816/1/1816
f 1812/1/1812 1817/1/1817 1811/1/1811
f 1814/1/1814 1815/1/1815 1819/1/1819
f 1815/1/1815 1820/1/1820 1819/1/1819
f 1815/1/1815 1818/1/1818 1820/1/1820
f 1818/1/1818 1823/1/1823 1820/1/1820
f 1818/1/1818 1821/1/1821 1823/1/1823
f 1816/1/1816 1821/1/1821 1818/1/1818
f 1816/1/1816 1822/1/1822 1821/1/1821
f 1817/1/1817 1822/1/1822 1816/1/1816
f 1819/1/1819 1820/1/1820 1824/1/1824
f 1820/1/1820 1825/1/1825 1824/1/1824
f 1820/1/1820 1823/1/1823 1825/1/1825
f 1823/1/1823 1828/1/1828 1825/1/1825
f 1823/1/1823 1826/1/1826 1828/1/1828
f 1821/1/1821 1826/1/1826 1823/1/1823
f 1821/1/1821 1827/1/1827 1826/1/1826
f 1822/1/1822 1827/1/1827 1821/1/1821
f 1824/1/1824 1825/1/1825 1829/1/1829
f 1825/1/1825 1830/1/1830 1829/1/1829
f 1825/1/1825 1828/1/1828 1830/1/1830
f 1828/1/1828 1833/1/1833 1830/1/1830
f 1828/1/1828 1831/1/1831 1833/1/1833
f 1826/1/1826 1831/1/1831 1828/1/1828
f 1826/1/1826 1832/1/1832 1831/1/1831
f 1827/1/1827 1832/1/1832 1826/1/1826
f 1829/1/1829 1830/1/1830 1834/1/1834
f 1830/1/1830 1835/1/1835 1834/1/1834
f 1830/1/1830 1833/1/1833 1835/1/1835
f 1833/1/1833 1838/1/1838 1835/1/1835
f 1833/1/1833 1836/1/1836 1838/1/1838
f 1831/1/1831 1836/1/1836 1833/1/1833
f 1831/1/1831 1837/1/1837 1836/1/1836
f 1832/1/1832 1837/1/1837 1831/1/1831
f 1834/1/1834 1835/1/1835 1839/1/1839
f 1835/1/1835 1840/1/1840 1839/1/1839
f 1835/1/1835 1838/1/1838 1840/1/1840
f 1838/1/1838 1843/1/1843 1840/1/1840
f 1838/1/1838 1841/1/1841 1843/1/1843
f 1836/1/1836 1841/1/1841 1838/1/1838
f 1836/1/1836 1842/1/1842 1841/1/1841
f 1837/1/1837 1842/1/1842 1836/1/1836
f 1839/1/1839 1840/1/1840 1844/1/1844
f 1840/1/1840 1845/1/1845 1844/1/1844
f 1840/1/1840 1843/1/1843 1845/1/1845
f 1843/1/1843 1848/1/1848 1845/1/1845
f 1843/1/1843 1846/1/1846 1848/1/1848
f 1841/1/1841 1846/1/1846 1843/1/1843
f 1841/1/1841 1847/1/1847 1846/1/1846
f 1842/1/1842 1847/1/1847 1841/1/1841
f 1844/1/1844 1845/1/1845 1849/1/1849
f 1845/1/1845 1850/1/1850 1849/1/1849
f 1845/1/1845 1848/1/1848 1850/1/1850
f 1848/1/1848 1853/1/1853 1850/1/1850
f 1848/1/1848 1851/1/1851 1853/1/1853
f 1846/1/1846 1851/1/1851 1848/1/1848
f 1846/1/1846 1852/1/1852 1851/1/1851
f 1847/1/1847 1852/1/1852 1846/1/1846
f 1849/1/1849 1850/1/1850 1854/1/1854
f 1850/1/1850 1855/1/1855 1854/1/1854
f 1850/1/1850 1853/1/1853 1855/1/1855
f 1853/1/1853 1858/1/1858 1855/1/1855
f 1853/1/1853 1856/1/1856 1858/1/1858
f 1851/1/1851 1856/1/1856 1853/1/1853
f 1851/1/1851 1857/1/1857 1856/1/1856
f 1852/1/1852 1857/1/1857 1851/1/1851
f 1854/1/1854 1855/1/1855 1859/1/1859
f 1855/1/1855 1860/1/1860 1859/1/1859
f 1855/1/1855 1858/1/1858 1860/1/1860
f 1858/1/1858 1863/1/1863 1860/1/1860
f 1858/1/1858 1861/1/1861 1863/1/1863
f 1856/1/1856 1861/1/1861 1858/1/1858
f 1856/1/1856 1862/1/1862 1861/1/1861
f 1857/1/1857 1862/1/1862 1856/1/1856
f 1859/1/1859 1860/1/1860 1864/1/1864
f 1860/1/1860 1865/1/1865 1864/1/1864
f 1860/1/1860 1863/1/1863 1865/1/1865
f 1863/1/1863 1868/1/1868 1865/1/1865
f 1863/1/1863 1866/1/1866 1868/1/1868
f 1861/1/1861 1866/1/1866 1863/1/1863
f 1861/1/1861 1867/1/1867 1866/1/1866
f 1862/1/1862 1867/1/1867 1861/1/1861
f 1864/1/1864 1865/1/1865 1869/1/1869
f 1865/1/1865 1870/1/1870 1869/1/1869
f 1865/1/1865 1868/1/1868 1870/1/1870
f 1868/1/1868 1873/1/1873 1870/1/1870
f 1868/1/1868 1871/1/1871 1873/1/1873
f 1866/1/1866 1871/1/1871 1868/1/1868
f 1866/1/1866 1872/1/1872 1871/1/1871
f 1867/1/1867 1872/1/1872 1866/1/1866
f 1869/1/1869 1870/1/1870 1874/1/1874
f 1870/1/1870 1875/1/1875 1874/1/1874
f 1870/1/1870 1873/1/1873 1875/1/1875
f 1873/1/1873 1878/1/1878 1875/1/1875
f 1873/1/1873 1876/1/1876 1878/1/1878
f 1871/1/1871 1876/1/1876 1873/1/1873
f 1871/1/1871 1877/1/1877 1876/1/1876
f 1872/1/1872 1877/1/1877 1871/1/1871
f 1874/1/1874 1875/1/1875 1879/1/1879
f 1875/1/1875 1880/1/1880 1879/1/1879
f 1875/1/1875 1878/1/1878 1880/1/1880
f 1878/1/1878 1883/1/1883 1880/1/1880
f 1878/1/1878 1881/1/1881 1883/1/1883
f 1876/1/1876 1881/1/1881 1878/1/1878
f 1876/1/1876 1882/1/1882 1881/1/1881
f 1877/1/1877 1882/1/1882 1876/1/1876
f 1879/1/1879 1880/1/1880 1884/1/1884
f 1880/1/1880 1885/1/1885 1884/1/1884
f 1880/1/1880 1883/1/1883 1885/1/1885
f 1883/1/1883 1888/1/1888 1885/1/1885
f 1883/1/1883 1886/1/1886 1888/1/1888
f 1881/1/1881 1886/1/1886 1883/1/1883
f 1881/1/1881 1887/1/1887 1886/1/1886
f 1882/1/1882 1887/1/1887 1881/1/1881
f 1884/1/1884 1885/1/1885 1889/1/1889
f 1885/1/1885 1890/1/1890 1889/1/1889
f 1885/1/1885 1888/1/1888 1890/1/1890
f 1888/1/1888 1893/1/1893 1890/1/1890
f 1888/1/1888 1891/1/1891 1893/1/1893
f 1886/1/1886 1891/1/1891 1888/1/1888
f 1886/1/1886 1892/1/1892 1891/1/1891
f 1887/1/1887 1892/1/1892 1886/1/1886
f 1889/1/1889 1890/1/1890 1894/1/1894
f 1890/1/1890 1895/1/1895 1894/1/1894
f 1890/1/1890 1893/1/1893 1895/1/1895
f 1893/1/1893 1898/1/1898 1895/1/1895
f 1893/1/1893 1896/1/1896 1898/1/1898
f 1891/1/1891 1896/1/1896 1893/1/1893
f 1891/1/1891 1897/1/1897 1896/1/1896
f 1892/1/1892 1897/1/1897 1891/1/1891
f 1894/1/1894 1895/1/1895 1899/1/1899
f 1895/1/1895 1900/1/1900 1899/1/1899
f 1895/1/1895 1898/1/1898 1900/1/1900
f 1898/1/1898 1903/1/1903 1900/1/1900
f 1898/1/1898 1901/1/1901 1903/1/1903
f 1896/1/1896 1901/1/1901 1898/1/1898
f 1896/1/1896 1902/1/1902 1901/1/1901
f 1897/1/1897 1902/1/1902 1896/1/1896
f 1899/1/1899 1900/1/1900 1904/1/1904
f 1900/1/1900 1905/1/1905 1904/1/1904
f 1900/1/1900 1903/1/1903 1905/1/1905
f 1903/1/1903 1908/1/1908 1905/1/1905
f 1903/1/1903 1906/1/1906 1908/1/1908
f 1901/1/1901 1906/1/1906 1903/1/1903
f 1901/1/1901 1907/1/1907 1906/1/1906
f 1902/1/1902 1907/1/1907 1901/1/1901
f 1904/1/1904 1905/1/1905 1909/1/1909
f 1905/1/1905 1910/1/1910 1909/1/1909
f 1905/1/1905 1908/1/1908 1910/1/1910
f 1908/1/1908 1913/1/1913 1910/1/1910
f 1908/1/1908 1911/1/1911 1913/1/1913
f 1906/1/1906 1911/1/1911 1908/1/1908
f 1906/1/1906 1912/1/1912 1911/1/1911
f 1907/1/1907 1912/1/1912 1906/1/1906
f 1909/1/1909 1910/1/1910 1914/1/1914
f 1910/1/1910 1915/1/1915 1914/1/1914
f 1910/1/1910 1913/1/1913 1915/1/1915
f 1913/1/1913 1918/1/1918 1915/1/1915
f 1913/1/1913 1916/1/1916 1918/1/1918
f 1911/1/1911 1916/1/1916 1913/1/1913
f 1911/1/1911 1917/1/1917 1916/1/1916
f 1912/1/1912 1917/1/1917 1911/1/1911
f 1914/1/1914 1915/1/1915 1919/1/1919
f 1915/1/1915 1920/1/1920 1919/1/1919
f 1915/1/1915 1918/1/1918 1920/1/1920
f 1918/1/1918 1923/1/1923 1920/1/1920
f 1918/1/1918 1921/1/1921 1923/1/1923
f 1916/1/1916 1921/1/1921 1918/1/1918
f 1916/1/1916 1922/1/1922 1921/1/1921
f 1917/1/1917 1922/1/1922 1916/1/1916
f 1919/1/1919 1920/1/1920 1924/1/1924
f 1920/1/1920 1925/1/1925 1924/1/1924
f 1920/1/1920 1923/1/1923 1925/1/1925
f 1923/1/1923 1928/1/1928 1925/1/1925
f 1923/1/1923 1926/1/1926 1928/1/1928
f 1921/1/1921 1926/1/1926 1923/1/1923
f 1921/1/1921 1927/1/1927 1926/1/1926
f 1922/1/1922 1927/1/1927 1921/1/1921
f 1924/1/1924 1925/1/1925 1929/1/1929
f 1925/1/1925 1930/1/1930 1929/1/1929
f 1925/1/1925 1928/1/1928 1930/1/1930
f 1928/1/1928 1933/1/1933 1930/1/1930
f 1928/1/1928 1931/1/1931 1933/1/1933
f 1926/1/1926 1931/1/1931 1928/1/1928
f 1926/1/1926 1932/1/1932 1931/1/1931
f 1927/1/1927 1932/1/1932 1926/1/1926
f 1929/1/1929 1930/1/1930 1934/1/1934
f 1930/1/1930 1935/1/1935 1934/1/1934
f 1930/1/1930 1933/1/1933 1935/1/1935
f 1933/1/1933 1938/1/1938 1935/1/1935
f 1933/1/1933 1936/1/1936 1938/1/1938
f 1931/1/1931 1936/1/1936 1933/1/1933
f 1931/1/1931 1937/1/1937 1936/1/1936
f 1932/1/1932 1937/1/1937 1931/1/1931
f 1939/1/1939 1941/1/1941 1940/1/1940
f 1939/1/1939 1944/1/1944 1941/1/1941
f 1939/1/1939 1942/1/1942 1944/1/1944
f 1939/1/1939 1943/1/1943 1942/1/1942
f 1940/1/1940 1941/1/1941 1945/1/1945
f 1941/1/1941 1946/1/1946 1945/1/1945
f 1941/1/1941 1944/1/1944 1946/1/1946
f 1944/1/1944 1949/1/1949 1946/1/1946
f 1944/1/1944 1947/1/1947 1949/1/1949
f 1942/1/1942 1947/1/1947 1944/1/1944
f 1942/1/1942 1948/1/1948 1947/1/1947
f 1943/1/1943 1948/1/1948 1942/1/1942
f 1945/1/1945 1946/1/1946 1950/1/1950
f 1946/1/1946 1951/1/1951 1950/1/1950
f 1946/1/1946 1949/1/1949 1951/1/1951
f 1949/1/1949 1954/1/1954 1951/1/1951
f 1949/1/1949 1952/1/1952 1954/1/1954
f 1947/1/1947 1952/1/1952 1949/1/1949
f 1947/1/1947 1953/1/1953 1952/1/1952
f 1948/1/1948 1953/1/1953 1947/1/1947
f 1950/1/1950 1951/1/1951 1955/1/1955
f 1951/1/1951 1956/1/1956 1955/1/1955
f 1951/1/1951 1954/1/1954 1956/1/1956
f 1954/1/1954 1959/1/1959 1956/1/1956
f 1954/1/1954 1957/1/1957 1959/1/1959
f 1952/1/1952 1957/1/1957 1954/1/1954
f 1952/1/1952 1958/1/1958 1957/1/1957
f 1953/1/1953 1958/1/1958 1952/1/1952
f 1955/1/1955 1956/1/1956 1960/1/1960
f 1956/1/1956 1961/1/1961 1960/1/1960
f 1956/1/1956 1959/1/1959 1961/1/1961
f 1959/1/1959 1964/1/1964 1961/1/1961
f 1959/1/1959 1962/1/1962 1964/1/1964
f 1957/1/1957 1962/1/1962 1959/1/1959
f 1957/1/1957 1963/1/1963 1962/1/1962
f 1958/1/1958 1963/1/1963 1957/1/1957
f 1960/1/1960 1961/1/1961 1965/1/1965
f 1961/1/1961 1966/1/1966 1965/1/1965
f 1961/1/1961 1964/1/1964 1966/1/1966
f 1964/1/1964 1969/1/1969 1966/1/1966
f 1964/1/1964 1967/1/1967 1969/1/1969
f 1962/1/1962 1967/1/1967 1964/1/1964
f 1962/1/1962 1968/1/1968 1967/1/1967
f 1963/1/1963 1968/1/1968 1962/1/1962
f 1965/1/1965 1966/1/1966 1970/1/1970
f 1966/1/1966 1971/1/1971 1970/1/1970
f 1966/1/1966 1969/1/1969 1971/1/1971
f 1969/1/1969 1974/1/1974 1971/1/1971
f 1969/1/1969 1972/1/1972 1974/1/1974
f 1967/1/1967 1972/1/1972 1969/1/1969
f 1967/1/1967 1973/1/1973 1972/1/1972
f 1968/1/1968 1973/1/1973 1967/1/1967
f 1970/1/1970 1971/1/1971 1975/1/1975
f 1971/1/1971 1976/1/1976 1975/1/1975
f 1971/1/1971 1974/1/1974 1976/1/1976
f 1974/1/1974 1979/1/1979 1976/1/1976
f 1974/1/1974 1977/1/1977 1979/1/1979
f 1972/1/1972 1977/1/1977 1974/1/1974
f 1972/1/1972 1978/1/1978 1977/1/1977
f 1973/1/1973 1978/1/1978 1972/1/1972
f 1975/1/1975 1976/1/1976 1980/1/1980
f 1976/1/1976 1981/1/1981 1980/1/1980
f 1976/1/1976 1979/1/1979 1981/1/1981
f 1979/1/1979 1984/1/1984 1981/1/1981
f 1979/1/1979 1982/1/1982 1984/1/1984
f 1977/1/1977 1982/1/1982 1979/1/1979
f 1977/1/1977 1983/1/1983 1982/1/1982
f 1978/1/1978 1983/1/1983 1977/1/1977
f 1980/1/1980 1981/1/1981 1985/1/1985
f 1981/1/1981 1986/1/1986 1985/1/1985
f 1981/1/1981 1984/1/1984 1986/1/1986
f 1984/1/1984 1989/1/1989 1986/1/1986
f 1984/1/1984 1987/1/1987 1989/1/1989
f 1982/1/1982 1987/1/1987 1984/1/1984
f 1982/1/1982 1988/1/1988 1987/1/1987
f 1983/1/1983 1988/1/1988 1982/1/1982
f 1985/1/1985 1986/1/1986 1990/1/1990
f 1986/1/1986 1991/1/1991 1990/1/1990
f 1986/1/1986 1989/1/1989 1991/1/1991
f 1989/1/1989 1994/1/1994 1991/1/1991
f 1989/1/1989 1992/1/1992 1994/1/1994
f 1987/1/1987 1992/1/1992 1989/1/1989
f 1987/1/1987 1993/1/1993 1992/1/1992
f 1988/1/1988 1993/1/1993 1987/1/1987
f 1990/1/1990 1991/1/1991 1995/1/1995
f 1991/1/1991 1996/1/1996 1995/1/1995
f 1991/1/1991 1994/1/1994 1996/1/1996
f 1994/1/1994 1999/1/1999 1996/1/1996
f 1994/1/1994 1997/1/1997 1999/1/1999
f 1992/1/1992 1997/1/1997 1994/1/1994
f 1992/1/1992 1998/1/1998 1997/1/1997
f 1993/1/1993 1998/1/1998 1992/1/1992
f 1995/1/1995 1996/1/1996 2000/1/2000
f 1996/1/1996 2001/1/2001 2000/1/2000
f 1996/1/1996 1999/1/1999 2001/1/2001
f 1999/1/1999 2004/1/2004 2001/1/2001
f 1999/1/1999 2002/1/2002 2004/1/2004
f 1997/1/1997 2002/1/2002 1999/1/1999
f 1997/1/1997 2003/1/2003 2002/1/2002
f 1998/1/1998 2003/1/2003 1997/1/1997
f 2000/1/2000 2001/1/2001 2005/1/2005
f 2001/1/2001 2006/1/2006 2005/1/2005
f 2001/1/2001 2004/1/2004 2006/1/2006
f 2004/1/2004 2009/1/2009 2006/1/2006
f 2004/1/2004 2007/1/2007 2009/1/2009
f 2002/1/2002 2007/1/2007 2004/1/2004
f 2002/1/2002 2008/1/2008 2007/1/2007
f 2003/1/2003 2008/1/2008 2002/1/2002
f 2005/1/2005 2006/1/2006 2010/1/2010
f 2006/1/2006 2011/1/2011 2010/1/2010
f 2006/1/2006 2009/1/2009 2011/1/2011
f 2009/1/2009 2014/1/2014 2011/1/2011
f 2009/1/2009 2012/1/2012 2014/1/2014
f 2007/1/2007 2012/1/2012 2009/1/2009
f 2007/1/2007 2013/1/2013 2012/1/2012
f 2008/1/2008 2013/1/2013 2007/1/2007
f 2010/1/2010 2011/1/2011 2015/1/2015
f 2011/1/2011 2016/1/2016 2015/1/2015
f 2011/1/2011 2014/1/2014 2016/1/2016
f 2014/1/2014 2019/1/2019 2016/1/2016
f 2014/1/2014 2017/1/2017 2019/1/2019
f 2012/1/2012 2017/1/2017 2014/1/2014
f 2012/1/2012 2018/1/2018 2017/1/2017
f 2013/1/2013 2018/1/2018 2012/1/2012
f 2015/1/2015 2016/1/2016 2020/1/2020
f 2016/1/2016 2021/1/2021 2020/1/2020
f 2016/1/2016 2019/1/2019 2021/1/2021
f 2019/1/2019 2024/1/2024 2021/1/2021
f 2019/1/2019 2022/1/2022 2024/1/2024
f 2017/1/2017 2022/1/2022 2019/1/2019
f 2017/1/2017 2023/1/2023 2022/1/2022
f 2018/1/2018 2023/1/2023 2017/1/2017
f 2020/1/2020 2021/1/2021 2025/1/2025
f 2021/1/2021 2026/1/2026 2025/1/2025
f 2021/1/2021 2024/1/2024 2026/1/2026
f 2024/1/2024 2029/1/2029 2026/1/2026
f 2024/1/2024 2027/1/2027 2029/1/2029
f 2022/1/2022 2027/1/2027 2024/1/2024
f 2022/1/2022 2028/1/2028 2027/1/2027
f 2023/1/2023 2028/1/2028 2022/1/2022
f 2025/1/2025 2026/1/2026 2030/1/2030
f 2026/1/2026 2031/1/2031 2030/1/2030
f 2026/1/2026 2029/1/2029 2031/1/2031
f 2029/1/2029 2034/1/2034 2031/1/2031
f 2029/1/2029 2032/1/2032 2034/1/2034
f 2027/1/2027 2032/1/2032 2029/1/2029
f 2027/1/2027 2033/1/2033 2032/1/2032
f 2028/1/2028 2033/1/2033 2027/1/2027
f 2030/1/2030 2031/1/2031 2035/1/2035
f 2031/1/2031 2036/1/2036 2035/1/2035
f 2031/1/2031 2034/1/2034 2036/1/2036
f 2034/1/2034 2039/1/2039 2036/1/2036
f 2034/1/2034 2037/1/2037 2039/1/2039
f 2032/1/2032 2037/1/2037 2034/1/2034
f 2032/1/2032 2038/1/2038 2037/1/2037
f 2033/1/2033 2038/1/2038 2032/1/2032
f 2035/1/2035 2036/1/2036 2040/1/2040
f 2036/1/2036 2041/1/2041 2040/1/2040
f 2036/1/2036 2039/1/2039 2041/1/2041
f 2039/1/2039 2044/1/2044 2041/1/2041
f 2039/1/2039 2042/1/2042 2044/1/2044
f 2037/1/2037 2042/1/2042 2039/1/2039
f 2037/1/2037 2043/1/2043 2042/1/2042
f 2038/1/2038 2043/1/2043 2037/1/2037
f 2040/1/2040 2041/1/2041 2045/1/2045
f 2041/1/2041 2046/1/2046 2045/1/2045
f 2041/1/2041 2044/1/2044 2046/1/2046
f 2044/1/2044 2049/1/2049 2046/1/2046
f 2044/1/2044 2047/1/2047 2049/1/2049
f 2042/1/2042 2047/1/2047 2044/1/2044
f 2042/1/2042 2048/1/2048 2047/1/2047
f 2043/1/2043 2048/1/2048 2042/1/2042
f 2045/1/2045 2046/1/2046 2050/1/2050
f 2046/1/2046 2051/1/2051 2050/1/2050
f 2046/1/2046 2049/1/2049 2051/1/2051
f 2049/1/2049 2054/1/2054 2051/1/2051
f 2049/1/2049 2052/1/2052 2054/1/2054
f 2047/1/2047 2052/1/2052 2049/1/2049
f 2047/1/2047 2053/1/2053 2052/1/2052
f 2048/1/2048 2053/1/2053 2047/1/2047
f 2050/1/2050 2051/1/2051 2055/1/2055
f 2051/1/2051 2056/1/2056 2055/1/2055
f 2051/1/2051 2054/1/2054 2056/1/2056
f 2054/1/2054 2059/1/2059 2056/1/2056
f 2054/1/2054 2057/1/2057 2059/1/2059
f 2052/1/2052 2057/1/2057 2054/1/2054
f 2052/1/2052 2058/1/2058 2057/1/2057
f 2053/1/2053 2058/1/2058 2052/1/2052
f 2055/1/2055 2056/1/2056 2060/1/2060
f 2056/1/2056 2061/1/2061 2060/1/2060
f 2056/1/2056 2059/1/2059 2061/1/2061
f 2059/1/2059 2064/1/2064 2061/1/2061
f 2059/1/2059 2062/1/2062 2064/1/2064
f 2057/1/2057 2062/1/2062 2059/1/2059
f 2057/1/2057 2063/1/2063 2062/1/2062
f 2058/1/2058 2063/1/2063 2057/1/2057
f 2065/1/2065 2067/1/2067 2066/1/2066
f 2065/1/2065 2070/1/2070 2067/1/2067
f 2065/1/2065 2068/1/2068 2070/1/2070
f 2065/1/2065 2069/1/2069 2068/1/2068
f 2066/1/2066 2067/1/2067 2071/1/2071
f 2067/1/2067 2072/1/2072 2071/1/2071
f 2067/1/2067 2070/1/2070 2072/1/2072
f 2070/1/2070 2075/1/2075 2072/1/2072
f 2070/1/2070 2073/1/2073 2075/1/2075
f 2068/1/2068 2073/1/2073 2070/1/2070
f 2068/1/2068 2074/1/2074 2073/1/2073
f 2069/1/2069 2074/1/2074 2068/1/2068
f 2071/1/2071 2072/1/2072 2076/1/2076
f 2072/1/2072 2077/1/2077 2076/1/2076
f 2072/1/2072 2075/1/2075 2077/1/2077
f 2075/1/2075 2080/1/2080 2077/1/2077
f 2075/1/2075 2078/1/2078 2080/1/2080
f 2073/1/2073 2078/1/2078 2075/1/2075
f 2073/1/2073 2079/1/2079 2078/1/2078
f 2074/1/2074 2079/1/2079 2073/1/2073
f 2076/1/2076 2077/1/2077 2081/1/2081
f 2077/1/2077 2082/1/2082 2081/1/2081
f 2077/1/2077 2080/1/2080 2082/1/2082
f 2080/1/2080 2085/1/2085 2082/1/2082
f 2080/1/2080 2083/1/2083 2085/1/2085
f 2078/1/2078 2083/1/2083 2080/1/2080
f 2078/1/2078 2084/1/2084 2083/1/2083
f 2079/1/2079 2084/1/2084 2078/1/2078
f 2081/1/2081 2082/1/2082 2086/1/2086
f 2082/1/2082 2087/1/2087 2086/1/2086
f 2082/1/2082 2085/1/2085 2087/1/2087
f 2085/1/2085 2090/1/2090 2087/1/2087
f 2085/1/2085 2088/1/2088 2090/1/2090
f 2083/1/2083 2088/1/2088 2085/1/2085
f 2083/1/2083 2089/1/2089 2088/1/2088
f 2084/1/2084 2089/1/2089 2083/1/2083
f 2086/1/2086 2087/1/2087 2091/1/2091
f 2087/1/2087 2092/1/2092 2091/1/2091
f 2087/1/2087 2090/1/2090 2092/1/2092
f 2090/1/2090 2095/1/2095 2092/1/2092
f 2090/1/2090 2093/1/2093 2095/1/2095
f 2088/1/2088 2093/1/2093 2090/1/2090
f 2088/1/2088 2094/1/2094 2093/1/2093
f 2089/1/2089 2094/1/2094 2088/1/2088
f 2091/1/2091 2092/1/2092 2096/1/2096
f 2092/1/2092 2097/1/2097 2096/1/2096
f 2092/1/2092 2095/1/2095 2097/1/2097
f 2095/1/2095 2100/1/2100 2097/1/2097
f 2095/1/2095 2098/1/2098 2100/1/2100
f 2093/1/2093 2098/1/2098 2095/1/2095
f 2093/1/2093 2099/1/2099 2098/1/2098
f 2094/1/2094 2099/1/2099 2093/1/2093
f 2096/1/2096 2097/1/2097 2101/1/2101
f 2097/1/2097 2102/1/2102 2101/1/2101
f 2097/1/2097 2100/1/2100 2102/1/2102
f 2100/1/2100 2105/1/2105 2102/1/2102
f 2100/1/2100 2103/1/2103 2105/1/2105
f 2098/1/2098 2103/1/2103 2100/1/2100
f 2098/1/2098 2104/1/2104 2103/1/2103
f 2099/1/2099 2104/1/2104 2098/1/2098
f 2101/1/2101 2102/1/2102 2106/1/2106
f 2102/1/2102 2107/1/2107 2106/1/2106
f 2102/1/2102 2105/1/2105 2107/1/2107
f 2105/1/2105 2110/1/2110 2107/1/2107
f 2105/1/2105 2108/1/2108 2110/1/2110
f 2103/1/2103 2108/1/2108 2105/1/2105
f 2103/1/2103 2109/1/2109 2108/1/2108
f 2104/1/2104 2109/1/2109 2103/1/2103
f 2106/1/2106 2107/1/2107 2111/1/2111
f 2107/1/2107 2112/1/2112 2111/1/2111
f 2107/1/2107 2110/1/2110 2112/1/2112
f 2110/1/2110 2115/1/2115 2112/1/2112
f 2110/1/2110 2113/1/2113 2115/1/2115
f 2108/1/2108 2113/1/2113 2110/1/2110
f 2108/1/2108 2114/1/2114 2113/1/2113
f 2109/1/2109 2114/1/2114 2108/1/2108
f 2111/1/2111 2112/1/2112 2116/1/2116
f 2112/1/2112 2117/1/2117 2116/1/2116
f 2112/1/2112 2115/1/2115 2117/1/2117
f 2115/1/2115 2120/1/2120 2117/1/2117
f 2115/1/2115 2118/1/2118 2120/1/2120
f 2113/1/2113 2118/1/2118 2115/1/2115
f 2113/1/2113 2119/1/2119 2118/1/2118
f 2114/1/2114 2119/1/2119 2113/1/2113
f 2116/1/2116 2117/1/2117 2121/1/2121
f 2117/1/2117 2122/1/2122 2121/1/2121
f 2117/1/2117 2120/1/2120 2122/1/2122
f 2120/1/2120 2125/1/2125 2122/1/2122
f 2120/1/2120 2123/1/2123 2125/1/2125
f 2118/1/2118 2123/1/2123 2120/1/2120
f 2118/1/2118 2124/1/2124 2123/1/2123
f 2119/1/2119 2124/1/2124 2118/1/2118
f 2121/1/2121 2122/1/2122 2126/1/2126
f 2122/1/2122 2127/1/2127 2126/1/2126
f 2122/1/2122 2125/1/2125 2127/1/2127
f 2125/1/2125 2130/1/2130 2127/1/2127
f 2125/1/2125 2128/1/2128 2130/1/2130
f 2123/1/2123 2128/1/2128 2125/1/2125
f 2123/1/2123 2129/1/2129 2128/1/2128
f 2124/1/2124 2129/1/2129 2123/1/2123
f 2126/1/2126 2127/1/2127 2131/1/2131
f 2127/1/2127 2132/1/2132 2131/1/2131
f 2127/1/2127 2130/1/2130 2132/1/2132
f 2130/1/2130 2135/1/2135 2132/1/2132
f 2130/1/2130 2133/1/2133 2135/1/2135
f 2128/1/2128 2133/1/2133 2130/1/2130
f 2128/1/2128 2134/1/2134 2133/1/2133
f 2129/1/2129 2134/1/2134 2128/1/2128
f 2131/1/2131 2132/1/2132 2136/1/2136
f 2132/1/2132 2137/1/2137 2136/1/2136
f 2132/1/2132 2135/1/2135 2137/1/2137
f 2135/1/2135 2140/1/2140 2137/1/2137
f 2135/1/2135 2138/1/2138 2140/1/2140
f 2133/1/2133 2138/1/2138 2135/1/2135
f 2133/1/2133 2139/1/2139 2138/1/2138
f 2134/1/2134 2139/1/2139 2133/1/2133
f 2136/1/2136 2137/1/2137 2141/1/2141
f 2137/1/2137 2142/1/2142 2141/1/2141
f 2137/1/2137 2140/1/2140 2142/1/2142
f 2140/1/2140 2145/1/2145 2142/1/2142
f 2140/1/2140 2143/1/2143 2145/1/2145
f 2138/1/2138 2143/1/2143 2140/1/2140
f 2138/1/2138 2144/1/2144 2143/1/2143
f 2139/1/2139 2144/1/2144 2138/1/2138
f 2141/1/2141 2142/1/2142 2146/1/2146
f 2142/1/2142 2147/1/2147 2146/1/2146
f 2142/1/2142 2145/1/2145 2147/1/2147
f 2145/1/2145 2150/1/2150 2147/1/2147
f 2145/1/2145 2148/1/2148 2150/1/2150
f 2143/1/2143 2148/1/2148 2145/1/2145
f 2143/1/2143 2149/1/2149 2148/1/2148
f 2144/1/2144 2149/1/2149 2143/1/2143
f 2146/1/2146 2147/1/2147 2151/1/2151
f 2147/1/2147 2152/1/2152 2151/1/2151
f 2147/1/2147 2150/1/2150 2152/1/2152
f 2150/1/2150 2155/1/2155 2152/1/2152
f 2150/1/2150 2153/1/2153 2155/1/2155
f 2148/1/2148 2153/1/2153 2150/1/2150
f 2148/1/2148 2154/1/2154 2153/1/2153
f 2149/1/2149 2154/1/2154 2148/1/2148
f 2151/1/2151 2152/1/2152 2156/1/2156
f 2152/1/2152 2157/1/2157 2156/1/2156
f 2152/1/2152 2155/1/2155 2157/1/2157
f 2155/1/2155 2160/1/2160 2157/1/2157
f 2155/1/2155 2158/1/2158 2160/1/2160
f 2153/1/2153 2158/1/2158 2155/1/2155
f 2153/1/2153 2159/1/2159 2158/1/2158
f 2154/1/2154 2159/1/2159 2153/1/2153
f 2156/1/2156 2157/1/2157 2161/1/2161
f 2157/1/2157 2162/1/2162 2161/1/2161
f 2157/1/2157 2160/1/2160 2162/1/2162
f 2160/1/2160 2165/1/2165 2162/1/2162
f 2160/1/2160 2163/1/2163 2165/1/2165
f 2158/1/2158 2163/1/2163 2160/1/2160
f 2158/1/2158 2164/1/2164 2163/1/2163
f 2159/1/2159 2164/1/2164 2158/1/2158
f 2161/1/2161 2162/1/2162 2166/1/2166
f 2162/1/2162 2167/1/2167 2166/1/2166
f 2162/1/2162 2165/1/2165 2167/1/2167
f 2165/1/2165 2170/1/2170 2167/1/2167
f 2165/1/2165 2168/1/2168 2170/1/2170
f 2163/1/2163 2168/1/2168 2165/1/2165
f 2163/1/2163 2169/1/2169 2168/1/2168
f 2164/1/2164 2169/1/2169 2163/1/2163
f 2166/1/2166 2167/1/2167 2171/1/2171
f 2167/1/2167 2172/1/2172 2171/1/2171
f 2167/1/2167 2170/1/2170 2172/1/2172
f 2170/1/2170 2175/1/2175 2172/1/2172
f 2170/1/2170 2173/1/2173 2175/1/2175
f 2168/1/2168 2173/1/2173 2170/1/2170
f 2168/1/2168 2174/1/2174 2173/1/2173
f 2169/1/2169 2174/1/2174 2168/1/2168
f 2171/1/2171 2172/1/2172 2176/1/2176
f 2172/1/2172 2177/1/2177 2176/1/2176
f 2172/1/2172 2175/1/2175 2177/1/2177
f 2175/1/2175 2180/1/2180 2177/1/2177
f 2175/1/2175 2178/1/2178 2180/1/2180
f 2173/1/2173 2178/1/2178 2175/1/2175
f 2173/1/2173 2179/1/2179 2178/1/2178
f 2174/1/2174 2179/1/2179 2173/1/2173
f 2176/1/2176 2177/1/2177 2181/1/2181
f 2177/1/2177 2182/1/2182 2181/1/2181
f 2177/1/2177 2180/1/2180 2182/1/2182
f 2180/1/2180 2185/1/2185 2182/1/2182
f 2180/1/2180 2183/1/2183 2185/1/2185
f 2178/1/2178 2183/1/2183 2180/1/2180
f 2178/1/2178 2184/1/2184 2183/1/2183
f 2179/1/2179 2184/1/2184 2178/1/2178
f 2181/1/2181 2182/1/2182 2186/1/2186
f 2182/1/2182 2187/1/2187 2186/1/2186
f 2182/1/2182 2185/1/2185 2187/1/2187
f 2185/1/2185 2190/1/2190 2187/1/2187
f 2185/1/2185 2188/1/2188 2190/1/2190
f 2183/1/2183 2188/1/2188 2185/1/2185
f 2183/1/2183 2189/1/2189 2188/1/2188
f 2184/1/2184 2189/1/2189 2183/1/2183
f 2186/1/2186 2187/1/2187 2191/1/2191
f 2187/1/2187 2192/1/2192 2191/1/2191
f 2187/1/2187 2190/1/2190 2192/1/2192
f 2190/1/2190 2195/1/2195 2192/1/2192
f 2190/1/2190 2193/1/2193 2195/1/2195
f 2188/1/2188 2193/1/2193 2190/1/2190
f 2188/1/2188 2194/1/2194 2193/1/2193
f 2189/1/2189 2194/1/2194 2188/1/2188
f 2191/1/2191 2192/1/2192 2196/1/2196
f 2192/1/2192 2197/1/2197 2196/1/2196
f 2192/1/2192 2195/1/2195 2197/1/2197
f 2195/1/2195 2200/1/2200 2197/1/2197
f 2195/1/2195 2198/1/2198 2200/1/2200
f 2193/1/2193 2198/1/2198 2195/1/2195
f 2193/1/2193 2199/1/2199 2198/1/2198
f 2194/1/2194 2199/1/2199 2193/1/2193
f 2196/1/2196 2197/1/2197 2201/1/2201
f 2197/1/2197 2202/1/2202 2201/1/2201
f 2197/1/2197 2200/1/2200 2202/1/2202
f 2200/1/2200 2205/1/2205 2202/1/2202
f 2200/1/2200 2203/1/2203 2205/1/2205
f 2198/1/2198 2203/1/2203 2200/1/2200
f 2198/1/2198 2204/1/2204 2203/1/2203
f 2199/1/2199 2204/1/2204 2198/1/2198
f 2201/1/2201 2202/1/2202 2206/1/2206
f 2202/1/2202 2207/1/2207 2206/1/2206
f 2202/1/2202 2205/1/2205 2207/1/2207
f 2205/1/2205 2210/1/2210 2207/1/2207
f 2205/1/2205 2208/1/2208 2210/1/2210
f 2203/1/2203 2208/1/2208 2205/1/2205
f 2203/1/2203 2209/1/2209 2208/1/2208
f 2204/1/2204 2209/1/2209 2203/1/2203
f 2206/1/2206 2207/1/2207 2211/1/2211
f 2207/1/2207 2212/1/2212 2211/1/2211
f 2207/1/2207 2210/1/2210 2212/1/2212
f 2210/1/2210 2215/1/2215 2212/1/2212
f 2210/1/2210 2213/1/2213 2215/1/2215
f 2208/1/2208 2213/1/2213 2210/1/2210
f 2208/1/2208 2214/1/2214 2213/1/2213
f 2209/1/2209 2214/1/2214 2208/1/2208
f 2211/1/2211 2212/1/2212 2216/1/2216
f 2212/1/2212 2217/1/2217 2216/1/2216
f 2212/1/2212 2215/1/2215 2217/1/2217
f 2215/1/2215 2220/1/2220 2217/1/2217
f 2215/1/2215 2218/1/2218 2220/1/2220
f 2213/1/2213 2218/1/2218 2215/1/2215
f 2213/1/2213 2219/1/2219 2218/1/2218
f 2214/1/2214 2219/1/2219 2213/1/2213
f 2216/1/2216 2217/1/2217 2221/1/2221
f 2217/1/2217 2222/1/2222 2221/1/2221
f 2217/1/2217 2220/1/2220 2222/1/2222
f 2220/1/2220 2225/1/2225 2222/1/2222
f 2220/1/2220 2223/1/2223 2225/1/2225
f 2218/1/2218 2223/1/2223 2220/1/2220
f 2218/1/2218 2224/1/2224 2223/1/2223
f 2219/1/2219 2224/1/2224 2218/1/2218
f 2221/1/2221 2222/1/2222 2226/1/2226
f 2222/1/2222 2227/1/2227 2226/1/2226
f 2222/1/2222 2225/1/2225 2227/1/2227
f 2225/1/2225 2230/1/2230 2227/1/2227
f 2225/1/2225 2228/1/2228 2230/1/2230
f 2223/1/2223 2228/1/2228 2225/1/2225
f 2223/1/2223 2229/1/2229 2228/1/2228
f 2224/1/2224 2229/1/2229 2223/1/2223
f 2226/1/2226 2227/1/2227 2231/1/2231
f 2227/1/2227 2232/1/2232 2231/1/2231
f 2227/1/2227 2230/1/2230 2232/1/2232
f 2230/1/2230 2235/1/2235 2232/1/2232
f 2230/1/2230 2233/1/2233 2235/1/2235
f 2228/1/2228 2233/1/2233 2230/1/2230
f 2228/1/2228 2234/1/2234 2233/1/2233
f 2229/1/2229 2234/1/2234 2228/1/2228
f 2231/1/2231 2232/1/2232 2236/1/2236
f 2232/1/2232 2237/1/2237 2236/1/2236
f 2232/1/2232 2235/1/2235 2237/1/2237
f 2235/1/2235 2240/1/2240 2237/1/2237
f 2235/1/2235 2238/1/2238 2240/1/2240
f 2233/1/2233 2238/1/2238 2235/1/2235
f 2233/1/2233 2239/1/2239 2238/1/2238
f 2234/1/2234 2239/1/2239 2233/1/2233
f 2236/1/2236 2237/1/2237 2241/1/2241
f 2237/1/2237 2242/1/2242 2241/1/2241
f 2237/1/2237 2240/1/2240 2242/1/2242
f 2240/1/2240 2245/1/2245 2242/1/2242
f 2240/1/2240 2243/1/2243 2245/1/2245
f 2238/1/2238 2243/1/2243 2240/1/2240
f 2238/1/2238 2244/1/2244 2243/1/2243
f 2239/1/2239 2244/1/2244 2238/1/2238
f 2241/1/2241 2242/1/2242 2246/1/2246
f 2242/1/2242 2247/1/2247 2246/1/2246
f 2242/1/2242 2245/1/2245 2247/1/2247
f 2245/1/2245 2250/1/2250 2247/1/2247
f 2245/1/2245 2248/1/2248 2250/1/2250
f 2243/1/2243 2248/1/2248 2245/1/2245
f 2243/1/2243 2249/1/2249 2248/1/2248
f 2244/1/2244 2249/1/2249 2243/1/2243
f 2246/1/2246 2247/1/2247 2251/1/2251
f 2247/1/2247 2252/1/2252 2251/1/2251
f 2247/1/2247 2250/1/2250 2252/1/2252
f 2250/1/2250 2255/1/2255 2252/1/2252
f 2250/1/2250 2253/1/2253 2255/1/2255
f 2248/1/2248 2253/1/2253 2250/1/2250
f 2248/1/2248 2254/1/2254 2253/1/2253
f 2249/1/2249 2254/1/2254 2248/1/2248
f 2251/1/2251 2252/1/2252 2256/1/2256
f 2252/1/2252 2257/1/2257 2256/1/2256
f 2252/1/2252 2255/1/2255 2257/1/2257
f 2255/1/2255 2260/1/2260 2257/1/2257
f 2255/1/2255 2258/1/2258 2260/1/2260
f 2253/1/2253 2258/1/2258 2255/1/2255
f 2253/1/2253 2259/1/2259 2258/1/2258
f 2254/1/2254 2259/1/2259 2253/1/2253
f 2256/1/2256 2257/1/2257 2261/1/2261
f 2257/1/2257 2262/1/2262 2261/1/2261
f 2257/1/2257 2260/1/2260 2262/1/2262
f 2260/1/2260 2265/1/2265 2262/1/2262
f 2260/1/2260 2263/1/2263 2265/1/2265
f 2258/1/2258 2263/1/2263 2260/1/2260
f 2258/1/2258 2264/1/2264 2263/1/2263
f 2259/1/2259 2264/1/2264 2258/1/2258
f 2261/1/2261 2262/1/2262 2266/1/2266
f 2262/1/2262 2267/1/2267 2266/1/2266
f 2262/1/2262 2265/1/2265 2267/1/2267
f 2265/1/2265 2270/1/2270 2267/1/2267
f 2265/1/2265 2268/1/2268 2270/1/2270
f 2263/1/2263 2268/1/2268 2265/1/2265
f 2263/1/2263 2269/1/2269 2268/1/2268
f 2264/1/2264 2269/1/2269 2263/1/2263
f 2266/1/2266 2267/1/2267 2271/1/2271
f 2267/1/2267 2272/1/2272 2271/1/2271
f 2267/1/2267 2270/1/2270 2272/1/2272
f 2270/1/2270 2275/1/2275 2272/1/2272
f 2270/1/2270 2273/1/2273 2275/1/2275
f 2268/1/2268 2273/1/2273 2270/1/2270
f 2268/1/2268 2274/1/2274 2273/1/2273
f 2269/1/2269 2274/1/2274 2268/1/2268
f 2271/1/2271 2272/1/2272 2276/1/2276
f 2272/1/2272 2277/1/2277 2276/1/2276
f 2272/1/2272 2275/1/2275 2277/1/2277
f 2275/1/2275 2280/1/2280 2277/1/2277
f 2275/1/2275 2278/1/2278 2280/1/2280
f 2273/1/2273 2278/1/2278 2275/1/2275
f 2273/1/2273 2279/1/2279 2278/1/2278
f 2274/1/2274 2279/1/2279 2273/1/2273
f 2276/1/2276 2277/1/2277 2281/1/2281
f 2277/1/2277 2282/1/2282 2281/1/2281
f 2277/1/2277 2280/1/2280 2282/1/2282
f 2280/1/2280 2285/1/2285 2282/1/2282
f 2280/1/2280 2283/1/2283 2285/1/2285
f 2278/1/2278 2283/1/2283 2280/1/2280
f 2278/1/2278 2284/1/2284 2283/1/2283
f 2279/1/2279 2284/1/2284 2278/1/2278
f 2281/1/2281 2282/1/2282 2286/1/2286
f 2282/1/2282 2287/1/2287 2286/1/2286
f 2282/1/2282 2285/1/2285 2287/1/2287
f 2285/1/2285 2290/1/2290 2287/1/2287
f 2285/1/2285 2288/1/2288 2290/1/2290
f 2283/1/2283 2288/1/2288 2285/1/2285
f 2283/1/2283 2289/1/2289 2288/1/2288
f 2284/1/2284 2289/1/2289 2283/1/2283
f 2286/1/2286 2287/1/2287 2291/1/2291
f 2287/1/2287 2292/1/2292 2291/1/2291
f 2287/1/2287 2290/1/2290 2292/1/2292
f 2290/1/2290 2295/1/2295 2292/1/2292
f 2290/1/2290 2293/1/2293 2295/1/2295
f 2288/1/2288 2293/1/2293 2290/1/2290
f 2288/1/2288 2294/1/2294 2293/1/2293
f 2289/1/2289 2294/1/2294 2288/1/2288
f 2291/1/2291 2292/1/2292 2296/1/2296
f 2292/1/2292 2297/1/2297 2296/1/2296
f 2292/1/2292 2295/1/2295 2297/1/2297
f 2295/1/2295 2300/1/2300 2297/1/2297
f 2295/1/2295 2298/1/2298 2300/1/2300
f 2293/1/2293 2298/1/2298 2295/1/2295
f 2293/1/2293 2299/1/2299 2298/1/2298
f 2294/1/2294 2299/1/2299 2293/1/2293
f 2296/1/2296 2297/1/2297 2301/1/2301
f 2297/1/2297 2302/1/2302 2301/1/2301
f 2297/1/2297 2300/1/2300 2302/1/2302
f 2300/1/2300 2305/1/2305 2302/1/2302
f 2300/1/2300 2303/1/2303 2305/1/2305
f 2298/1/2298 2303/1/2303 2300/1/2300
f 2298/1/2298 2304/1/2304 2303/1/2303
f 2299/1/2299 2304/1/2304 2298/1/2298
f 2301/1/2301 2302/1/2302 2306/1/2306
f 2302/1/2302 2307/1/2307 2306/1/2306
f 2302/1/2302 2305/1/2305 2307/1/2307
f 2305/1/2305 2310/1/2310 2307/1/2307
f 2305/1/2305 2308/1/2308 2310/1/2310
f 2303/1/2303 2308/1/2308 2305/1/2305
f 2303/1/2303 2309/1/2309 2308/1/2308
f 2304/1/2304 2309/1/2309 2303/1/2303
f 2306/1/2306 2307/1/2307 2311/1/2311
f 2307/1/2307 2312/1/2312 2311/1/2311
f 2307/1/2307 2310/1/2310 2312/1/2312
f 2310/1/2310 2315/1/2315 2312/1/2312
f 2310/1/2310 2313/1/2313 2315/1/2315
f 2308/1/2308 2313/1/2313 2310/1/2310
f 2308/1/2308 2314/1/2314 2313/1/2313
f 2309/1/2309 2314/1/2314 2308/1/2308
f 2311/1/2311 2312/1/2312 2316/1/2316
f 2312/1/2312 2317/1/2317 2316/1/2316
f 2312/1/2312 2315/1/2315 2317/1/2317
f 2315/1/2315 2320/1/2320 2317/1/2317
f 2315/1/2315 2318/1/2318 2320/1/2320
f 2313/1/2313 2318/1/2318 2315/1/2315
f 2313/1/2313 2319/1/2319 2318/1/2318
f 2314/1/2314 2319/1/2319 2313/1/2313
f 2316/1/2316 2317/1/2317 2321/1/2321
f 2317/1/2317 2322/1/2322 2321/1/2321
f 2317/1/2317 2320/1/2320 2322/1/2322
f 2320/1/2320 2325/1/2325 2322/1/2322
f 2320/1/2320 2323/1/2323 2325/1/2325
f 2318/1/2318 2323/1/2323 2320/1/2320
f 2318/1/2318 2324/1/2324 2323/1/2323
f 2319/1/2319 2324/1/2324 2318/1/2318
f 2321/1/2321 2322/1/2322 2326/1/2326
f 2322/1/2322 2327/1/2327 2326/1/2326
f 2322/1/2322 2325/1/2325 2327/1/2327
f 2325/1/2325 2330/1/2330 2327/1/2327
f 2325/1/2325 2328/1/2328 2330/1/2330
f 2323/1/2323 2328/1/2328 2325/1/2325
f 2323/1/2323 2329/1/2329 2328/1/2328
f 2324/1/2324 2329/1/2329 2323/1/2323
f 2326/1/2326 2327/1/2327 2331/1/2331
f 2327/1/2327 2332/1/2332 2331/1/2331
f 2327/1/2327 2330/1/2330 2332/1/2332
f 2330/1/2330 2335/1/2335 2332/1/2332
f 2330/1/2330 2333/1/2333 2335/1/2335
f 2328/1/2328 2333/1/2333 2330/1/2330
f 2328/1/2328 2334/1/2334 2333/1/2333
f 2329/1/2329 2334/1/2334 2328/1/2328
f 2331/1/2331 2332/1/2332 2336/1/2336
f 2332/1/2332 2337/1/2337 2336/1/2336
f 2332/1/2332 2335/1/2335 2337/1/2337
f 2335/1/2335 2340/1/2340 2337/1/2337
f 2335/1/2335 2338/1/2338 2340/1/2340
f 2333/1/2333 2338/1/2338 2335/1/2335
f 2333/1/2333 2339/1/2339 2338/1/2338
f 2334/1/2334 2339/1/2339 2333/1/2333
f 2336/1/2336 2337/1/2337 2341/1/2341
f 2337/1/2337 2342/1/2342 2341/1/2341
f 2337/1/2337 2340/1/2340 2342/1/2342
f 2340/1/2340 2345/1/2345 2342/1/2342
f 2340/1/2340 2343/1/2343 2345/1/2345
f 2338/1/2338 2343/1/2343 2340/1/2340
f 2338/1/2338 2344/1/2344 2343/1/2343
f 2339/1/2339 2344/1/2344 2338/1/2338
f 2341/1/2341 2342/1/2342 2346/1/2346
f 2342/1/2342 2347/1/2347 2346/1/2346
f 2342/1/2342 2345/1/2345 2347/1/2347
f 2345/1/2345 2350/1/2350 2347/1/2347
f 2345/1/2345 2348/1/2348 2350/1/2350
f 2343/1/2343 2348/1/2348 2345/1/2345
f 2343/1/2343 2349/1/2349 2348/1/2348
f 2344/1/2344 2349/1/2349 2343/1/2343
f 2346/1/2346 2347/1/2347 2351/1/2351
f 2347/1/2347 2352/1/2352 2351/1/2351
f 2347/1/2347 2350/1/2350 2352/1/2352
f 2350/1/2350 2355/1/2355 2352/1/2352
f 2350/1/2350 2353/1/2353 2355/1/2355
f 2348/1/2348 2353/1/2353 2350/1/2350
f 2348/1/2348 2354/1/2354 2353/1/2353
f 2349/1/2349 2354/1/2354 2348/1/2348
f 2351/1/2351 2352/1/2352 2356/1/2356
f 2352/1/2352 2357/1/2357 2356/1/2356
f 2352/1/2352 2355/1/2355 2357/1/2357
f 2355/1/2355 2360/1/2360 2357/1/2357
f 2355/1/2355 2358/1/2358 2360/1/2360
f 2353/1/2353 2358/1/2358 2355/1/2355
f 2353/1/2353 2359/1/2359 2358/1/2358
f 2354/1/2354 2359/1/2359 2353/1/2353
f 2356/1/2356 2357/1/2357 2361/1/2361
f 2357/1/2357 2362/1/2362 2361/1/2361
f 2357/1/2357 2360/1/2360 2362/1/2362
f 2360/1/2360 2365/1/2365 2362/1/2362
f 2360/1/2360 2363/1/2363 2365/1/2365
f 2358/1/2358 2363/1/2363 2360/1/2360
f 2358/1/2358 2364/1/2364 2363/1/2363
f 2359/1/2359 2364/1/2364 2358/1/2358
f 2361/1/2361 2362/1/2362 2366/1/2366
f 2362/1/2362 2367/1/2367 2366/1/2366
f 2362/1/2362 2365/1/2365 2367/1/2367
f 2365/1/2365 2370/1/2370 2367/1/2367
f 2365/1/2365 2368/1/2368 2370/1/2370
f 2363/1/2363 2368/1/2368 2365/1/2365
f 2363/1/2363 2369/1/2369 2368/1/2368
f 2364/1/2364 2369/1/2369 2363/1/2363
f 2366/1/2366 2367/1/2367 2371/1/2371
f 2367/1/2367 2372/1/2372 2371/1/2371
f 2367/1/2367 2370/1/2370 2372/1/2372
f 2370/1/2370 2375/1/2375 2372/1/2372
f 2370/1/2370 2373/1/2373 2375/1/2375
f 2368/1/2368 2373/1/2373 2370/1/2370
f 2368/1/2368 2374/1/2374 2373/1/2373
f 2369/1/2369 2374/1/2374 2368/1/2368
f 2371/1/2371 2372/1/2372 2376/1/2376
f 2372/1/2372 2377/1/2377 2376/1/2376
f 2372/1/2372 2375/1/2375 2377/1/2377
f 2375/1/2375 2380/1/2380 2377/1/2377
f 2375/1/2375 2378/1/2378 2380/1/2380
f 2373/1/2373 2378/1/2378 2375/1/2375
f 2373/1/2373 2379/1/2379 2378/1/2378
f 2374/1/2374 2379/1/2379 2373/1/2373
f 2376/1/2376 2377/1/2377 2381/1/2381
f 2377/1/2377 2382/1/2382 2381/1/2381
f 2377/1/2377 2380/1/2380 2382/1/2382
f 2380/1/2380 2385/1/2385 2382/1/2382
f 2380/1/2380 2383/1/2383 2385/1/2385
f 2378/1/2378 2383/1/2383 2380/1/2380
f 2378/1/2378 2384/1/2384 2383/1/2383
f 2379/1/2379 2384/1/2384 2378/1/2378
f 2381/1/2381 2382/1/2382 2386/1/2386
f 2382/1/2382 2387/1/2387 2386/1/2386
f 2382/1/2382 2385/1/2385 2387/1/2387
f 2385/1/2385 2390/1/2390 2387/1/2387
f 2385/1/2385 2388/1/2388 2390/1/2390
f 2383/1/2383 2388/1/2388 2385/1/2385
f 2383/1/2383 2389/1/2389 2388/1/2388
f 2384/1/2384 2389/1/2389 2383/1/2383
f 2386/1/2386 2387/1/2387 2391/1/2391
f 2387/1/2387 2392/1/2392 2391/1/2391
f 2387/1/2387 2390/1/2390 2392/1/2392
f 2390/1/2390 2395/1/2395 2392/1/2392
f 2390/1/2390 2393/1/2393 2395/1/2395
f 2388/1/2388 2393/1/2393 2390/1/2390
f 2388/1/2388 2394/1/2394 2393/1/2393
f 2389/1/2389 2394/1/2394 2388/1/2388
f 2391/1/2391 2392/1/2392 2396/1/2396
f 2392/1/2392 2397/1/2397 2396/1/2396
f 2392/1/2392 2395/1/2395 2397/1/2397
f 2395/1/2395 2400/1/2400 2397/1/2397
f 2395/1/2395 2398/1/2398 2400/1/2400
f 2393/1/2393 2398/1/2398 2395/1/2395
f 2393/1/2393 2399/1/2399 2398/1/2398
f 2394/1/2394 2399/1/2399 2393/1/2393
f 2396/1/2396 2397/1/2397 2401/1/2401
f 2397/1/2397 2402/1/2402 2401/1/2401
f 2397/1/2397 2400/1/2400 2402/1/2402
f 2400/1/2400 2405/1/2405 2402/1/2402
f 2400/1/2400 2403/1/2403 2405/1/2405
f 2398/1/2398 2403/1/2403 2400/1/2400
f 2398/1/2398 2404/1/2404 2403/1/2403
f 2399/1/2399 2404/1/2404 2398/1/2398
f 2401/1/2401 2402/1/2402 2406/1/2406
f 2402/1/2402 2407/1/2407 2406/1/2406
f 2402/1/2402 2405/1/2405 2407/1/2407
f 2405/1/2405 2410/1/2410 2407/1/2407
f 2405/1/2405 2408/1/2408 2410/1/2410
f 2403/1/2403 2408/1/2408 2405/1/2405
f 2403/1/2403 2409/1/2409 2408/1/2408
f 2404/1/2404 2409/1/2409 2403/1/2403
f 2406/1/2406 2407/1/2407 2411/1/2411
f 2407/1/2407 2412/1/2412 2411/1/2411
f 2407/1/2407 2410/1/2410 2412/1/2412
f 2410/1/2410 2415/1/2415 2412/1/2412
f 2410/1/2410 2413/1/2413 2415/1/2415
f 2408/1/2408 2413/1/2413 2410/1/2410
f 2408/1/2408 2414/1/2414 2413/1/2413
f 2409/1/2409 2414/1/2414 2408/1/2408
f 2411/1/2411 2412/1/2412 2416/1/2416
f 2412/1/2412 2417/1/2417 2416/1/2416
f 2412/1/2412 2415/1/2415 2417/1/2417
f 2415/1/2415 2420/1/2420 2417/1/2417
f 2415/1/2415 2418/1/2418 2420/1/2420
f 2413/1/2413 2418/1/2418 2415/1/2415
f 2413/1/2413 2419/1/2419 2418/1/2418
f 2414/1/2414 2419/1/2419 2413/1/2413
f 2416/1/2416 2417/1/2417 2421/1/2421
f 2417/1/2417 2422/1/2422 2421/1/2421
f 2417/1/2417 2420/1/2420 2422/1/2422
f 2420/1/2420 2425/1/2425 2422/1/2422
f 2420/1/2420 2423/1/2423 2425/1/2425
f 2418/1/2418 2423/1/2423 2420/1/2420
f 2418/1/2418 2424/1/2424 2423/1/2423
f 2419/1/2419 2424/1/2424 2418/1/2418
f 2421/1/2421 2422/1/2422 2426/1/2426
f 2422/1/2422 2427/1/2427 2426/1/2426
f 2422/1/2422 2425/1/2425 2427/1/2427
f 2425/1/2425 2430/1/2430 2427/1/2427
f 2425/1/2425 2428/1/2428 2430/1/2430
f 2423/1/2423 2428/1/2428 2425/1/2425
f 2423/1/2423 2429/1/2429 2428/1/2428
f 2424/1/2424 2429/1/2429 2423/1/2423
f 2426/1/2426 2427/1/2427 2431/1/2431
f 2427/1/2427 2432/1/2432 2431/1/2431
f 2427/1/2427 2430/1/2430 2432/1/2432
f 2430/1/2430 2435/1/2435 2432/1/2432
f 2430/1/2430 2433/1/2433 2435/1/2435
f 2428/1/2428 2433/1/2433 2430/1/2430
f 2428/1/2428 2434/1/2434 2433/1/2433
f 2429/1/2429 2434/1/2434 2428/1/2428
f 2431/1/2431 2432/1/2432 2436/1/2436
f 2432/1/2432 2437/1/2437 2436/1/2436
f 2432/1/2432 2435/1/2435 2437/1/2437
f 2435/1/2435 2440/1/2440 2437/1/2437
f 2435/1/2435 2438/1/2438 2440/1/2440
f 2433/1/2433 2438/1/2438 2435/1/2435
f 2433/1/2433 2439/1/2439 2438/1/2438
f 2434/1/2434 2439/1/2439 2433/1/2433
f 2436/1/2436 2437/1/2437 2441/1/2441
f 2437/1/2437 2442/1/2442 2441/1/2441
f 2437/1/2437 2440/1/2440 2442/1/2442
f 2440/1/2440 2445/1/2445 2442/1/2442
f 2440/1/2440 2443/1/2443 2445/1/2445
f 2438/1/2438 2443/1/2443 2440/1/2440
f 2438/1/2438 2444/1/2444 2443/1/2443
f 2439/1/2439 2444/1/2444 2438/1/2438
f 2441/1/2441 2442/1/2442 2446/1/2446
f 2442/1/2442 2447/1/2447 2446/1/2446
f 2442/1/2442 2445/1/2445 2447/1/2447
f 2445/1/2445 2450/1/2450 2447/1/2447
f 2445/1/2445 2448/1/2448 2450/1/2450
f 2443/1/2443 2448/1/2448 2445/1/2445
f 2443/1/2443 2449/1/2449 2448/1/2448
f 2444/1/2444 2449/1/2449 2443/1/2443
f 2446/1/2446 2447/1/2447 2451/1/2451
f 2447/1/2447 2452/1/2452 2451/1/2451
f 2447/1/2447 2450/1/2450 2452/1/2452
f 2450/1/2450 2455/1/2455 2452/1/2452
f 2450/1/2450 2453/1/2453 2455/1/2455
f 2448/1/2448 2453/1/2453 2450/1/2450
f 2448/1/2448 2454/1/2454 2453/1/2453
f 2449/1/2449 2454/1/2454 2448/1/2448
f 2451/1/2451 2452/1/2452 2456/1/2456
f 2452/1/2452 2457/1/2457 2456/1/2456
f 2452/1/2452 2455/1/2455 2457/1/2457
f 2455/1/2455 2460/1/2460 2457/1/2457
f 2455/1/2455 2458/1/2458 2460/1/2460
f 2453/1/2453 2458/1/2458 2455/1/2455
f 2453/1/2453 2459/1/2459 2458/1/2458
f 2454/1/2454 2459/1/2459 2453/1/2453
f 2456/1/2456 2457/1/2457 2461/1/2461
f 2457/1/2457 2462/1/2462 2461/1/2461
f 2457/1/2457 2460/1/2460 2462/1/2462
f 2460/1/2460 2465/1/2465 2462/1/2462
f 2460/1/2460 2463/1/2463 2465/1/2465
f 2458/1/2458 2463/1/2463 2460/1/2460
f 2458/1/2458 2464/1/2464 2463/1/2463
f 2459/1/2459 2464/1/2464 2458/1/2458
f 2461/1/2461 2462/1/2462 2466/1/2466
f 2462/1/2462 2467/1/2467 2466/1/2466
f 2462/1/2462 2465/1/2465 2467/1/2467
f 2465/1/2465 2470/1/2470 2467/1/2467
f 2465/1/2465 2468/1/2468 2470/1/2470
f 2463/1/2463 2468/1/2468 2465/1/2465
f 2463/1/2463 2469/1/2469 2468/1/2468
f 2464/1/2464 2469/1/2469 2463/1/2463
f 2466/1/2466 2467/1/2467 2471/1/2471
f 2467/1/2467 2472/1/2472 2471/1/2471
f 2467/1/2467 2470/1/2470 2472/1/2472
f 2470/1/2470 2475/1/2475 2472/1/2472
f 2470/1/2470 2473/1/2473 2475/1/2475
f 2468/1/2468 2473/1/2473 2470/1/2470
f 2468/1/2468 2474/1/2474 2473/1/2473
f 2469/1/2469 2474/1/2474 2468/1/2468
f 2471/1/2471 2472/1/2472 2476/1/2476
f 2472/1/2472 2477/1/2477 2476/1/2476
f 2472/1/2472 2475/1/2475 2477/1/2477
f 2475/1/2475 2480/1/2480 2477/1/2477
f 2475/1/2475 2478/1/2478 2480/1/2480
f 2473/1/2473 2478/1/2478 2475/1/2475
f 2473/1/2473 2479/1/2479 2478/1/2478
f 2474/1/2474 2479/1/2479 2473/1/2473
f 2476/1/2476 2477/1/2477 2481/1/2481
f 2477/1/2477 2482/1/2482 2481/1/2481
f 2477/1/2477 2480/1/2480 2482/1/2482
f 2480/1/2480 2485/1/2485 2482/1/2482
f 2480/1/2480 2483/1/2483 2485/1/2485
f 2478/1/2478 2483/1/2483 2480/1/2480
f 2478/1/2478 2484/1/2484 2483/1/2483
f 2479/1/2479 2484/1/2484 2478/1/2478
f 2481/1/2481 2482/1/2482 2486/1/2486
f 2482/1/2482 2487/1/2487 2486/1/2486
f 2482/1/2482 2485/1/2485 2487/1/2487
f 2485/1/2485 2490/1/2490 2487/1/2487
f 2485/1/2485 2488/1/2488 2490/1/2490
f 2483/1/2483 2488/1/2488 2485/1/2485
f 2483/1/2483 2489/1/2489 2488/1/2488
f 2484/1/2484 2489/1/2489 2483/1/2483
f 2486/1/2486 2487/1/2487 2491/1/2491
f 2487/1/2487 2492/1/2492 2491/1/2491
f 2487/1/2487 2490/1/2490 2492/1/2492
f 2490/1/2490 2495/1/2495 2492/1/2492
f 2490/1/2490 2493/1/2493 2495/1/2495
f 2488/1/2488 2493/1/2493 2490/1/2490
f 2488/1/2488 2494/1/2494 2493/1/2493
f 2489/1/2489 2494/1/2494 2488/1/2488
f 2491/1/2491 2492/1/2492 2496/1/2496
f 2492/1/2492 2497/1/2497 2496/1/2496
f 2492/1/2492 2495/1/2495 2497/1/2497
f 2495/1/2495 2500/1/2500 2497/1/2497
f 2495/1/2495 2498/1/2498 2500/1/2500
f 2493/1/2493 2498/1/2498 2495/1/2495
f 2493/1/2493 2499/1/2499 2498/1/2498
f 2494/1/2494 2499/1/2499 2493/1/2493
f 2496/1/2496 2497/1/2497 2501/1/2501
f 2497/1/2497 2502/1/2502 2501/1/2501
f 2497/1/2497 2500/1/2500 2502/1/2502
f 2500/1/2500 2505/1/2505 2502/1/2502
f 2500/1/2500 2503/1/2503 2505/1/2505
f 2498/1/2498 2503/1/2503 2500/1/2500
f 2498/1/2498 2504/1/2504 2503/1/2503
f 2499/1/2499 2504/1/2504 2498/1/2498
f 2501/1/2501 2502/1/2502 2506/1/2506
f 2502/1/2502 2507/1/2507 2506/1/2506
f 2502/1/2502 2505/1/2505 2507/1/2507
f 2505/1/2505 2510/1/2510 2507/1/2507
f 2505/1/2505 2508/1/2508 2510/1/2510
f 2503/1/2503 2508/1/2508 2505/1/2505
f 2503/1/2503 2509/1/2509 2508/1/2508
f 2504/1/2504 2509/1/2509 2503/1/2503
f 2506/1/2506 2507/1/2507 2511/1/2511
f 2507/1/2507 2512/1/2512 2511/1/2511
f 2507/1/2507 2510/1/2510 2512/1/2512
f 2510/1/2510 2515/1/2515 2512/1/2512
f 2510/1/2510 2513/1/2513 2515/1/2515
f 2508/1/2508 2513/1/2513 2510/1/2510
f 2508/1/2508 2514/1/2514 2513/1/2513
f 2509/1/2509 2514/1/2514 2508/1/2508
f 2511/1/2511 2512/1/2512 2516/1/2516
f 2512/1/2512 2517/1/2517 2516/1/2516
f 2512/1/2512 2515/1/2515 2517/1/2517
f 2515/1/2515 2520/1/2520 2517/1/2517
f 2515/1/2515 2518/1/2518 2520/1/2520
f 2513/1/2513 2518/1/2518 2515/1/2515
f 2513/1/2513 2519/1/2519 2518/1/2518
f 2514/1/2514 2519/1/2519 2513/1/2513
f 2516/1/2516 2517/1/2517 2521/1/2521
f 2517/1/2517 2522/1/2522 2521/1/2521
f 2517/1/2517 2520/1/2520 2522/1/2522
f 2520/1/2520 2525/1/2525 2522/1/2522
f 2520/1/2520 2523/1/2523 2525/1/2525
f 2518/1/2518 2523/1/2523 2520/1/2520
f 2518/1/2518 2524/1/2524 2523/1/2523
f 2519/1/2519 2524/1/2524 2518/1/2518
f 2521/1/2521 2522/1/2522 2526/1/2526
f 2522/1/2522 2527/1/2527 2526/1/2526
f 2522/1/2522 2525/1/2525 2527/1/2527
f 2525/1/2525 2530/1/2530 2527/1/2527
f 2525/1/2525 2528/1/2528 2530/1/2530
f 2523/1/2523 2528/1/2528 2525/1/2525
f 2523/1/2523 2529/1/2529 2528/1/2528
f 2524/1/2524 2529/1/2529 2523/1/2523
f 2526/1/2526 2527/1/2527 2531/1/2531
f 2527/1/2527 2532/1/2532 2531/1/2531
f 2527/1/2527 2530/1/2530 2532/1/2532
f 2530/1/2530 2535/1/2535 2532/1/2532
f 2530/1/2530 2533/1/2533 2535/1/2535
f 2528/1/2528 2533/1/2533 2530/1/2530
f 2528/1/2528 2534/1/2534 2533/1/2533
f 2529/1/2529 2534/1/2534 2528/1/2528
f 2531/1/2531 2532/1/2532 2536/1/2536
f 2532/1/2532 2537/1/2537 2536/1/2536
f 2532/1/2532 2535/1/2535 2537/1/2537
f 2535/1/2535 2540/1/2540 2537/1/2537
f 2535/1/2535 2538/1/2538 2540/1/2540
f 2533/1/2533 2538/1/2538 2535/1/2535
f 2533/1/2533 2539/1/2539 2538/1/2538
f 2534/1/2534 2539/1/2539 2533/1/2533
f 2536/1/2536 2537/1/2537 2541/1/2541
f 2537/1/2537 2542/1/2542 2541/1/2541
f 2537/1/2537 2540/1/2540 2542/1/2542
f 2540/1/2540 2545/1/2545 2542/1/2542
f 2540/1/2540 2543/1/2543 2545/1/2545
f 2538/1/2538 2543/1/2543 2540/1/2540
f 2538/1/2538 2544/1/2544 2543/1/2543
f 2539/1/2539 2544/1/2544 2538/1/2538
f 2541/1/2541 2542/1/2542 2546/1/2546
f 2542/1/2542 2547/1/2547 2546/1/2546
f 2542/1/2542 2545/1/2545 2547/1/2547
f 2545/1/2545 2550/1/2550 2547/1/2547
f 2545/1/2545 2548/1/2548 2550/1/2550
f 2543/1/2543 2548/1/2548 2545/1/2545
f 2543/1/2543 2549/1/2549 2548/1/2548
f 2544/1/2544 2549/1/2549 2543/1/2543
f 2546/1/2546 2547/1/2547 2551/1/2551
f 2547/1/2547 2552/1/2552 2551/1/2551
f 2547/1/2547 2550/1/2550 2552/1/2552
f 2550/1/2550 2555/1/2555 2552/1/2552
f 2550/1/2550 2553/1/2553 2555/1/2555
f 2548/1/2548 2553/1/2553 2550/1/2550
f 2548/1/2548 2554/1/2554 2553/1/2553
f 2549/1/2549 2554/1/2554 2548/1/2548
f 2551/1/2551 2552/1/2552 2556/1/2556
f 2552/1/2552 2557/1/2557 2556/1/2556
f 2552/1/2552 2555/1/2555 2557/1/2557
f 2555/1/2555 2560/1/2560 2557/1/2557
f 2555/1/2555 2558/1/2558 2560/1/2560
f 2553/1/2553 2558/1/2558 2555/1/2555
f 2553/1/2553 2559/1/2559 2558/1/2558
f 2554/1/2554 2559/1/2559 2553/1/2553
f 2556/1/2556 2557/1/2557 2561/1/2561
f 2557/1/2557 2562/1/2562 2561/1/2561
f 2557/1/2557 2560/1/2560 2562/1/2562
f 2560/1/2560 2565/1/2565 2562/1/2562
f 2560/1/2560 2563/1/2563 2565/1/2565
f 2558/1/2558 2563/1/2563 2560/1/2560
f 2558/1/2558 2564/1/2564 2563/1/2563
f 2559/1/2559 2564/1/2564 2558/1/2558
f 2561/1/2561 2562/1/2562 2566/1/2566
f 2562/1/2562 2567/1/2567 2566/1/2566
f 2562/1/2562 2565/1/2565 2567/1/2567
f 2565/1/2565 2570/1/2570 2567/1/2567
f 2565/1/2565 2568/1/2568 2570/1/2570
f 2563/1/2563 2568/1/2568 2565/1/2565
f 2563/1/2563 2569/1/2569 2568/1/2568
f 2564/1/2564 2569/1/2569 2563/1/2563
f 2566/1/2566 2567/1/2567 2571/1/2571
f 2567/1/2567 2572/1/2572 2571/1/2571
f 2567/1/2567 2570/1/2570 2572/1/2572
f 2570/1/2570 2575/1/2575 2572/1/2572
f 2570/1/2570 2573/1/2573 2575/1/2575
f 2568/1/2568 2573/1/2573 2570/1/2570
f 2568/1/2568 2574/1/2574 2573/1/2573
f 2569/1/2569 2574/1/2574 2568/1/2568
f 2571/1/2571 2572/1/2572 2576/1/2576
f 2572/1/2572 2577/1/2577 2576/1/2576
f 2572/1/2572 2575/1/2575 2577/1/2577
f 2575/1/2575 2580/1/2580 2577/1/2577
f 2575/1/2575 2578/1/2578 2580/1/2580
f 2573/1/2573 2578/1/2578 2575/1/2575
f 2573/1/2573 2579/1/2579 2578/1/2578
f 2574/1/2574 2579/1/2579 2573/1/2573
f 2576/1/2576 2577/1/2577 2581/1/2581
f 2577/1/2577 2582/1/2582 2581/1/2581
f 2577/1/2577 2580/1/2580 2582/1/2582
f 2580/1/2580 2585/1/2585 2582/1/2582
f 2580/1/2580 2583/1/2583 2585/1/2585
f 2578/1/2578 2583/1/2583 2580/1/2580
f 2578/1/2578 2584/1/2584 2583/1/2583
f 2579/1/2579 2584/1/2584 2578/1/2578
f 2581/1/2581 2582/1/2582 2586/1/2586
f 2582/1/2582 2587/1/2587 2586/1/2586
f 2582/1/2582 2585/1/2585 2587/1/2587
f 2585/1/2585 2590/1/2590 2587/1/2587
f 2585/1/2585 2588/1/2588 2590/1/2590
f 2583/1/2583 2588/1/2588 2585/1/2585
f 2583/1/2583 2589/1/2589 2588/1/2588
f 2584/1/2584 2589/1/2589 2583/1/2583
f 2586/1/2586 2587/1/2587 2591/1/2591
f 2587/1/2587 2592/1/2592 2591/1/2591
f 2587/1/2587 2590/1/2590 2592/1/2592
f 2590/1/2590 2595/1/2595 2592/1/2592
f 2590/1/2590 2593/1/2593 2595/1/2595
f 2588/1/2588 2593/1/2593 2590/1/2590
f 2588/1/2588 2594/1/2594 2593/1/2593
f 2589/1/2589 2594/1/2594 2588/1/2588
f 2591/1/2591 2592/1/2592 2596/1/2596
f 2592/1/2592 2597/1/2597 2596/1/2596
f 2592/1/2592 2595/1/2595 2597/1/2597
f 2595/1/2595 2600/1/2600 2597/1/2597
f 2595/1/2595 2598/1/2598 2600/1/2600
f 2593/1/2593 2598/1/2598 2595/1/2595
f 2593/1/2593 2599/1/2599 2598/1/2598
f 2594/1/2594 2599/1/2599 2593/1/2593
f 2596/1/2596 2597/1/2597 2601/1/2601
f 2597/1/2597 2602/1/2602 2601/1/2601
f 2597/1/2597 2600/1/2600 2602/1/2602
f 2600/1/2600 2605/1/2605 2602/1/2602
f 2600/1/2600 2603/1/2603 2605/1/2605
f 2598/1/2598 2603/1/2603 2600/1/2600
f 2598/1/2598 2604/1/2604 2603/1/2603
f 2599/1/2599 2604/1/2604 2598/1/2598
f 2601/1/2601 2602/1/2602 2606/1/2606
f 2602/1/2602 2607/1/2607 2606/1/2606
f 2602/1/2602 2605/1/2605 2607/1/2607
f 2605/1/2605 2610/1/2610 2607/1/2607
f 2605/1/2605 2608/1/2608 2610/1/2610
f 2603/1/2603 2608/1/2608 2605/1/2605
f 2603/1/2603 2609/1/2609 2608/1/2608
f 2604/1/2604 2609/1/2609 2603/1/2603
f 2606/1/2606 2607/1/2607 2611/1/2611
f 2607/1/2607 2612/1/2612 2611/1/2611
f 2607/1/2607 2610/1/2610 2612/1/2612
f 2610/1/2610 2615/1/2615 2612/1/2612
f 2610/1/2610 2613/1/2613 2615/1/2615
f 2608/1/2608 2613/1/2613 2610/1/2610
f 2608/1/2608 2614/1/2614 2613/1/2613
f 2609/1/2609 2614/1/2614 2608/1/2608
f 2611/1/2611 2612/1/2612 2616/1/2616
f 2612/1/2612 2617/1/2617 2616/1/2616
f 2612/1/2612 2615/1/2615 2617/1/2617
f 2615/1/2615 2620/1/2620 2617/1/2617
f 2615/1/2615 2618/1/2618 2620/1/2620
f 2613/1/2613 2618/1/2618 2615/1/2615
f 2613/1/2613 2619/1/2619 2618/1/2618
f 2614/1/2614 2619/1/2619 2613/1/2613
f 2616/1/2616 2617/1/2617 2621/1/2621
f 2617/1/2617 2622/1/2622 2621/1/2621
f 2617/1/2617 2620/1/2620 2622/1/2622
f 2620/1/2620 2625/1/2625 2622/1/2622
f 2620/1/2620 2623/1/2623 2625/1/2625
f 2618/1/2618 2623/1/2623 2620/1/2620
f 2618/1/2618 2624/1/2624 2623/1/2623
f 2619/1/2619 2624/1/2624 2618/1/2618
f 2621/1/2621 2622/1/2622 2626/1/2626
f 2622/1/2622 2627/1/2627 2626/1/2626
f 2622/1/2622 2625/1/2625 2627/1/2627
f 2625/1/2625 2630/1/2630 2627/1/2627
f 2625/1/2625 2628/1/2628 2630/1/2630
f 2623/1/2623 2628/1/2628 2625/1/2625
f 2623/1/2623 2629/1/2629 2628/1/2628
f 2624/1/2624 2629/1/2629 2623/1/2623
f 2626/1/2626 2627/1/2627 2631/1/2631
f 2627/1/2627 2632/1/2632 2631/1/2631
f 2627/1/2627 2630/1/2630 2632/1/2632
f 2630/1/2630 2635/1/2635 2632/1/2632
f 2630/1/2630 2633/1/2633 2635/1/2635
f 2628/1/2628 2633/1/2633 2630/1/2630
f 2628/1/2628 2634/1/2634 2633/1/2633
f 2629/1/2629 2634/1/2634 2628/1/2628
f 2631/1/2631 2632/1/2632 2636/1/2636
f 2632/1/2632 2637/1/2637 2636/1/2636
f 2632/1/2632 2635/1/2635 2637/1/2637
f 2635/1/2635 2640/1/2640 2637/1/2637
f 2635/1/2635 2638/1/2638 2640/1/2640
f 2633/1/2633 2638/1/2638 2635/1/2635
f 2633/1/2633 2639/1/2639 2638/1/2638
f 2634/1/2634 2639/1/2639 2633/1/2633
f 2636/1/2636 2637/1/2637 2641/1/2641
f 2637/1/2637 2642/1/2642 2641/1/2641
f 2637/1/2637 2640/1/2640 2642/1/2642
f 2640/1/2640 2645/1/2645 2642/1/2642
f 2640/1/2640 2643/1/2643 2645/1/2645
f 2638/1/2638 2643/1/2643 2640/1/2640
f 2638/1/2638 2644/1/2644 2643/1/2643
f 2639/1/2639 2644/1/2644 2638/1/2638
f 2641/1/2641 2642/1/2642 2646/1/2646
f 2642/1/2642 2647/1/2647 2646/1/2646
f 2642/1/2642 2645/1/2645 2647/1/2647
f 2645/1/2645 2650/1/2650 2647/1/2647
f 2645/1/2645 2648/1/2648 2650/1/2650
f 2643/1/2643 2648/1/2648 2645/1/2645
f 2643/1/2643 2649/1/2649 2648/1/2648
f 2644/1/2644 2649/1/2649 2643/1/2643
f 2646/1/2646 2647/1/2647 2651/1/2651
f 2647/1/2647 2652/1/2652 2651/1/2651
f 2647/1/2647 2650/1/2650 2652/1/2652
f 2650/1/2650 2655/1/2655 2652/1/2652
f 2650/1/2650 2653/1/2653 2655/1/2655
f 2648/1/2648 2653/1/2653 2650/1/2650
f 2648/1/2648 2654/1/2654 2653/1/2653
f 2649/1/2649 2654/1/2654 2648/1/2648
f 2651/1/2651 2652/1/2652 2656/1/2656
f 2652/1/2652 2657/1/2657 2656/1/2656
f 2652/1/2652 2655/1/2655 2657/1/2657
f 2655/1/2655 2660/1/2660 2657/1/2657
f 2655/1/2655 2658/1/2658 2660/1/2660
f 2653/1/2653 2658/1/2658 2655/1/2655
f 2653/1/2653 2659/1/2659 2658/1/2658
f 2654/1/2654 2659/1/2659 2653/1/2653
f 2656/1/2656 2657/1/2657 2661/1/2661
f 2657/1/2657 2662/1/2662 2661/1/2661
f 2657/1/2657 2660/1/2660 2662/1/2662
f 2660/1/2660 2665/1/2665 2662/1/2662
f 2660/1/2660 2663/1/2663 2665/1/2665
f 2658/1/2658 2663/1/2663 2660/1/2660
f 2658/1/2658 2664/1/2664 2663/1/2663
f 2659/1/2659 2664/1/2664 2658/1/2658
f 2661/1/2661 2662/1/2662 2666/1/2666
f 2662/1/2662 2667/1/2667 2666/1/2666
f 2662/1/2662 2665/1/2665 2667/1/2667
f 2665/1/2665 2670/1/2670 2667/1/2667
f 2665/1/2665 2668/1/2668 2670/1/2670
f 2663/1/2663 2668/1/2668 2665/1/2665
f 2663/1/2663 2669/1/2669 2668/1/2668
f 2664/1/2664 2669/1/2669 2663/1/2663
f 2666/1/2666 2667/1/2667 2671/1/2671
f 2667/1/2667 2672/1/2672 2671/1/2671
f 2667/1/2667 2670/1/2670 2672/1/2672
f 2670/1/2670 2675/1/2675 2672/1/2672
f 2670/1/2670 2673/1/2673 2675/1/2675
f 2668/1/2668 2673/1/2673 2670/1/2670
f 2668/1/2668 2674/1/2674 2673/1/2673
f 2669/1/2669 2674/1/2674 2668/1/2668
f 2671/1/2671 2672/1/2672 2676/1/2676
f 2672/1/2672 2677/1/2677 2676/1/2676
f 2672/1/2672 2675/1/2675 2677/1/2677
f 2675/1/2675 2680/1/2680 2677/1/2677
f 2675/1/2675 2678/1/2678 2680/1/2680
f 2673/1/2673 2678/1/2678 2675/1/2675
f 2673/1/2673 2679/1/2679 2678/1/2678
f 2674/1/2674 2679/1/2679 2673/1/2673
f 2676/1/2676 2677/1/2677 2681/1/2681
f 2677/1/2677 2682/1/2682 2681/1/2681
f 2677/1/2677 2680/1/2680 2682/1/2682
f 2680/1/2680 2685/1/2685 2682/1/2682
f 2680/1/2680 2683/1/2683 2685/1/2685
f 2678/1/2678 2683/1/2683 2680/1/2680
f 2678/1/2678 2684/1/2684 2683/1/2683
f 2679/1/2679 2684/1/2684 2678/1/2678
f 2681/1/2681 2682/1/2682 2686/1/2686
f 2682/1/2682 2687/1/2687 2686/1/2686
f 2682/1/2682 2685/1/2685 2687/1/2687
f 2685/1/2685 2690/1/2690 2687/1/2687
f 2685/1/2685 2688/1/2688 2690/1/2690
f 2683/1/2683 2688/1/2688 2685/1/2685
f 2683/1/2683 2689/1/2689 2688/1/2688
f 2684/1/2684 2689/1/2689 2683/1/2683
f 2686/1/2686 2687/1/2687 2691/1/2691
f 2687/1/2687 2692/1/2692 2691/1/2691
f 2687/1/2687 2690/1/2690 2692/1/2692
f 2690/1/2690 2695/1/2695 2692/1/2692
f 2690/1/2690 2693/1/2693 2695/1/2695
f 2688/1/2688 2693/1/2693 2690/1/2690
f 2688/1/2688 2694/1/2694 2693/1/2693
f 2689/1/2689 2694/1/2694 2688/1/2688
f 2691/1/2691 2692/1/2692 2696/1/2696
f 2692/1/2692 2697/1/2697 2696/1/2696
f 2692/1/2692 2695/1/2695 2697/1/2697
f 2695/1/2695 2700/1/2700 2697/1/2697
f 2695/1/2695 2698/1/2698 2700/1/2700
f 2693/1/2693 2698/1/2698 2695/1/2695
f 2693/1/2693 2699/1/2699 2698/1/2698
f 2694/1/2694 2699/1/2699 2693/1/2693
f 2696/1/2696 2697/1/2697 2701/1/2701
f 2697/1/2697 2702/1/2702 2701/1/2701
f 2697/1/2697 2700/1/2700 2702/1/2702
f 2700/1/2700 2705/1/2705 2702/1/2702
f 2700/1/2700 2703/1/2703 2705/1/2705
f 2698/1/2698 2703/1/2703 2700/1/2700
f 2698/1/2698 2704/1/2704 2703/1/2703
f 2699/1/2699 2704/1/2704 2698/1/2698
f 2701/1/2701 2702/1/2702 2706/1/2706
f 2702/1/2702 2707/1/2707 2706/1/2706
f 2702/1/2702 2705/1/2705 2707/1/2707
f 2705/1/2705 2710/1/2710 2707/1/2707
f 2705/1/2705 2708/1/2708 2710/1/2710
f 2703/1/2703 2708/1/2708 2705/1/2705
f 2703/1/2703 2709/1/2709 2708/1/2708
f 2704/1/2704 2709/1/2709 2703/1/2703
f 2706/1/2706 2707/1/2707 2711/1/2711
f 2707/1/2707 2712/1/2712 2711/1/2711
f 2707/1/2707 2710/1/2710 2712/1/2712
f 2710/1/2710 2715/1/2715 2712/1/2712
f 2710/1/2710 2713/1/2713 2715/1/2715
f 2708/1/2708 2713/1/2713 2710/1/2710
f 2708/1/2708 2714/1/2714 2713/1/2713
f 2709/1/2709 2714/1/2714 2708/1/2708
f 2711/1/2711 2712/1/2712 2716/1/2716
f 2712/1/2712 2717/1/2717 2716/1/2716
f 2712/1/2712 2715/1/2715 2717/1/2717
f 2715/1/2715 2720/1/2720 2717/1/2717
f 2715/1/2715 2718/1/2718 2720/1/2720
f 2713/1/2713 2718/1/2718 2715/1/2715
f 2713/1/2713 2719/1/2719 2718/1/2718
f 2714/1/2714 2719/1/2719 2713/1/2713
f 2716/1/2716 2717/1/2717 2721/1/2721
f 2717/1/2717 2722/1/2722 2721/1/2721
f 2717/1/2717 2720/1/2720 2722/1/2722
f 2720/1/2720 2725/1/2725 2722/1/2722
f 2720/1/2720 2723/1/2723 2725/1/2725
f 2718/1/2718 2723/1/2723 2720/1/2720
f 2718/1/2718 2724/1/2724 2723/1/2723
f 2719/1/2719 2724/1/2724 2718/1/2718
f 2721/1/2721 2722/1/2722 2726/1/2726
f 2722/1/2722 2727/1/2727 2726/1/2726
f 2722/1/2722 2725/1/2725 2727/1/2727
f 2725/1/2725 2730/1/2730 2727/1/2727
f 2725/1/2725 2728/1/2728 2730/1/2730
f 2723/1/2723 2728/1/2728 2725/1/2725
f 2723/1/2723 2729/1/2729 2728/1/2728
f 2724/1/2724 2729/1/2729 2723/1/2723
f 2726/1/2726 2727/1/2727 2731/1/2731
f 2727/1/2727 2732/1/2732 2731/1/2731
f 2727/1/2727 2730/1/2730 2732/1/2732
f 2730/1/2730 2735/1/2735 2732/1/2732
f 2730/1/2730 2733/1/2733 2735/1/2735
f 2728/1/2728 2733/1/2733 2730/1/2730
f 2728/1/2728 2734/1/2734 2733/1/2733
f 2729/1/2729 2734/1/2734 2728/1/2728
f 2731/1/2731 2732/1/2732 2736/1/2736
f 2732/1/2732 2737/1/2737 2736/1/2736
f 2732/1/2732 2735/1/2735 2737/1/2737
f 2735/1/2735 2740/1/2740 2737/1/2737
f 2735/1/2735 2738/1/2738 2740/1/2740
f 2733/1/2733 2738/1/2738 2735/1/2735
f 2733/1/2733 2739/1/2739 2738/1/2738
f 2734/1/2734 2739/1/2739 2733/1/2733
f 2736/1/2736 2737/1/2737 2741/1/2741
f 2737/1/2737 2742/1/2742 2741/1/2741
f 2737/1/2737 2740/1/2740 2742/1/2742
f 2740/1/2740 2745/1/2745 2742/1/2742
f 2740/1/2740 2743/1/2743 2745/1/2745
f 2738/1/2738 2743/1/2743 2740/1/2740
f 2738/1/2738 2744/1/2744 2743/1/2743
f 2739/1/2739 2744/1/2744 2738/1/2738
f 2741/1/2741 2742/1/2742 2746/1/2746
f 2742/1/2742 2747/1/2747 2746/1/2746
f 2742/1/2742 2745/1/2745 2747/1/2747
f 2745/1/2745 2750/1/2750 2747/1/2747
f 2745/1/2745 2748/1/2748 2750/1/2750
f 2743/1/2743 2748/1/2748 2745/1/2745
f 2743/1/2743 2749/1/2749 2748/1/2748
f 2744/1/2744 2749/1/2749 2743/1/2743
f 2746/1/2746 2747/1/2747 2751/1/2751
f 2747/1/2747 2752/1/2752 2751/1/2751
f 2747/1/2747 2750/1/2750 2752/1/2752
f 2750/1/2750 2755/1/2755 2752/1/2752
f 2750/1/2750 2753/1/2753 2755/1/2755
f 2748/1/2748 2753/1/2753 2750/1/2750
f 2748/1/2748 2754/1/2754 2753/1/2753
f 2749/1/2749 2754/1/2754 2748/1/2748
f 2751/1/2751 2752/1/2752 2756/1/2756
f 2752/1/2752 2757/1/2757 2756/1/2756
f 2752/1/2752 2755/1/2755 2757/1/2757
f 2755/1/2755 2760/1/2760 2757/1/2757
f 2755/1/2755 2758/1/2758 2760/1/2760
f 2753/1/2753 2758/1/2758 2755/1/2755
f 2753/1/2753 2759/1/2759 2758/1/2758
f 2754/1/2754 2759/1/2759 2753/1/2753
f 2756/1/2756 2757/1/2757 2761/1/2761
f 2757/1/2757 2762/1/2762 2761/1/2761
f 2757/1/2757 2760/1/2760 2762/1/2762
f 2760/1/2760 2765/1/2765 2762/1/2762
f 2760/1/2760 2763/1/2763 2765/1/2765
f 2758/1/2758 2763/1/2763 2760/1/2760
f 2758/1/2758 2764/1/2764 2763/1/2763
f 2759/1/2759 2764/1/2764 2758/1/2758
f 2761/1/2761 2762/1/2762 2766/1/2766
f 2762/1/2762 2767/1/2767 2766/1/2766
f 2762/1/2762 2765/1/2765 2767/1/2767
f 2765/1/2765 2770/1/2770 2767/1/2767
f 2765/1/2765 2768/1/2768 2770/1/2770
f 2763/1/2763 2768/1/2768 2765/1/2765
f 2763/1/2763 2769/1/2769 2768/1/2768
f 2764/1/2764 2769/1/2769 2763/1/2763
f 2766/1/2766 2767/1/2767 2771/1/2771
f 2767/1/2767 2772/1/2772 2771/1/2771
f 2767/1/2767 2770/1/2770 2772/1/2772
f 2770/1/2770 2775/1/2775 2772/1/2772
f 2770/1/2770 2773/1/2773 2775/1/2775
f 2768/1/2768 2773/1/2773 2770/1/2770
f 2768/1/2768 2774/1/2774 2773/1/2773
f 2769/1/2769 2774/1/2774 2768/1/2768
f 2771/1/2771 2772/1/2772 2776/1/2776
f 2772/1/2772 2777/1/2777 2776/1/2776
f 2772/1/2772 2775/1/2775 2777/1/2777
f 2775/1/2775 2780/1/2780 2777/1/2777
f 2775/1/2775 2778/1/2778 2780/1/2780
f 2773/1/2773 2778/1/2778 2775/1/2775
f 2773/1/2773 2779/1/2779 2778/1/2778
f 2774/1/2774 2779/1/2779 2773/1/2773
f 2776/1/2776 2777/1/2777 2781/1/2781
f 2777/1/2777 2782/1/2782 2781/1/2781
f 2777/1/2777 2780/1/2780 2782/1/2782
f 2780/1/2780 2785/1/2785 2782/1/2782
f 2780/1/2780 2783/1/2783 2785/1/2785
f 2778/1/2778 2783/1/2783 2780/1/2780
f 2778/1/2778 2784/1/2784 2783/1/2783
f 2779/1/2779 2784/1/2784 2778/1/2778
f 2781/1/2781 2782/1/2782 2786/1/2786
f 2782/1/2782 2787/1/2787 2786/1/2786
f 2782/1/2782 2785/1/2785 2787/1/2787
f 2785/1/2785 2790/1/2790 2787/1/2787
f 2785/1/2785 2788/1/2788 2790/1/2790
f 2783/1/2783 2788/1/2788 2785/1/2785
f 2783/1/2783 2789/1/2789 2788/1/2788
f 2784/1/2784 2789/1/2789 2783/1/2783
f 2791/1/2791 2793/1/2793 2792/1/2792
f 2791/1/2791 2796/1/2796 2793/1/2793
f 2791/1/2791 2794/1/2794 2796/1/2796
f 2791/1/2791 2795/1/2795 2794/1/2794
f 2792/1/2792 2793/1/2793 2797/1/2797
f 2793/1/2793 2798/1/2798 2797/1/2797
f 2793/1/2793 2796/1/2796 2798/1/2798
f 2796/1/2796 2801/1/2801 2798/1/2798
f 2796/1/2796 2799/1/2799 2801/1/2801
f 2794/1/2794 2799/1/2799 2796/1/2796
f 2794/1/2794 2800/1/2800 2799/1/2799
f 2795/1/2795 2800/1/2800 2794/1/2794
f 2797/1/2797 2798/1/2798 2802/1/2802
f 2798/1/2798 2803/1/2803 2802/1/2802
f 2798/1/2798 2801/1/2801 2803/1/2803
f 2801/1/2801 2806/1/2806 2803/1/2803
f 2801/1/2801 2804/1/2804 2806/1/2806
f 2799/1/2799 2804/1/2804 2801/1/2801
f 2799/1/2799 2805/1/2805 2804/1/2804
f 2800/1/2800 2805/1/2805 2799/1/2799
f 2802/1/2802 2803/1/2803 2807/1/2807
f 2803/1/2803 2808/1/2808 2807/1/2807
f 2803/1/2803 2806/1/2806 2808/1/2808
f 2806/1/2806 2811/1/2811 2808/1/2808
f 2806/1/2806 2809/1/2809 2811/1/2811
f 2804/1/2804 2809/1/2809 2806/1/2806
f 2804/1/2804 2810/1/2810 2809/1/2809
f 2805/1/2805 2810/1/2810 2804/1/2804
f 2807/1/2807 2808/1/2808 2812/1/2812
f 2808/1/2808 2813/1/2813 2812/1/2812
f 2808/1/2808 2811/1/2811 2813/1/2813
f 2811/1/2811 2816/1/2816 2813/1/2813
f 2811/1/2811 2814/1/2814 2816/1/2816
f 2809/1/2809 2814/1/2814 2811/1/2811
f 2809/1/2809 2815/1/2815 2814/1/2814
f 2810/1/2810 2815/1/2815 2809/1/2809
f 2812/1/2812 2813/1/2813 2817/1/2817
f 2813/1/2813 2818/1/2818 2817/1/2817
f 2813/1/2813 2816/1/2816 2818/1/2818
f 2816/1/2816 2821/1/2821 2818/1/2818
f 2816/1/2816 2819/1/2819 2821/1/2821
f 2814/1/2814 2819/1/2819 2816/1/2816
f 2814/1/2814 2820/1/2820 2819/1/2819
f 2815/1/2815 2820/1/2820 2814/1/2814
f 2817/1/2817 2818/1/2818 2822/1/2822
f 2818/1/2818 2823/1/2823 2822/1/2822
f 2818/1/2818 2821/1/2821 2823/1/2823
f 2821/1/2821 2826/1/2826 2823/1/2823
f 2821/1/2821 2824/1/2824 2826/1/2826
f 2819/1/2819 2824/1/2824 2821/1/2821
f 2819/1/2819 2825/1/2825 2824/1/2824
f 2820/1/2820 2825/1/2825 2819/1/2819
f 2822/1/2822 2823/1/2823 2827/1/2827
f 2823/1/2823 2828/1/2828 2827/1/2827
f 2823/1/2823 2826/1/2826 2828/1/2828
f 2826/1/2826 2831/1/2831 2828/1/2828
f 2826/1/2826 2829/1/2829 2831/1/2831
f 2824/1/2824 2829/1/2829 2826/1/2826
f 2824/1/2824 2830/1/2830 2829/1/2829
f 2825/1/2825 2830/1/2830 2824/1/2824
f 2827/1/2827 2828/1/2828 2832/1/2832
f 2828/1/2828 2833/1/2833 2832/1/2832
f 2828/1/2828 2831/1/2831 2833/1/2833
f 2831/1/2831 2836/1/2836 2833/1/2833
f 2831/1/2831 2834/1/2834 2836/1/2836
f 2829/1/2829 2834/1/2834 2831/1/2831
f 2829/1/2829 2835/1/2835 2834/1/2834
f 2830/1/2830 2835/1/2835 2829/1/2829
f 2832/1/2832 2833/1/2833 2837/1/2837
f 2833/1/2833 2838/1/2838 2837/1/2837
f 2833/1/2833 2836/1/2836 2838/1/2838
f 2836/1/2836 2841/1/2841 2838/1/2838
f 2836/1/2836 2839/1/2839 2841/1/2841
f 2834/1/2834 2839/1/2839 2836/1/2836
f 2834/1/2834 2840/1/2840 2839/1/2839
f 2835/1/2835 2840/1/2840 2834/1/2834
f 2837/1/2837 2838/1/2838 2842/1/2842
f 2838/1/2838 2843/1/2843 2842/1/2842
f 2838/1/2838 2841/1/2841 2843/1/2843
f 2841/1/2841 2846/1/2846 2843/1/2843
f 2841/1/2841 2844/1/2844 2846/1/2846
f 2839/1/2839 2844/1/2844 2841/1/2841
f 2839/1/2839 2845/1/2845 2844/1/2844
f 2840/1/2840 2845/1/2845 2839/1/2839
f 2842/1/2842 2843/1/2843 2847/1/2847
f 2843/1/2843 2848/1/2848 2847/1/2847
f 2843/1/2843 2846/1/2846 2848/1/2848
f 2846/1/2846 2851/1/2851 2848/1/2848
f 2846/1/2846 2849/1/2849 2851/1/2851
f 2844/1/2844 2849/1/2849 2846/1/2846
f 2844/1/2844 2850/1/2850 2849/1/2849
f 2845/1/2845 2850/1/2850 2844/1/2844
f 2847/1/2847 2848/1/2848 2852/1/2852
f 2848/1/2848 2853/1/2853 2852/1/2852
f 2848/1/2848 2851/1/2851 2853/1/2853
f 2851/1/2851 2856/1/2856 2853/1/2853
f 2851/1/2851 2854/1/2854 2856/1/2856
f 2849/1/2849 2854/1/2854 2851/1/2851
f 2849/1/2849 2855/1/2855 2854/1/2854
f 2850/1/2850 2855/1/2855 2849/1/2849
f 2852/1/2852 2853/1/2853 2857/1/2857
f 2853/1/2853 2858/1/2858 2857/1/2857
f 2853/1/2853 2856/1/2856 2858/1/2858
f 2856/1/2856 2861/1/2861 2858/1/2858
f 2856/1/2856 2859/1/2859 2861/1/2861
f 2854/1/2854 2859/1/2859 2856/1/2856
f 2854/1/2854 2860/1/2860 2859/1/2859
f 2855/1/2855 2860/1/2860 2854/1/2854
f 2857/1/2857 2858/1/2858 2862/1/2862
f 2858/1/2858 2863/1/2863 2862/1/2862
f 2858/1/2858 2861/1/2861 2863/1/2863
f 2861/1/2861 2866/1/2866 2863/1/2863
f 2861/1/2861 2864/1/2864 2866/1/2866
f 2859/1/2859 2864/1/2864 2861/1/2861
f 2859/1/2859 2865/1/2865 2864/1/2864
f 2860/1/2860 2865/1/2865 2859/1/2859
f 2862/1/2862 2863/1/2863 2867/1/2867
f 2863/1/2863 2868/1/2868 2867/1/2867
f 2863/1/2863 2866/1/2866 2868/1/2868
f 2866/1/2866 2871/1/2871 2868/1/2868
f 2866/1/2866 2869/1/2869 2871/1/2871
f 2864/1/2864 2869/1/2869 2866/1/2866
f 2864/1/2864 2870/1/2870 2869/1/2869
f 2865/1/2865 2870/1/2870 2864/1/2864
f 2867/1/2867 2868/1/2868 2872/1/2872
f 2868/1/2868 2873/1/2873 2872/1/2872
f 2868/1/2868 2871/1/2871 2873/1/2873
f 2871/1/2871 2876/1/2876 2873/1/2873
f 2871/1/2871 2874/1/2874 2876/1/2876
f 2869/1/2869 2874/1/2874 2871/1/2871
f 2869/1/2869 2875/1/2875 2874/1/2874
f 2870/1/2870 2875/1/2875 2869/1/2869
f 2872/1/2872 2873/1/2873 2877/1/2877
f 2873/1/2873 2878/1/2878 2877/1/2877
f 2873/1/2873 2876/1/2876 2878/1/2878
f 2876/1/2876 2881/1/2881 2878/1/2878
f 2876/1/2876 2879/1/2879 2881/1/2881
f 2874/1/2874 2879/1/2879 2876/1/2876
f 2874/1/2874 2880/1/2880 2879/1/2879
f 2875/1/2875 2880/1/2880 2874/1/2874
f 2877/1/2877 2878/1/2878 2882/1/2882
f 2878/1/2878 2883/1/2883 2882/1/2882
f 2878/1/2878 2881/1/2881 2883/1/2883
f 2881/1/2881 2886/1/2886 2883/1/2883
f 2881/1/2881 2884/1/2884 2886/1/2886
f 2879/1/2879 2884/1/2884 2881/1/2881
f 2879/1/2879 2885/1/2885 2884/1/2884
f 2880/1/2880 2885/1/2885 2879/1/2879
f 2882/1/2882 2883/1/2883 2887/1/2887
f 2883/1/2883 2888/1/2888 2887/1/2887
f 2883/1/2883 2886/1/2886 2888/1/2888
f 2886/1/2886 2891/1/2891 2888/1/2888
f 2886/1/2886 2889/1/2889 2891/1/2891
f 2884/1/2884 2889/1/2889 2886/1/2886
f 2884/1/2884 2890/1/2890 2889/1/2889
f 2885/1/2885 2890/1/2890 2884/1/2884
f 2887/1/2887 2888/1/2888 2892/1/2892
f 2888/1/2888 2893/1/2893 2892/1/2892
f 2888/1/2888 2891/1/2891 2893/1/2893
f 2891/1/2891 2896/1/2896 2893/1/2893
f 2891/1/2891 2894/1/2894 2896/1/2896
f 2889/1/2889 2894/1/2894 2891/1/2891
f 2889/1/2889 2895/1/2895 2894/1/2894
f 2890/1/2890 2895/1/2895 2889/1/2889
f 2892/1/2892 2893/1/2893 2897/1/2897
f 2893/1/2893 2898/1/2898 2897/1/2897
f 2893/1/2893 2896/1/2896 2898/1/2898
f 2896/1/2896 2901/1/2901 2898/1/2898
f 2896/1/2896 2899/1/2899 2901/1/2901
f 2894/1/2894 2899/1/2899 2896/1/2896
f 2894/1/2894 2900/1/2900 2899/1/2899
f 2895/1/2895 2900/1/2900 2894/1/2894
f 2897/1/2897 2898/1/2898 2902/1/2902
f 2898/1/2898 2903/1/2903 2902/1/2902
f 2898/1/2898 2901/1/2901 2903/1/2903
f 2901/1/2901 2906/1/2906 2903/1/2903
f 2901/1/2901 2904/1/2904 2906/1/2906
f 2899/1/2899 2904/1/2904 2901/1/2901
f 2899/1/2899 2905/1/2905 2904/1/2904
f 2900/1/2900 2905/1/2905 2899/1/2899
f 2902/1/2902 2903/1/2903 2907/1/2907
f 2903/1/2903 2908/1/2908 2907/1/2907
f 2903/1/2903 2906/1/2906 2908/1/2908
f 2906/1/2906 2911/1/2911 2908/1/2908
f 2906/1/2906 2909/1/2909 2911/1/2911
f 2904/1/2904 2909/1/2909 2906/1/2906
f 2904/1/2904 2910/1/2910 2909/1/2909
f 2905/1/2905 2910/1/2910 2904/1/2904
f 2907/1/2907 2908/1/2908 2912/1/2912
f 2908/1/2908 2913/1/2913 2912/1/2912
f 2908/1/2908 2911/1/2911 2913/1/2913
f 2911/1/2911 2916/1/2916 2913/1/2913
f 2911/1/2911 2914/1/2914 2916/1/2916
f 2909/1/2909 2914/1/2914 2911/1/2911
f 2909/1/2909 2915/1/2915 2914/1/2914
f 2910/1/2910 2915/1/2915 2909/1/2909
f 2912/1/2912 2913/1/2913 2917/1/2917
f 2913/1/2913 2918/1/2918 2917/1/2917
f 2913/1/2913 2916/1/2916 2918/1/2918
f 2916/1/2916 2921/1/2921 2918/1/2918
f 2916/1/2916 2919/1/2919 2921/1/2921
f 2914/1/2914 2919/1/2919 2916/1/2916
f 2914/1/2914 2920/1/2920 2919/1/2919
f 2915/1/2915 2920/1/2920 2914/1/2914
f 2917/1/2917 2918/1/2918 2922/1/2922
f 2918/1/2918 2923/1/2923 2922/1/2922
f 2918/1/2918 2921/1/2921 2923/1/2923
f 2921/1/2921 2926/1/2926 2923/1/2923
f 2921/1/2921 2924/1/2924 2926/1/2926
f 2919/1/2919 2924/1/2924 2921/1/2921
f 2919/1/2919 2925/1/2925 2924/1/2924
f 2920/1/2920 2925/1/2925 2919/1/2919
f 2922/1/2922 2923/1/2923 2927/1/2927
f 2923/1/2923 2928/1/2928 2927/1/2927
f 2923/1/2923 2926/1/2926 2928/1/2928
f 2926/1/2926 2931/1/2931 2928/1/2928
f 2926/1/2926 2929/1/2929 2931/1/2931
f 2924/1/2924 2929/1/2929 2926/1/2926
f 2924/1/2924 2930/1/2930 2929/1/2929
f 2925/1/2925 2930/1/2930 2924/1/2924
f 2927/1/2927 2928/1/2928 2932/1/2932
f 2928/1/2928 2933/1/2933 2932/1/2932
f 2928/1/2928 2931/1/2931 2933/1/2933
f 2931/1/2931 2936/1/2936 2933/1/2933
f 2931/1/2931 2934/1/2934 2936/1/2936
f 2929/1/2929 2934/1/2934 2931/1/2931
f 2929/1/2929 2935/1/2935 2934/1/2934
f 2930/1/2930 2935/1/2935 2929/1/2929
f 2932/1/2932 2933/1/2933 2937/1/2937
f 2933/1/2933 2938/1/2938 2937/1/2937
f 2933/1/2933 2936/1/2936 2938/1/2938
f 2936/1/2936 2941/1/2941 2938/1/2938
f 2936/1/2936 2939/1/2939 2941/1/2941
f 2934/1/2934 2939/1/2939 2936/1/2936
f 2934/1/2934 2940/1/2940 2939/1/2939
f 2935/1/2935 2940/1/2940 2934/1/2934
f 2937/1/2937 2938/1/2938 2942/1/2942
f 2938/1/2938 2943/1/2943 2942/1/2942
f 2938/1/2938 2941/1/2941 2943/1/2943
f 2941/1/2941 2946/1/2946 2943/1/2943
f 2941/1/2941 2944/1/2944 2946/1/2946
f 2939/1/2939 2944/1/2944 2941/1/2941
f 2939/1/2939 2945/1/2945 2944/1/2944
f 2940/1/2940 2945/1/2945 2939/1/2939
f 2942/1/2942 2943/1/2943 2947/1/2947
f 2943/1/2943 2948/1/2948 2947/1/2947
f 2943/1/2943 2946/1/2946 2948/1/2948
f 2946/1/2946 2951/1/2951 2948/1/2948
f 2946/1/2946 2949/1/2949 2951/1/2951
f 2944/1/2944 2949/1/2949 2946/1/2946
f 2944/1/2944 2950/1/2950 2949/1/2949
f 2945/1/2945 2950/1/2950 2944/1/2944
f 2947/1/2947 2948/1/2948 2952/1/2952
f 2948/1/2948 2953/1/2953 2952/1/2952
f 2948/1/2948 2951/1/2951 2953/1/2953
f 2951/1/2951 2956/1/2956 2953/1/2953
f 2951/1/2951 2954/1/2954 2956/1/2956
f 2949/1/2949 2954/1/2954 2951/1/2951
f 2949/1/2949 2955/1/2955 2954/1/2954
f 2950/1/2950 2955/1/2955 2949/1/2949
f 2952/1/2952 2953/1/2953 2957/1/2957
f 2953/1/2953 2958/1/2958 2957/1/2957
f 2953/1/2953 2956/1/2956 2958/1/2958
f 2956/1/2956 2961/1/2961 2958/1/2958
f 2956/1/2956 2959/1/2959 2961/1/2961
f 2954/1/2954 2959/1/2959 2956/1/2956
f 2954/1/2954 2960/1/2960 2959/1/2959
f 2955/1/2955 2960/1/2960 2954/1/2954
f 2957/1/2957 2958/1/2958 2962/1/2962
f 2958/1/2958 2963/1/2963 2962/1/2962
f 2958/1/2958 2961/1/2961 2963/1/2963
f 2961/1/2961 2966/1/2966 2963/1/2963
f 2961/1/2961 2964/1/2964 2966/1/2966
f 2959/1/2959 2964/1/2964 2961/1/2961
f 2959/1/2959 2965/1/2965 2964/1/2964
f 2960/1/2960 2965/1/2965 2959/1/2959
f 2962/1/2962 2963/1/2963 2967/1/2967
f 2963/1/2963 2968/1/2968 2967/1/2967
f 2963/1/2963 2966/1/2966 2968/1/2968
f 2966/1/2966 2971/1/2971 2968/1/2968
f 2966/1/2966 2969/1/2969 2971/1/2971
f 2964/1/2964 2969/1/2969 2966/1/2966
f 2964/1/2964 2970/1/2970 2969/1/2969
f 2965/1/2965 2970/1/2970 2964/1/2964
f 2967/1/2967 2968/1/2968 2972/1/2972
f 2968/1/2968 2973/1/2973 2972/1/2972
f 2968/1/2968 2971/1/2971 2973/1/2973
f 2971/1/2971 2976/1/2976 2973/1/2973
f 2971/1/2971 2974/1/2974 2976/1/2976
f 2969/1/2969 2974/1/2974 2971/1/2971
f 2969/1/2969 2975/1/2975 2974/1/2974
f 2970/1/2970 2975/1/2975 2969/1/2969
f 2972/1/2972 2973/1/2973 2977/1/2977
f 2973/1/2973 2978/1/2978 2977/1/2977
f 2973/1/2973 2976/1/2976 2978/1/2978
f 2976/1/2976 2981/1/2981 2978/1/2978
f 2976/1/2976 2979/1/2979 2981/1/2981
f 2974/1/2974 2979/1/2979 2976/1/2976
f 2974/1/2974 2980/1/2980 2979/1/2979
f 2975/1/2975 2980/1/2980 2974/1/2974
f 2977/1/2977 2978/1/2978 2982/1/2982
f 2978/1/2978 2983/1/2983 2982/1/2982
f 2978/1/2978 2981/1/2981 2983/1/2983
f 2981/1/2981 2986/1/2986 2983/1/2983
f 2981/1/2981 2984/1/2984 2986/1/2986
f 2979/1/2979 2984/1/2984 2981/1/2981
f 2979/1/2979 2985/1/2985 2984/1/2984
f 2980/1/2980 2985/1/2985 2979/1/2979
f 2982/1/2982 2983/1/2983 2987/1/2987
f 2983/1/2983 2988/1/2988 2987/1/2987
f 2983/1/2983 2986/1/2986 2988/1/2988
f 2986/1/2986 2991/1/2991 2988/1/2988
f 2986/1/2986 2989/1/2989 2991/1/2991
f 2984/1/2984 2989/1/2989 2986/1/2986
f 2984/1/2984 2990/1/2990 2989/1/2989
f 2985/1/2985 2990/1/2990 2984/1/2984
f 2987/1/2987 2988/1/2988 2992/1/2992
f 2988/1/2988 2993/1/2993 2992/1/2992
f 2988/1/2988 2991/1/2991 2993/1/2993
f 2991/1/2991 2996/1/2996 2993/1/2993
f 2991/1/2991 2994/1/2994 2996/1/2996
f 2989/1/2989 2994/1/2994 2991/1/2991
f 2989/1/2989 2995/1/2995 2994/1/2994
f 2990/1/2990 2995/1/2995 2989/1/2989
f 2992/1/2992 2993/1/2993 2997/1/2997
f 2993/1/2993 2998/1/2998 2997/1/2997
f 2993/1/2993 2996/1/2996 2998/1/2998
f 2996/1/2996 3001/1/3001 2998/1/2998
f 2996/1/2996 2999/1/2999 3001/1/3001
f 2994/1/2994 2999/1/2999 2996/1/2996
f 2994/1/2994 3000/1/3000 2999/1/2999
f 2995/1/2995 3000/1/3000 2994/1/2994
f 2997/1/2997 2998/1/2998 3002/1/3002
f 2998/1/2998 3003/1/3003 3002/1/3002
f 2998/1/2998 3001/1/3001 3003/1/3003
f 3001/1/3001 3006/1/3006 3003/1/3003
f 3001/1/3001 3004/1/3004 3006/1/3006
f 2999/1/2999 3004/1/3004 3001/1/3001
f 2999/1/2999 3005/1/3005 3004/1/3004
f 3000/1/3000 3005/1/3005 2999/1/2999
f 3002/1/3002 3003/1/3003 3007/1/3007
f 3003/1/3003 3008/1/3008 3007/1/3007
f 3003/1/3003 3006/1/3006 3008/1/3008
f 3006/1/3006 3011/1/3011 3008/1/3008
f 3006/1/3006 3009/1/3009 3011/1/3011
f 3004/1/3004 3009/1/3009 3006/1/3006
f 3004/1/3004 3010/1/3010 3009/1/3009
f 3005/1/3005 3010/1/3010 3004/1/3004
f 3007/1/3007 3008/1/3008 3012/1/3012
f 3008/1/3008 3013/1/3013 3012/1/3012
f 3008/1/3008 3011/1/3011 3013/1/3013
f 3011/1/3011 3016/1/3016 3013/1/3013
f 3011/1/3011 3014/1/3014 3016/1/3016
f 3009/1/3009 3014/1/3014 3011/1/3011
f 3009/1/3009 3015/1/3015 3014/1/3014
f 3010/1/3010 3015/1/3015 3009/1/3009
f 3012/1/3012 3013/1/3013 3017/1/3017
f 3013/1/3013 3018/1/3018 3017/1/3017
f 3013/1/3013 3016/1/3016 3018/1/3018
f 3016/1/3016 3021/1/3021 3018/1/3018
f 3016/1/3016 3019/1/3019 3021/1/3021
f 3014/1/3014 3019/1/3019 3016/1/3016
f 3014/1/3014 3020/1/3020 3019/1/3019
f 3015/1/3015 3020/1/3020 3014/1/3014
f 3017/1/3017 3018/1/3018 3022/1/3022
f 3018/1/3018 3023/1/3023 3022/1/3022
f 3018/1/3018 3021/1/3021 3023/1/3023
f 3021/1/3021 3026/1/3026 3023/1/3023
f 3021/1/3021 3024/1/3024 3026/1/3026
f 3019/1/3019 3024/1/3024 3021/1/3021
f 3019/1/3019 3025/1/3025 3024/1/3024
f 3020/1/3020 3025/1/3025 3019/1/3019
f 3022/1/3022 3023/1/3023 3027/1/3027
f 3023/1/3023 3028/1/3028 3027/1/3027
f 3023/1/3023 3026/1/3026 3028/1/3028
f 3026/1/3026 3031/1/3031 3028/1/3028
f 3026/1/3026 3029/1/3029 3031/1/3031
f 3024/1/3024 3029/1/3029 3026/1/3026
f 3024/1/3024 3030/1/3030 3029/1/3029
f 3025/1/3025 3030/1/3030 3024/1/3024
f 3027/1/3027 3028/1/3028 3032/1/3032
f 3028/1/3028 3033/1/3033 3032/1/3032
f 3028/1/3028 3031/1/3031 3033/1/3033
f 3031/1/3031 3036/1/3036 3033/1/3033
f 3031/1/3031 3034/1/3034 3036/1/3036
f 3029/1/3029 3034/1/3034 3031/1/3031
f 3029/1/3029 3035/1/3035 3034/1/3034
f 3030/1/3030 3035/1/3035 3029/1/3029
f 3032/1/3032 3033/1/3033 3037/1/3037
f 3033/1/3033 3038/1/3038 3037/1/3037
f 3033/1/3033 3036/1/3036 3038/1/3038
f 3036/1/3036 3041/1/3041 3038/1/3038
f 3036/1/3036 3039/1/3039 3041/1/3041
f 3034/1/3034 3039/1/3039 3036/1/3036
f 3034/1/3034 3040/1/3040 3039/1/3039
f 3035/1/3035 3040/1/3040 3034/1/3034
f 3037/1/3037 3038/1/3038 3042/1/3042
f 3038/1/3038 3043/1/3043 3042/1/3042
f 3038/1/3038 3041/1/3041 3043/1/3043
f 3041/1/3041 3046/1/3046 3043/1/3043
f 3041/1/3041 3044/1/3044 3046/1/3046
f 3039/1/3039 3044/1/3044 3041/1/3041
f 3039/1/3039 3045/1/3045 3044/1/3044
f 3040/1/3040 3045/1/3045 3039/1/3039
f 3042/1/3042 3043/1/3043 3047/1/3047
f 3043/1/3043 3048/1/3048 3047/1/3047
f 3043/1/3043 3046/1/3046 3048/1/3048
f 3046/1/3046 3051/1/3051 3048/1/3048
f 3046/1/3046 3049/1/3049 3051/1/3051
f 3044/1/3044 3049/1/3049 3046/1/3046
f 3044/1/3044 3050/1/3050 3049/1/3049
f 3045/1/3045 3050/1/3050 3044/1/3044
f 3047/1/3047 3048/1/3048 3052/1/3052
f 3048/1/3048 3053/1/3053 3052/1/3052
f 3048/1/3048 3051/1/3051 3053/1/3053
f 3051/1/3051 3056/1/3056 3053/1/3053
f 3051/1/3051 3054/1/3054 3056/1/3056
f 3049/1/3049 3054/1/3054 3051/1/3051
f 3049/1/3049 3055/1/3055 3054/1/3054
f 3050/1/3050 3055/1/3055 3049/1/3049
f 3052/1/3052 3053/1/3053 3057/1/3057
f 3053/1/3053 3058/1/3058 3057/1/3057
f 3053/1/3053 3056/1/3056 3058/1/3058
f 3056/1/3056 3061/1/3061 3058/1/3058
f 3056/1/3056 3059/1/3059 3061/1/3061
f 3054/1/3054 3059/1/3059 3056/1/3056
f 3054/1/3054 3060/1/3060 3059/1/3059
f 3055/1/3055 3060/1/3060 3054/1/3054
f 3057/1/3057 3058/1/3058 3062/1/3062
f 3058/1/3058 3063/1/3063 3062/1/3062
f 3058/1/3058 3061/1/3061 3063/1/3063
f 3061/1/3061 3066/1/3066 3063/1/3063
f 3061/1/3061 3064/1/3064 3066/1/3066
f 3059/1/3059 3064/1/3064 3061/1/3061
f 3059/1/3059 3065/1/3065 3064/1/3064
f 3060/1/3060 3065/1/3065 3059/1/3059
f 3062/1/3062 3063/1/3063 3067/1/3067
f 3063/1/3063 3068/1/3068 3067/1/3067
f 3063/1/3063 3066/1/3066 3068/1/3068
f 3066/1/3066 3071/1/3071 3068/1/3068
f 3066/1/3066 3069/1/3069 3071/1/3071
f 3064/1/3064 3069/1/3069 3066/1/3066
f 3064/1/3064 3070/1/3070 3069/1/3069
f 3065/1/3065 3070/1/3070 3064/1/3064
f 3067/1/3067 3068/1/3068 3072/1/3072
f 3068/1/3068 3073/1/3073 3072/1/3072
f 3068/1/3068 3071/1/3071 3073/1/3073
f 3071/1/3071 3076/1/3076 3073/1/3073
f 3071/1/3071 3074/1/3074 3076/1/3076
f 3069/1/3069 3074/1/3074 3071/1/3071
f 3069/1/3069 3075/1/3075 3074/1/3074
f 3070/1/3070 3075/1/3075 3069/1/3069
f 3072/1/3072 3073/1/3073 3077/1/3077
f 3073/1/3073 3078/1/3078 3077/1/3077
f 3073/1/3073 3076/1/3076 3078/1/3078
f 3076/1/3076 3081/1/3081 3078/1/3078
f 3076/1/3076 3079/1/3079 3081/1/3081
f 3074/1/3074 3079/1/3079 3076/1/3076
f 3074/1/3074 3080/1/3080 3079/1/3079
f 3075/1/3075 3080/1/3080 3074/1/3074
f 3077/1/3077 3078/1/3078 3082/1/3082
f 3078/1/3078 3083/1/3083 3082/1/3082
f 3078/1/3078 3081/1/3081 3083/1/3083
f 3081/1/3081 3086/1/3086 3083/1/3083
f 3081/1/3081 3084/1/3084 3086/1/3086
f 3079/1/3079 3084/1/3084 3081/1/3081
f 3079/1/3079 3085/1/3085 3084/1/3084
f 3080/1/3080 3085/1/3085 3079/1/3079
f 3082/1/3082 3083/1/3083 3087/1/3087
f 3083/1/3083 3088/1/3088 3087/1/3087
f 3083/1/3083 3086/1/3086 3088/1/3088
f 3086/1/3086 3091/1/3091 3088/1/3088
f 3086/1/3086 3089/1/3089 3091/1/3091
f 3084/1/3084 3089/1/3089 3086/1/3086
f 3084/1/3084 3090/1/3090 3089/1/3089
f 3085/1/3085 3090/1/3090 3084/1/3084
f 3087/1/3087 3088/1/3088 3092/1/3092
f 3088/1/3088 3093/1/3093 3092/1/3092
f 3088/1/3088 3091/1/3091 3093/1/3093
f 3091/1/3091 3096/1/3096 3093/1/3093
f 3091/1/3091 3094/1/3094 3096/1/3096
f 3089/1/3089 3094/1/3094 3091/1/3091
f 3089/1/3089 3095/1/3095 3094/1/3094
f 3090/1/3090 3095/1/3095 3089/1/3089
f 3092/1/3092 3093/1/3093 3097/1/3097
f 3093/1/3093 3098/1/3098 3097/1/3097
f 3093/1/3093 3096/1/3096 3098/1/3098
f 3096/1/3096 3101/1/3101 3098/1/3098
f 3096/1/3096 3099/1/3099 3101/1/3101
f 3094/1/3094 3099/1/3099 3096/1/3096
f 3094/1/3094 3100/1/3100 3099/1/3099
f 3095/1/3095 3100/1/3100 3094/1/3094
f 3097/1/3097 3098/1/3098 3102/1/3102
f 3098/1/3098 3103/1/3103 3102/1/3102
f 3098/1/3098 3101/1/3101 3103/1/3103
f 3101/1/3101 3106/1/3106 3103/1/3103
f 3101/1/3101 3104/1/3104 3106/1/3106
f 3099/1/3099 3104/1/3104 3101/1/3101
f 3099/1/3099 3105/1/3105 3104/1/3104
f 3100/1/3100 3105/1/3105 3099/1/3099
f 3102/1/3102 3103/1/3103 3107/1/3107
f 3103/1/3103 3108/1/3108 3107/1/3107
f 3103/1/3103 3106/1/3106 3108/1/3108
f 3106/1/3106 3111/1/3111 3108/1/3108
f 3106/1/3106 3109/1/3109 3111/1/3111
f 3104/1/3104 3109/1/3109 3106/1/3106
f 3104/1/3104 3110/1/3110 3109/1/3109
f 3105/1/3105 3110/1/3110 3104/1/3104
f 3107/1/3107 3108/1/3108 3112/1/3112
f 3108/1/3108 3113/1/3113 3112/1/3112
f 3108/1/3108 3111/1/3111 3113/1/3113
f 3111/1/3111 3116/1/3116 3113/1/3113
f 3111/1/3111 3114/1/3114 3116/1/3116
f 3109/1/3109 3114/1/3114 3111/1/3111
f 3109/1/3109 3115/1/3115 3114/1/3114
f 3110/1/3110 3115/1/3115 3109/1/3109
f 3112/1/3112 3113/1/3113 3117/1/3117
f 3113/1/3113 3118/1/3118 3117/1/3117
f 3113/1/3113 3116/1/3116 3118/1/3118
f 3116/1/3116 3121/1/3121 3118/1/3118
f 3116/1/3116 3119/1/3119 3121/1/3121
f 3114/1/3114 3119/1/3119 3116/1/3116
f 3114/1/3114 3120/1/3120 3119/1/3119
f 3115/1/3115 3120/1/3120 3114/1/3114
f 3117/1/3117 3118/1/3118 3122/1/3122
f 3118/1/3118 3123/1/3123 3122/1/3122
f 3118/1/3118 3121/1/3121 3123/1/3123
f 3121/1/3121 3126/1/3126 3123/1/3123
f 3121/1/3121 3124/1/3124 3126/1/3126
f 3119/1/3119 3124/1/3124 3121/1/3121
f 3119/1/3119 3125/1/3125 3124/1/3124
f 3120/1/3120 3125/1/3125 3119/1/3119
f 3122/1/3122 3123/1/3123 3127/1/3127
f 3123/1/3123 3128/1/3128 3127/1/3127
f 3123/1/3123 3126/1/3126 3128/1/3128
f 3126/1/3126 3131/1/3131 3128/1/3128
f 3126/1/3126 3129/1/3129 3131/1/3131
f 3124/1/3124 3129/1/3129 3126/1/3126
f 3124/1/3124 3130/1/3130 3129/1/3129
f 3125/1/3125 3130/1/3130 3124/1/3124
f 3127/1/3127 3128/1/3128 3132/1/3132
f 3128/1/3128 3133/1/3133 3132/1/3132
f 3128/1/3128 3131/1/3131 3133/1/3133
f 3131/1/3131 3136/1/3136 3133/1/3133
f 3131/1/3131 3134/1/3134 3136/1/3136
f 3129/1/3129 3134/1/3134 3131/1/3131
f 3129/1/3129 3135/1/3135 3134/1/3134
f 3130/1/3130 3135/1/3135 3129/1/3129
f 3132/1/3132 3133/1/3133 3137/1/3137
f 3133/1/3133 3138/1/3138 3137/1/3137
f 3133/1/3133 3136/1/3136 3138/1/3138
f 3136/1/3136 3141/1/3141 3138/1/3138
f 3136/1/3136 3139/1/3139 3141/1/3141
f 3134/1/3134 3139/1/3139 3136/1/3136
f 3134/1/3134 3140/1/3140 3139/1/3139
f 3135/1/3135 3140/1/3140 3134/1/3134
f 3137/1/3137 3138/1/3138 3142/1/3142
f 3138/1/3138 3143/1/3143 3142/1/3142
f 3138/1/3138 3141/1/3141 3143/1/3143
f 3141/1/3141 3146/1/3146 3143/1/3143
f 3141/1/3141 3144/1/3144 3146/1/3146
f 3139/1/3139 3144/1/3144 3141/1/3141
f 3139/1/3139 3145/1/3145 3144/1/3144
f 3140/1/3140 3145/1/3145 3139/1/3139
f 3142/1/3142 3143/1/3143 3147/1/3147
f 3143/1/3143 3148/1/3148 3147/1/3147
f 3143/1/3143 3146/1/3146 3148/1/3148
f 3146/1/3146 3151/1/3151 3148/1/3148
f 3146/1/3146 3149/1/3149 3151/1/3151
f 3144/1/3144 3149/1/3149 3146/1/3146
f 3144/1/3144 3150/1/3150 3149/1/3149
f 3145/1/3145 3150/1/3150 3144/1/3144
f 3147/1/3147 3148/1/3148 3152/1/3152
f 3148/1/3148 3153/1/3153 3152/1/3152
f 3148/1/3148 3151/1/3151 3153/1/3153
f 3151/1/3151 3156/1/3156 3153/1/3153
f 3151/1/3151 3154/1/3154 3156/1/3156
f 3149/1/3149 3154/1/3154 3151/1/3151
f 3149/1/3149 3155/1/3155 3154/1/3154
f 3150/1/3150 3155/1/3155 3149/1/3149
f 3152/1/3152 3153/1/3153 3157/1/3157
f 3153/1/3153 3158/1/3158 3157/1/3157
f 3153/1/3153 3156/1/3156 3158/1/3158
f 3156/1/3156 3161/1/3161 3158/1/3158
f 3156/1/3156 3159/1/3159 3161/1/3161
f 3154/1/3154 3159/1/3159 3156/1/3156
f 3154/1/3154 3160/1/3160 3159/1/3159
f 3155/1/3155 3160/1/3160 3154/1/3154
f 3157/1/3157 3158/1/3158 3162/1/3162
f 3158/1/3158 3163/1/3163 3162/1/3162
f 3158/1/3158 3161/1/3161 3163/1/3163
f 3161/1/3161 3166/1/3166 3163/1/3163
f 3161/1/3161 3164/1/3164 3166/1/3166
f 3159/1/3159 3164/1/3164 3161/1/3161
f 3159/1/3159 3165/1/3165 3164/1/3164
f 3160/1/3160 3165/1/3165 3159/1/3159
f 3162/1/3162 3163/1/3163 3167/1/3167
f 3163/1/3163 3168/1/3168 3167/1/3167
f 3163/1/3163 3166/1/3166 3168/1/3168
f 3166/1/3166 3171/1/3171 3168/1/3168
f 3166/1/3166 3169/1/3169 3171/1/3171
f 3164/1/3164 3169/1/3169 3166/1/3166
f 3164/1/3164 3170/1/3170 3169/1/3169
f 3165/1/3165 3170/1/3170 3164/1/3164
f 3167/1/3167 3168/1/3168 3172/1/3172
f 3168/1/3168 3173/1/3173 3172/1/3172
f 3168/1/3168 3171/1/3171 3173/1/3173
f 3171/1/3171 3176/1/3176 3173/1/3173
f 3171/1/3171 3174/1/3174 3176/1/3176
f 3169/1/3169 3174/1/3174 3171/1/3171
f 3169/1/3169 3175/1/3175 3174/1/3174
f 3170/1/3170 3175/1/3175 3169/1/3169
f 3172/1/3172 3173/1/3173 3177/1/3177
f 3173/1/3173 3178/1/3178 3177/1/3177
f 3173/1/3173 3176/1/3176 3178/1/3178
f 3176/1/3176 3181/1/3181 3178/1/3178
f 3176/1/3176 3179/1/3179 3181/1/3181
f 3174/1/3174 3179/1/3179 3176/1/3176
f 3174/1/3174 3180/1/3180 3179/1/3179
f 3175/1/3175 3180/1/3180 3174/1/3174
f 3177/1/3177 3178/1/3178 3182/1/3182
f 3178/1/3178 3183/1/3183 3182/1/3182
f 3178/1/3178 3181/1/3181 3183/1/3183
f 3181/1/3181 3186/1/3186 3183/1/3183
f 3181/1/3181 3184/1/3184 3186/1/3186
f 3179/1/3179 3184/1/3184 3181/1/3181
f 3179/1/3179 3185/1/3185 3184/1/3184
f 3180/1/3180 3185/1/3185 3179/1/3179
f 3182/1/3182 3183/1/3183 3187/1/3187
f 3183/1/3183 3188/1/3188 3187/1/3187
f 3183/1/3183 3186/1/3186 3188/1/3188
f 3186/1/3186 3191/1/3191 3188/1/3188
f 3186/1/3186 3189/1/3189 3191/1/3191
f 3184/1/3184 3189/1/3189 3186/1/3186
f 3184/1/3184 3190/1/3190 3189/1/3189
f 3185/1/3185 3190/1/3190 3184/1/3184
f 3187/1/3187 3188/1/3188 3192/1/3192
f 3188/1/3188 3193/1/3193 3192/1/3192
f 3188/1/3188 3191/1/3191 3193/1/3193
f 3191/1/3191 3196/1/3196 3193/1/3193
f 3191/1/3191 3194/1/3194 3196/1/3196
f 3189/1/3189 3194/1/3194 3191/1/3191
f 3189/1/3189 3195/1/3195 3194/1/3194
f 3190/1/3190 3195/1/3195 3189/1/3189
f 3192/1/3192 3193/1/3193 3197/1/3197
f 3193/1/3193 3198/1/3198 3197/1/3197
f 3193/1/3193 3196/1/3196 3198/1/3198
f 3196/1/3196 3201/1/3201 3198/1/3198
f 3196/1/3196 3199/1/3199 3201/1/3201
f 3194/1/3194 3199/1/3199 3196/1/3196
f 3194/1/3194 3200/1/3200 3199/1/3199
f 3195/1/3195 3200/1/3200 3194/1/3194
f 3197/1/3197 3198/1/3198 3202/1/3202
f 3198/1/3198 3203/1/3203 3202/1/3202
f 3198/1/3198 3201/1/3201 3203/1/3203
f 3201/1/3201 3206/1/3206 3203/1/3203
f 3201/1/3201 3204/1/3204 3206/1/3206
f 3199/1/3199 3204/1/3204 3201/1/3201
f 3199/1/3199 3205/1/3205 3204/1/3204
f 3200/1/3200 3205/1/3205 3199/1/3199
f 3202/1/3202 3203/1/3203 3207/1/3207
f 3203/1/3203 3208/1/3208 3207/1/3207
f 3203/1/3203 3206/1/3206 3208/1/3208
f 3206/1/3206 3211/1/3211 3208/1/3208
f 3206/1/3206 3209/1/3209 3211/1/3211
f 3204/1/3204 3209/1/3209 3206/1/3206
f 3204/1/3204 3210/1/3210 3209/1/3209
f 3205/1/3205 3210/1/3210 3204/1/3204
f 3207/1/3207 3208/1/3208 3212/1/3212
f 3208/1/3208 3213/1/3213 3212/1/3212
f 3208/1/3208 3211/1/3211 3213/1/3213
f 3211/1/3211 3216/1/3216 3213/1/3213
f 3211/1/3211 3214/1/3214 3216/1/3216
f 3209/1/3209 3214/1/3214 3211/1/3211
f 3209/1/3209 3215/1/3215 3214/1/3214
f 3210/1/3210 3215/1/3215 3209/1/3209
f 3212/1/3212 3213/1/3213 3217/1/3217
f 3213/1/3213 3218/1/3218 3217/1/3217
f 3213/1/3213 3216/1/3216 3218/1/3218
f 3216/1/3216 3221/1/3221 3218/1/3218
f 3216/1/3216 3219/1/3219 3221/1/3221
f 3214/1/3214 3219/1/3219 3216/1/3216
f 3214/1/3214 3220/1/3220 3219/1/3219
f 3215/1/3215 3220/1/3220 3214/1/3214
f 3217/1/3217 3218/1/3218 3222/1/3222
f 3218/1/3218 3223/1/3223 3222/1/3222
f 3218/1/3218 3221/1/3221 3223/1/3223
f 3221/1/3221 3226/1/3226 3223/1/3223
f 3221/1/3221 3224/1/3224 3226/1/3226
f 3219/1/3219 3224/1/3224 3221/1/3221
f 3219/1/3219 3225/1/3225 3224/1/3224
f 3220/1/3220 3225/1/3225 3219/1/3219
f 3222/1/3222 3223/1/3223 3227/1/3227
f 3223/1/3223 3228/1/3228 3227/1/3227
f 3223/1/3223 3226/1/3226 3228/1/3228
f 3226/1/3226 3231/1/3231 3228/1/3228
f 3226/1/3226 3229/1/3229 3231/1/3231
f 3224/1/3224 3229/1/3229 3226/1/3226
f 3224/1/3224 3230/1/3230 3229/1/3229
f 3225/1/3225 3230/1/3230 3224/1/3224
f 3227/1/3227 3228/1/3228 3232/1/3232
f 3228/1/3228 3233/1/3233 3232/1/3232
f 3228/1/3228 3231/1/3231 3233/1/3233
f 3231/1/3231 3236/1/3236 3233/1/3233
f 3231/1/3231 3234/1/3234 3236/1/3236
f 3229/1/3229 3234/1/3234 3231/1/3231
f 3229/1/3229 3235/1/3235 3234/1/3234
f 3230/1/3230 3235/1/3235 3229/1/3229
f 3232/1/3232 3233/1/3233 3237/1/3237
f 3233/1/3233 3238/1/3238 3237/1/3237
f 3233/1/3233 3236/1/3236 3238/1/3238
f 3236/1/3236 3241/1/3241 3238/1/3238
f 3236/1/3236 3239/1/3239 3241/1/3241
f 3234/1/3234 3239/1/3239 3236/1/3236
f 3234/1/3234 3240/1/3240 3239/1/3239
f 3235/1/3235 3240/1/3240 3234/1/3234
f 3237/1/3237 3238/1/3238 3242/1/3242
f 3238/1/3238 3243/1/3243 3242/1/3242
f 3238/1/3238 3241/1/3241 3243/1/3243
f 3241/1/3241 3246/1/3246 3243/1/3243
f 3241/1/3241 3244/1/3244 3246/1/3246
f 3239/1/3239 3244/1/3244 3241/1/3241
f 3239/1/3239 3245/1/3245 3244/1/3244
f 3240/1/3240 3245/1/3245 3239/1/3239
f 3242/1/3242 3243/1/3243 3247/1/3247
f 3243/1/3243 3248/1/3248 3247/1/3247
f 3243/1/3243 3246/1/3246 3248/1/3248
f 3246/1/3246 3251/1/3251 3248/1/3248
f 3246/1/3246 3249/1/3249 3251/1/3251
f 3244/1/3244 3249/1/3249 3246/1/3246
f 3244/1/3244 3250/1/3250 3249/1/3249
f 3245/1/3245 3250/1/3250 3244/1/3244
f 3247/1/3247 3248/1/3248 3252/1/3252
f 3248/1/3248 3253/1/3253 3252/1/3252
f 3248/1/3248 3251/1/3251 3253/1/3253
f 3251/1/3251 3256/1/3256 3253/1/3253
f 3251/1/3251 3254/1/3254 3256/1/3256
f 3249/1/3249 3254/1/3254 3251/1/3251
f 3249/1/3249 3255/1/3255 3254/1/3254
f 3250/1/3250 3255/1/3255 3249/1/3249
f 3252/1/3252 3253/1/3253 3257/1/3257
f 3253/1/3253 3258/1/3258 3257/1/3257
f 3253/1/3253 3256/1/3256 3258/1/3258
f 3256/1/3256 3261/1/3261 3258/1/3258
f 3256/1/3256 3259/1/3259 3261/1/3261
f 3254/1/3254 3259/1/3259 3256/1/3256
f 3254/1/3254 3260/1/3260 3259/1/3259
f 3255/1/3255 3260/1/3260 3254/1/3254
f 3257/1/3257 3258/1/3258 3262/1/3262
f 3258/1/3258 3263/1/3263 3262/1/3262
f 3258/1/3258 3261/1/3261 3263/1/3263
f 3261/1/3261 3266/1/3266 3263/1/3263
f 3261/1/3261 3264/1/3264 3266/1/3266
f 3259/1/3259 3264/1/3264 3261/1/3261
f 3259/1/3259 3265/1/3265 3264/1/3264
f 3260/1/3260 3265/1/3265 3259/1/3259
f 3262/1/3262 3263/1/3263 3267/1/3267
f 3263/1/3263 3268/1/3268 3267/1/3267
f 3263/1/3263 3266/1/3266 3268/1/3268
f 3266/1/3266 3271/1/3271 3268/1/3268
f 3266/1/3266 3269/1/3269 3271/1/3271
f 3264/1/3264 3269/1/3269 3266/1/3266
f 3264/1/3264 3270/1/3270 3269/1/3269
f 3265/1/3265 3270/1/3270 3264/1/3264
f 3267/1/3267 3268/1/3268 3272/1/3272
f 3268/1/3268 3273/1/3273 3272/1/3272
f 3268/1/3268 3271/1/3271 3273/1/3273
f 3271/1/3271 3276/1/3276 3273/1/3273
f 3271/1/3271 3274/1/3274 3276/1/3276
f 3269/1/3269 3274/1/3274 3271/1/3271
f 3269/1/3269 3275/1/3275 3274/1/3274
f 3270/1/3270 3275/1/3275 3269/1/3269
f 3272/1/3272 3273/1/3273 3277/1/3277
f 3273/1/3273 3278/1/3278 3277/1/3277
f 3273/1/3273 3276/1/3276 3278/1/3278
f 3276/1/3276 3281/1/3281 3278/1/3278
f 3276/1/3276 3279/1/3279 3281/1/3281
f 3274/1/3274 3279/1/3279 3276/1/3276
f 3274/1/3274 3280/1/3280 3279/1/3279
f 3275/1/3275 3280/1/3280 3274/1/3274
f 3277/1/3277 3278/1/3278 3282/1/3282
f 3278/1/3278 3283/1/3283 3282/1/3282
f 3278/1/3278 3281/1/3281 3283/1/3283
f 3281/1/3281 3286/1/3286 3283/1/3283
f 3281/1/3281 3284/1/3284 3286/1/3286
f 3279/1/3279 3284/1/3284 3281/1/3281
f 3279/1/3279 3285/1/3285 3284/1/3284
f 3280/1/3280 3285/1/3285 3279/1/3279
f 3282/1/3282 3283/1/3283 3287/1/3287
f 3283/1/3283 3288/1/3288 3287/1/3287
f 3283/1/3283 3286/1/3286 3288/1/3288
f 3286/1/3286 3291/1/3291 3288/1/3288
f 3286/1/3286 3289/1/3289 3291/1/3291
f 3284/1/3284 3289/1/3289 3286/1/3286
f 3284/1/3284 3290/1/3290 3289/1/3289
f 3285/1/3285 3290/1/3290 3284/1/3284
f 3287/1/3287 3288/1/3288 3292/1/3292
f 3288/1/3288 3293/1/3293 3292/1/3292
f 3288/1/3288 3291/1/3291 3293/1/3293
f 3291/1/3291 3296/1/3296 3293/1/3293
f 3291/1/3291 3294/1/3294 3296/1/3296
f 3289/1/3289 3294/1/3294 3291/1/3291
f 3289/1/3289 3295/1/3295 3294/1/3294
f 3290/1/3290 3295/1/3295 3289/1/3289
f 3292/1/3292 3293/1/3293 3297/1/3297
f 3293/1/3293 3298/1/3298 3297/1/3297
f 3293/1/3293 3296/1/3296 3298/1/3298
f 3296/1/3296 3301/1/3301 3298/1/3298
f 3296/1/3296 3299/1/3299 3301/1/3301
f 3294/1/3294 3299/1/3299 3296/1/3296
f 3294/1/3294 3300/1/3300 3299/1/3299
f 3295/1/3295 3300/1/3300 3294/1/3294
f 3297/1/3297 3298/1/3298 3302/1/3302
f 3298/1/3298 3303/1/3303 3302/1/3302
f 3298/1/3298 3301/1/3301 3303/1/3303
f 3301/1/3301 3306/1/3306 3303/1/3303
f 3301/1/3301 3304/1/3304 3306/1/3306
f 3299/1/3299 3304/1/3304 3301/1/3301
f 3299/1/3299 3305/1/3305 3304/1/3304
f 3300/1/3300 3305/1/3305 3299/1/3299
f 3302/1/3302 3303/1/3303 3307/1/3307
f 3303/1/3303 3308/1/3308 3307/1/3307
f 3303/1/3303 3306/1/3306 3308/1/3308
f 3306/1/3306 3311/1/3311 3308/1/3308
f 3306/1/3306 3309/1/3309 3311/1/3311
f 3304/1/3304 3309/1/3309 3306/1/3306
f 3304/1/3304 3310/1/3310 3309/1/3309
f 3305/1/3305 3310/1/3310 3304/1/3304
f 3307/1/3307 3308/1/3308 3312/1/3312
f 3308/1/3308 3313/1/3313 3312/1/3312
f 3308/1/3308 3311/1/3311 3313/1/3313
f 3311/1/3311 3316/1/3316 3313/1/3313
f 3311/1/3311 3314/1/3314 3316/1/3316
f 3309/1/3309 3314/1/3314 3311/1/3311
f 3309/1/3309 3315/1/3315 3314/1/3314
f 3310/1/3310 3315/1/3315 3309/1/3309
f 3312/1/3312 3313/1/3313 3317/1/3317
f 3313/1/3313 3318/1/3318 3317/1/3317
f 3313/1/3313 3316/1/3316 3318/1/3318
f 3316/1/3316 3321/1/3321 3318/1/3318
f 3316/1/3316 3319/1/3319 3321/1/3321
f 3314/1/3314 3319/1/3319 3316/1/3316
f 3314/1/3314 3320/1/3320 3319/1/3319
f 3315/1/3315 3320/1/3320 3314/1/3314
f 3317/1/3317 3318/1/3318 3322/1/3322
f 3318/1/3318 3323/1/3323 3322/1/3322
f 3318/1/3318 3321/1/3321 3323/1/3323
f 3321/1/3321 3326/1/3326 3323/1/3323
f 3321/1/3321 3324/1/3324 3326/1/3326
f 3319/1/3319 3324/1/3324 3321/1/3321
f 3319/1/3319 3325/1/3325 3324/1/3324
f 3320/1/3320 3325/1/3325 3319/1/3319
f 3322/1/3322 3323/1/3323 3327/1/3327
f 3323/1/3323 3328/1/3328 3327/1/3327
f 3323/1/3323 3326/1/3326 3328/1/3328
f 3326/1/3326 3331/1/3331 3328/1/3328
f 3326/1/3326 3329/1/3329 3331/1/3331
f 3324/1/3324 3329/1/3329 3326/1/3326
f 3324/1/3324 3330/1/3330 3329/1/3329
f 3325/1/3325 3330/1/3330 3324/1/3324
f 3327/1/3327 3328/1/3328 3332/1/3332
f 3328/1/3328 3333/1/3333 3332/1/3332
f 3328/1/3328 3331/1/3331 3333/1/3333
f 3331/1/3331 3336/1/3336 3333/1/3333
f 3331/1/3331 3334/1/3334 3336/1/3336
f 3329/1/3329 3334/1/3334 3331/1/3331
f 3329/1/3329 3335/1/3335 3334/1/3334
f 3330/1/3330 3335/1/3335 3329/1/3329
f 3332/1/3332 3333/1/3333 3337/1/3337
f 3333/1/3333 3338/1/3338 3337/1/3337
f 3333/1/3333 3336/1/3336 3338/1/3338
f 3336/1/3336 3341/1/3341 3338/1/3338
f 3336/1/3336 3339/1/3339 3341/1/3341
f 3334/1/3334 3339/1/3339 3336/1/3336
f 3334/1/3334 3340/1/3340 3339/1/3339
f 3335/1/3335 3340/1/3340 3334/1/3334
f 3337/1/3337 3338/1/3338 3342/1/3342
f 3338/1/3338 3343/1/3343 3342/1/3342
f 3338/1/3338 3341/1/3341 3343/1/3343
f 3341/1/3341 3346/1/3346 3343/1/3343
f 3341/1/3341 3344/1/3344 3346/1/3346
f 3339/1/3339 3344/1/3344 3341/1/3341
f 3339/1/3339 3345/1/3345 3344/1/3344
f 3340/1/3340 3345/1/3345 3339/1/3339
f 3342/1/3342 3343/1/3343 3347/1/3347
f 3343/1/3343 3348/1/3348 3347/1/3347
f 3343/1/3343 3346/1/3346 3348/1/3348
f 3346/1/3346 3351/1/3351 3348/1/3348
f 3346/1/3346 3349/1/3349 3351/1/3351
f 3344/1/3344 3349/1/3349 3346/1/3346
f 3344/1/3344 3350/1/3350 3349/1/3349
f 3345/1/3345 3350/1/3350 3344/1/3344
f 3347/1/3347 3348/1/3348 3352/1/3352
f 3348/1/3348 3353/1/3353 3352/1/3352
f 3348/1/3348 3351/1/3351 3353/1/3353
f 3351/1/3351 3356/1/3356 3353/1/3353
f 3351/1/3351 3354/1/3354 3356/1/3356
f 3349/1/3349 3354/1/3354 3351/1/3351
f 3349/1/3349 3355/1/3355 3354/1/3354
f 3350/1/3350 3355/1/3355 3349/1/3349
f 3352/1/3352 3353/1/3353 3357/1/3357
f 3353/1/3353 3358/1/3358 3357/1/3357
f 3353/1/3353 3356/1/3356 3358/1/3358
f 3356/1/3356 3361/1/3361 3358/1/3358
f 3356/1/3356 3359/1/3359 3361/1/3361
f 3354/1/3354 3359/1/3359 3356/1/3356
f 3354/1/3354 3360/1/3360 3359/1/3359
f 3355/1/3355 3360/1/3360 3354/1/3354
f 3357/1/3357 3358/1/3358 3362/1/3362
f 3358/1/3358 3363/1/3363 3362/1/3362
f 3358/1/3358 3361/1/3361 3363/1/3363
f 3361/1/3361 3366/1/3366 3363/1/3363
f 3361/1/3361 3364/1/3364 3366/1/3366
f 3359/1/3359 3364/1/3364 3361/1/3361
f 3359/1/3359 3365/1/3365 3364/1/3364
f 3360/1/3360 3365/1/3365 3359/1/3359
f 3362/1/3362 3363/1/3363 3367/1/3367
f 3363/1/3363 3368/1/3368 3367/1/3367
f 3363/1/3363 3366/1/3366 3368/1/3368
f 3366/1/3366 3371/1/3371 3368/1/3368
f 3366/1/3366 3369/1/3369 3371/1/3371
f 3364/1/3364 3369/1/3369 3366/1/3366
f 3364/1/3364 3370/1/3370 3369/1/3369
f 3365/1/3365 3370/1/3370 3364/1/3364
f 3367/1/3367 3368/1/3368 3372/1/3372
f 3368/1/3368 3373/1/3373 3372/1/3372
f 3368/1/3368 3371/1/3371 3373/1/3373
f 3371/1/3371 3376/1/3376 3373/1/3373
f 3371/1/3371 3374/1/3374 3376/1/3376
f 3369/1/3369 3374/1/3374 3371/1/3371
f 3369/1/3369 3375/1/3375 3374/1/3374
f 3370/1/3370 3375/1/3375 3369/1/3369
f 3372/1/3372 3373/1/3373 3377/1/3377
f 3373/1/3373 3378/1/3378 3377/1/3377
f 3373/1/3373 3376/1/3376 3378/1/3378
f 3376/1/3376 3381/1/3381 3378/1/3378
f 3376/1/3376 3379/1/3379 3381/1/3381
f 3374/1/3374 3379/1/3379 3376/1/3376
f 3374/1/3374 3380/1/3380 3379/1/3379
f 3375/1/3375 3380/1/3380 3374/1/3374
f 3377/1/3377 3378/1/3378 3382/1/3382
f 3378/1/3378 3383/1/3383 3382/1/3382
f 3378/1/3378 3381/1/3381 3383/1/3383
f 3381/1/3381 3386/1/3386 3383/1/3383
f 3381/1/3381 3384/1/3384 3386/1/3386
f 3379/1/3379 3384/1/3384 3381/1/3381
f 3379/1/3379 3385/1/3385 3384/1/3384
f 3380/1/3380 3385/1/3385 3379/1/3379
f 3382/1/3382 3383/1/3383 3387/1/3387
f 3383/1/3383 3388/1/3388 3387/1/3387
f 3383/1/3383 3386/1/3386 3388/1/3388
f 3386/1/3386 3391/1/3391 3388/1/3388
f 3386/1/3386 3389/1/3389 3391/1/3391
f 3384/1/3384 3389/1/3389 3386/1/3386
f 3384/1/3384 3390/1/3390 3389/1/3389
f 3385/1/3385 3390/1/3390 3384/1/3384
f 3387/1/3387 3388/1/3388 3392/1/3392
f 3388/1/3388 3393/1/3393 3392/1/3392
f 3388/1/3388 3391/1/3391 3393/1/3393
f 3391/1/3391 3396/1/3396 3393/1/3393
f 3391/1/3391 3394/1/3394 3396/1/3396
f 3389/1/3389 3394/1/3394 3391/1/3391
f 3389/1/3389 3395/1/3395 3394/1/3394
f 3390/1/3390 3395/1/3395 3389/1/3389
f 3392/1/3392 3393/1/3393 3397/1/3397
f 3393/1/3393 3398/1/3398 3397/1/3397
f 3393/1/3393 3396/1/3396 3398/1/3398
f 3396/1/3396 3401/1/3401 3398/1/3398
f 3396/1/3396 3399/1/3399 3401/1/3401
f 3394/1/3394 3399/1/3399 3396/1/3396
f 3394/1/3394 3400/1/3400 3399/1/3399
f 3395/1/3395 3400/1/3400 3394/1/3394
f 3397/1/3397 3398/1/3398 3402/1/3402
f 3398/1/3398 3403/1/3403 3402/1/3402
f 3398/1/3398 3401/1/3401 3403/1/3403
f 3401/1/3401 3406/1/3406 3403/1/3403
f 3401/1/3401 3404/1/3404 3406/1/3406
f 3399/1/3399 3404/1/3404 3401/1/3401
f 3399/1/3399 3405/1/3405 3404/1/3404
f 3400/1/3400 3405/1/3405 3399/1/3399
f 3402/1/3402 3403/1/3403 3407/1/3407
f 3403/1/3403 3408/1/3408 3407/1/3407
f 3403/1/3403 3406/1/3406 3408/1/3408
f 3406/1/3406 3411/1/3411 3408/1/3408
f 3406/1/3406 3409/1/3409 3411/1/3411
f 3404/1/3404 3409/1/3409 3406/1/3406
f 3404/1/3404 3410/1/3410 3409/1/3409
f 3405/1/3405 3410/1/3410 3404/1/3404
f 3407/1/3407 3408/1/3408 3412/1/3412
f 3408/1/3408 3413/1/3413 3412/1/3412
f 3408/1/3408 3411/1/3411 3413/1/3413
f 3411/1/3411 3416/1/3416 3413/1/3413
f 3411/1/3411 3414/1/3414 3416/1/3416
f 3409/1/3409 3414/1/3414 3411/1/3411
f 3409/1/3409 3415/1/3415 3414/1/3414
f 3410/1/3410 3415/1/3415 3409/1/3409
f 3412/1/3412 3413/1/3413 3417/1/3417
f 3413/1/3413 3418/1/3418 3417/1/3417
f 3413/1/3413 3416/1/3416 3418/1/3418
f 3416/1/3416 3421/1/3421 3418/1/3418
f 3416/1/3416 3419/1/3419 3421/1/3421
f 3414/1/3414 3419/1/3419 3416/1/3416
f 3414/1/3414 3420/1/3420 3419/1/3419
f 3415/1/3415 3420/1/3420 3414/1/3414
f 3417/1/3417 3418/1/3418 3422/1/3422
f 3418/1/3418 3423/1/3423 3422/1/3422
f 3418/1/3418 3421/1/3421 3423/1/3423
f 3421/1/3421 3426/1/3426 3423/1/3423
f 3421/1/3421 3424/1/3424 3426/1/3426
f 3419/1/3419 3424/1/3424 3421/1/3421
f 3419/1/3419 3425/1/3425 3424/1/3424
f 3420/1/3420 3425/1/3425 3419/1/3419
f 3422/1/3422 3423/1/3423 3427/1/3427
f 3423/1/3423 3428/1/3428 3427/1/3427
f 3423/1/3423 3426/1/3426 3428/1/3428
f 3426/1/3426 3431/1/3431 3428/1/3428
f 3426/1/3426 3429/1/3429 3431/1/3431
f 3424/1/3424 3429/1/3429 3426/1/3426
f 3424/1/3424 3430/1/3430 3429/1/3429
f 3425/1/3425 3430/1/3430 3424/1/3424
f 3427/1/3427 3428/1/3428 3432/1/3432
f 3428/1/3428 3433/1/3433 3432/1/3432
f 3428/1/3428 3431/1/3431 3433/1/3433
f 3431/1/3431 3436/1/3436 3433/1/3433
f 3431/1/3431 3434/1/3434 3436/1/3436
f 3429/1/3429 3434/1/3434 3431/1/3431
f 3429/1/3429 3435/1/3435 3434/1/3434
f 3430/1/3430 3435/1/3435 3429/1/3429
f 3432/1/3432 3433/1/3433 3437/1/3437
f 3433/1/3433 3438/1/3438 3437/1/3437
f 3433/1/3433 3436/1/3436 3438/1/3438
f 3436/1/3436 3441/1/3441 3438/1/3438
f 3436/1/3436 3439/1/3439 3441/1/3441
f 3434/1/3434 3439/1/3439 3436/1/3436
f 3434/1/3434 3440/1/3440 3439/1/3439
f 3435/1/3435 3440/1/3440 3434/1/3434
f 3437/1/3437 3438/1/3438 3442/1/3442
f 3438/1/3438 3443/1/3443 3442/1/3442
f 3438/1/3438 3441/1/3441 3443/1/3443
f 3441/1/3441 3446/1/3446 3443/1/3443
f 3441/1/3441 3444/1/3444 3446/1/3446
f 3439/1/3439 3444/1/3444 3441/1/3441
f 3439/1/3439 3445/1/3445 3444/1/3444
f 3440/1/3440 3445/1/3445 3439/1/3439
f 3442/1/3442 3443/1/3443 3447/1/3447
f 3443/1/3443 3448/1/3448 3447/1/3447
f 3443/1/3443 3446/1/3446 3448/1/3448
f 3446/1/3446 3451/1/3451 3448/1/3448
f 3446/1/3446 3449/1/3449 3451/1/3451
f 3444/1/3444 3449/1/3449 3446/1/3446
f 3444/1/3444 3450/1/3450 3449/1/3449
f 3445/1/3445 3450/1/3450 3444/1/3444
f 3447/1/3447 3448/1/3448 3452/1/3452
f 3448/1/3448 3453/1/3453 3452/1/3452
f 3448/1/3448 3451/1/3451 3453/1/3453
f 3451/1/3451 3456/1/3456 3453/1/3453
f 3451/1/3451 3454/1/3454 3456/1/3456
f 3449/1/3449 3454/1/3454 3451/1/3451
f 3449/1/3449 3455/1/3455 3454/1/3454
f 3450/1/3450 3455/1/3455 3449/1/3449
f 3452/1/3452 3453/1/3453 3457/1/3457
f 3453/1/3453 3458/1/3458 3457/1/3457
f 3453/1/3453 3456/1/3456 3458/1/3458
f 3456/1/3456 3461/1/3461 3458/1/3458
f 3456/1/3456 3459/1/3459 3461/1/3461
f 3454/1/3454 3459/1/3459 3456/1/3456
f 3454/1/3454 3460/1/3460 3459/1/3459
f 3455/1/3455 3460/1/3460 3454/1/3454
f 3457/1/3457 3458/1/3458 3462/1/3462
f 3458/1/3458 3463/1/3463 3462/1/3462
f 3458/1/3458 3461/1/3461 3463/1/3463
f 3461/1/3461 3466/1/3466 3463/1/3463
f 3461/1/3461 3464/1/3464 3466/1/3466
f 3459/1/3459 3464/1/3464 3461/1/3461
f 3459/1/3459 3465/1/3465 3464/1/3464
f 3460/1/3460 3465/1/3465 3459/1/3459
f 3462/1/3462 3463/1/3463 3467/1/3467
f 3463/1/3463 3468/1/3468 3467/1/3467
f 3463/1/3463 3466/1/3466 3468/1/3468
f 3466/1/3466 3471/1/3471 3468/1/3468
f 3466/1/3466 3469/1/3469 3471/1/3471
f 3464/1/3464 3469/1/3469 3466/1/3466
f 3464/1/3464 3470/1/3470 3469/1/3469
f 3465/1/3465 3470/1/3470 3464/1/3464
f 3467/1/3467 3468/1/3468 3472/1/3472
f 3468/1/3468 3473/1/3473 3472/1/3472
f 3468/1/3468 3471/1/3471 3473/1/3473
f 3471/1/3471 3476/1/3476 3473/1/3473
f 3471/1/3471 3474/1/3474 3476/1/3476
f 3469/1/3469 3474/1/3474 3471/1/3471
f 3469/1/3469 3475/1/3475 3474/1/3474
f 3470/1/3470 3475/1/3475 3469/1/3469
f 3472/1/3472 3473/1/3473 3477/1/3477
f 3473/1/3473 3478/1/3478 3477/1/3477
f 3473/1/3473 3476/1/3476 3478/1/3478
f 3476/1/3476 3481/1/3481 3478/1/3478
f 3476/1/3476 3479/1/3479 3481/1/3481
f 3474/1/3474 3479/1/3479 3476/1/3476
f 3474/1/3474 3480/1/3480 3479/1/3479
f 3475/1/3475 3480/1/3480 3474/1/3474
f 3477/1/3477 3478/1/3478 3482/1/3482
f 3478/1/3478 3483/1/3483 3482/1/3482
f 3478/1/3478 3481/1/3481 3483/1/3483
f 3481/1/3481 3486/1/3486 3483/1/3483
f 3481/1/3481 3484/1/3484 3486/1/3486
f 3479/1/3479 3484/1/3484 3481/1/3481
f 3479/1/3479 3485/1/3485 3484/1/3484
f 3480/1/3480 3485/1/3485 3479/1/3479
f 3482/1/3482 3483/1/3483 3487/1/3487
f 3483/1/3483 3488/1/3488 3487/1/3487
f 3483/1/3483 3486/1/3486 3488/1/3488
f 3486/1/3486 3491/1/3491 3488/1/3488
f 3486/1/3486 3489/1/3489 3491/1/3491
f 3484/1/3484 3489/1/3489 3486/1/3486
f 3484/1/3484 3490/1/3490 3489/1/3489
f 3485/1/3485 3490/1/3490 3484/1/3484
f 3487/1/3487 3488/1/3488 3492/1/3492
f 3488/1/3488 3493/1/3493 3492/1/3492
f 3488/1/3488 3491/1/3491 3493/1/3493
f 3491/1/3491 3496/1/3496 3493/1/3493
f 3491/1/3491 3494/1/3494 3496/1/3496
f 3489/1/3489 3494/1/3494 3491/1/3491
f 3489/1/3489 3495/1/3495 3494/1/3494
f 3490/1/3490 3495/1/3495 3489/1/3489
f 3492/1/3492 3493/1/3493 3497/1/3497
f 3493/1/3493 3498/1/3498 3497/1/3497
f 3493/1/3493 3496/1/3496 3498/1/3498
f 3496/1/3496 3501/1/3501 3498/1/3498
f 3496/1/3496 3499/1/3499 3501/1/3501
f 3494/1/3494 3499/1/3499 3496/1/3496
f 3494/1/3494 3500/1/3500 3499/1/3499
f 3495/1/3495 3500/1/3500 3494/1/3494
f 3497/1/3497 3498/1/3498 3502/1/3502
f 3498/1/3498 3503/1/3503 3502/1/3502
f 3498/1/3498 3501/1/3501 3503/1/3503
f 3501/1/3501 3506/1/3506 3503/1/3503
f 3501/1/3501 3504/1/3504 3506/1/3506
f 3499/1/3499 3504/1/3504 3501/1/3501
f 3499/1/3499 3505/1/3505 3504/1/3504
f 3500/1/3500 3505/1/3505 3499/1/3499
f 3502/1/3502 3503/1/3503 3507/1/3507
f 3503/1/3503 3508/1/3508 3507/1/3507
f 3503/1/3503 3506/1/3506 3508/1/3508
f 3506/1/3506 3511/1/3511 3508/1/3508
f 3506/1/3506 3509/1/3509 3511/1/3511
f 3504/1/3504 3509/1/3509 3506/1/3506
f 3504/1/3504 3510/1/3510 3509/1/3509
f 3505/1/3505 3510/1/3510 3504/1/3504
f 3507/1/3507 3508/1/3508 3512/1/3512
f 3508/1/3508 3513/1/3513 3512/1/3512
f 3508/1/3508 3511/1/3511 3513/1/3513
f 3511/1/3511 3516/1/3516 3513/1/3513
f 3511/1/3511 3514/1/3514 3516/1/3516
f 3509/1/3509 3514/1/3514 3511/1/3511
f 3509/1/3509 3515/1/3515 3514/1/3514
f 3510/1/3510 3515/1/3515 3509/1/3509
f 3512/1/3512 3513/1/3513 3517/1/3517
f 3513/1/3513 3518/1/3518 3517/1/3517
f 3513/1/3513 3516/1/3516 3518/1/3518
f 3516/1/3516 3521/1/3521 3518/1/3518
f 3516/1/3516 3519/1/3519 3521/1/3521
f 3514/1/3514 3519/1/3519 3516/1/3516
f 3514/1/3514 3520/1/3520 3519/1/3519
f 3515/1/3515 3520/1/3520 3514/1/3514
f 3517/1/3517 3518/1/3518 3522/1/3522
f 3518/1/3518 3523/1/3523 3522/1/3522
f 3518/1/3518 3521/1/3521 3523/1/3523
f 3521/1/3521 3526/1/3526 3523/1/3523
f 3521/1/3521 3524/1/3524 3526/1/3526
f 3519/1/3519 3524/1/3524 3521/1/3521
f 3519/1/3519 3525/1/3525 3524/1/3524
f 3520/1/3520 3525/1/3525 3519/1/3519
f 3522/1/3522 3523/1/3523 3527/1/3527
f 3523/1/3523 3528/1/3528 3527/1/3527
f 3523/1/3523 3526/1/3526 3528/1/3528
f 3526/1/3526 3531/1/3531 3528/1/3528
f 3526/1/3526 3529/1/3529 3531/1/3531
f 3524/1/3524 3529/1/3529 3526/1/3526
f 3524/1/3524 3530/1/3530 3529/1/3529
f 3525/1/3525 3530/1/3530 3524/1/3524
f 3527/1/3527 3528/1/3528 3532/1/3532
f 3528/1/3528 3533/1/3533 3532/1/3532
f 3528/1/3528 3531/1/3531 3533/1/3533
f 3531/1/3531 3536/1/3536 3533/1/3533
f 3531/1/3531 3534/1/3534 3536/1/3536
f 3529/1/3529 3534/1/3534 3531/1/3531
f 3529/1/3529 3535/1/3535 3534/1/3534
f 3530/1/3530 3535/1/3535 3529/1/3529
f 3532/1/3532 3533/1/3533 3537/1/3537
f 3533/1/3533 3538/1/3538 3537/1/3537
f 3533/1/3533 3536/1/3536 3538/1/3538
f 3536/1/3536 3541/1/3541 3538/1/3538
f 3536/1/3536 3539/1/3539 3541/1/3541
f 3534/1/3534 3539/1/3539 3536/1/3536
f 3534/1/3534 3540/1/3540 3539/1/3539
f 3535/1/3535 3540/1/3540 3534/1/3534
f 3537/1/3537 3538/1/3538 3542/1/3542
f 3538/1/3538 3543/1/3543 3542/1/3542
f 3538/1/3538 3541/1/3541 3543/1/3543
f 3541/1/3541 3546/1/3546 3543/1/3543
f 3541/1/3541 3544/1/3544 3546/1/3546
f 3539/1/3539 3544/1/3544 3541/1/3541
f 3539/1/3539 3545/1/3545 3544/1/3544
f 3540/1/3540 3545/1/3545 3539/1/3539
f 3542/1/3542 3543/1/3543 3547/1/3547
f 3543/1/3543 3548/1/3548 3547/1/3547
f 3543/1/3543 3546/1/3546 3548/1/3548
f 3546/1/3546 3551/1/3551 3548/1/3548
f 3546/1/3546 3549/1/3549 3551/1/3551
f 3544/1/3544 3549/1/3549 3546/1/3546
f 3544/1/3544 3550/1/3550 3549/1/3549
f 3545/1/3545 3550/1/3550 3544/1/3544
f 3547/1/3547 3548/1/3548 3552/1/3552
f 3548/1/3548 3553/1/3553 3552/1/3552
f 3548/1/3548 3551/1/3551 3553/1/3553
f 3551/1/3551 3556/1/3556 3553/1/3553
f 3551/1/3551 3554/1/3554 3556/1/3556
f 3549/1/3549 3554/1/3554 3551/1/3551
f 3549/1/3549 3555/1/3555 3554/1/3554
f 3550/1/3550 3555/1/3555 3549/1/3549
f 3552/1/3552 3553/1/3553 3557/1/3557
f 3553/1/3553 3558/1/3558 3557/1/3557
f 3553/1/3553 3556/1/3556 3558/1/3558
f 3556/1/3556 3561/1/3561 3558/1/3558
f 3556/1/3556 3559/1/3559 3561/1/3561
f 3554/1/3554 3559/1/3559 3556/1/3556
f 3554/1/3554 3560/1/3560 3559/1/3559
f 3555/1/3555 3560/1/3560 3554/1/3554
f 3557/1/3557 3558/1/3558 3562/1/3562
f 3558/1/3558 3563/1/3563 3562/1/3562
f 3558/1/3558 3561/1/3561 3563/1/3563
f 3561/1/3561 3566/1/3566 3563/1/3563
f 3561/1/3561 3564/1/3564 3566/1/3566
f 3559/1/3559 3564/1/3564 3561/1/3561
f 3559/1/3559 3565/1/3565 3564/1/3564
f 3560/1/3560 3565/1/3565 3559/1/3559
f 3562/1/3562 3563/1/3563 3567/1/3567
f 3563/1/3563 3568/1/3568 3567/1/3567
f 3563/1/3563 3566/1/3566 3568/1/3568
f 3566/1/3566 3571/1/3571 3568/1/3568
f 3566/1/3566 3569/1/3569 3571/1/3571
f 3564/1/3564 3569/1/3569 3566/1/3566
f 3564/1/3564 3570/1/3570 3569/1/3569
f 3565/1/3565 3570/1/3570 3564/1/3564
f 3567/1/3567 3568/1/3568 3572/1/3572
f 3568/1/3568 3573/1/3573 3572/1/3572
f 3568/1/3568 3571/1/3571 3573/1/3573
f 3571/1/3571 3576/1/3576 3573/1/3573
f 3571/1/3571 3574/1/3574 3576/1/3576
f 3569/1/3569 3574/1/3574 3571/1/3571
f 3569/1/3569 3575/1/3575 3574/1/3574
f 3570/1/3570 3575/1/3575 3569/1/3569
f 3572/1/3572 3573/1/3573 3577/1/3577
f 3573/1/3573 3578/1/3578 3577/1/3577
f 3573/1/3573 3576/1/3576 3578/1/3578
f 3576/1/3576 3581/1/3581 3578/1/3578
f 3576/1/3576 3579/1/3579 3581/1/3581
f 3574/1/3574 3579/1/3579 3576/1/3576
f 3574/1/3574 3580/1/3580 3579/1/3579
f 3575/1/3575 3580/1/3580 3574/1/3574
f 3577/1/3577 3578/1/3578 3582/1/3582
f 3578/1/3578 3583/1/3583 3582/1/3582
f 3578/1/3578 3581/1/3581 3583/1/3583
f 3581/1/3581 3586/1/3586 3583/1/3583
f 3581/1/3581 3584/1/3584 3586/1/3586
f 3579/1/3579 3584/1/3584 3581/1/3581
f 3579/1/3579 3585/1/3585 3584/1/3584
f 3580/1/3580 3585/1/3585 3579/1/3579
f 3582/1/3582 3583/1/3583 3587/1/3587
f 3583/1/3583 3588/1/3588 3587/1/3587
f 3583/1/3583 3586/1/3586 3588/1/3588
f 3586/1/3586 3591/1/3591 3588/1/3588
f 3586/1/3586 3589/1/3589 3591/1/3591
f 3584/1/3584 3589/1/3589 3586/1/3586
f 3584/1/3584 3590/1/3590 3589/1/3589
f 3585/1/3585 3590/1/3590 3584/1/3584
f 3587/1/3587 3588/1/3588 3592/1/3592
f 3588/1/3588 3593/1/3593 3592/1/3592
f 3588/1/3588 3591/1/3591 3593/1/3593
f 3591/1/3591 3596/1/3596 3593/1/3593
f 3591/1/3591 3594/1/3594 3596/1/3596
f 3589/1/3589 3594/1/3594 3591/1/3591
f 3589/1/3589 3595/1/3595 3594/1/3594
f 3590/1/3590 3595/1/3595 3589/1/3589
f 3592/1/3592 3593/1/3593 3597/1/3597
f 3593/1/3593 3598/1/3598 3597/1/3597
f 3593/1/3593 3596/1/3596 3598/1/3598
f 3596/1/3596 3601/1/3601 3598/1/3598
f 3596/1/3596 3599/1/3599 3601/1/3601
f 3594/1/3594 3599/1/3599 3596/1/3596
f 3594/1/3594 3600/1/3600 3599/1/3599
f 3595/1/3595 3600/1/3600 3594/1/3594
f 3597/1/3597 3598/1/3598 3602/1/3602
f 3598/1/3598 3603/1/3603 3602/1/3602
f 3598/1/3598 3601/1/3601 3603/1/3603
f 3601/1/3601 3606/1/3606 3603/1/3603
f 3601/1/3601 3604/1/3604 3606/1/3606
f 3599/1/3599 3604/1/3604 3601/1/3601
f 3599/1/3599 3605/1/3605 3604/1/3604
f 3600/1/3600 3605/1/3605 3599/1/3599
f 3602/1/3602 3603/1/3603 3607/1/3607
f 3603/1/3603 3608/1/3608 3607/1/3607
f 3603/1/3603 3606/1/3606 3608/1/3608
f 3606/1/3606 3611/1/3611 3608/1/3608
f 3606/1/3606 3609/1/3609 3611/1/3611
f 3604/1/3604 3609/1/3609 3606/1/3606
f 3604/1/3604 3610/1/3610 3609/1/3609
f 3605/1/3605 3610/1/3610 3604/1/3604
f 3607/1/3607 3608/1/3608 3612/1/3612
f 3608/1/3608 3613/1/3613 3612/1/3612
f 3608/1/3608 3611/1/3611 3613/1/3613
f 3611/1/3611 3616/1/3616 3613/1/3613
f 3611/1/3611 3614/1/3614 3616/1/3616
f 3609/1/3609 3614/1/3614 3611/1/3611
f 3609/1/3609 3615/1/3615 3614/1/3614
f 3610/1/3610 3615/1/3615 3609/1/3609
f 3612/1/3612 3613/1/3613 3617/1/3617
f 3613/1/3613 3618/1/3618 3617/1/3617
f 3613/1/3613 3616/1/3616 3618/1/3618
f 3616/1/3616 3621/1/3621 3618/1/3618
f 3616/1/3616 3619/1/3619 3621/1/3621
f 3614/1/3614 3619/1/3619 3616/1/3616
f 3614/1/3614 3620/1/3620 3619/1/3619
f 3615/1/3615 3620/1/3620 3614/1/3614
f 3617/1/3617 3618/1/3618 3622/1/3622
f 3618/1/3618 3623/1/3623 3622/1/3622
f 3618/1/3618 3621/1/3621 3623/1/3623
f 3621/1/3621 3626/1/3626 3623/1/3623
f 3621/1/3621 3624/1/3624 3626/1/3626
f 3619/1/3619 3624/1/3624 3621/1/3621
f 3619/1/3619 3625/1/3625 3624/1/3624
f 3620/1/3620 3625/1/3625 3619/1/3619
f 3622/1/3622 3623/1/3623 3627/1/3627
f 3623/1/3623 3628/1/3628 3627/1/3627
f 3623/1/3623 3626/1/3626 3628/1/3628
f 3626/1/3626 3631/1/3631 3628/1/3628
f 3626/1/3626 3629/1/3629 3631/1/3631
f 3624/1/3624 3629/1/3629 3626/1/3626
f 3624/1/3624 3630/1/3630 3629/1/3629
f 3625/1/3625 3630/1/3630 3624/1/3624
f 3627/1/3627 3628/1/3628 3632/1/3632
f 3628/1/3628 3633/1/3633 3632/1/3632
f 3628/1/3628 3631/1/3631 3633/1/3633
f 3631/1/3631 3636/1/3636 3633/1/3633
f 3631/1/3631 3634/1/3634 3636/1/3636
f 3629/1/3629 3634/1/3634 3631/1/3631
f 3629/1/3629 3635/1/3635 3634/1/3634
f 3630/1/3630 3635/1/3635 3629/1/3629
f 3632/1/3632 3633/1/3633 3637/1/3637
f 3633/1/3633 3638/1/3638 3637/1/3637
f 3633/1/3633 3636/1/3636 3638/1/3638
f 3636/1/3636 3641/1/3641 3638/1/3638
f 3636/1/3636 3639/1/3639 3641/1/3641
f 3634/1/3634 3639/1/3639 3636/1/3636
f 3634/1/3634 3640/1/3640 3639/1/3639
f 3635/1/3635 3640/1/3640 3634/1/3634
f 3637/1/3637 3638/1/3638 3642/1/3642
f 3638/1/3638 3643/1/3643 3642/1/3642
f 3638/1/3638 3641/1/3641 3643/1/3643
f 3641/1/3641 3646/1/3646 3643/1/3643
f 3641/1/3641 3644/1/3644 3646/1/3646
f 3639/1/3639 3644/1/3644 3641/1/3641
f 3639/1/3639 3645/1/3645 3644/1/3644
f 3640/1/3640 3645/1/3645 3639/1/3639
f 3642/1/3642 3643/1/3643 3647/1/3647
f 3643/1/3643 3648/1/3648 3647/1/3647
f 3643/1/3643 3646/1/3646 3648/1/3648
f 3646/1/3646 3651/1/3651 3648/1/3648
f 3646/1/3646 3649/1/3649 3651/1/3651
f 3644/1/3644 3649/1/3649 3646/1/3646
f 3644/1/3644 3650/1/3650 3649/1/3649
f 3645/1/3645 3650/1/3650 3644/1/3644
f 3647/1/3647 3648/1/3648 3652/1/3652
f 3648/1/3648 3653/1/3653 3652/1/3652
f 3648/1/3648 3651/1/3651 3653/1/3653
f 3651/1/3651 3656/1/3656 3653/1/3653
f 3651/1/3651 3654/1/3654 3656/1/3656
f 3649/1/3649 3654/1/3654 3651/1/3651
f 3649/1/3649 3655/1/3655 3654/1/3654
f 3650/1/3650 3655/1/3655 3649/1/3649
f 3652/1/3652 3653/1/3653 3657/1/3657
f 3653/1/3653 3658/1/3658 3657/1/3657
f 3653/1/3653 3656/1/3656 3658/1/3658
f 3656/1/3656 3661/1/3661 3658/1/3658
f 3656/1/3656 3659/1/3659 3661/1/3661
f 3654/1/3654 3659/1/3659 3656/1/3656
f 3654/1/3654 3660/1/3660 3659/1/3659
f 3655/1/3655 3660/1/3660 3654/1/3654
f 3657/1/3657 3658/1/3658 3662/1/3662
f 3658/1/3658 3663/1/3663 3662/1/3662
f 3658/1/3658 3661/1/3661 3663/1/3663
f 3661/1/3661 3666/1/3666 3663/1/3663
f 3661/1/3661 3664/1/3664 3666/1/3666
f 3659/1/3659 3664/1/3664 3661/1/3661
f 3659/1/3659 3665/1/3665 3664/1/3664
f 3660/1/3660 3665/1/3665 3659/1/3659
f 3662/1/3662 3663/1/3663 3667/1/3667
f 3663/1/3663 3668/1/3668 3667/1/3667
f 3663/1/3663 3666/1/3666 3668/1/3668
f 3666/1/3666 3671/1/3671 3668/1/3668
f 3666/1/3666 3669/1/3669 3671/1/3671
f 3664/1/3664 3669/1/3669 3666/1/3666
f 3664/1/3664 3670/1/3670 3669/1/3669
f 3665/1/3665 3670/1/3670 3664/1/3664
f 3667/1/3667 3668/1/3668 3672/1/3672
f 3668/1/3668 3673/1/3673 3672/1/3672
f 3668/1/3668 3671/1/3671 3673/1/3673
f 3671/1/3671 3676/1/3676 3673/1/3673
f 3671/1/3671 3674/1/3674 3676/1/3676
f 3669/1/3669 3674/1/3674 3671/1/3671
f 3669/1/3669 3675/1/3675 3674/1/3674
f 3670/1/3670 3675/1/3675 3669/1/3669
f 3672/1/3672 3673/1/3673 3677/1/3677
f 3673/1/3673 3678/1/3678 3677/1/3677
f 3673/1/3673 3676/1/3676 3678/1/3678
f 3676/1/3676 3681/1/3681 3678/1/3678
f 3676/1/3676 3679/1/3679 3681/1/3681
f 3674/1/3674 3679/1/3679 3676/1/3676
f 3674/1/3674 3680/1/3680 3679/1/3679
f 3675/1/3675 3680/1/3680 3674/1/3674
f 3677/1/3677 3678/1/3678 3682/1/3682
f 3678/1/3678 3683/1/3683 3682/1/3682
f 3678/1/3678 3681/1/3681 3683/1/3683
f 3681/1/3681 3686/1/3686 3683/1/3683
f 3681/1/3681 3684/1/3684 3686/1/3686
f 3679/1/3679 3684/1/3684 3681/1/3681
f 3679/1/3679 3685/1/3685 3684/1/3684
f 3680/1/3680 3685/1/3685 3679/1/3679
f 3682/1/3682 3683/1/3683 3687/1/3687
f 3683/1/3683 3688/1/3688 3687/1/3687
f 3683/1/3683 3686/1/3686 3688/1/3688
f 3686/1/3686 3691/1/3691 3688/1/3688
f 3686/1/3686 3689/1/3689 3691/1/3691
f 3684/1/3684 3689/1/3689 3686/1/3686
f 3684/1/3684 3690/1/3690 3689/1/3689
f 3685/1/3685 3690/1/3690 3684/1/3684
f 3687/1/3687 3688/1/3688 3692/1/3692
f 3688/1/3688 3693/1/3693 3692/1/3692
f 3688/1/3688 3691/1/3691 3693/1/3693
f 3691/1/3691 3696/1/3696 3693/1/3693
f 3691/1/3691 3694/1/3694 3696/1/3696
f 3689/1/3689 3694/1/3694 3691/1/3691
f 3689/1/3689 3695/1/3695 3694/1/3694
f 3690/1/3690 3695/1/3695 3689/1/3689
f 3692/1/3692 3693/1/3693 3697/1/3697
f 3693/1/3693 3698/1/3698 3697/1/3697
f 3693/1/3693 3696/1/3696 3698/1/3698
f 3696/1/3696 3701/1/3701 3698/1/3698
f 3696/1/3696 3699/1/3699 3701/1/3701
f 3694/1/3694 3699/1/3699 3696/1/3696
f 3694/1/3694 3700/1/3700 3699/1/3699
f 3695/1/3695 3700/1/3700 3694/1/3694
f 3697/1/3697 3698/1/3698 3702/1/3702
f 3698/1/3698 3703/1/3703 3702/1/3702
f 3698/1/3698 3701/1/3701 3703/1/3703
f 3701/1/3701 3706/1/3706 3703/1/3703
f 3701/1/3701 3704/1/3704 3706/1/3706
f 3699/1/3699 3704/1/3704 3701/1/3701
f 3699/1/3699 3705/1/3705 3704/1/3704
f 3700/1/3700 3705/1/3705 3699/1/3699
f 3702/1/3702 3703/1/3703 3707/1/3707
f 3703/1/3703 3708/1/3708 3707/1/3707
f 3703/1/3703 3706/1/3706 3708/1/3708
f 3706/1/3706 3711/1/3711 3708/1/3708
f 3706/1/3706 3709/1/3709 3711/1/3711
f 3704/1/3704 3709/1/3709 3706/1/3706
f 3704/1/3704 3710/1/3710 3709/1/3709
f 3705/1/3705 3710/1/3710 3704/1/3704
f 3707/1/3707 3708/1/3708 3712/1/3712
f 3708/1/3708 3713/1/3713 3712/1/3712
f 3708/1/3708 3711/1/3711 3713/1/3713
f 3711/1/3711 3716/1/3716 3713/1/3713
f 3711/1/3711 3714/1/3714 3716/1/3716
f 3709/1/3709 3714/1/3714 3711/1/3711
f 3709/1/3709 3715/1/3715 3714/1/3714
f 3710/1/3710 3715/1/3715 3709/1/3709
f 3712/1/3712 3713/1/3713 3717/1/3717
f 3713/1/3713 3718/1/3718 3717/1/3717
f 3713/1/3713 3716/1/3716 3718/1/3718
f 3716/1/3716 3721/1/3721 3718/1/3718
f 3716/1/3716 3719/1/3719 3721/1/3721
f 3714/1/3714 3719/1/3719 3716/1/3716
f 3714/1/3714 3720/1/3720 3719/1/3719
f 3715/1/3715 3720/1/3720 3714/1/3714
f 3717/1/3717 3718/1/3718 3722/1/3722
f 3718/1/3718 3723/1/3723 3722/1/3722
f 3718/1/3718 3721/1/3721 3723/1/3723
f 3721/1/3721 3726/1/3726 3723/1/3723
f 3721/1/3721 3724/1/3724 3726/1/3726
f 3719/1/3719 3724/1/3724 3721/1/3721
f 3719/1/3719 3725/1/3725 3724/1/3724
f 3720/1/3720 3725/1/3725 3719/1/3719
f 3722/1/3722 3723/1/3723 3727/1/3727
f 3723/1/3723 3728/1/3728 3727/1/3727
f 3723/1/3723 3726/1/3726 3728/1/3728
f 3726/1/3726 3731/1/3731 3728/1/3728
f 3726/1/3726 3729/1/3729 3731/1/3731
f 3724/1/3724 3729/1/3729 3726/1/3726
f 3724/1/3724 3730/1/3730 3729/1/3729
f 3725/1/3725 3730/1/3730 3724/1/3724
f 3727/1/3727 3728/1/3728 3732/1/3732
f 3728/1/3728 3733/1/3733 3732/1/3732
f 3728/1/3728 3731/1/3731 3733/1/3733
f 3731/1/3731 3736/1/3736 3733/1/3733
f 3731/1/3731 3734/1/3734 3736/1/3736
f 3729/1/3729 3734/1/3734 3731/1/3731
f 3729/1/3729 3735/1/3735 3734/1/3734
f 3730/1/3730 3735/1/3735 3729/1/3729
f 3732/1/3732 3733/1/3733 3737/1/3737
f 3733/1/3733 3738/1/3738 3737/1/3737
f 3733/1/3733 3736/1/3736 3738/1/3738
f 3736/1/3736 3741/1/3741 3738/1/3738
f 3736/1/3736 3739/1/3739 3741/1/3741
f 3734/1/3734 3739/1/3739 3736/1/3736
f 3734/1/3734 3740/1/3740 3739/1/3739
f 3735/1/3735 3740/1/3740 3734/1/3734
f 3737/1/3737 3738/1/3738 3742/1/3742
f 3738/1/3738 3743/1/3743 3742/1/3742
f 3738/1/3738 3741/1/3741 3743/1/3743
f 3741/1/3741 3746/1/3746 3743/1/3743
f 3741/1/3741 3744/1/3744 3746/1/3746
f 3739/1/3739 3744/1/3744 3741/1/3741
f 3739/1/3739 3745/1/3745 3744/1/3744
f 3740/1/3740 3745/1/3745 3739/1/3739
f 3742/1/3742 3743/1/3743 3747/1/3747
f 3743/1/3743 3748/1/3748 3747/1/3747
f 3743/1/3743 3746/1/3746 3748/1/3748
f 3746/1/3746 3751/1/3751 3748/1/3748
f 3746/1/3746 3749/1/3749 3751/1/3751
f 3744/1/3744 3749/1/3749 3746/1/3746
f 3744/1/3744 3750/1/3750 3749/1/3749
f 3745/1/3745 3750/1/3750 3744/1/3744
f 3747/1/3747 3748/1/3748 3752/1/3752
f 3748/1/3748 3753/1/3753 3752/1/3752
f 3748/1/3748 3751/1/3751 3753/1/3753
f 3751/1/3751 3756/1/3756 3753/1/3753
f 3751/1/3751 3754/1/3754 3756/1/3756
f 3749/1/3749 3754/1/3754 3751/1/3751
f 3749/1/3749 3755/1/3755 3754/1/3754
f 3750/1/3750 3755/1/3755 3749/1/3749
f 3752/1/3752 3753/1/3753 3757/1/3757
f 3753/1/3753 3758/1/3758 3757/1/3757
f 3753/1/3753 3756/1/3756 3758/1/3758
f 3756/1/3756 3761/1/3761 3758/1/3758
f 3756/1/3756 3759/1/3759 3761/1/3761
f 3754/1/3754 3759/1/3759 3756/1/3756
f 3754/1/3754 3760/1/3760 3759/1/3759
f 3755/1/3755 3760/1/3760 3754/1/3754
f 3757/1/3757 3758/1/3758 3762/1/3762
f 3758/1/3758 3763/1/3763 3762/1/3762
f 3758/1/3758 3761/1/3761 3763/1/3763
f 3761/1/3761 3766/1/3766 3763/1/3763
f 3761/1/3761 3764/1/3764 3766/1/3766
f 3759/1/3759 3764/1/3764 3761/1/3761
f 3759/1/3759 3765/1/3765 3764/1/3764
f 3760/1/3760 3765/1/3765 3759/1/3759
f 3762/1/3762 3763/1/3763 3767/1/3767
f 3763/1/3763 3768/1/3768 3767/1/3767
f 3763/1/3763 3766/1/3766 3768/1/3768
f 3766/1/3766 3771/1/3771 3768/1/3768
f 3766/1/3766 3769/1/3769 3771/1/3771
f 3764/1/3764 3769/1/3769 3766/1/3766
f 3764/1/3764 3770/1/3770 3769/1/3769
f 3765/1/3765 3770/1/3770 3764/1/3764
f 3767/1/3767 3768/1/3768 3772/1/3772
f 3768/1/3768 3773/1/3773 3772/1/3772
f 3768/1/3768 3771/1/3771 3773/1/3773
f 3771/1/3771 3776/1/3776 3773/1/3773
f 3771/1/3771 3774/1/3774 3776/1/3776
f 3769/1/3769 3774/1/3774 3771/1/3771
f 3769/1/3769 3775/1/3775 3774/1/3774
f 3770/1/3770 3775/1/3775 3769/1/3769
f 3772/1/3772 3773/1/3773 3777/1/3777
f 3773/1/3773 3778/1/3778 3777/1/3777
f 3773/1/3773 3776/1/3776 3778/1/3778
f 3776/1/3776 3781/1/3781 3778/1/3778
f 3776/1/3776 3779/1/3779 3781/1/3781
f 3774/1/3774 3779/1/3779 3776/1/3776
f 3774/1/3774 3780/1/3780 3779/1/3779
f 3775/1/3775 3780/1/3780 3774/1/3774
f 3777/1/3777 3778/1/3778 3782/1/3782
f 3778/1/3778 3783/1/3783 3782/1/3782
f 3778/1/3778 3781/1/3781 3783/1/3783
f 3781/1/3781 3786/1/3786 3783/1/3783
f 3781/1/3781 3784/1/3784 3786/1/3786
f 3779/1/3779 3784/1/3784 3781/1/3781
f 3779/1/3779 3785/1/3785 3784/1/3784
f 3780/1/3780 3785/1/3785 3779/1/3779
f 3782/1/3782 3783/1/3783 3787/1/3787
f 3783/1/3783 3788/1/3788 3787/1/3787
f 3783/1/3783 3786/1/3786 3788/1/3788
f 3786/1/3786 3791/1/3791 3788/1/3788
f 3786/1/3786 3789/1/3789 3791/1/3791
f 3784/1/3784 3789/1/3789 3786/1/3786
f 3784/1/3784 3790/1/3790 3789/1/3789
f 3785/1/3785 3790/1/3790 3784/1/3784
f 3787/1/3787 3788/1/3788 3792/1/3792
f 3788/1/3788 3793/1/3793 3792/1/3792
f 3788/1/3788 3791/1/3791 3793/1/3793
f 3791/1/3791 3796/1/3796 3793/1/3793
f 3791/1/3791 3794/1/3794 3796/1/3796
f 3789/1/3789 3794/1/3794 3791/1/3791
f 3789/1/3789 3795/1/3795 3794/1/3794
f 3790/1/3790 3795/1/3795 3789/1/3789
f 3792/1/3792 3793/1/3793 3797/1/3797
f 3793/1/3793 3798/1/3798 3797/1/3797
f 3793/1/3793 3796/1/3796 3798/1/3798
f 3796/1/3796 3801/1/3801 3798/1/3798
f 3796/1/3796 3799/1/3799 3801/1/3801
f 3794/1/3794 3799/1/3799 3796/1/3796
f 3794/1/3794 3800/1/3800 3799/1/3799
f 3795/1/3795 3800/1/3800 3794/1/3794
f 3797/1/3797 3798/1/3798 3802/1/3802
f 3798/1/3798 3803/1/3803 3802/1/3802
f 3798/1/3798 3801/1/3801 3803/1/3803
f 3801/1/3801 3806/1/3806 3803/1/3803
f 3801/1/3801 3804/1/3804 3806/1/3806
f 3799/1/3799 3804/1/3804 3801/1/3801
f 3799/1/3799 3805/1/3805 3804/1/3804
f 3800/1/3800 3805/1/3805 3799/1/3799
f 3802/1/3802 3803/1/3803 3807/1/3807
f 3803/1/3803 3808/1/3808 3807/1/3807
f 3803/1/3803 3806/1/3806 3808/1/3808
f 3806/1/3806 3811/1/3811 3808/1/3808
f 3806/1/3806 3809/1/3809 3811/1/3811
f 3804/1/3804 3809/1/3809 3806/1/3806
f 3804/1/3804 3810/1/3810 3809/1/3809
f 3805/1/3805 3810/1/3810 3804/1/3804
f 3807/1/3807 3808/1/3808 3812/1/3812
f 3808/1/3808 3813/1/3813 3812/1/3812
f 3808/1/3808 3811/1/3811 3813/1/3813
f 3811/1/3811 3816/1/3816 3813/1/3813
f 3811/1/3811 3814/1/3814 3816/1/3816
f 3809/1/3809 3814/1/3814 3811/1/3811
f 3809/1/3809 3815/1/3815 3814/1/3814
f 3810/1/3810 3815/1/3815 3809/1/3809
f 3817/1/3817 3819/1/3819 3818/1/3818
f 3817/1/3817 3822/1/3822 3819/1/3819
f 3817/1/3817 3820/1/3820 3822/1/3822
f 3817/1/3817 3821/1/3821 3820/1/3820
f 3818/1/3818 3819/1/3819 3823/1/3823
f 3819/1/3819 3824/1/3824 3823/1/3823
f 3819/1/3819 3822/1/3822 3824/1/3824
f 3822/1/3822 3827/1/3827 3824/1/3824
f 3822/1/3822 3825/1/3825 3827/1/3827
f 3820/1/3820 3825/1/3825 3822/1/3822
f 3820/1/3820 3826/1/3826 3825/1/3825
f 3821/1/3821 3826/1/3826 3820/1/3820
f 3823/1/3823 3824/1/3824 3828/1/3828
f 3824/1/3824 3829/1/3829 3828/1/3828
f 3824/1/3824 3827/1/3827 3829/1/3829
f 3827/1/3827 3832/1/3832 3829/1/3829
f 3827/1/3827 3830/1/3830 3832/1/3832
f 3825/1/3825 3830/1/3830 3827/1/3827
f 3825/1/3825 3831/1/3831 3830/1/3830
f 3826/1/3826 3831/1/3831 3825/1/3825
f 3828/1/3828 3829/1/3829 3833/1/3833
f 3829/1/3829 3834/1/3834 3833/1/3833
f 3829/1/3829 3832/1/3832 3834/1/3834
f 3832/1/3832 3837/1/3837 3834/1/3834
f 3832/1/3832 3835/1/3835 3837/1/3837
f 3830/1/3830 3835/1/3835 3832/1/3832
f 3830/1/3830 3836/1/3836 3835/1/3835
f 3831/1/3831 3836/1/3836 3830/1/3830
f 3833/1/3833 3834/1/3834 3838/1/3838
f 3834/1/3834 3839/1/3839 3838/1/3838
f 3834/1/3834 3837/1/3837 3839/1/3839
f 3837/1/3837 3842/1/3842 3839/1/3839
f 3837/1/3837 3840/1/3840 3842/1/3842
f 3835/1/3835 3840/1/3840 3837/1/3837
f 3835/1/3835 3841/1/3841 3840/1/3840
f 3836/1/3836 3841/1/3841 3835/1/3835
f 3838/1/3838 3839/1/3839 3843/1/3843
f 3839/1/3839 3844/1/3844 3843/1/3843
f 3839/1/3839 3842/1/3842 3844/1/3844
f 3842/1/3842 3847/1/3847 3844/1/3844
f 3842/1/3842 3845/1/3845 3847/1/3847
f 3840/1/3840 3845/1/3845 3842/1/3842
f 3840/1/3840 3846/1/3846 3845/1/3845
f 3841/1/3841 3846/1/3846 3840/1/3840
f 3843/1/3843 3844/1/3844 3848/1/3848
f 3844/1/3844 3849/1/3849 3848/1/3848
f 3844/1/3844 3847/1/3847 3849/1/3849
f 3847/1/3847 3852/1/3852 3849/1/3849
f 3847/1/3847 3850/1/3850 3852/1/3852
f 3845/1/3845 3850/1/3850 3847/1/3847
f 3845/1/3845 3851/1/3851 3850/1/3850
f 3846/1/3846 3851/1/3851 3845/1/3845
f 3848/1/3848 3849/1/3849 3853/1/3853
f 3849/1/3849 3854/1/3854 3853/1/3853
f 3849/1/3849 3852/1/3852 3854/1/3854
f 3852/1/3852 3857/1/3857 3854/1/3854
f 3852/1/3852 3855/1/3855 3857/1/3857
f 3850/1/3850 3855/1/3855 3852/1/3852
f 3850/1/3850 3856/1/3856 3855/1/3855
f 3851/1/3851 3856/1/3856 3850/1/3850
f 3853/1/3853 3854/1/3854 3858/1/3858
f 3854/1/3854 3859/1/3859 3858/1/3858
f 3854/1/3854 3857/1/3857 3859/1/3859
f 3857/1/3857 3862/1/3862 3859/1/3859
f 3857/1/3857 3860/1/3860 3862/1/3862
f 3855/1/3855 3860/1/3860 3857/1/3857
f 3855/1/3855 3861/1/3861 3860/1/3860
f 3856/1/3856 3861/1/3861 3855/1/3855
f 3858/1/3858 3859/1/3859 3863/1/3863
f 3859/1/3859 3864/1/3864 3863/1/3863
f 3859/1/3859 3862/1/3862 3864/1/3864
f 3862/1/3862 3867/1/3867 3864/1/3864
f 3862/1/3862 3865/1/3865 3867/1/3867
f 3860/1/3860 3865/1/3865 3862/1/3862
f 3860/1/3860 3866/1/3866 3865/1/3865
f 3861/1/3861 3866/1/3866 3860/1/3860
f 3863/1/3863 3864/1/3864 3868/1/3868
f 3864/1/3864 3869/1/3869 3868/1/3868
f 3864/1/3864 3867/1/3867 3869/1/3869
f 3867/1/3867 3872/1/3872 3869/1/3869
f 3867/1/3867 3870/1/3870 3872/1/3872
f 3865/1/3865 3870/1/3870 3867/1/3867
f 3865/1/3865 3871/1/3871 3870/1/3870
f 3866/1/3866 3871/1/3871 3865/1/3865
f 3868/1/3868 3869/1/3869 3873/1/3873
f 3869/1/3869 3874/1/3874 3873/1/3873
f 3869/1/3869 3872/1/3872 3874/1/3874
f 3872/1/3872 3877/1/3877 3874/1/3874
f 3872/1/3872 3875/1/3875 3877/1/3877
f 3870/1/3870 3875/1/3875 3872/1/3872
f 3870/1/3870 3876/1/3876 3875/1/3875
f 3871/1/3871 3876/1/3876 3870/1/3870
f 3873/1/3873 3874/1/3874 3878/1/3878
f 3874/1/3874 3879/1/3879 3878/1/3878
f 3874/1/3874 3877/1/3877 3879/1/3879
f 3877/1/3877 3882/1/3882 3879/1/3879
f 3877/1/3877 3880/1/3880 3882/1/3882
f 3875/1/3875 3880/1/3880 3877/1/3877
f 3875/1/3875 3881/1/3881 3880/1/3880
f 3876/1/3876 3881/1/3881 3875/1/3875
f 3878/1/3878 3879/1/3879 3883/1/3883
f 3879/1/3879 3884/1/3884 3883/1/3883
f 3879/1/3879 3882/1/3882 3884/1/3884
f 3882/1/3882 3887/1/3887 3884/1/3884
f 3882/1/3882 3885/1/3885 3887/1/3887
f 3880/1/3880 3885/1/3885 3882/1/3882
f 3880/1/3880 3886/1/3886 3885/1/3885
f 3881/1/3881 3886/1/3886 3880/1/3880
f 3883/1/3883 3884/1/3884 3888/1/3888
f 3884/1/3884 3889/1/3889 3888/1/3888
f 3884/1/3884 3887/1/3887 3889/1/3889
f 3887/1/3887 3892/1/3892 3889/1/3889
f 3887/1/3887 3890/1/3890 3892/1/3892
f 3885/1/3885 3890/1/3890 3887/1/3887
f 3885/1/3885 3891/1/3891 3890/1/3890
f 3886/1/3886 3891/1/3891 3885/1/3885
f 3888/1/3888 3889/1/3889 3893/1/3893
f 3889/1/3889 3894/1/3894 3893/1/3893
f 3889/1/3889 3892/1/3892 3894/1/3894
f 3892/1/3892 3897/1/3897 3894/1/3894
f 3892/1/3892 3895/1/3895 3897/1/3897
f 3890/1/3890 3895/1/3895 3892/1/3892
f 3890/1/3890 3896/1/3896 3895/1/3895
f 3891/1/3891 3896/1/3896 3890/1/3890
f 3893/1/3893 3894/1/3894 3898/1/3898
f 3894/1/3894 3899/1/3899 3898/1/3898
f 3894/1/3894 3897/1/3897 3899/1/3899
f 3897/1/3897 3902/1/3902 3899/1/3899
f 3897/1/3897 3900/1/3900 3902/1/3902
f 3895/1/3895 3900/1/3900 3897/1/3897
f 3895/1/3895 3901/1/3901 3900/1/3900
f 3896/1/3896 3901/1/3901 3895/1/3895
f 3898/1/3898 3899/1/3899 3903/1/3903
f 3899/1/3899 3904/1/3904 3903/1/3903
f 3899/1/3899 3902/1/3902 3904/1/3904
f 3902/1/3902 3907/1/3907 3904/1/3904
f 3902/1/3902 3905/1/3905 3907/1/3907
f 3900/1/3900 3905/1/3905 3902/1/3902
f 3900/1/3900 3906/1/3906 3905/1/3905
f 3901/1/3901 3906/1/3906 3900/1/3900
f 3903/1/3903 3904/1/3904 3908/1/3908
f 3904/1/3904 3909/1/3909 3908/1/3908
f 3904/1/3904 3907/1/3907 3909/1/3909
f 3907/1/3907 3912/1/3912 3909/1/3909
f 3907/1/3907 3910/1/3910 3912/1/3912
f 3905/1/3905 3910/1/3910 3907/1/3907
f 3905/1/3905 3911/1/3911 3910/1/3910
f 3906/1/3906 3911/1/3911 3905/1/3905
f 3908/1/3908 3909/1/3909 3913/1/3913
f 3909/1/3909 3914/1/3914 3913/1/3913
f 3909/1/3909 3912/1/3912 3914/1/3914
f 3912/1/3912 3917/1/3917 3914/1/3914
f 3912/1/3912 3915/1/3915 3917/1/3917
f 3910/1/3910 3915/1/3915 3912/1/3912
f 3910/1/3910 3916/1/3916 3915/1/3915
f 3911/1/3911 3916/1/3916 3910/1/3910
f 3913/1/3913 3914/1/3914 3918/1/3918
f 3914/1/3914 3919/1/3919 3918/1/3918
f 3914/1/3914 3917/1/3917 3919/1/3919
f 3917/1/3917 3922/1/3922 3919/1/3919
f 3917/1/3917 3920/1/3920 3922/1/3922
f 3915/1/3915 3920/1/3920 3917/1/3917
f 3915/1/3915 3921/1/3921 3920/1/3920
f 3916/1/3916 3921/1/3921 3915/1/3915
f 3918/1/3918 3919/1/3919 3923/1/3923
f 3919/1/3919 3924/1/3924 3923/1/3923
f 3919/1/3919 3922/1/3922 3924/1/3924
f 3922/1/3922 3927/1/3927 3924/1/3924
f 3922/1/3922 3925/1/3925 3927/1/3927
f 3920/1/3920 3925/1/3925 3922/1/3922
f 3920/1/3920 3926/1/3926 3925/1/3925
f 3921/1/3921 3926/1/3926 3920/1/3920
f 3923/1/3923 3924/1/3924 3928/1/3928
f 3924/1/3924 3929/1/3929 3928/1/3928
f 3924/1/3924 3927/1/3927 3929/1/3929
f 3927/1/3927 3932/1/3932 3929/1/3929
f 3927/1/3927 3930/1/3930 3932/1/3932
f 3925/1/3925 3930/1/3930 3927/1/3927
f 3925/1/3925 3931/1/3931 3930/1/3930
f 3926/1/3926 3931/1/3931 3925/1/3925
f 3928/1/3928 3929/1/3929 3933/1/3933
f 3929/1/3929 3934/1/3934 3933/1/3933
f 3929/1/3929 3932/1/3932 3934/1/3934
f 3932/1/3932 3937/1/3937 3934/1/3934
f 3932/1/3932 3935/1/3935 3937/1/3937
f 3930/1/3930 3935/1/3935 3932/1/3932
f 3930/1/3930 3936/1/3936 3935/1/3935
f 3931/1/3931 3936/1/3936 3930/1/3930
f 3933/1/3933 3934/1/3934 3938/1/3938
f 3934/1/3934 3939/1/3939 3938/1/3938
f 3934/1/3934 3937/1/3937 3939/1/3939
f 3937/1/3937 3942/1/3942 3939/1/3939
f 3937/1/3937 3940/1/3940 3942/1/3942
f 3935/1/3935 3940/1/3940 3937/1/3937
f 3935/1/3935 3941/1/3941 3940/1/3940
f 3936/1/3936 3941/1/3941 3935/1/3935
f 3938/1/3938 3939/1/3939 3943/1/3943
f 3939/1/3939 3944/1/3944 3943/1/3943
f 3939/1/3939 3942/1/3942 3944/1/3944
f 3942/1/3942 3947/1/3947 3944/1/3944
f 3942/1/3942 3945/1/3945 3947/1/3947
f 3940/1/3940 3945/1/3945 3942/1/3942
f 3940/1/3940 3946/1/3946 3945/1/3945
f 3941/1/3941 3946/1/3946 3940/1/3940
f 3943/1/3943 3944/1/3944 3948/1/3948
f 3944/1/3944 3949/1/3949 3948/1/3948
f 3944/1/3944 3947/1/3947 3949/1/3949
f 3947/1/3947 3952/1/3952 3949/1/3949
f 3947/1/3947 3950/1/3950 3952/1/3952
f 3945/1/3945 3950/1/3950 3947/1/3947
f 3945/1/3945 3951/1/3951 3950/1/3950
f 3946/1/3946 3951/1/3951 3945/1/3945
f 3948/1/3948 3949/1/3949 3953/1/3953
f 3949/1/3949 3954/1/3954 3953/1/3953
f 3949/1/3949 3952/1/3952 3954/1/3954
f 3952/1/3952 3957/1/3957 3954/1/3954
f 3952/1/3952 3955/1/3955 3957/1/3957
f 3950/1/3950 3955/1/3955 3952/1/3952
f 3950/1/3950 3956/1/3956 3955/1/3955
f 3951/1/3951 3956/1/3956 3950/1/3950
f 3953/1/3953 3954/1/3954 3958/1/3958
f 3954/1/3954 3959/1/3959 3958/1/3958
f 3954/1/3954 3957/1/3957 3959/1/3959
f 3957/1/3957 3962/1/3962 3959/1/3959
f 3957/1/3957 3960/1/3960 3962/1/3962
f 3955/1/3955 3960/1/3960 3957/1/3957
f 3955/1/3955 3961/1/3961 3960/1/3960
f 3956/1/3956 3961/1/3961 3955/1/3955
f 3958/1/3958 3959/1/3959 3963/1/3963
f 3959/1/3959 3964/1/3964 3963/1/3963
f 3959/1/3959 3962/1/3962 3964/1/3964
f 3962/1/3962 3967/1/3967 3964/1/3964
f 3962/1/3962 3965/1/3965 3967/1/3967
f 3960/1/3960 3965/1/3965 3962/1/3962
f 3960/1/3960 3966/1/3966 3965/1/3965
f 3961/1/3961 3966/1/3966 3960/1/3960
f 3963/1/3963 3964/1/3964 3968/1/3968
f 3964/1/3964 3969/1/3969 3968/1/3968
f 3964/1/3964 3967/1/3967 3969/1/3969
f 3967/1/3967 3972/1/3972 3969/1/3969
f 3967/1/3967 3970/1/3970 3972/1/3972
f 3965/1/3965 3970/1/3970 3967/1/3967
f 3965/1/3965 3971/1/3971 3970/1/3970
f 3966/1/3966 3971/1/3971 3965/1/3965
f 3968/1/3968 3969/1/3969 3973/1/3973
f 3969/1/3969 3974/1/3974 3973/1/3973
f 3969/1/3969 3972/1/3972 3974/1/3974
f 3972/1/3972 3977/1/3977 3974/1/3974
f 3972/1/3972 3975/1/3975 3977/1/3977
f 3970/1/3970 3975/1/3975 3972/1/3972
f 3970/1/3970 3976/1/3976 3975/1/3975
f 3971/1/3971 3976/1/3976 3970/1/3970
f 3973/1/3973 3974/1/3974 3978/1/3978
f 3974/1/3974 3979/1/3979 3978/1/3978
f 3974/1/3974 3977/1/3977 3979/1/3979
f 3977/1/3977 3982/1/3982 3979/1/3979
f 3977/1/3977 3980/1/3980 3982/1/3982
f 3975/1/3975 3980/1/3980 3977/1/3977
f 3975/1/3975 3981/1/3981 3980/1/3980
f 3976/1/3976 3981/1/3981 3975/1/3975
f 3978/1/3978 3979/1/3979 3983/1/3983
f 3979/1/3979 3984/1/3984 3983/1/3983
f 3979/1/3979 3982/1/3982 3984/1/3984
f 3982/1/3982 3987/1/3987 3984/1/3984
f 3982/1/3982 3985/1/3985 3987/1/3987
f 3980/1/3980 3985/1/3985 3982/1/3982
f 3980/1/3980 3986/1/3986 3985/1/3985
f 3981/1/3981 3986/1/3986 3980/1/3980
f 3983/1/3983 3984/1/3984 3988/1/3988
f 3984/1/3984 3989/1/3989 3988/1/3988
f 3984/1/3984 3987/1/3987 3989/1/3989
f 3987/1/3987 3992/1/3992 3989/1/3989
f 3987/1/3987 3990/1/3990 3992/1/3992
f 3985/1/3985 3990/1/3990 3987/1/3987
f 3985/1/3985 3991/1/3991 3990/1/3990
f 3986/1/3986 3991/1/3991 3985/1/3985
f 3988/1/3988 3989/1/3989 3993/1/3993
f 3989/1/3989 3994/1/3994 3993/1/3993
f 3989/1/3989 3992/1/3992 3994/1/3994
f 3992/1/3992 3997/1/3997 3994/1/3994
f 3992/1/3992 3995/1/3995 3997/1/3997
f 3990/1/3990 3995/1/3995 3992/1/3992
f 3990/1/3990 3996/1/3996 3995/1/3995
f 3991/1/3991 3996/1/3996 3990/1/3990
f 3993/1/3993 3994/1/3994 3998/1/3998
f 3994/1/3994 3999/1/3999 3998/1/3998
f 3994/1/3994 3997/1/3997 3999/1/3999
f 3997/1/3997 4002/1/4002 3999/1/3999
f 3997/1/3997 4000/1/4000 4002/1/4002
f 3995/1/3995 4000/1/4000 3997/1/3997
f 3995/1/3995 4001/1/4001 4000/1/4000
f 3996/1/3996 4001/1/4001 3995/1/3995
f 4003/1/4003 4005/1/4005 4004/1/4004
f 4003/1/4003 4008/1/4008 4005/1/4005
f 4003/1/4003 4006/1/4006 4008/1/4008
f 4003/1/4003 4007/1/4007 4006/1/4006
f 4004/1/4004 4005/1/4005 4009/1/4009
f 4005/1/4005 4010/1/4010 4009/1/4009
f 4005/1/4005 4008/1/4008 4010/1/4010
f 4008/1/4008 4013/1/4013 4010/1/4010
f 4008/1/4008 4011/1/4011 4013/1/4013
f 4006/1/4006 4011/1/4011 4008/1/4008
f 4006/1/4006 4012/1/4012 4011/1/4011
f 4007/1/4007 4012/1/4012 4006/1/4006
f 4009/1/4009 4010/1/4010 4014/1/4014
f 4010/1/4010 4015/1/4015 4014/1/4014
f 4010/1/4010 4013/1/4013 4015/1/4015
f 4013/1/4013 4018/1/4018 4015/1/4015
f 4013/1/4013 4016/1/4016 4018/1/4018
f 4011/1/4011 4016/1/4016 4013/1/4013
f 4011/1/4011 4017/1/4017 4016/1/4016
f 4012/1/4012 4017/1/4017 4011/1/4011
f 4014/1/4014 4015/1/4015 4019/1/4019
f 4015/1/4015 4020/1/4020 4019/1/4019
f 4015/1/4015 4018/1/4018 4020/1/4020
f 4018/1/4018 4023/1/4023 4020/1/4020
f 4018/1/4018 4021/1/4021 4023/1/4023
f 4016/1/4016 4021/1/4021 4018/1/4018
f 4016/1/4016 4022/1/4022 4021/1/4021
f 4017/1/4017 4022/1/4022 4016/1/4016
f 4019/1/4019 4020/1/4020 4024/1/4024
f 4020/1/4020 4025/1/4025 4024/1/4024
f 4020/1/4020 4023/1/4023 4025/1/4025
f 4023/1/4023 4028/1/4028 4025/1/4025
f 4023/1/4023 4026/1/4026 4028/1/4028
f 4021/1/4021 4026/1/4026 4023/1/4023
f 4021/1/4021 4027/1/4027 4026/1/4026
f 4022/1/4022 4027/1/4027 4021/1/4021
f 4024/1/4024 4025/1/4025 4029/1/4029
f 4025/1/4025 4030/1/4030 4029/1/4029
f 4025/1/4025 4028/1/4028 4030/1/4030
f 4028/1/4028 4033/1/4033 4030/1/4030
f 4028/1/4028 4031/1/4031 4033/1/4033
f 4026/1/4026 4031/1/4031 4028/1/4028
f 4026/1/4026 4032/1/4032 4031/1/4031
f 4027/1/4027 4032/1/4032 4026/1/4026
f 4029/1/4029 4030/1/4030 4034/1/4034
f 4030/1/4030 4035/1/4035 4034/1/4034
f 4030/1/4030 4033/1/4033 4035/1/4035
f 4033/1/4033 4038/1/4038 4035/1/4035
f 4033/1/4033 4036/1/4036 4038/1/4038
f 4031/1/4031 4036/1/4036 4033/1/4033
f 4031/1/4031 4037/1/4037 4036/1/4036
f 4032/1/4032 4037/1/4037 4031/1/4031
f 4034/1/4034 4035/1/4035 4039/1/4039
f 4035/1/4035 4040/1/4040 4039/1/4039
f 4035/1/4035 4038/1/4038 4040/1/4040
f 4038/1/4038 4043/1/4043 4040/1/4040
f 4038/1/4038 4041/1/4041 4043/1/4043
f 4036/1/4036 4041/1/4041 4038/1/4038
f 4036/1/4036 4042/1/4042 4041/1/4041
f 4037/1/4037 4042/1/4042 4036/1/4036
f 4039/1/4039 4040/1/4040 4044/1/4044
f 4040/1/4040 4045/1/4045 4044/1/4044
f 4040/1/4040 4043/1/4043 4045/1/4045
f 4043/1/4043 4048/1/4048 4045/1/4045
f 4043/1/4043 4046/1/4046 4048/1/4048
f 4041/1/4041 4046/1/4046 4043/1/4043
f 4041/1/4041 4047/1/4047 4046/1/4046
f 4042/1/4042 4047/1/4047 4041/1/4041
f 4044/1/4044 4045/1/4045 4049/1/4049
f 4045/1/4045 4050/1/4050 4049/1/4049
f 4045/1/4045 4048/1/4048 4050/1/4050
f 4048/1/4048 4053/1/4053 4050/1/4050
f 4048/1/4048 4051/1/4051 4053/1/4053
f 4046/1/4046 4051/1/4051 4048/1/4048
f 4046/1/4046 4052/1/4052 4051/1/4051
f 4047/1/4047 4052/1/4052 4046/1/4046
f 4049/1/4049 4050/1/4050 4054/1/4054
f 4050/1/4050 4055/1/4055 4054/1/4054
f 4050/1/4050 4053/1/4053 4055/1/4055
f 4053/1/4053 4058/1/4058 4055/1/4055
f 4053/1/4053 4056/1/4056 4058/1/4058
f 4051/1/4051 4056/1/4056 4053/1/4053
f 4051/1/4051 4057/1/4057 4056/1/4056
f 4052/1/4052 4057/1/4057 4051/1/4051
f 4054/1/4054 4055/1/4055 4059/1/4059
f 4055/1/4055 4060/1/4060 4059/1/4059
f 4055/1/4055 4058/1/4058 4060/1/4060
f 4058/1/4058 4063/1/4063 4060/1/4060
f 4058/1/4058 4061/1/4061 4063/1/4063
f 4056/1/4056 4061/1/4061 4058/1/4058
f 4056/1/4056 4062/1/4062 4061/1/4061
f 4057/1/4057 4062/1/4062 4056/1/4056
f 4059/1/4059 4060/1/4060 4064/1/4064
f 4060/1/4060 4065/1/4065 4064/1/4064
f 4060/1/4060 4063/1/4063 4065/1/4065
f 4063/1/4063 4068/1/4068 4065/1/4065
f 4063/1/4063 4066/1/4066 4068/1/4068
f 4061/1/4061 4066/1/4066 4063/1/4063
f 4061/1/4061 4067/1/4067 4066/1/4066
f 4062/1/4062 4067/1/4067 4061/1/4061
f 4064/1/4064 4065/1/4065 4069/1/4069
f 4065/1/4065 4070/1/4070 4069/1/4069
f 4065/1/4065 4068/1/4068 4070/1/4070
f 4068/1/4068 4073/1/4073 4070/1/4070
f 4068/1/4068 4071/1/4071 4073/1/4073
f 4066/1/4066 4071/1/4071 4068/1/4068
f 4066/1/4066 4072/1/4072 4071/1/4071
f 4067/1/4067 4072/1/4072 4066/1/4066
f 4069/1/4069 4070/1/4070 4074/1/4074
f 4070/1/4070 4075/1/4075 4074/1/4074
f 4070/1/4070 4073/1/4073 4075/1/4075
f 4073/1/4073 4078/1/4078 4075/1/4075
f 4073/1/4073 4076/1/4076 4078/1/4078
f 4071/1/4071 4076/1/4076 4073/1/4073
f 4071/1/4071 4077/1/4077 4076/1/4076
f 4072/1/4072 4077/1/4077 4071/1/4071
f 4074/1/4074 4075/1/4075 4079/1/4079
f 4075/1/4075 4080/1/4080 4079/1/4079
f 4075/1/4075 4078/1/4078 4080/1/4080
f 4078/1/4078 4083/1/4083 4080/1/4080
f 4078/1/4078 4081/1/4081 4083/1/4083
f 4076/1/4076 4081/1/4081 4078/1/4078
f 4076/1/4076 4082/1/4082 4081/1/4081
f 4077/1/4077 4082/1/4082 4076/1/4076
f 4079/1/4079 4080/1/4080 4084/1/4084
f 4080/1/4080 4085/1/4085 4084/1/4084
f 4080/1/4080 4083/1/4083 4085/1/4085
f 4083/1/4083 4088/1/4088 4085/1/4085
f 4083/1/4083 4086/1/4086 4088/1/4088
f 4081/1/4081 4086/1/4086 4083/1/4083
f 4081/1/4081 4087/1/4087 4086/1/4086
f 4082/1/4082 4087/1/4087 4081/1/4081
f 4084/1/4084 4085/1/4085 4089/1/4089
f 4085/1/4085 4090/1/4090 4089/1/4089
f 4085/1/4085 4088/1/4088 4090/1/4090
f 4088/1/4088 4093/1/4093 4090/1/4090
f 4088/1/4088 4091/1/4091 4093/1/4093
f 4086/1/4086 4091/1/4091 4088/1/4088
f 4086/1/4086 4092/1/4092 4091/1/4091
f 4087/1/4087 4092/1/4092 4086/1/4086
f 4089/1/4089 4090/1/4090 4094/1/4094
f 4090/1/4090 4095/1/4095 4094/1/4094
f 4090/1/4090 4093/1/4093 4095/1/4095
f 4093/1/4093 4098/1/4098 4095/1/4095
f 4093/1/4093 4096/1/4096 4098/1/4098
f 4091/1/4091 4096/1/4096 4093/1/4093
f 4091/1/4091 4097/1/4097 4096/1/4096
f 4092/1/4092 4097/1/4097 4091/1/4091
f 4094/1/4094 4095/1/4095 4099/1/4099
f 4095/1/4095 4100/1/4100 4099/1/4099
f 4095/1/4095 4098/1/4098 4100/1/4100
f 4098/1/4098 4103/1/4103 4100/1/4100
f 4098/1/4098 4101/1/4101 4103/1/4103
f 4096/1/4096 4101/1/4101 4098/1/4098
f 4096/1/4096 4102/1/4102 4101/1/4101
f 4097/1/4097 4102/1/4102 4096/1/4096
f 4099/1/4099 4100/1/4100 4104/1/4104
f 4100/1/4100 4105/1/4105 4104/1/4104
f 4100/1/4100 4103/1/4103 4105/1/4105
f 4103/1/4103 4108/1/4108 4105/1/4105
f 4103/1/4103 4106/1/4106 4108/1/4108
f 4101/1/4101 4106/1/4106 4103/1/4103
f 4101/1/4101 4107/1/4107 4106/1/4106
f 4102/1/4102 4107/1/4107 4101/1/4101
f 4104/1/4104 4105/1/4105 4109/1/4109
f 4105/1/4105 4110/1/4110 4109/1/4109
f 4105/1/4105 4108/1/4108 4110/1/4110
f 4108/1/4108 4113/1/4113 4110/1/4110
f 4108/1/4108 4111/1/4111 4113/1/4113
f 4106/1/4106 4111/1/4111 4108/1/4108
f 4106/1/4106 4112/1/4112 4111/1/4111
f 4107/1/4107 4112/1/4112 4106/1/4106
f 4109/1/4109 4110/1/4110 4114/1/4114
f 4110/1/4110 4115/1/4115 4114/1/4114
f 4110/1/4110 4113/1/4113 4115/1/4115
f 4113/1/4113 4118/1/4118 4115/1/4115
f 4113/1/4113 4116/1/4116 4118/1/4118
f 4111/1/4111 4116/1/4116 4113/1/4113
f 4111/1/4111 4117/1/4117 4116/1/4116
f 4112/1/4112 4117/1/4117 4111/1/4111
f 4114/1/4114 4115/1/4115 4119/1/4119
f 4115/1/4115 4120/1/4120 4119/1/4119
f 4115/1/4115 4118/1/4118 4120/1/4120
f 4118/1/4118 4123/1/4123 4120/1/4120
f 4118/1/4118 4121/1/4121 4123/1/4123
f 4116/1/4116 4121/1/4121 4118/1/4118
f 4116/1/4116 4122/1/4122 4121/1/4121
f 4117/1/4117 4122/1/4122 4116/1/4116
f 4119/1/4119 4120/1/4120 4124/1/4124
f 4120/1/4120 4125/1/4125 4124/1/4124
f 4120/1/4120 4123/1/4123 4125/1/4125
f 4123/1/4123 4128/1/4128 4125/1/4125
f 4123/1/4123 4126/1/4126 4128/1/4128
f 4121/1/4121 4126/1/4126 4123/1/4123
f 4121/1/4121 4127/1/4127 4126/1/4126
f 4122/1/4122 4127/1/4127 4121/1/4121
