# 
# Wavefront OBJ file
# Created with Autodesk FBX SDK
# 
g fbxNode
v -0.221855 -0.380815 0.000000
v -0.245368 -0.410301 0.000000
v -0.238619 -0.386462 0.010000
v -0.233171 -0.367218 0.010000
v -0.226422 -0.343379 0.000000
v -0.235895 -0.376840 0.015000
v -0.261883 -0.404811 0.000000
v -0.254016 -0.381317 0.010000
v -0.247664 -0.362353 0.010000
v -0.239797 -0.338859 0.000000
v -0.250840 -0.371835 0.015000
v -0.278805 -0.398215 0.000000
v -0.269750 -0.375153 0.010000
v -0.262440 -0.356537 0.010000
v -0.253385 -0.333475 0.000000
v -0.266095 -0.365845 0.015000
v -0.287992 -0.393016 0.000000
v -0.274102 -0.372500 0.010000
v -0.262888 -0.355939 0.010000
v -0.248998 -0.335424 0.000000
v -0.268495 -0.364220 0.015000
v -0.298137 -0.382653 0.000000
v -0.278301 -0.367807 0.010000
v -0.262289 -0.355823 0.010000
v -0.242453 -0.340977 0.000000
v -0.270295 -0.361815 0.015000
v -0.304110 -0.370474 0.000000
v -0.280728 -0.362281 0.010000
v -0.261852 -0.355669 0.010000
v -0.238470 -0.347476 0.000000
v -0.271290 -0.358975 0.015000
v -0.306061 -0.355990 0.000000
v -0.281285 -0.356033 0.010000
v -0.261285 -0.356067 0.010000
v -0.236509 -0.356110 0.000000
v -0.271285 -0.356050 0.015000
v -0.304519 -0.344870 0.000000
v -0.280218 -0.349697 0.010000
v -0.260602 -0.353593 0.010000
v -0.236301 -0.358420 0.000000
v -0.270410 -0.351645 0.015000
v -0.303555 -0.340202 0.000000
v -0.279293 -0.345220 0.010000
v -0.259707 -0.349270 0.010000
v -0.235445 -0.354288 0.000000
v -0.269500 -0.347245 0.015000
v -0.302303 -0.334857 0.000000
v -0.278195 -0.340573 0.010000
v -0.258735 -0.345187 0.010000
v -0.234627 -0.350903 0.000000
v -0.268465 -0.342880 0.015000
v -0.300587 -0.328826 0.000000
v -0.276808 -0.335782 0.010000
v -0.257612 -0.341398 0.010000
v -0.233833 -0.348354 0.000000
v -0.267210 -0.338590 0.015000
v -0.292995 -0.308621 0.000000
v -0.269848 -0.317455 0.010000
v -0.251162 -0.324585 0.010000
v -0.228015 -0.333419 0.000000
v -0.260505 -0.321020 0.015000
v -0.283543 -0.288963 0.000000
v -0.261284 -0.299843 0.010000
v -0.243316 -0.308627 0.010000
v -0.221057 -0.319507 0.000000
v -0.252300 -0.304235 0.015000
v -0.272675 -0.270419 0.000000
v -0.251366 -0.283058 0.010000
v -0.234164 -0.293262 0.010000
v -0.212855 -0.305901 0.000000
v -0.242765 -0.288160 0.015000
v -0.260660 -0.252917 0.000000
v -0.240291 -0.267022 0.010000
v -0.223849 -0.278408 0.010000
v -0.203480 -0.292513 0.000000
v -0.232070 -0.272715 0.015000
v -0.240485 -0.227988 0.000000
v -0.221277 -0.243638 0.010000
v -0.205773 -0.256272 0.010000
v -0.186565 -0.271922 0.000000
v -0.213525 -0.249955 0.015000
v -0.217961 -0.204808 0.000000
v -0.200270 -0.222154 0.010000
v -0.185990 -0.236156 0.010000
v -0.168299 -0.253502 0.000000
v -0.193130 -0.229155 0.015000
v -0.193536 -0.183789 0.000000
v -0.177455 -0.202637 0.010000
v -0.164475 -0.217853 0.010000
v -0.148394 -0.236701 0.000000
v -0.170965 -0.210245 0.015000
v -0.167371 -0.164887 0.000000
v -0.152940 -0.185026 0.010000
v -0.141290 -0.201284 0.010000
v -0.126859 -0.221423 0.000000
v -0.147115 -0.193155 0.015000
v -0.160502 -0.160935 0.000000
v -0.149176 -0.182971 0.010000
v -0.140034 -0.200759 0.010000
v -0.128708 -0.222795 0.000000
v -0.144605 -0.191865 0.015000
v -0.152734 -0.157928 0.000000
v -0.144976 -0.181458 0.010000
v -0.138714 -0.200452 0.010000
v -0.130956 -0.223982 0.000000
v -0.141845 -0.190955 0.015000
v -0.147307 -0.156483 0.000000
v -0.141367 -0.180537 0.010000
v -0.136573 -0.199953 0.010000
v -0.130633 -0.224007 0.000000
v -0.138970 -0.190245 0.015000
v -0.144340 -0.155761 0.000000
v -0.138480 -0.179834 0.010000
v -0.133750 -0.199266 0.010000
v -0.127890 -0.223339 0.000000
v -0.136115 -0.189550 0.015000
v -0.124326 -0.156829 0.000000
v -0.132372 -0.180262 0.010000
v -0.138868 -0.199178 0.010000
v -0.146914 -0.222611 0.000000
v -0.135620 -0.189720 0.015000
v -0.112336 -0.163876 0.000000
v -0.128472 -0.182677 0.010000
v -0.141498 -0.197853 0.010000
v -0.157634 -0.216654 0.000000
v -0.134985 -0.190265 0.015000
v -0.107017 -0.169578 0.000000
v -0.126551 -0.184819 0.010000
v -0.142319 -0.197121 0.010000
v -0.161853 -0.212362 0.000000
v -0.134435 -0.190970 0.015000
v -0.101496 -0.179797 0.000000
v -0.124796 -0.188220 0.010000
v -0.143604 -0.195020 0.010000
v -0.166904 -0.203443 0.000000
v -0.134200 -0.191620 0.015000
v -0.099447 -0.193561 0.000000
v -0.124221 -0.193222 0.010000
v -0.144219 -0.192948 0.010000
v -0.168993 -0.192609 0.000000
v -0.134220 -0.193085 0.015000
v -0.099663 -0.197255 0.000000
v -0.124365 -0.195342 0.010000
v -0.144305 -0.193798 0.010000
v -0.169007 -0.191886 0.000000
v -0.134335 -0.194570 0.015000
v -0.100487 -0.202682 0.000000
v -0.124801 -0.197922 0.010000
v -0.144429 -0.194078 0.010000
v -0.168743 -0.189318 0.000000
v -0.134615 -0.196000 0.015000
v -0.102799 -0.210109 0.000000
v -0.125833 -0.200983 0.010000
v -0.144427 -0.193617 0.010000
v -0.167461 -0.184491 0.000000
v -0.135130 -0.197300 0.015000
v -0.107984 -0.220058 0.000000
v -0.129654 -0.208048 0.010000
v -0.147146 -0.198352 0.010000
v -0.168817 -0.186342 0.000000
v -0.138400 -0.203200 0.015000
v -0.111604 -0.226370 0.000000
v -0.133089 -0.214030 0.010000
v -0.150432 -0.204070 0.010000
v -0.171916 -0.191730 0.000000
v -0.141760 -0.209050 0.015000
v -0.114849 -0.232085 0.000000
v -0.136394 -0.219852 0.010000
v -0.153786 -0.209978 0.010000
v -0.175331 -0.197745 0.000000
v -0.145090 -0.214915 0.015000
v -0.117627 -0.237289 0.000000
v -0.139462 -0.225581 0.010000
v -0.157088 -0.216129 0.010000
v -0.178923 -0.204421 0.000000
v -0.148275 -0.220855 0.015000
v -0.124867 -0.251405 0.000000
v -0.146909 -0.240092 0.010000
v -0.164702 -0.230959 0.010000
v -0.186743 -0.219645 0.000000
v -0.155805 -0.235525 0.015000
v -0.132314 -0.266011 0.000000
v -0.154386 -0.254757 0.010000
v -0.172204 -0.245673 0.010000
v -0.194276 -0.234419 0.000000
v -0.163295 -0.250215 0.015000
v -0.139556 -0.280509 0.000000
v -0.161720 -0.269435 0.010000
v -0.179611 -0.260495 0.010000
v -0.201774 -0.249421 0.000000
v -0.170665 -0.264965 0.015000
v -0.146502 -0.294918 0.000000
v -0.168818 -0.284154 0.010000
v -0.186832 -0.275466 0.010000
v -0.209148 -0.264702 0.000000
v -0.177825 -0.279810 0.015000
v -0.153445 -0.312371 0.000000
v -0.176428 -0.303119 0.010000
v -0.194982 -0.295651 0.010000
v -0.217965 -0.286399 0.000000
v -0.185705 -0.299385 0.015000
v -0.157504 -0.328504 0.000000
v -0.181436 -0.322093 0.010000
v -0.200754 -0.316917 0.010000
v -0.224686 -0.310506 0.000000
v -0.191095 -0.319505 0.015000
v -0.159477 -0.344885 0.000000
v -0.184023 -0.341515 0.010000
v -0.203837 -0.338795 0.010000
v -0.228383 -0.335425 0.000000
v -0.193930 -0.340155 0.015000
v -0.159366 -0.361670 0.000000
v -0.184141 -0.361424 0.010000
v -0.204140 -0.361226 0.010000
v -0.228914 -0.360980 0.000000
v -0.194140 -0.361325 0.015000
v -0.159230 -0.363493 0.000000
v -0.183980 -0.364617 0.010000
v -0.203960 -0.365523 0.010000
v -0.228710 -0.366647 0.000000
v -0.193970 -0.365070 0.015000
v -0.159092 -0.367701 0.000000
v -0.183855 -0.368495 0.010000
v -0.203845 -0.369135 0.010000
v -0.228608 -0.369929 0.000000
v -0.193850 -0.368815 0.015000
v -0.159006 -0.371870 0.000000
v -0.183777 -0.372365 0.010000
v -0.203773 -0.372765 0.010000
v -0.228544 -0.373261 0.000000
v -0.193775 -0.372565 0.015000
v -0.158957 -0.375898 0.000000
v -0.183731 -0.376195 0.010000
v -0.203729 -0.376435 0.010000
v -0.228503 -0.376732 0.000000
v -0.193730 -0.376315 0.015000
v -0.160231 -0.386488 0.000000
v -0.184610 -0.382072 0.010000
v -0.204290 -0.378508 0.010000
v -0.228669 -0.374092 0.000000
v -0.194450 -0.380290 0.015000
v -0.171699 -0.406849 0.000000
v -0.189714 -0.389840 0.010000
v -0.204256 -0.376110 0.010000
v -0.222271 -0.359101 0.000000
v -0.196985 -0.382975 0.015000
v -0.206835 0.414540 0.000000
v -0.188361 0.444278 0.000000
v -0.198922 0.421866 0.010000
v -0.207448 0.403774 0.010000
v -0.218009 0.381362 0.000000
v -0.203185 0.412820 0.015000
v -0.178923 0.438095 0.000000
v -0.193779 0.418268 0.010000
v -0.205771 0.402262 0.010000
v -0.220627 0.382435 0.000000
v -0.199775 0.410265 0.015000
v -0.170264 0.429198 0.000000
v -0.189241 0.413269 0.010000
v -0.204559 0.400411 0.010000
v -0.223536 0.384482 0.000000
v -0.196900 0.406840 0.015000
v -0.164187 0.420062 0.000000
v -0.185256 0.407027 0.010000
v -0.202264 0.396503 0.010000
v -0.223333 0.383467 0.000000
v -0.193760 0.401765 0.015000
v -0.160505 0.413567 0.000000
v -0.182110 0.401440 0.010000
v -0.199550 0.391650 0.010000
v -0.221155 0.379523 0.000000
v -0.190830 0.396545 0.015000
v -0.157076 0.406834 0.000000
v -0.179207 0.395696 0.010000
v -0.197073 0.386704 0.010000
v -0.219204 0.375566 0.000000
v -0.188140 0.391200 0.015000
v -0.153926 0.399823 0.000000
v -0.176581 0.389793 0.010000
v -0.194869 0.381697 0.010000
v -0.217524 0.371667 0.000000
v -0.185725 0.385745 0.015000
v -0.147573 0.384232 0.000000
v -0.170526 0.374905 0.010000
v -0.189054 0.367375 0.010000
v -0.212007 0.358048 0.000000
v -0.179790 0.371140 0.015000
v -0.141652 0.369301 0.000000
v -0.164684 0.360170 0.010000
v -0.183276 0.352800 0.010000
v -0.206308 0.343669 0.000000
v -0.173980 0.356485 0.015000
v -0.135854 0.354413 0.000000
v -0.158942 0.345423 0.010000
v -0.177579 0.338167 0.010000
v -0.200666 0.329177 0.000000
v -0.168260 0.341795 0.015000
v -0.130141 0.339574 0.000000
v -0.153263 0.330673 0.010000
v -0.171927 0.323487 0.010000
v -0.195049 0.314586 0.000000
v -0.162595 0.327080 0.015000
v -0.121540 0.317062 0.000000
v -0.144684 0.308219 0.010000
v -0.163366 0.301081 0.010000
v -0.186510 0.292238 0.000000
v -0.154025 0.304650 0.015000
v -0.112989 0.294545 0.000000
v -0.136151 0.285750 0.010000
v -0.154849 0.278650 0.010000
v -0.178011 0.269855 0.000000
v -0.145500 0.282200 0.015000
v -0.104481 0.272036 0.000000
v -0.127656 0.263276 0.010000
v -0.146364 0.256204 0.010000
v -0.169539 0.247444 0.000000
v -0.137010 0.259740 0.015000
v -0.095999 0.249536 0.000000
v -0.119183 0.240797 0.010000
v -0.137897 0.233743 0.010000
v -0.161081 0.225004 0.000000
v -0.128540 0.237270 0.015000
v -0.093702 0.235516 0.000000
v -0.118469 0.234831 0.010000
v -0.138461 0.234279 0.010000
v -0.163228 0.233594 0.000000
v -0.128465 0.234555 0.015000
v -0.099941 0.214456 0.000000
v -0.121299 0.227012 0.010000
v -0.138541 0.237148 0.010000
v -0.159899 0.249704 0.000000
v -0.129920 0.232080 0.015000
v -0.112388 0.201894 0.000000
v -0.126645 0.222157 0.010000
v -0.138155 0.238513 0.010000
v -0.152412 0.258776 0.000000
v -0.132400 0.230335 0.015000
v -0.129461 0.195550 0.000000
v -0.133692 0.219962 0.010000
v -0.137108 0.239668 0.010000
v -0.141339 0.264080 0.000000
v -0.135400 0.229815 0.015000
v -0.138521 0.195147 0.000000
v -0.137366 0.219896 0.010000
v -0.136434 0.239874 0.010000
v -0.135279 0.264623 0.000000
v -0.136900 0.229885 0.015000
v -0.139102 0.195146 0.000000
v -0.138609 0.219917 0.010000
v -0.138211 0.239913 0.010000
v -0.137718 0.264684 0.000000
v -0.138410 0.229915 0.015000
v -0.141996 0.195292 0.000000
v -0.140503 0.220023 0.010000
v -0.139297 0.239987 0.010000
v -0.137804 0.264718 0.000000
v -0.139900 0.230005 0.015000
v -0.147259 0.195985 0.000000
v -0.143049 0.220400 0.010000
v -0.139651 0.240110 0.010000
v -0.135441 0.264525 0.000000
v -0.141350 0.230255 0.015000
v -0.154031 0.197563 0.000000
v -0.148106 0.221620 0.010000
v -0.143324 0.241040 0.010000
v -0.137399 0.265097 0.000000
v -0.145715 0.231330 0.015000
v -0.158538 0.198692 0.000000
v -0.152516 0.222725 0.010000
v -0.147654 0.242125 0.010000
v -0.141632 0.266158 0.000000
v -0.150085 0.232425 0.015000
v -0.164087 0.200278 0.000000
v -0.157178 0.224072 0.010000
v -0.151602 0.243278 0.010000
v -0.144693 0.267072 0.000000
v -0.154390 0.233675 0.015000
v -0.170703 0.202641 0.000000
v -0.162055 0.225859 0.010000
v -0.155075 0.244601 0.010000
v -0.146427 0.267819 0.000000
v -0.158565 0.235230 0.015000
v -0.204450 0.220177 0.000000
v -0.192855 0.242073 0.010000
v -0.183495 0.259747 0.010000
v -0.171901 0.281643 0.000000
v -0.188175 0.250910 0.015000
v -0.235178 0.243408 0.000000
v -0.219969 0.262966 0.010000
v -0.207691 0.278754 0.010000
v -0.192482 0.298312 0.000000
v -0.213830 0.270860 0.015000
v -0.261414 0.271895 0.000000
v -0.242948 0.288413 0.010000
v -0.228042 0.301747 0.010000
v -0.209576 0.318265 0.000000
v -0.235495 0.295080 0.015000
v -0.282706 0.305248 0.000000
v -0.261645 0.318298 0.010000
v -0.244645 0.328832 0.010000
v -0.223584 0.341882 0.000000
v -0.253145 0.323565 0.015000
v -0.289444 0.319224 0.000000
v -0.266949 0.329609 0.010000
v -0.248791 0.337991 0.010000
v -0.226296 0.348376 0.000000
v -0.257870 0.333800 0.015000
v -0.294384 0.333022 0.000000
v -0.270960 0.341092 0.010000
v -0.252051 0.347608 0.010000
v -0.228626 0.355678 0.000000
v -0.261505 0.344350 0.015000
v -0.297808 0.348359 0.000000
v -0.273529 0.353297 0.010000
v -0.253931 0.357283 0.010000
v -0.229652 0.362221 0.000000
v -0.263730 0.355290 0.015000
v -0.298964 0.365214 0.000000
v -0.274211 0.366276 0.010000
v -0.254229 0.367134 0.010000
v -0.229476 0.368196 0.000000
v -0.264220 0.366705 0.015000
v -0.297418 0.380581 0.000000
v -0.272872 0.377214 0.010000
v -0.253058 0.374496 0.010000
v -0.228512 0.371129 0.000000
v -0.262965 0.375855 0.015000
v -0.292836 0.395726 0.000000
v -0.269467 0.387497 0.010000
v -0.250603 0.380853 0.010000
v -0.227234 0.372624 0.000000
v -0.260035 0.384175 0.015000
v -0.285328 0.409610 0.000000
v -0.264084 0.396861 0.010000
v -0.246936 0.386569 0.010000
v -0.225692 0.373820 0.000000
v -0.255510 0.391715 0.015000
v -0.275435 0.421637 0.000000
v -0.256926 0.405167 0.010000
v -0.241984 0.391873 0.010000
v -0.223475 0.375403 0.000000
v -0.249455 0.398520 0.015000
v -0.264319 0.431242 0.000000
v -0.248710 0.412001 0.010000
v -0.236110 0.396469 0.010000
v -0.220501 0.377228 0.000000
v -0.242410 0.404235 0.015000
v -0.252543 0.438685 0.000000
v -0.239849 0.417408 0.010000
v -0.229602 0.400232 0.010000
v -0.216908 0.378955 0.000000
v -0.234725 0.408820 0.015000
v -0.240708 0.444232 0.000000
v -0.230610 0.421607 0.010000
v -0.222460 0.403343 0.010000
v -0.212362 0.380718 0.000000
v -0.226535 0.412475 0.015000
v -0.229209 0.448310 0.000000
v -0.221202 0.424863 0.010000
v -0.214738 0.405937 0.010000
v -0.206731 0.382490 0.000000
v -0.217970 0.415400 0.015000
v -0.222338 0.449932 0.000000
v -0.218197 0.425504 0.010000
v -0.214853 0.405786 0.010000
v -0.210712 0.381358 0.000000
v -0.216525 0.415645 0.015000
v -0.214860 0.450421 0.000000
v -0.214860 0.425645 0.010000
v -0.214860 0.405645 0.010000
v -0.214860 0.380869 0.000000
v -0.214860 0.415645 0.015000
v 0.281880 -0.413205 0.000000
v 0.264057 -0.447342 0.000000
v 0.264978 -0.422583 0.010000
v 0.265722 -0.402597 0.010000
v 0.266643 -0.377838 0.000000
v 0.265350 -0.412590 0.015000
v 0.245836 -0.445776 0.000000
v 0.248019 -0.421096 0.010000
v 0.249781 -0.401174 0.010000
v 0.251964 -0.376494 0.000000
v 0.248900 -0.411135 0.015000
v 0.226133 -0.442219 0.000000
v 0.230740 -0.417876 0.010000
v 0.234460 -0.398224 0.010000
v 0.239067 -0.373881 0.000000
v 0.232600 -0.408050 0.015000
v 0.217530 -0.440110 0.000000
v 0.223603 -0.416090 0.010000
v 0.228506 -0.396700 0.010000
v 0.234580 -0.372680 0.000000
v 0.226055 -0.406395 0.015000
v 0.210912 -0.438421 0.000000
v 0.217038 -0.414415 0.010000
v 0.221982 -0.395035 0.010000
v 0.228108 -0.371029 0.000000
v 0.219510 -0.404725 0.015000
v 0.203804 -0.436478 0.000000
v 0.210356 -0.412584 0.010000
v 0.215644 -0.393296 0.010000
v 0.222196 -0.369402 0.000000
v 0.213000 -0.402940 0.015000
v 0.196269 -0.434163 0.000000
v 0.203601 -0.410497 0.010000
v 0.209519 -0.391393 0.010000
v 0.216851 -0.367727 0.000000
v 0.206560 -0.400945 0.015000
v 0.144630 -0.402443 0.000000
v 0.158038 -0.381609 0.010000
v 0.168862 -0.364791 0.010000
v 0.182270 -0.343957 0.000000
v 0.163450 -0.373200 0.015000
v 0.107951 -0.346872 0.000000
v 0.129377 -0.334431 0.010000
v 0.146673 -0.324389 0.010000
v 0.168099 -0.311949 0.000000
v 0.138025 -0.329410 0.015000
v 0.099988 -0.280429 0.000000
v 0.124711 -0.278820 0.010000
v 0.144669 -0.277521 0.010000
v 0.169392 -0.275911 0.000000
v 0.134690 -0.278170 0.015000
v 0.126292 -0.213487 0.000000
v 0.148779 -0.223887 0.010000
v 0.166931 -0.232283 0.010000
v 0.189418 -0.242683 0.000000
v 0.157855 -0.228085 0.015000
v 0.131747 -0.205064 0.000000
v 0.151021 -0.220632 0.010000
v 0.166579 -0.233198 0.010000
v 0.185853 -0.248766 0.000000
v 0.158800 -0.226915 0.015000
v 0.132798 -0.203774 0.000000
v 0.152000 -0.219431 0.010000
v 0.167500 -0.232069 0.010000
v 0.186702 -0.247726 0.000000
v 0.159750 -0.225750 0.015000
v 0.134138 -0.202178 0.000000
v 0.153076 -0.218152 0.010000
v 0.168364 -0.231048 0.010000
v 0.187302 -0.247022 0.000000
v 0.160720 -0.224600 0.015000
v 0.135894 -0.200202 0.000000
v 0.154297 -0.216790 0.010000
v 0.169153 -0.230180 0.010000
v 0.187556 -0.246769 0.000000
v 0.161725 -0.223485 0.015000
v 0.149549 -0.185970 0.000000
v 0.167410 -0.203140 0.010000
v 0.181829 -0.217000 0.010000
v 0.199691 -0.234169 0.000000
v 0.174620 -0.210070 0.015000
v 0.166081 -0.174964 0.000000
v 0.178245 -0.196548 0.010000
v 0.188065 -0.213972 0.010000
v 0.200229 -0.235556 0.000000
v 0.183155 -0.205260 0.015000
v 0.207887 -0.179061 0.000000
v 0.196180 -0.200897 0.010000
v 0.186730 -0.218523 0.010000
v 0.175023 -0.240359 0.000000
v 0.191455 -0.209710 0.015000
v 0.230164 -0.201584 0.000000
v 0.211271 -0.217611 0.010000
v 0.196019 -0.230549 0.010000
v 0.177126 -0.246576 0.000000
v 0.203645 -0.224080 0.015000
v 0.264983 -0.245564 0.000000
v 0.245553 -0.260936 0.010000
v 0.229867 -0.273344 0.010000
v 0.210437 -0.288716 0.000000
v 0.237710 -0.267140 0.015000
v 0.299001 -0.288759 0.000000
v 0.279536 -0.304088 0.010000
v 0.263824 -0.316462 0.010000
v 0.244359 -0.331791 0.000000
v 0.271680 -0.310275 0.015000
v 0.332942 -0.331968 0.000000
v 0.313459 -0.347273 0.010000
v 0.297731 -0.359627 0.010000
v 0.278248 -0.374932 0.000000
v 0.305595 -0.353450 0.015000
v 0.366851 -0.375168 0.000000
v 0.347361 -0.390466 0.010000
v 0.331629 -0.402814 0.010000
v 0.312139 -0.418112 0.000000
v 0.339495 -0.396640 0.015000
v 0.369840 -0.379252 0.000000
v 0.349774 -0.393784 0.010000
v 0.333576 -0.405516 0.010000
v 0.313510 -0.420048 0.000000
v 0.341675 -0.399650 0.015000
v 0.372958 -0.384008 0.000000
v 0.352106 -0.397389 0.010000
v 0.335274 -0.408191 0.010000
v 0.314422 -0.421572 0.000000
v 0.343690 -0.402790 0.015000
v 0.375396 -0.388021 0.000000
v 0.354186 -0.400827 0.010000
v 0.337064 -0.411163 0.010000
v 0.315854 -0.423969 0.000000
v 0.345625 -0.405995 0.015000
v 0.377318 -0.391201 0.000000
v 0.356117 -0.404021 0.010000
v 0.339003 -0.414369 0.010000
v 0.317802 -0.427189 0.000000
v 0.347560 -0.409195 0.015000
v 0.382222 -0.405807 0.000000
v 0.357730 -0.409550 0.010000
v 0.337960 -0.412570 0.010000
v 0.313468 -0.416313 0.000000
v 0.347845 -0.411060 0.015000
v 0.379011 -0.426650 0.000000
v 0.356187 -0.417011 0.010000
v 0.337763 -0.409229 0.010000
v 0.314939 -0.399590 0.000000
v 0.346975 -0.413120 0.015000
v 0.370296 -0.439028 0.000000
v 0.352495 -0.421795 0.010000
v 0.338125 -0.407885 0.010000
v 0.320324 -0.390652 0.000000
v 0.345310 -0.414840 0.015000
v 0.356191 -0.447947 0.000000
v 0.346943 -0.424962 0.010000
v 0.339477 -0.406408 0.010000
v 0.330228 -0.383423 0.000000
v 0.343210 -0.415685 0.015000
v 0.344379 -0.450569 0.000000
v 0.341434 -0.425969 0.010000
v 0.339056 -0.406111 0.010000
v 0.336111 -0.381511 0.000000
v 0.340245 -0.416040 0.015000
v 0.341517 -0.450921 0.000000
v 0.338495 -0.426330 0.010000
v 0.336055 -0.406480 0.010000
v 0.333033 -0.381889 0.000000
v 0.337275 -0.416405 0.015000
v 0.337115 -0.451307 0.000000
v 0.335117 -0.426612 0.010000
v 0.333503 -0.406677 0.010000
v 0.331504 -0.381982 0.000000
v 0.334310 -0.416645 0.015000
v 0.331124 -0.451400 0.000000
v 0.331292 -0.426625 0.010000
v 0.331428 -0.406625 0.010000
v 0.331596 -0.381850 0.000000
v 0.331360 -0.416625 0.015000
v 0.320545 -0.450696 0.000000
v 0.322372 -0.425988 0.010000
v 0.323847 -0.406042 0.010000
v 0.325674 -0.381334 0.000000
v 0.323110 -0.416015 0.015000
v 0.311843 -0.449939 0.000000
v 0.313999 -0.425257 0.010000
v 0.315740 -0.405333 0.010000
v 0.317897 -0.380651 0.000000
v 0.314870 -0.415295 0.015000
v 0.151410 -0.188610 0.000000
v 0.174964 -0.216613 0.000000
v 0.153908 -0.203555 0.010000
v 0.136912 -0.193015 0.010000
v 0.115856 -0.179957 0.000000
v 0.145410 -0.198285 0.015000
v 0.164273 -0.229572 0.000000
v 0.145594 -0.213295 0.010000
v 0.130516 -0.200155 0.010000
v 0.111837 -0.183878 0.000000
v 0.138055 -0.206725 0.015000
v 0.152242 -0.240429 0.000000
v 0.136040 -0.221685 0.010000
v 0.122961 -0.206555 0.010000
v 0.106758 -0.187811 0.000000
v 0.129500 -0.214120 0.015000
v 0.129934 -0.253992 0.000000
v 0.117577 -0.232518 0.010000
v 0.107603 -0.215182 0.010000
v 0.095246 -0.193708 0.000000
v 0.112590 -0.223850 0.015000
v 0.103330 -0.261995 0.000000
v 0.097342 -0.237954 0.010000
v 0.092508 -0.218546 0.010000
v 0.086520 -0.194505 0.000000
v 0.094925 -0.228250 0.015000
v 0.075803 -0.262528 0.000000
v 0.076464 -0.237761 0.010000
v 0.076997 -0.217769 0.010000
v 0.077657 -0.193002 0.000000
v 0.076730 -0.227765 0.015000
v 0.049292 -0.256453 0.000000
v 0.055660 -0.232509 0.010000
v 0.060800 -0.213181 0.010000
v 0.067168 -0.189237 0.000000
v 0.058230 -0.222845 0.015000
v 0.019063 -0.242521 0.000000
v 0.029858 -0.220221 0.010000
v 0.038572 -0.202219 0.010000
v 0.049367 -0.179919 0.000000
v 0.034215 -0.211220 0.015000
v -0.007309 -0.223572 0.000000
v 0.007541 -0.203740 0.010000
v 0.019529 -0.187730 0.010000
v 0.034379 -0.167898 0.000000
v 0.013535 -0.195735 0.015000
v -0.029631 -0.199778 0.000000
v -0.011224 -0.183194 0.010000
v 0.003634 -0.169806 0.010000
v 0.022041 -0.153222 0.000000
v -0.003795 -0.176500 0.015000
v -0.047434 -0.171752 0.000000
v -0.026286 -0.158845 0.010000
v -0.009214 -0.148425 0.010000
v 0.011934 -0.135518 0.000000
v -0.017750 -0.153635 0.015000
v -0.056580 -0.151858 0.000000
v -0.033931 -0.141814 0.010000
v -0.015649 -0.133706 0.010000
v 0.007000 -0.123662 0.000000
v -0.024790 -0.137760 0.015000
v -0.063221 -0.132412 0.000000
v -0.039713 -0.124588 0.010000
v -0.020737 -0.118272 0.010000
v 0.002771 -0.110448 0.000000
v -0.030225 -0.121430 0.015000
v -0.067858 -0.112006 0.000000
v -0.043647 -0.106747 0.010000
v -0.024103 -0.102503 0.010000
v 0.000109 -0.097244 0.000000
v -0.033875 -0.104625 0.015000
v -0.070176 -0.090724 0.000000
v -0.045517 -0.088313 0.010000
v -0.025612 -0.086367 0.010000
v -0.000954 -0.083956 0.000000
v -0.035565 -0.087340 0.015000
v -0.070549 -0.076739 0.000000
v -0.045778 -0.076266 0.010000
v -0.025782 -0.075884 0.010000
v -0.001010 -0.075411 0.000000
v -0.035780 -0.076075 0.015000
v -0.070485 -0.064584 0.000000
v -0.045710 -0.064738 0.010000
v -0.025710 -0.064862 0.010000
v -0.000935 -0.065016 0.000000
v -0.035710 -0.064800 0.015000
v -0.070301 -0.052965 0.000000
v -0.045529 -0.053360 0.010000
v -0.025531 -0.053680 0.010000
v -0.000759 -0.054075 0.000000
v -0.035530 -0.053520 0.015000
v -0.070189 -0.041885 0.000000
v -0.045414 -0.042138 0.010000
v -0.025415 -0.042342 0.010000
v -0.000641 -0.042595 0.000000
v -0.035415 -0.042240 0.015000
v -0.070211 -0.037148 0.000000
v -0.045435 -0.037053 0.010000
v -0.025435 -0.036977 0.010000
v -0.000659 -0.036882 0.000000
v -0.035435 -0.037015 0.015000
v -0.070278 -0.032256 0.000000
v -0.045504 -0.031924 0.010000
v -0.025506 -0.031656 0.010000
v -0.000732 -0.031324 0.000000
v -0.035505 -0.031790 0.015000
v -0.070379 -0.027263 0.000000
v -0.045608 -0.026766 0.010000
v -0.025612 -0.026364 0.010000
v -0.000841 -0.025866 0.000000
v -0.035610 -0.026565 0.015000
v -0.070497 -0.022138 0.000000
v -0.045727 -0.021570 0.010000
v -0.025733 -0.021110 0.010000
v -0.000963 -0.020541 0.000000
v -0.035730 -0.021340 0.015000
v -0.068173 -0.033996 0.000000
v -0.045597 -0.023789 0.010000
v -0.027373 -0.015550 0.010000
v -0.004797 -0.005344 0.000000
v -0.036485 -0.019670 0.015000
v -0.060377 -0.045045 0.000000
v -0.044627 -0.025919 0.010000
v -0.031913 -0.010481 0.010000
v -0.016163 0.008645 0.000000
v -0.038270 -0.018200 0.015000
v -0.053825 -0.049397 0.000000
v -0.044332 -0.026512 0.010000
v -0.036668 -0.008038 0.010000
v -0.027175 0.014847 0.000000
v -0.040500 -0.017275 0.015000
v -0.043161 -0.052011 0.000000
v -0.042743 -0.027238 0.010000
v -0.042406 -0.007241 0.010000
v -0.041989 0.017531 0.000000
v -0.042575 -0.017240 0.015000
v -0.066355 -0.062892 0.000000
v -0.074822 -0.039608 0.010000
v -0.081658 -0.020812 0.010000
v -0.090125 0.002472 0.000000
v -0.078240 -0.030210 0.015000
v -0.094552 -0.078381 0.000000
v -0.106242 -0.056537 0.010000
v -0.115678 -0.038903 0.010000
v -0.127368 -0.017059 0.000000
v -0.110960 -0.047720 0.015000
v -0.119485 -0.097833 0.000000
v -0.134457 -0.078092 0.010000
v -0.146543 -0.062157 0.010000
v -0.161515 -0.042417 0.000000
v -0.140500 -0.070125 0.015000
v -0.141336 -0.121661 0.000000
v -0.159349 -0.104651 0.010000
v -0.173890 -0.090919 0.010000
v -0.191904 -0.073909 0.000000
v -0.166620 -0.097785 0.015000
v -0.140374 -0.120711 0.000000
v -0.160049 -0.105653 0.010000
v -0.175931 -0.093497 0.010000
v -0.195606 -0.078439 0.000000
v -0.167990 -0.099575 0.015000
v -0.140638 -0.121171 0.000000
v -0.161040 -0.107114 0.010000
v -0.177509 -0.095766 0.010000
v -0.197911 -0.081709 0.000000
v -0.169275 -0.101440 0.015000
v -0.140608 -0.121255 0.000000
v -0.161858 -0.108517 0.010000
v -0.179012 -0.098233 0.010000
v -0.200262 -0.085494 0.000000
v -0.170435 -0.103375 0.015000
v -0.140243 -0.120776 0.000000
v -0.162458 -0.109807 0.010000
v -0.180391 -0.100953 0.010000
v -0.202607 -0.089984 0.000000
v -0.171425 -0.105380 0.015000
v -0.137652 -0.113746 0.000000
v -0.161881 -0.108569 0.010000
v -0.181439 -0.104391 0.010000
v -0.205668 -0.099214 0.000000
v -0.171660 -0.106480 0.015000
v -0.136884 -0.105233 0.000000
v -0.161596 -0.107012 0.010000
v -0.181544 -0.108448 0.010000
v -0.206256 -0.110227 0.000000
v -0.171570 -0.107730 0.015000
v -0.137391 -0.101176 0.000000
v -0.161528 -0.106768 0.010000
v -0.181012 -0.111282 0.010000
v -0.205148 -0.116874 0.000000
v -0.171270 -0.109025 0.015000
v -0.137777 -0.099578 0.000000
v -0.161357 -0.107181 0.010000
v -0.180392 -0.113319 0.010000
v -0.203973 -0.120922 0.000000
v -0.170875 -0.110250 0.015000
v -0.144870 -0.087153 0.000000
v -0.163116 -0.103915 0.010000
v -0.177844 -0.117445 0.010000
v -0.196090 -0.134207 0.000000
v -0.170480 -0.110680 0.015000
v -0.154382 -0.079844 0.000000
v -0.165338 -0.102066 0.010000
v -0.174182 -0.120004 0.010000
v -0.185138 -0.142226 0.000000
v -0.169760 -0.111035 0.015000
v -0.160548 -0.077491 0.000000
v -0.166523 -0.101535 0.010000
v -0.171347 -0.120945 0.010000
v -0.177322 -0.144989 0.000000
v -0.168935 -0.111240 0.015000
v -0.169451 -0.076461 0.000000
v -0.168577 -0.101221 0.010000
v -0.167872 -0.121209 0.010000
v -0.166999 -0.145969 0.000000
v -0.168225 -0.111215 0.015000
v -0.171458 -0.075940 0.000000
v -0.164545 -0.099732 0.010000
v -0.158965 -0.118938 0.010000
v -0.152051 -0.142730 0.000000
v -0.161755 -0.109335 0.015000
v -0.165083 -0.074068 0.000000
v -0.158103 -0.097840 0.010000
v -0.152467 -0.117030 0.010000
v -0.145486 -0.140802 0.000000
v -0.155285 -0.107435 0.015000
v -0.159112 -0.072219 0.000000
v -0.151797 -0.095891 0.010000
v -0.145893 -0.114999 0.010000
v -0.138578 -0.138671 0.000000
v -0.148845 -0.105445 0.015000
v -0.153534 -0.070335 0.000000
v -0.145644 -0.093821 0.010000
v -0.139275 -0.112779 0.010000
v -0.131385 -0.136265 0.000000
v -0.142460 -0.103300 0.015000
v -0.140819 -0.065746 0.000000
v -0.132423 -0.089057 0.010000
v -0.125646 -0.107873 0.010000
v -0.117251 -0.131184 0.000000
v -0.129035 -0.098465 0.015000
v -0.127641 -0.060900 0.000000
v -0.119091 -0.084154 0.010000
v -0.112189 -0.102926 0.010000
v -0.103639 -0.126180 0.000000
v -0.115640 -0.093540 0.015000
v -0.114235 -0.055976 0.000000
v -0.105693 -0.079233 0.010000
v -0.098797 -0.098007 0.010000
v -0.090255 -0.121264 0.000000
v -0.102245 -0.088620 0.015000
v -0.100562 -0.051068 0.000000
v -0.092193 -0.074388 0.010000
v -0.085437 -0.093212 0.010000
v -0.077068 -0.116532 0.000000
v -0.088815 -0.083800 0.015000
v -0.095077 -0.049303 0.000000
v -0.087584 -0.072918 0.010000
v -0.081536 -0.091982 0.010000
v -0.074043 -0.115597 0.000000
v -0.084560 -0.082450 0.015000
v -0.086702 -0.047460 0.000000
v -0.082080 -0.071801 0.010000
v -0.078350 -0.091449 0.010000
v -0.073728 -0.115790 0.000000
v -0.080215 -0.081625 0.015000
v -0.075162 -0.046935 0.000000
v -0.075609 -0.071707 0.010000
v -0.075971 -0.091703 0.010000
v -0.076418 -0.116475 0.000000
v -0.075790 -0.081705 0.015000
v -0.061117 -0.049828 0.000000
v -0.068372 -0.073518 0.010000
v -0.074228 -0.092642 0.010000
v -0.081483 -0.116332 0.000000
v -0.071300 -0.083080 0.015000
v -0.052320 -0.053895 0.000000
v -0.064852 -0.075268 0.010000
v -0.074968 -0.092522 0.010000
v -0.087499 -0.113894 0.000000
v -0.069910 -0.083895 0.015000
v -0.043984 -0.060676 0.000000
v -0.061771 -0.077923 0.010000
v -0.076129 -0.091846 0.010000
v -0.093915 -0.109094 0.000000
v -0.068950 -0.084885 0.015000
v -0.036010 -0.073653 0.000000
v -0.059132 -0.082553 0.010000
v -0.077797 -0.089737 0.010000
v -0.100920 -0.098637 0.000000
v -0.068465 -0.086145 0.015000
v -0.033725 -0.088405 0.000000
v -0.058497 -0.087945 0.010000
v -0.078493 -0.087574 0.010000
v -0.103265 -0.087115 0.000000
v -0.068495 -0.087760 0.015000
v -0.034034 -0.092492 0.000000
v -0.058646 -0.089644 0.010000
v -0.078514 -0.087346 0.010000
v -0.103125 -0.084498 0.000000
v -0.068580 -0.088495 0.015000
v -0.033975 -0.092018 0.000000
v -0.058672 -0.090042 0.010000
v -0.078608 -0.088447 0.010000
v -0.103305 -0.086472 0.000000
v -0.068640 -0.089245 0.015000
v -0.034373 -0.095216 0.000000
v -0.058864 -0.091475 0.010000
v -0.078635 -0.088455 0.010000
v -0.103127 -0.084714 0.000000
v -0.068750 -0.089965 0.015000
v -0.036252 -0.102363 0.000000
v -0.059572 -0.093997 0.010000
v -0.078397 -0.087243 0.010000
v -0.101718 -0.078877 0.000000
v -0.068985 -0.090620 0.015000
v -0.048657 -0.124180 0.000000
v -0.069847 -0.111342 0.010000
v -0.086953 -0.100978 0.010000
v -0.108143 -0.088140 0.000000
v -0.078400 -0.106160 0.015000
v -0.062080 -0.141684 0.000000
v -0.081565 -0.126381 0.010000
v -0.097294 -0.114029 0.010000
v -0.116780 -0.098726 0.000000
v -0.089430 -0.120205 0.015000
v -0.078337 -0.157678 0.000000
v -0.095434 -0.139747 0.010000
v -0.109236 -0.125273 0.010000
v -0.126333 -0.107342 0.000000
v -0.102335 -0.132510 0.015000
v -0.097712 -0.171503 0.000000
v -0.111721 -0.151068 0.010000
v -0.123029 -0.134572 0.010000
v -0.137037 -0.114136 0.000000
v -0.117375 -0.142820 0.015000
v -0.135797 -0.192399 0.000000
v -0.147622 -0.170628 0.010000
v -0.157167 -0.153052 0.010000
v -0.168992 -0.131280 0.000000
v -0.152395 -0.161840 0.015000
v -0.172783 -0.210591 0.000000
v -0.183703 -0.188351 0.010000
v -0.192517 -0.170399 0.010000
v -0.203436 -0.148159 0.000000
v -0.188110 -0.179375 0.015000
v -0.210447 -0.227268 0.000000
v -0.220462 -0.204607 0.010000
v -0.228547 -0.186313 0.010000
v -0.238562 -0.163652 0.000000
v -0.224505 -0.195460 0.015000
v -0.248765 -0.242465 0.000000
v -0.257884 -0.219428 0.010000
v -0.265245 -0.200832 0.010000
v -0.274364 -0.177795 0.000000
v -0.261565 -0.210130 0.015000
v -0.265499 -0.247310 0.000000
v -0.272122 -0.223436 0.010000
v -0.277468 -0.204164 0.010000
v -0.284091 -0.180290 0.000000
v -0.274795 -0.213800 0.015000
v -0.284255 -0.249854 0.000000
v -0.287016 -0.225233 0.010000
v -0.289244 -0.205357 0.010000
v -0.292004 -0.180736 0.000000
v -0.288130 -0.215295 0.015000
v -0.302036 -0.249872 0.000000
v -0.301675 -0.225099 0.010000
v -0.301384 -0.205101 0.010000
v -0.301024 -0.180328 0.000000
v -0.301530 -0.215100 0.015000
v -0.318578 -0.248282 0.000000
v -0.316000 -0.223641 0.010000
v -0.313919 -0.203749 0.010000
v -0.311341 -0.179108 0.000000
v -0.314960 -0.213695 0.015000
v -0.332558 -0.244851 0.000000
v -0.325798 -0.221016 0.010000
v -0.320341 -0.201774 0.010000
v -0.313582 -0.177939 0.000000
v -0.323070 -0.211395 0.015000
v -0.348234 -0.236731 0.000000
v -0.335225 -0.215646 0.010000
v -0.324724 -0.198624 0.010000
v -0.311715 -0.177539 0.000000
v -0.329975 -0.207135 0.015000
v -0.360612 -0.225513 0.000000
v -0.342853 -0.208238 0.010000
v -0.328517 -0.194292 0.010000
v -0.310757 -0.177017 0.000000
v -0.335685 -0.201265 0.015000
v -0.369557 -0.212813 0.000000
v -0.348656 -0.199510 0.010000
v -0.331784 -0.188770 0.010000
v -0.310882 -0.175467 0.000000
v -0.340220 -0.194140 0.015000
v -0.380562 -0.188201 0.000000
v -0.357773 -0.178479 0.010000
v -0.339377 -0.170631 0.010000
v -0.316588 -0.160909 0.000000
v -0.348575 -0.174555 0.015000
v -0.387198 -0.162553 0.000000
v -0.363101 -0.156794 0.010000
v -0.343649 -0.152146 0.010000
v -0.319551 -0.146387 0.000000
v -0.353375 -0.154470 0.015000
v -0.388985 -0.135308 0.000000
v -0.364231 -0.134269 0.010000
v -0.344249 -0.133431 0.010000
v -0.319494 -0.132392 0.000000
v -0.354240 -0.133850 0.015000
v -0.385108 -0.107060 0.000000
v -0.360655 -0.111046 0.010000
v -0.340915 -0.114264 0.010000
v -0.316462 -0.118250 0.000000
v -0.350785 -0.112655 0.015000
v -0.381619 -0.094208 0.000000
v -0.357842 -0.101170 0.010000
v -0.338648 -0.106790 0.010000
v -0.314870 -0.113752 0.000000
v -0.348245 -0.103980 0.015000
v -0.378137 -0.084061 0.000000
v -0.354735 -0.092196 0.010000
v -0.335844 -0.098764 0.010000
v -0.312442 -0.106899 0.000000
v -0.345290 -0.095480 0.015000
v -0.374110 -0.074041 0.000000
v -0.351162 -0.083381 0.010000
v -0.332637 -0.090919 0.010000
v -0.309689 -0.100259 0.000000
v -0.341900 -0.087150 0.015000
v -0.369517 -0.064169 0.000000
v -0.347102 -0.074725 0.010000
v -0.329008 -0.083245 0.010000
v -0.306593 -0.093801 0.000000
v -0.338055 -0.078985 0.015000
v -0.366352 -0.057895 0.000000
v -0.344254 -0.069098 0.010000
v -0.326416 -0.078142 0.010000
v -0.304318 -0.089345 0.000000
v -0.335335 -0.073620 0.015000
v -0.363710 -0.052635 0.000000
v -0.341571 -0.063756 0.010000
v -0.323699 -0.072734 0.010000
v -0.301559 -0.083855 0.000000
v -0.332635 -0.068245 0.015000
v -0.361313 -0.047677 0.000000
v -0.339015 -0.058476 0.010000
v -0.321015 -0.067194 0.010000
v -0.298716 -0.077993 0.000000
v -0.330015 -0.062835 0.015000
v -0.359192 -0.042981 0.000000
v -0.336634 -0.053229 0.010000
v -0.318425 -0.061501 0.010000
v -0.295868 -0.071749 0.000000
v -0.327530 -0.057365 0.015000
v -0.353048 -0.023258 0.000000
v -0.329475 -0.030883 0.010000
v -0.310445 -0.037037 0.010000
v -0.286872 -0.044662 0.000000
v -0.319960 -0.033960 0.015000
v -0.352353 -0.007354 0.000000
v -0.327689 -0.009709 0.010000
v -0.307780 -0.011611 0.010000
v -0.283116 -0.013966 0.000000
v -0.317735 -0.010660 0.015000
v -0.355404 0.007716 0.000000
v -0.330864 0.011131 0.010000
v -0.311055 0.013889 0.010000
v -0.286516 0.017304 0.000000
v -0.320960 0.012510 0.015000
v -0.362228 0.023129 0.000000
v -0.339078 0.031957 0.010000
v -0.320391 0.039083 0.010000
v -0.297242 0.047911 0.000000
v -0.329735 0.035520 0.015000
v -0.364726 0.027375 0.000000
v -0.342778 0.038870 0.010000
v -0.325061 0.048150 0.010000
v -0.303114 0.059646 0.000000
v -0.333920 0.043510 0.015000
v -0.368762 0.034750 0.000000
v -0.347020 0.046630 0.010000
v -0.329469 0.056220 0.010000
v -0.307728 0.068100 0.000000
v -0.338245 0.051425 0.015000
v -0.373084 0.042650 0.000000
v -0.351348 0.054541 0.010000
v -0.333802 0.064139 0.010000
v -0.312066 0.076030 0.000000
v -0.342575 0.059340 0.015000
v -0.377559 0.051166 0.000000
v -0.355620 0.062678 0.010000
v -0.337910 0.071971 0.010000
v -0.315971 0.083484 0.000000
v -0.346765 0.067325 0.015000
v -0.382196 0.061368 0.000000
v -0.359578 0.071482 0.010000
v -0.341321 0.079647 0.010000
v -0.318704 0.089762 0.000000
v -0.350450 0.075565 0.015000
v -0.386285 0.073307 0.000000
v -0.362724 0.080972 0.010000
v -0.343705 0.087158 0.010000
v -0.320145 0.094823 0.000000
v -0.353215 0.084065 0.015000
v -0.389074 0.086000 0.000000
v -0.364784 0.090880 0.010000
v -0.345176 0.094820 0.010000
v -0.320885 0.099700 0.000000
v -0.354980 0.092850 0.015000
v -0.390339 0.099352 0.000000
v -0.365632 0.101199 0.010000
v -0.345688 0.102691 0.010000
v -0.320981 0.104538 0.000000
v -0.355660 0.101945 0.015000
v -0.388529 0.121872 0.000000
v -0.363890 0.119277 0.010000
v -0.344000 0.117183 0.010000
v -0.319360 0.114588 0.000000
v -0.353945 0.118230 0.015000
v -0.380867 0.144969 0.000000
v -0.357772 0.136000 0.010000
v -0.339128 0.128760 0.010000
v -0.316033 0.119791 0.000000
v -0.348450 0.132380 0.015000
v -0.366975 0.165487 0.000000
v -0.347244 0.150503 0.010000
v -0.331316 0.138407 0.010000
v -0.311585 0.123423 0.000000
v -0.339280 0.144455 0.015000
v -0.348114 0.181803 0.000000
v -0.332747 0.162369 0.010000
v -0.320342 0.146681 0.010000
v -0.304975 0.127247 0.000000
v -0.326545 0.154525 0.015000
v -0.333628 0.190434 0.000000
v -0.321493 0.168833 0.010000
v -0.311697 0.151397 0.010000
v -0.299561 0.129796 0.000000
v -0.316595 0.160115 0.015000
v -0.319844 0.196544 0.000000
v -0.310109 0.173761 0.010000
v -0.302251 0.155369 0.010000
v -0.292516 0.132586 0.000000
v -0.306180 0.164565 0.015000
v -0.304888 0.201086 0.000000
v -0.298114 0.177254 0.010000
v -0.292646 0.158016 0.010000
v -0.285871 0.134184 0.000000
v -0.295380 0.167635 0.015000
v -0.288738 0.203559 0.000000
v -0.285562 0.178987 0.010000
v -0.282998 0.159152 0.010000
v -0.279821 0.134581 0.000000
v -0.284280 0.169070 0.015000
v -0.254611 0.206852 0.000000
v -0.252245 0.182189 0.010000
v -0.250335 0.162281 0.010000
v -0.247969 0.137618 0.000000
v -0.251290 0.172235 0.015000
v -0.224522 0.212025 0.000000
v -0.220395 0.187595 0.010000
v -0.217064 0.167875 0.010000
v -0.212938 0.143445 0.000000
v -0.218730 0.177735 0.015000
v -0.193356 0.218433 0.000000
v -0.188382 0.194161 0.010000
v -0.184367 0.174568 0.010000
v -0.179394 0.150297 0.000000
v -0.186375 0.184365 0.015000
v -0.160912 0.225008 0.000000
v -0.155991 0.200726 0.010000
v -0.152019 0.181124 0.010000
v -0.147098 0.156842 0.000000
v -0.154005 0.190925 0.015000
v -0.145945 0.227640 0.000000
v -0.141674 0.203235 0.010000
v -0.138226 0.183535 0.010000
v -0.133954 0.159130 0.000000
v -0.139950 0.193385 0.015000
v -0.131078 0.229914 0.000000
v -0.127346 0.205421 0.010000
v -0.124333 0.185649 0.010000
v -0.120601 0.161156 0.000000
v -0.125840 0.195535 0.015000
v -0.116378 0.231918 0.000000
v -0.113038 0.207369 0.010000
v -0.110342 0.187551 0.010000
v -0.107002 0.163002 0.000000
v -0.111690 0.197460 0.015000
v -0.101873 0.233748 0.000000
v -0.098775 0.209166 0.010000
v -0.096275 0.189323 0.010000
v -0.093177 0.164742 0.000000
v -0.097525 0.199245 0.015000
v -0.094764 0.234297 0.000000
v -0.093044 0.209581 0.010000
v -0.091656 0.189629 0.010000
v -0.089936 0.164913 0.000000
v -0.092350 0.199605 0.015000
v -0.086720 0.234318 0.000000
v -0.087005 0.209544 0.010000
v -0.087235 0.189546 0.010000
v -0.087519 0.164771 0.000000
v -0.087120 0.199545 0.015000
v -0.079886 0.233964 0.000000
v -0.081299 0.209229 0.010000
v -0.082440 0.189261 0.010000
v -0.083854 0.164526 0.000000
v -0.081870 0.199245 0.015000
v -0.074216 0.233572 0.000000
v -0.075939 0.208856 0.010000
v -0.077330 0.188904 0.010000
v -0.079054 0.164188 0.000000
v -0.076635 0.198880 0.015000
v -0.063968 0.231354 0.000000
v -0.071379 0.207712 0.010000
v -0.077361 0.188628 0.010000
v -0.084772 0.164986 0.000000
v -0.074370 0.198170 0.015000
v -0.048060 0.221014 0.000000
v -0.065721 0.203638 0.010000
v -0.079978 0.189612 0.010000
v -0.097640 0.172236 0.000000
v -0.072850 0.196625 0.015000
v -0.040039 0.208361 0.000000
v -0.062792 0.198553 0.010000
v -0.081158 0.190637 0.010000
v -0.103910 0.180829 0.000000
v -0.071975 0.194595 0.015000
v -0.037266 0.197670 0.000000
v -0.061759 0.193937 0.010000
v -0.081531 0.190923 0.010000
v -0.106024 0.187190 0.000000
v -0.071645 0.192430 0.015000
v -0.036921 0.189495 0.000000
v -0.061692 0.189994 0.010000
v -0.081688 0.190396 0.010000
v -0.106459 0.190895 0.000000
v -0.071690 0.190195 0.015000
v -0.037632 0.182777 0.000000
v -0.062142 0.186398 0.010000
v -0.081927 0.189322 0.010000
v -0.106437 0.192943 0.000000
v -0.072035 0.187860 0.015000
v -0.039796 0.174636 0.000000
v -0.063267 0.182572 0.010000
v -0.082213 0.188978 0.010000
v -0.105683 0.196914 0.000000
v -0.072740 0.185775 0.015000
v -0.046161 0.163271 0.000000
v -0.065902 0.178242 0.010000
v -0.081838 0.190328 0.010000
v -0.101578 0.205299 0.000000
v -0.073870 0.184285 0.015000
v -0.057036 0.153633 0.000000
v -0.071181 0.173975 0.010000
v -0.082599 0.190395 0.010000
v -0.096743 0.210737 0.000000
v -0.076890 0.182185 0.015000
v -0.063233 0.149986 0.000000
v -0.075285 0.171633 0.010000
v -0.085014 0.189107 0.010000
v -0.097066 0.210754 0.000000
v -0.080150 0.180370 0.015000
v -0.068841 0.147270 0.000000
v -0.079324 0.169719 0.010000
v -0.087786 0.187841 0.010000
v -0.098269 0.210289 0.000000
v -0.083555 0.178780 0.015000
v -0.073672 0.145229 0.000000
v -0.083174 0.168110 0.010000
v -0.090845 0.186580 0.010000
v -0.100348 0.209461 0.000000
v -0.087010 0.177345 0.015000
v -0.089579 0.138929 0.000000
v -0.098695 0.161967 0.010000
v -0.106054 0.180563 0.010000
v -0.115170 0.203601 0.000000
v -0.102375 0.171265 0.015000
v -0.105096 0.132859 0.000000
v -0.114122 0.155932 0.010000
v -0.121408 0.174558 0.010000
v -0.130433 0.197631 0.000000
v -0.117765 0.165245 0.015000
v -0.120522 0.126842 0.000000
v -0.129526 0.149924 0.010000
v -0.136794 0.168556 0.010000
v -0.145797 0.191638 0.000000
v -0.133160 0.159240 0.015000
v -0.135855 0.120832 0.000000
v -0.144896 0.143900 0.010000
v -0.152194 0.162520 0.010000
v -0.161235 0.185588 0.000000
v -0.148545 0.153210 0.015000
v -0.144872 0.117058 0.000000
v -0.154417 0.139922 0.010000
v -0.162122 0.158378 0.010000
v -0.171668 0.181241 0.000000
v -0.158270 0.149150 0.015000
v -0.152831 0.113229 0.000000
v -0.163471 0.135604 0.010000
v -0.172059 0.153666 0.010000
v -0.182699 0.176041 0.000000
v -0.167765 0.144635 0.015000
v -0.160205 0.109102 0.000000
v -0.172149 0.130809 0.010000
v -0.181791 0.148331 0.010000
v -0.193735 0.170038 0.000000
v -0.176970 0.139570 0.015000
v -0.166978 0.104636 0.000000
v -0.180402 0.125460 0.010000
v -0.191238 0.142270 0.010000
v -0.204662 0.163094 0.000000
v -0.185820 0.133865 0.015000
v -0.170470 0.102087 0.000000
v -0.184886 0.122237 0.010000
v -0.196524 0.138503 0.010000
v -0.210940 0.158653 0.000000
v -0.190705 0.130370 0.015000
v -0.174473 0.099031 0.000000
v -0.189453 0.118765 0.010000
v -0.201546 0.134695 0.010000
v -0.216527 0.154429 0.000000
v -0.195500 0.126730 0.015000
v -0.178000 0.096083 0.000000
v -0.193770 0.115192 0.010000
v -0.206500 0.130618 0.010000
v -0.222270 0.149727 0.000000
v -0.200135 0.122905 0.015000
v -0.181022 0.093241 0.000000
v -0.197781 0.111490 0.010000
v -0.211309 0.126220 0.010000
v -0.228067 0.144468 0.000000
v -0.204545 0.118855 0.015000
v -0.186507 0.086429 0.000000
v -0.205346 0.102520 0.010000
v -0.220554 0.115510 0.010000
v -0.239393 0.131601 0.000000
v -0.212950 0.109015 0.015000
v -0.188760 0.081086 0.000000
v -0.210354 0.093232 0.010000
v -0.227786 0.103037 0.010000
v -0.249380 0.115184 0.000000
v -0.219070 0.098135 0.015000
v -0.189696 0.075699 0.000000
v -0.213316 0.083177 0.010000
v -0.232384 0.089213 0.010000
v -0.256004 0.096691 0.000000
v -0.222850 0.086195 0.015000
v -0.189661 0.069487 0.000000
v -0.214296 0.072118 0.010000
v -0.234183 0.074242 0.010000
v -0.258819 0.076873 0.000000
v -0.224240 0.073180 0.015000
v -0.188845 0.060360 0.000000
v -0.213595 0.059234 0.010000
v -0.233575 0.058326 0.010000
v -0.258325 0.057200 0.000000
v -0.223585 0.058780 0.015000
v -0.186903 0.050809 0.000000
v -0.211313 0.046567 0.010000
v -0.231017 0.043143 0.010000
v -0.255427 0.038900 0.000000
v -0.221165 0.044855 0.015000
v -0.183745 0.041981 0.000000
v -0.207348 0.034450 0.010000
v -0.226402 0.028370 0.010000
v -0.250005 0.020839 0.000000
v -0.216875 0.031410 0.015000
v -0.179300 0.033585 0.000000
v -0.201607 0.022802 0.010000
v -0.219613 0.014098 0.010000
v -0.241919 0.003315 0.000000
v -0.210610 0.018450 0.015000
v -0.182682 0.039521 0.000000
v -0.200712 0.022528 0.010000
v -0.215267 0.008811 0.010000
v -0.233298 -0.008181 0.000000
v -0.207990 0.015670 0.015000
v -0.191332 0.046427 0.000000
v -0.200721 0.023499 0.010000
v -0.208299 0.004991 0.010000
v -0.217688 -0.017937 0.000000
v -0.204510 0.014245 0.015000
v -0.202029 0.049122 0.000000
v -0.201210 0.024359 0.010000
v -0.200550 0.004370 0.010000
v -0.199731 -0.020392 0.000000
v -0.200880 0.014365 0.015000
v -0.215812 0.045975 0.000000
v -0.202994 0.024773 0.010000
v -0.192646 0.007657 0.010000
v -0.179828 -0.013545 0.000000
v -0.197820 0.016215 0.015000
v -0.216550 0.047348 0.000000
v -0.198176 0.030728 0.010000
v -0.183344 0.017312 0.010000
v -0.164970 0.000691 0.000000
v -0.190760 0.024020 0.015000
v -0.209709 0.055021 0.000000
v -0.191218 0.038531 0.010000
v -0.176292 0.025219 0.010000
v -0.157801 0.008729 0.000000
v -0.183755 0.031875 0.015000
v -0.202759 0.062842 0.000000
v -0.184240 0.046383 0.010000
v -0.169290 0.033097 0.010000
v -0.150771 0.016638 0.000000
v -0.176765 0.039740 0.015000
v -0.195632 0.070790 0.000000
v -0.177185 0.054251 0.010000
v -0.162294 0.040899 0.010000
v -0.143848 0.024360 0.000000
v -0.169740 0.047575 0.015000
v -0.188085 0.079199 0.000000
v -0.169647 0.062650 0.010000
v -0.154763 0.049290 0.010000
v -0.136325 0.032741 0.000000
v -0.162205 0.055970 0.015000
v -0.180537 0.087602 0.000000
v -0.162105 0.071047 0.010000
v -0.147225 0.057683 0.010000
v -0.128792 0.041128 0.000000
v -0.154665 0.064365 0.015000
v -0.172617 0.096211 0.000000
v -0.154388 0.079432 0.010000
v -0.139672 0.065888 0.010000
v -0.121443 0.049109 0.000000
v -0.147030 0.072660 0.015000
v -0.164223 0.104919 0.000000
v -0.146399 0.087711 0.010000
v -0.132011 0.073819 0.010000
v -0.114186 0.056611 0.000000
v -0.139205 0.080765 0.015000
v -0.152531 0.115347 0.000000
v -0.136180 0.096733 0.010000
v -0.122980 0.081707 0.010000
v -0.106629 0.063093 0.000000
v -0.129580 0.089220 0.015000
v -0.138266 0.125183 0.000000
v -0.124579 0.104531 0.010000
v -0.113531 0.087859 0.010000
v -0.099844 0.067207 0.000000
v -0.119055 0.096195 0.015000
v -0.122757 0.133023 0.000000
v -0.111987 0.110711 0.010000
v -0.103293 0.092699 0.010000
v -0.092523 0.070387 0.000000
v -0.107640 0.101705 0.015000
v -0.106240 0.138788 0.000000
v -0.098474 0.115261 0.010000
v -0.092205 0.096269 0.010000
v -0.084439 0.072742 0.000000
v -0.095340 0.105765 0.015000
v -0.092823 0.141828 0.000000
v -0.087730 0.117581 0.010000
v -0.083619 0.098009 0.010000
v -0.078527 0.073762 0.000000
v -0.085675 0.107795 0.015000
v -0.079372 0.143333 0.000000
v -0.077012 0.118670 0.010000
v -0.075107 0.098760 0.010000
v -0.072748 0.074097 0.000000
v -0.076060 0.108715 0.015000
v -0.065280 0.143152 0.000000
v -0.066103 0.118389 0.010000
v -0.066767 0.098401 0.010000
v -0.067590 0.073638 0.000000
v -0.066435 0.108395 0.015000
v -0.050772 0.140963 0.000000
v -0.055031 0.116556 0.010000
v -0.058469 0.096854 0.010000
v -0.062728 0.072447 0.000000
v -0.056750 0.106705 0.015000
v -0.041806 0.138828 0.000000
v -0.047772 0.114781 0.010000
v -0.052588 0.095369 0.010000
v -0.058554 0.071322 0.000000
v -0.050180 0.105075 0.015000
v -0.035481 0.137311 0.000000
v -0.041262 0.113219 0.010000
v -0.045928 0.093771 0.010000
v -0.051709 0.069679 0.000000
v -0.043595 0.103495 0.015000
v -0.029386 0.135949 0.000000
v -0.034803 0.111773 0.010000
v -0.039176 0.092257 0.010000
v -0.044594 0.068081 0.000000
v -0.036990 0.102015 0.015000
v -0.023545 0.134792 0.000000
v -0.028400 0.110496 0.010000
v -0.032320 0.090884 0.010000
v -0.037175 0.066588 0.000000
v -0.030360 0.100690 0.015000
v -0.020438 0.135295 0.000000
v -0.020878 0.110523 0.010000
v -0.021232 0.090527 0.010000
v -0.021672 0.065755 0.000000
v -0.021055 0.100525 0.015000
v -0.023287 0.136367 0.000000
v -0.015627 0.112805 0.010000
v -0.009443 0.093785 0.010000
v -0.001783 0.070223 0.000000
v -0.012535 0.103295 0.015000
v -0.026872 0.136174 0.000000
v -0.011706 0.116583 0.010000
v 0.000536 0.100767 0.010000
v 0.015702 0.081176 0.000000
v -0.005585 0.108675 0.015000
v -0.030788 0.134246 0.000000
v -0.009555 0.121478 0.010000
v 0.007585 0.111172 0.010000
v 0.028818 0.098404 0.000000
v -0.000985 0.116325 0.015000
v -0.031613 0.134415 0.000000
v -0.008107 0.126585 0.010000
v 0.010868 0.120265 0.010000
v 0.034374 0.112435 0.000000
v 0.001380 0.123425 0.015000
v -0.030034 0.140122 0.000000
v -0.006196 0.133370 0.010000
v 0.013047 0.127920 0.010000
v 0.036885 0.121168 0.000000
v 0.003425 0.130645 0.015000
v -0.028464 0.146424 0.000000
v -0.004437 0.140376 0.010000
v 0.014958 0.135494 0.010000
v 0.038984 0.129446 0.000000
v 0.005260 0.137935 0.015000
v -0.026840 0.153276 0.000000
v -0.002734 0.147551 0.010000
v 0.016724 0.142929 0.010000
v 0.040830 0.137204 0.000000
v 0.006995 0.145240 0.015000
v -0.024049 0.165944 0.000000
v 0.000145 0.160605 0.010000
v 0.019675 0.156295 0.010000
v 0.043869 0.150956 0.000000
v 0.009910 0.158450 0.015000
v -0.021383 0.178782 0.000000
v 0.002874 0.173740 0.010000
v 0.022456 0.169670 0.010000
v 0.046713 0.164628 0.000000
v 0.012665 0.171705 0.015000
v -0.018354 0.192441 0.000000
v 0.005833 0.187072 0.010000
v 0.025357 0.182738 0.010000
v 0.049545 0.177369 0.000000
v 0.015595 0.184905 0.015000
v -0.014600 0.206807 0.000000
v 0.009360 0.200501 0.010000
v 0.028701 0.195410 0.010000
v 0.052660 0.189103 0.000000
v 0.019030 0.197955 0.015000
v 0.002966 0.253127 0.000000
v 0.026095 0.244245 0.010000
v 0.044765 0.237075 0.010000
v 0.067894 0.228193 0.000000
v 0.035430 0.240660 0.015000
v 0.028559 0.296564 0.000000
v 0.049769 0.283759 0.010000
v 0.066891 0.273422 0.010000
v 0.088101 0.260616 0.000000
v 0.058330 0.278590 0.015000
v 0.062056 0.334786 0.000000
v 0.080490 0.318232 0.010000
v 0.095370 0.304868 0.010000
v 0.113804 0.288314 0.000000
v 0.087930 0.311550 0.015000
v 0.103369 0.367003 0.000000
v 0.118374 0.347287 0.010000
v 0.130486 0.331373 0.010000
v 0.145492 0.311657 0.000000
v 0.124430 0.339330 0.015000
v 0.111571 0.372194 0.000000
v 0.124391 0.350992 0.010000
v 0.134740 0.333878 0.010000
v 0.147559 0.312677 0.000000
v 0.129565 0.342435 0.015000
v 0.117828 0.375718 0.000000
v 0.129927 0.354097 0.010000
v 0.139693 0.336644 0.010000
v 0.151792 0.315023 0.000000
v 0.134810 0.345370 0.015000
v 0.124206 0.379030 0.000000
v 0.135565 0.357012 0.010000
v 0.144735 0.339238 0.010000
v 0.156095 0.317220 0.000000
v 0.140150 0.348125 0.015000
v 0.130694 0.382124 0.000000
v 0.141292 0.359729 0.010000
v 0.149848 0.341651 0.010000
v 0.160446 0.319257 0.000000
v 0.145570 0.350690 0.015000
v 0.151097 0.389009 0.000000
v 0.158697 0.365428 0.010000
v 0.164833 0.346392 0.010000
v 0.172434 0.322811 0.000000
v 0.161765 0.355910 0.015000
v 0.175615 0.391587 0.000000
v 0.177111 0.366857 0.010000
v 0.178319 0.346893 0.010000
v 0.179815 0.322163 0.000000
v 0.177715 0.356875 0.015000
v 0.200387 0.387711 0.000000
v 0.195388 0.363445 0.010000
v 0.191352 0.343856 0.010000
v 0.186354 0.319589 0.000000
v 0.193370 0.353650 0.015000
v 0.223724 0.377663 0.000000
v 0.213013 0.355322 0.010000
v 0.204367 0.337288 0.010000
v 0.193656 0.314947 0.000000
v 0.208690 0.346305 0.015000
v 0.232153 0.372502 0.000000
v 0.218558 0.351790 0.010000
v 0.207583 0.335070 0.010000
v 0.193987 0.314358 0.000000
v 0.213070 0.343430 0.015000
v 0.237824 0.368414 0.000000
v 0.223213 0.348406 0.010000
v 0.211418 0.332254 0.010000
v 0.196806 0.312246 0.000000
v 0.217315 0.340330 0.015000
v 0.243106 0.364244 0.000000
v 0.227663 0.344870 0.010000
v 0.215197 0.329230 0.010000
v 0.199754 0.309856 0.000000
v 0.221430 0.337050 0.015000
v 0.248075 0.360006 0.000000
v 0.231927 0.341215 0.010000
v 0.218893 0.326046 0.010000
v 0.202746 0.307254 0.000000
v 0.225410 0.333630 0.015000
v 0.256810 0.350728 0.000000
v 0.238397 0.334151 0.010000
v 0.223533 0.320769 0.010000
v 0.205120 0.304192 0.000000
v 0.230965 0.327460 0.015000
v 0.265612 0.334857 0.000000
v 0.242816 0.325152 0.010000
v 0.224414 0.317318 0.010000
v 0.201618 0.307614 0.000000
v 0.233615 0.321235 0.015000
v 0.268330 0.314200 0.000000
v 0.243555 0.314421 0.010000
v 0.223556 0.314599 0.010000
v 0.198781 0.314820 0.000000
v 0.233555 0.314510 0.015000
v 0.263948 0.295772 0.000000
v 0.240460 0.303657 0.010000
v 0.221500 0.310023 0.010000
v 0.198013 0.317908 0.000000
v 0.230980 0.306840 0.015000
v 0.257050 0.281509 0.000000
v 0.235025 0.292856 0.010000
v 0.217245 0.302015 0.010000
v 0.195220 0.313361 0.000000
v 0.226135 0.297435 0.015000
v 0.249852 0.269922 0.000000
v 0.228944 0.283215 0.010000
v 0.212066 0.293945 0.010000
v 0.191159 0.307239 0.000000
v 0.220505 0.288580 0.015000
v 0.241976 0.259282 0.000000
v 0.222184 0.274185 0.010000
v 0.206207 0.286215 0.010000
v 0.186414 0.301118 0.000000
v 0.214195 0.280200 0.015000
v 0.233654 0.249512 0.000000
v 0.214889 0.265690 0.010000
v 0.199741 0.278750 0.010000
v 0.180977 0.294928 0.000000
v 0.207315 0.272220 0.015000
v 0.220277 0.234870 0.000000
v 0.201998 0.251595 0.010000
v 0.187242 0.265095 0.010000
v 0.168963 0.281820 0.000000
v 0.194620 0.258345 0.015000
v 0.207527 0.220977 0.000000
v 0.189273 0.237729 0.010000
v 0.174538 0.251252 0.010000
v 0.156284 0.268004 0.000000
v 0.181905 0.244490 0.015000
v 0.194771 0.207108 0.000000
v 0.176535 0.223880 0.010000
v 0.161815 0.237420 0.010000
v 0.143580 0.254192 0.000000
v 0.169175 0.230650 0.015000
v 0.182017 0.193258 0.000000
v 0.163791 0.210041 0.010000
v 0.149079 0.223589 0.010000
v 0.130853 0.240372 0.000000
v 0.156435 0.216815 0.015000
v 0.150923 0.159503 0.000000
v 0.132700 0.176290 0.010000
v 0.117990 0.189840 0.010000
v 0.099768 0.206627 0.000000
v 0.125345 0.183065 0.015000
v 0.119824 0.125755 0.000000
v 0.101604 0.142544 0.010000
v 0.086896 0.156096 0.010000
v 0.068676 0.172886 0.000000
v 0.094250 0.149320 0.015000
v 0.088729 0.092009 0.000000
v 0.070509 0.108799 0.010000
v 0.055801 0.122352 0.010000
v 0.037581 0.139141 0.000000
v 0.063155 0.115575 0.015000
v 0.057634 0.058264 0.000000
v 0.039414 0.075054 0.010000
v 0.024706 0.088606 0.010000
v 0.006486 0.105396 0.000000
v 0.032060 0.081830 0.015000
v 0.054948 0.055378 0.000000
v 0.036814 0.072261 0.010000
v 0.022176 0.085889 0.010000
v 0.004043 0.102772 0.000000
v 0.029495 0.079075 0.015000
v 0.052333 0.052580 0.000000
v 0.034231 0.069497 0.010000
v 0.019619 0.083153 0.010000
v 0.001518 0.100070 0.000000
v 0.026925 0.076325 0.015000
v 0.050038 0.050070 0.000000
v 0.031762 0.066798 0.010000
v 0.017009 0.080302 0.010000
v -0.001267 0.097030 0.000000
v 0.024385 0.073550 0.015000
v 0.048087 0.047826 0.000000
v 0.029438 0.064137 0.010000
v 0.014383 0.077303 0.010000
v -0.004267 0.093614 0.000000
v 0.021910 0.070720 0.015000
v 0.046115 0.045469 0.000000
v 0.027146 0.061407 0.010000
v 0.011834 0.074273 0.010000
v -0.007134 0.090212 0.000000
v 0.019490 0.067840 0.015000
v 0.044122 0.043005 0.000000
v 0.024885 0.058618 0.010000
v 0.009356 0.071222 0.010000
v -0.009881 0.086836 0.000000
v 0.017120 0.064920 0.015000
v 0.042377 0.040721 0.000000
v 0.022748 0.055838 0.010000
v 0.006903 0.068042 0.010000
v -0.012727 0.083159 0.000000
v 0.014825 0.061940 0.015000
v 0.040953 0.038685 0.000000
v 0.020785 0.053077 0.010000
v 0.004505 0.064694 0.010000
v -0.015662 0.079085 0.000000
v 0.012645 0.058885 0.015000
v 0.036205 0.028897 0.000000
v 0.014251 0.040380 0.010000
v -0.003471 0.049650 0.010000
v -0.025425 0.061134 0.000000
v 0.005390 0.045015 0.015000
v 0.036643 0.024095 0.000000
v 0.012357 0.029000 0.010000
v -0.007247 0.032960 0.010000
v -0.031532 0.037866 0.000000
v 0.002555 0.030980 0.015000
v 0.038856 0.021237 0.000000
v 0.014280 0.018101 0.010000
v -0.005559 0.015569 0.010000
v -0.030136 0.012433 0.000000
v 0.004360 0.016835 0.015000
v 0.042509 0.017411 0.000000
v 0.020082 0.006880 0.010000
v 0.001978 -0.001620 0.010000
v -0.020448 -0.012151 0.000000
v 0.011030 0.002630 0.015000
v 0.044075 0.015807 0.000000
v 0.023514 0.001984 0.010000
v 0.006916 -0.009174 0.010000
v -0.013645 -0.022997 0.000000
v 0.015215 -0.003595 0.015000
v 0.047812 0.010665 0.000000
v 0.027723 -0.003837 0.010000
v 0.011507 -0.015543 0.010000
v -0.008581 -0.030045 0.000000
v 0.019615 -0.009690 0.015000
v 0.051799 0.005478 0.000000
v 0.032126 -0.009582 0.010000
v 0.016245 -0.021738 0.010000
v -0.003429 -0.036798 0.000000
v 0.024185 -0.015660 0.015000
v 0.056013 0.000238 0.000000
v 0.036686 -0.015263 0.010000
v 0.021084 -0.027777 0.010000
v 0.001757 -0.043278 0.000000
v 0.028885 -0.021520 0.015000
v 0.073423 -0.020963 0.000000
v 0.054274 -0.036684 0.010000
v 0.038816 -0.049375 0.010000
v 0.019667 -0.065097 0.000000
v 0.046545 -0.043030 0.015000
v 0.091081 -0.042359 0.000000
v 0.071973 -0.058130 0.010000
v 0.056548 -0.070860 0.010000
v 0.037439 -0.086630 0.000000
v 0.064260 -0.064495 0.015000
v 0.108794 -0.063777 0.000000
v 0.089701 -0.079567 0.010000
v 0.074289 -0.092313 0.010000
v 0.055196 -0.108103 0.000000
v 0.081995 -0.085940 0.015000
v 0.126530 -0.085246 0.000000
v 0.107430 -0.101026 0.010000
v 0.092011 -0.113764 0.010000
v 0.072910 -0.129544 0.000000
v 0.099720 -0.107395 0.015000
v 0.138033 -0.099193 0.000000
v 0.118920 -0.114957 0.010000
v 0.103491 -0.127683 0.010000
v 0.084377 -0.143447 0.000000
v 0.111205 -0.121320 0.015000
v 0.149526 -0.113149 0.000000
v 0.130400 -0.128898 0.010000
v 0.114961 -0.141612 0.010000
v 0.095835 -0.157361 0.000000
v 0.122680 -0.135255 0.015000
v 0.161015 -0.127146 0.000000
v 0.141865 -0.142865 0.010000
v 0.126406 -0.155555 0.010000
v 0.107255 -0.171274 0.000000
v 0.134135 -0.149210 0.015000
v 0.172491 -0.141205 0.000000
v 0.153297 -0.156872 0.010000
v 0.137803 -0.169518 0.010000
v 0.118609 -0.185185 0.000000
v 0.145550 -0.163195 0.015000
v 0.175771 -0.145429 0.000000
v 0.156168 -0.160580 0.010000
v 0.140343 -0.172810 0.010000
v 0.120739 -0.187961 0.000000
v 0.148255 -0.166695 0.015000
v 0.179075 -0.149990 0.000000
v 0.158956 -0.164449 0.010000
v 0.142715 -0.176121 0.010000
v 0.122596 -0.190580 0.000000
v 0.150835 -0.170285 0.015000
v -0.221855 -0.380815 0.000000
v -0.245368 -0.410301 0.000000
v -0.238619 -0.386462 -0.010000
v -0.233171 -0.367218 -0.010000
v -0.226422 -0.343379 0.000000
v -0.235895 -0.376840 -0.015000
v -0.261883 -0.404811 0.000000
v -0.254016 -0.381317 -0.010000
v -0.247664 -0.362353 -0.010000
v -0.239797 -0.338859 0.000000
v -0.250840 -0.371835 -0.015000
v -0.278805 -0.398215 0.000000
v -0.269750 -0.375153 -0.010000
v -0.262440 -0.356537 -0.010000
v -0.253385 -0.333475 0.000000
v -0.266095 -0.365845 -0.015000
v -0.287992 -0.393016 0.000000
v -0.274102 -0.372500 -0.010000
v -0.262888 -0.355939 -0.010000
v -0.248998 -0.335424 0.000000
v -0.268495 -0.364220 -0.015000
v -0.298137 -0.382653 0.000000
v -0.278301 -0.367807 -0.010000
v -0.262289 -0.355823 -0.010000
v -0.242453 -0.340977 0.000000
v -0.270295 -0.361815 -0.015000
v -0.304110 -0.370474 0.000000
v -0.280728 -0.362281 -0.010000
v -0.261852 -0.355669 -0.010000
v -0.238470 -0.347476 0.000000
v -0.271290 -0.358975 -0.015000
v -0.306061 -0.355990 0.000000
v -0.281285 -0.356033 -0.010000
v -0.261285 -0.356067 -0.010000
v -0.236509 -0.356110 0.000000
v -0.271285 -0.356050 -0.015000
v -0.304519 -0.344870 0.000000
v -0.280218 -0.349697 -0.010000
v -0.260602 -0.353593 -0.010000
v -0.236301 -0.358420 0.000000
v -0.270410 -0.351645 -0.015000
v -0.303555 -0.340202 0.000000
v -0.279293 -0.345220 -0.010000
v -0.259707 -0.349270 -0.010000
v -0.235445 -0.354288 0.000000
v -0.269500 -0.347245 -0.015000
v -0.302303 -0.334857 0.000000
v -0.278195 -0.340573 -0.010000
v -0.258735 -0.345187 -0.010000
v -0.234627 -0.350903 0.000000
v -0.268465 -0.342880 -0.015000
v -0.300587 -0.328826 0.000000
v -0.276808 -0.335782 -0.010000
v -0.257612 -0.341398 -0.010000
v -0.233833 -0.348354 0.000000
v -0.267210 -0.338590 -0.015000
v -0.292995 -0.308621 0.000000
v -0.269848 -0.317455 -0.010000
v -0.251162 -0.324585 -0.010000
v -0.228015 -0.333419 0.000000
v -0.260505 -0.321020 -0.015000
v -0.283543 -0.288963 0.000000
v -0.261284 -0.299843 -0.010000
v -0.243316 -0.308627 -0.010000
v -0.221057 -0.319507 0.000000
v -0.252300 -0.304235 -0.015000
v -0.272675 -0.270419 0.000000
v -0.251366 -0.283058 -0.010000
v -0.234164 -0.293262 -0.010000
v -0.212855 -0.305901 0.000000
v -0.242765 -0.288160 -0.015000
v -0.260660 -0.252917 0.000000
v -0.240291 -0.267022 -0.010000
v -0.223849 -0.278408 -0.010000
v -0.203480 -0.292513 0.000000
v -0.232070 -0.272715 -0.015000
v -0.240485 -0.227988 0.000000
v -0.221277 -0.243638 -0.010000
v -0.205773 -0.256272 -0.010000
v -0.186565 -0.271922 0.000000
v -0.213525 -0.249955 -0.015000
v -0.217961 -0.204808 0.000000
v -0.200270 -0.222154 -0.010000
v -0.185990 -0.236156 -0.010000
v -0.168299 -0.253502 0.000000
v -0.193130 -0.229155 -0.015000
v -0.193536 -0.183789 0.000000
v -0.177455 -0.202637 -0.010000
v -0.164475 -0.217853 -0.010000
v -0.148394 -0.236701 0.000000
v -0.170965 -0.210245 -0.015000
v -0.167371 -0.164887 0.000000
v -0.152940 -0.185026 -0.010000
v -0.141290 -0.201284 -0.010000
v -0.126859 -0.221423 0.000000
v -0.147115 -0.193155 -0.015000
v -0.160502 -0.160935 0.000000
v -0.149176 -0.182971 -0.010000
v -0.140034 -0.200759 -0.010000
v -0.128708 -0.222795 0.000000
v -0.144605 -0.191865 -0.015000
v -0.152734 -0.157928 0.000000
v -0.144976 -0.181458 -0.010000
v -0.138714 -0.200452 -0.010000
v -0.130956 -0.223982 0.000000
v -0.141845 -0.190955 -0.015000
v -0.147307 -0.156483 0.000000
v -0.141367 -0.180537 -0.010000
v -0.136573 -0.199953 -0.010000
v -0.130633 -0.224007 0.000000
v -0.138970 -0.190245 -0.015000
v -0.144340 -0.155761 0.000000
v -0.138480 -0.179834 -0.010000
v -0.133750 -0.199266 -0.010000
v -0.127890 -0.223339 0.000000
v -0.136115 -0.189550 -0.015000
v -0.124326 -0.156829 0.000000
v -0.132372 -0.180262 -0.010000
v -0.138868 -0.199178 -0.010000
v -0.146914 -0.222611 0.000000
v -0.135620 -0.189720 -0.015000
v -0.112336 -0.163876 0.000000
v -0.128472 -0.182677 -0.010000
v -0.141498 -0.197853 -0.010000
v -0.157634 -0.216654 0.000000
v -0.134985 -0.190265 -0.015000
v -0.107017 -0.169578 0.000000
v -0.126551 -0.184819 -0.010000
v -0.142319 -0.197121 -0.010000
v -0.161853 -0.212362 0.000000
v -0.134435 -0.190970 -0.015000
v -0.101496 -0.179797 0.000000
v -0.124796 -0.188220 -0.010000
v -0.143604 -0.195020 -0.010000
v -0.166904 -0.203443 0.000000
v -0.134200 -0.191620 -0.015000
v -0.099447 -0.193561 0.000000
v -0.124221 -0.193222 -0.010000
v -0.144219 -0.192948 -0.010000
v -0.168993 -0.192609 0.000000
v -0.134220 -0.193085 -0.015000
v -0.099663 -0.197255 0.000000
v -0.124365 -0.195342 -0.010000
v -0.144305 -0.193798 -0.010000
v -0.169007 -0.191886 0.000000
v -0.134335 -0.194570 -0.015000
v -0.100487 -0.202682 0.000000
v -0.124801 -0.197922 -0.010000
v -0.144429 -0.194078 -0.010000
v -0.168743 -0.189318 0.000000
v -0.134615 -0.196000 -0.015000
v -0.102799 -0.210109 0.000000
v -0.125833 -0.200983 -0.010000
v -0.144427 -0.193617 -0.010000
v -0.167461 -0.184491 0.000000
v -0.135130 -0.197300 -0.015000
v -0.107984 -0.220058 0.000000
v -0.129654 -0.208048 -0.010000
v -0.147146 -0.198352 -0.010000
v -0.168817 -0.186342 0.000000
v -0.138400 -0.203200 -0.015000
v -0.111604 -0.226370 0.000000
v -0.133089 -0.214030 -0.010000
v -0.150432 -0.204070 -0.010000
v -0.171916 -0.191730 0.000000
v -0.141760 -0.209050 -0.015000
v -0.114849 -0.232085 0.000000
v -0.136394 -0.219852 -0.010000
v -0.153786 -0.209978 -0.010000
v -0.175331 -0.197745 0.000000
v -0.145090 -0.214915 -0.015000
v -0.117627 -0.237289 0.000000
v -0.139462 -0.225581 -0.010000
v -0.157088 -0.216129 -0.010000
v -0.178923 -0.204421 0.000000
v -0.148275 -0.220855 -0.015000
v -0.124867 -0.251405 0.000000
v -0.146909 -0.240092 -0.010000
v -0.164702 -0.230959 -0.010000
v -0.186743 -0.219645 0.000000
v -0.155805 -0.235525 -0.015000
v -0.132314 -0.266011 0.000000
v -0.154386 -0.254757 -0.010000
v -0.172204 -0.245673 -0.010000
v -0.194276 -0.234419 0.000000
v -0.163295 -0.250215 -0.015000
v -0.139556 -0.280509 0.000000
v -0.161720 -0.269435 -0.010000
v -0.179611 -0.260495 -0.010000
v -0.201774 -0.249421 0.000000
v -0.170665 -0.264965 -0.015000
v -0.146502 -0.294918 0.000000
v -0.168818 -0.284154 -0.010000
v -0.186832 -0.275466 -0.010000
v -0.209148 -0.264702 0.000000
v -0.177825 -0.279810 -0.015000
v -0.153445 -0.312371 0.000000
v -0.176428 -0.303119 -0.010000
v -0.194982 -0.295651 -0.010000
v -0.217965 -0.286399 0.000000
v -0.185705 -0.299385 -0.015000
v -0.157504 -0.328504 0.000000
v -0.181436 -0.322093 -0.010000
v -0.200754 -0.316917 -0.010000
v -0.224686 -0.310506 0.000000
v -0.191095 -0.319505 -0.015000
v -0.159477 -0.344885 0.000000
v -0.184023 -0.341515 -0.010000
v -0.203837 -0.338795 -0.010000
v -0.228383 -0.335425 0.000000
v -0.193930 -0.340155 -0.015000
v -0.159366 -0.361670 0.000000
v -0.184141 -0.361424 -0.010000
v -0.204140 -0.361226 -0.010000
v -0.228914 -0.360980 0.000000
v -0.194140 -0.361325 -0.015000
v -0.159230 -0.363493 0.000000
v -0.183980 -0.364617 -0.010000
v -0.203960 -0.365523 -0.010000
v -0.228710 -0.366647 0.000000
v -0.193970 -0.365070 -0.015000
v -0.159092 -0.367701 0.000000
v -0.183855 -0.368495 -0.010000
v -0.203845 -0.369135 -0.010000
v -0.228608 -0.369929 0.000000
v -0.193850 -0.368815 -0.015000
v -0.159006 -0.371870 0.000000
v -0.183777 -0.372365 -0.010000
v -0.203773 -0.372765 -0.010000
v -0.228544 -0.373261 0.000000
v -0.193775 -0.372565 -0.015000
v -0.158957 -0.375898 0.000000
v -0.183731 -0.376195 -0.010000
v -0.203729 -0.376435 -0.010000
v -0.228503 -0.376732 0.000000
v -0.193730 -0.376315 -0.015000
v -0.160231 -0.386488 0.000000
v -0.184610 -0.382072 -0.010000
v -0.204290 -0.378508 -0.010000
v -0.228669 -0.374092 0.000000
v -0.194450 -0.380290 -0.015000
v -0.171699 -0.406849 0.000000
v -0.189714 -0.389840 -0.010000
v -0.204256 -0.376110 -0.010000
v -0.222271 -0.359101 0.000000
v -0.196985 -0.382975 -0.015000
v -0.206835 0.414540 0.000000
v -0.188361 0.444278 0.000000
v -0.198922 0.421866 -0.010000
v -0.207448 0.403774 -0.010000
v -0.218009 0.381362 0.000000
v -0.203185 0.412820 -0.015000
v -0.178923 0.438095 0.000000
v -0.193779 0.418268 -0.010000
v -0.205771 0.402262 -0.010000
v -0.220627 0.382435 0.000000
v -0.199775 0.410265 -0.015000
v -0.170264 0.429198 0.000000
v -0.189241 0.413269 -0.010000
v -0.204559 0.400411 -0.010000
v -0.223536 0.384482 0.000000
v -0.196900 0.406840 -0.015000
v -0.164187 0.420062 0.000000
v -0.185256 0.407027 -0.010000
v -0.202264 0.396503 -0.010000
v -0.223333 0.383467 0.000000
v -0.193760 0.401765 -0.015000
v -0.160505 0.413567 0.000000
v -0.182110 0.401440 -0.010000
v -0.199550 0.391650 -0.010000
v -0.221155 0.379523 0.000000
v -0.190830 0.396545 -0.015000
v -0.157076 0.406834 0.000000
v -0.179207 0.395696 -0.010000
v -0.197073 0.386704 -0.010000
v -0.219204 0.375566 0.000000
v -0.188140 0.391200 -0.015000
v -0.153926 0.399823 0.000000
v -0.176581 0.389793 -0.010000
v -0.194869 0.381697 -0.010000
v -0.217524 0.371667 0.000000
v -0.185725 0.385745 -0.015000
v -0.147573 0.384232 0.000000
v -0.170526 0.374905 -0.010000
v -0.189054 0.367375 -0.010000
v -0.212007 0.358048 0.000000
v -0.179790 0.371140 -0.015000
v -0.141652 0.369301 0.000000
v -0.164684 0.360170 -0.010000
v -0.183276 0.352800 -0.010000
v -0.206308 0.343669 0.000000
v -0.173980 0.356485 -0.015000
v -0.135854 0.354413 0.000000
v -0.158942 0.345423 -0.010000
v -0.177579 0.338167 -0.010000
v -0.200666 0.329177 0.000000
v -0.168260 0.341795 -0.015000
v -0.130141 0.339574 0.000000
v -0.153263 0.330673 -0.010000
v -0.171927 0.323487 -0.010000
v -0.195049 0.314586 0.000000
v -0.162595 0.327080 -0.015000
v -0.121540 0.317062 0.000000
v -0.144684 0.308219 -0.010000
v -0.163366 0.301081 -0.010000
v -0.186510 0.292238 0.000000
v -0.154025 0.304650 -0.015000
v -0.112989 0.294545 0.000000
v -0.136151 0.285750 -0.010000
v -0.154849 0.278650 -0.010000
v -0.178011 0.269855 0.000000
v -0.145500 0.282200 -0.015000
v -0.104481 0.272036 0.000000
v -0.127656 0.263276 -0.010000
v -0.146364 0.256204 -0.010000
v -0.169539 0.247444 0.000000
v -0.137010 0.259740 -0.015000
v -0.095999 0.249536 0.000000
v -0.119183 0.240797 -0.010000
v -0.137897 0.233743 -0.010000
v -0.161081 0.225004 0.000000
v -0.128540 0.237270 -0.015000
v -0.093702 0.235516 0.000000
v -0.118469 0.234831 -0.010000
v -0.138461 0.234279 -0.010000
v -0.163228 0.233594 0.000000
v -0.128465 0.234555 -0.015000
v -0.099941 0.214456 0.000000
v -0.121299 0.227012 -0.010000
v -0.138541 0.237148 -0.010000
v -0.159899 0.249704 0.000000
v -0.129920 0.232080 -0.015000
v -0.112388 0.201894 0.000000
v -0.126645 0.222157 -0.010000
v -0.138155 0.238513 -0.010000
v -0.152412 0.258776 0.000000
v -0.132400 0.230335 -0.015000
v -0.129461 0.195550 0.000000
v -0.133692 0.219962 -0.010000
v -0.137108 0.239668 -0.010000
v -0.141339 0.264080 0.000000
v -0.135400 0.229815 -0.015000
v -0.138521 0.195147 0.000000
v -0.137366 0.219896 -0.010000
v -0.136434 0.239874 -0.010000
v -0.135279 0.264623 0.000000
v -0.136900 0.229885 -0.015000
v -0.139102 0.195146 0.000000
v -0.138609 0.219917 -0.010000
v -0.138211 0.239913 -0.010000
v -0.137718 0.264684 0.000000
v -0.138410 0.229915 -0.015000
v -0.141996 0.195292 0.000000
v -0.140503 0.220023 -0.010000
v -0.139297 0.239987 -0.010000
v -0.137804 0.264718 0.000000
v -0.139900 0.230005 -0.015000
v -0.147259 0.195985 0.000000
v -0.143049 0.220400 -0.010000
v -0.139651 0.240110 -0.010000
v -0.135441 0.264525 0.000000
v -0.141350 0.230255 -0.015000
v -0.154031 0.197563 0.000000
v -0.148106 0.221620 -0.010000
v -0.143324 0.241040 -0.010000
v -0.137399 0.265097 0.000000
v -0.145715 0.231330 -0.015000
v -0.158538 0.198692 0.000000
v -0.152516 0.222725 -0.010000
v -0.147654 0.242125 -0.010000
v -0.141632 0.266158 0.000000
v -0.150085 0.232425 -0.015000
v -0.164087 0.200278 0.000000
v -0.157178 0.224072 -0.010000
v -0.151602 0.243278 -0.010000
v -0.144693 0.267072 0.000000
v -0.154390 0.233675 -0.015000
v -0.170703 0.202641 0.000000
v -0.162055 0.225859 -0.010000
v -0.155075 0.244601 -0.010000
v -0.146427 0.267819 0.000000
v -0.158565 0.235230 -0.015000
v -0.204450 0.220177 0.000000
v -0.192855 0.242073 -0.010000
v -0.183495 0.259747 -0.010000
v -0.171901 0.281643 0.000000
v -0.188175 0.250910 -0.015000
v -0.235178 0.243408 0.000000
v -0.219969 0.262966 -0.010000
v -0.207691 0.278754 -0.010000
v -0.192482 0.298312 0.000000
v -0.213830 0.270860 -0.015000
v -0.261414 0.271895 0.000000
v -0.242948 0.288413 -0.010000
v -0.228042 0.301747 -0.010000
v -0.209576 0.318265 0.000000
v -0.235495 0.295080 -0.015000
v -0.282706 0.305248 0.000000
v -0.261645 0.318298 -0.010000
v -0.244645 0.328832 -0.010000
v -0.223584 0.341882 0.000000
v -0.253145 0.323565 -0.015000
v -0.289444 0.319224 0.000000
v -0.266949 0.329609 -0.010000
v -0.248791 0.337991 -0.010000
v -0.226296 0.348376 0.000000
v -0.257870 0.333800 -0.015000
v -0.294384 0.333022 0.000000
v -0.270960 0.341092 -0.010000
v -0.252051 0.347608 -0.010000
v -0.228626 0.355678 0.000000
v -0.261505 0.344350 -0.015000
v -0.297808 0.348359 0.000000
v -0.273529 0.353297 -0.010000
v -0.253931 0.357283 -0.010000
v -0.229652 0.362221 0.000000
v -0.263730 0.355290 -0.015000
v -0.298964 0.365214 0.000000
v -0.274211 0.366276 -0.010000
v -0.254229 0.367134 -0.010000
v -0.229476 0.368196 0.000000
v -0.264220 0.366705 -0.015000
v -0.297418 0.380581 0.000000
v -0.272872 0.377214 -0.010000
v -0.253058 0.374496 -0.010000
v -0.228512 0.371129 0.000000
v -0.262965 0.375855 -0.015000
v -0.292836 0.395726 0.000000
v -0.269467 0.387497 -0.010000
v -0.250603 0.380853 -0.010000
v -0.227234 0.372624 0.000000
v -0.260035 0.384175 -0.015000
v -0.285328 0.409610 0.000000
v -0.264084 0.396861 -0.010000
v -0.246936 0.386569 -0.010000
v -0.225692 0.373820 0.000000
v -0.255510 0.391715 -0.015000
v -0.275435 0.421637 0.000000
v -0.256926 0.405167 -0.010000
v -0.241984 0.391873 -0.010000
v -0.223475 0.375403 0.000000
v -0.249455 0.398520 -0.015000
v -0.264319 0.431242 0.000000
v -0.248710 0.412001 -0.010000
v -0.236110 0.396469 -0.010000
v -0.220501 0.377228 0.000000
v -0.242410 0.404235 -0.015000
v -0.252543 0.438685 0.000000
v -0.239849 0.417408 -0.010000
v -0.229602 0.400232 -0.010000
v -0.216908 0.378955 0.000000
v -0.234725 0.408820 -0.015000
v -0.240708 0.444232 0.000000
v -0.230610 0.421607 -0.010000
v -0.222460 0.403343 -0.010000
v -0.212362 0.380718 0.000000
v -0.226535 0.412475 -0.015000
v -0.229209 0.448310 0.000000
v -0.221202 0.424863 -0.010000
v -0.214738 0.405937 -0.010000
v -0.206731 0.382490 0.000000
v -0.217970 0.415400 -0.015000
v -0.222338 0.449932 0.000000
v -0.218197 0.425504 -0.010000
v -0.214853 0.405786 -0.010000
v -0.210712 0.381358 0.000000
v -0.216525 0.415645 -0.015000
v -0.214860 0.450421 0.000000
v -0.214860 0.425645 -0.010000
v -0.214860 0.405645 -0.010000
v -0.214860 0.380869 0.000000
v -0.214860 0.415645 -0.015000
v 0.281880 -0.413205 0.000000
v 0.264057 -0.447342 0.000000
v 0.264978 -0.422583 -0.010000
v 0.265722 -0.402597 -0.010000
v 0.266643 -0.377838 0.000000
v 0.265350 -0.412590 -0.015000
v 0.245836 -0.445776 0.000000
v 0.248019 -0.421096 -0.010000
v 0.249781 -0.401174 -0.010000
v 0.251964 -0.376494 0.000000
v 0.248900 -0.411135 -0.015000
v 0.226133 -0.442219 0.000000
v 0.230740 -0.417876 -0.010000
v 0.234460 -0.398224 -0.010000
v 0.239067 -0.373881 0.000000
v 0.232600 -0.408050 -0.015000
v 0.217530 -0.440110 0.000000
v 0.223603 -0.416090 -0.010000
v 0.228506 -0.396700 -0.010000
v 0.234580 -0.372680 0.000000
v 0.226055 -0.406395 -0.015000
v 0.210912 -0.438421 0.000000
v 0.217038 -0.414415 -0.010000
v 0.221982 -0.395035 -0.010000
v 0.228108 -0.371029 0.000000
v 0.219510 -0.404725 -0.015000
v 0.203804 -0.436478 0.000000
v 0.210356 -0.412584 -0.010000
v 0.215644 -0.393296 -0.010000
v 0.222196 -0.369402 0.000000
v 0.213000 -0.402940 -0.015000
v 0.196269 -0.434163 0.000000
v 0.203601 -0.410497 -0.010000
v 0.209519 -0.391393 -0.010000
v 0.216851 -0.367727 0.000000
v 0.206560 -0.400945 -0.015000
v 0.144630 -0.402443 0.000000
v 0.158038 -0.381609 -0.010000
v 0.168862 -0.364791 -0.010000
v 0.182270 -0.343957 0.000000
v 0.163450 -0.373200 -0.015000
v 0.107951 -0.346872 0.000000
v 0.129377 -0.334431 -0.010000
v 0.146673 -0.324389 -0.010000
v 0.168099 -0.311949 0.000000
v 0.138025 -0.329410 -0.015000
v 0.099988 -0.280429 0.000000
v 0.124711 -0.278820 -0.010000
v 0.144669 -0.277521 -0.010000
v 0.169392 -0.275911 0.000000
v 0.134690 -0.278170 -0.015000
v 0.126292 -0.213487 0.000000
v 0.148779 -0.223887 -0.010000
v 0.166931 -0.232283 -0.010000
v 0.189418 -0.242683 0.000000
v 0.157855 -0.228085 -0.015000
v 0.131747 -0.205064 0.000000
v 0.151021 -0.220632 -0.010000
v 0.166579 -0.233198 -0.010000
v 0.185853 -0.248766 0.000000
v 0.158800 -0.226915 -0.015000
v 0.132798 -0.203774 0.000000
v 0.152000 -0.219431 -0.010000
v 0.167500 -0.232069 -0.010000
v 0.186702 -0.247726 0.000000
v 0.159750 -0.225750 -0.015000
v 0.134138 -0.202178 0.000000
v 0.153076 -0.218152 -0.010000
v 0.168364 -0.231048 -0.010000
v 0.187302 -0.247022 0.000000
v 0.160720 -0.224600 -0.015000
v 0.135894 -0.200202 0.000000
v 0.154297 -0.216790 -0.010000
v 0.169153 -0.230180 -0.010000
v 0.187556 -0.246769 0.000000
v 0.161725 -0.223485 -0.015000
v 0.149549 -0.185970 0.000000
v 0.167410 -0.203140 -0.010000
v 0.181829 -0.217000 -0.010000
v 0.199691 -0.234169 0.000000
v 0.174620 -0.210070 -0.015000
v 0.166081 -0.174964 0.000000
v 0.178245 -0.196548 -0.010000
v 0.188065 -0.213972 -0.010000
v 0.200229 -0.235556 0.000000
v 0.183155 -0.205260 -0.015000
v 0.207887 -0.179061 0.000000
v 0.196180 -0.200897 -0.010000
v 0.186730 -0.218523 -0.010000
v 0.175023 -0.240359 0.000000
v 0.191455 -0.209710 -0.015000
v 0.230164 -0.201584 0.000000
v 0.211271 -0.217611 -0.010000
v 0.196019 -0.230549 -0.010000
v 0.177126 -0.246576 0.000000
v 0.203645 -0.224080 -0.015000
v 0.264983 -0.245564 0.000000
v 0.245553 -0.260936 -0.010000
v 0.229867 -0.273344 -0.010000
v 0.210437 -0.288716 0.000000
v 0.237710 -0.267140 -0.015000
v 0.299001 -0.288759 0.000000
v 0.279536 -0.304088 -0.010000
v 0.263824 -0.316462 -0.010000
v 0.244359 -0.331791 0.000000
v 0.271680 -0.310275 -0.015000
v 0.332942 -0.331968 0.000000
v 0.313459 -0.347273 -0.010000
v 0.297731 -0.359627 -0.010000
v 0.278248 -0.374932 0.000000
v 0.305595 -0.353450 -0.015000
v 0.366851 -0.375168 0.000000
v 0.347361 -0.390466 -0.010000
v 0.331629 -0.402814 -0.010000
v 0.312139 -0.418112 0.000000
v 0.339495 -0.396640 -0.015000
v 0.369840 -0.379252 0.000000
v 0.349774 -0.393784 -0.010000
v 0.333576 -0.405516 -0.010000
v 0.313510 -0.420048 0.000000
v 0.341675 -0.399650 -0.015000
v 0.372958 -0.384008 0.000000
v 0.352106 -0.397389 -0.010000
v 0.335274 -0.408191 -0.010000
v 0.314422 -0.421572 0.000000
v 0.343690 -0.402790 -0.015000
v 0.375396 -0.388021 0.000000
v 0.354186 -0.400827 -0.010000
v 0.337064 -0.411163 -0.010000
v 0.315854 -0.423969 0.000000
v 0.345625 -0.405995 -0.015000
v 0.377318 -0.391201 0.000000
v 0.356117 -0.404021 -0.010000
v 0.339003 -0.414369 -0.010000
v 0.317802 -0.427189 0.000000
v 0.347560 -0.409195 -0.015000
v 0.382222 -0.405807 0.000000
v 0.357730 -0.409550 -0.010000
v 0.337960 -0.412570 -0.010000
v 0.313468 -0.416313 0.000000
v 0.347845 -0.411060 -0.015000
v 0.379011 -0.426650 0.000000
v 0.356187 -0.417011 -0.010000
v 0.337763 -0.409229 -0.010000
v 0.314939 -0.399590 0.000000
v 0.346975 -0.413120 -0.015000
v 0.370296 -0.439028 0.000000
v 0.352495 -0.421795 -0.010000
v 0.338125 -0.407885 -0.010000
v 0.320324 -0.390652 0.000000
v 0.345310 -0.414840 -0.015000
v 0.356191 -0.447947 0.000000
v 0.346943 -0.424962 -0.010000
v 0.339477 -0.406408 -0.010000
v 0.330228 -0.383423 0.000000
v 0.343210 -0.415685 -0.015000
v 0.344379 -0.450569 0.000000
v 0.341434 -0.425969 -0.010000
v 0.339056 -0.406111 -0.010000
v 0.336111 -0.381511 0.000000
v 0.340245 -0.416040 -0.015000
v 0.341517 -0.450921 0.000000
v 0.338495 -0.426330 -0.010000
v 0.336055 -0.406480 -0.010000
v 0.333033 -0.381889 0.000000
v 0.337275 -0.416405 -0.015000
v 0.337115 -0.451307 0.000000
v 0.335117 -0.426612 -0.010000
v 0.333503 -0.406677 -0.010000
v 0.331504 -0.381982 0.000000
v 0.334310 -0.416645 -0.015000
v 0.331124 -0.451400 0.000000
v 0.331292 -0.426625 -0.010000
v 0.331428 -0.406625 -0.010000
v 0.331596 -0.381850 0.000000
v 0.331360 -0.416625 -0.015000
v 0.320545 -0.450696 0.000000
v 0.322372 -0.425988 -0.010000
v 0.323847 -0.406042 -0.010000
v 0.325674 -0.381334 0.000000
v 0.323110 -0.416015 -0.015000
v 0.311843 -0.449939 0.000000
v 0.313999 -0.425257 -0.010000
v 0.315740 -0.405333 -0.010000
v 0.317897 -0.380651 0.000000
v 0.314870 -0.415295 -0.015000
v 0.151410 -0.188610 0.000000
v 0.174964 -0.216613 0.000000
v 0.153908 -0.203555 -0.010000
v 0.136912 -0.193015 -0.010000
v 0.115856 -0.179957 0.000000
v 0.145410 -0.198285 -0.015000
v 0.164273 -0.229572 0.000000
v 0.145594 -0.213295 -0.010000
v 0.130516 -0.200155 -0.010000
v 0.111837 -0.183878 0.000000
v 0.138055 -0.206725 -0.015000
v 0.152242 -0.240429 0.000000
v 0.136040 -0.221685 -0.010000
v 0.122961 -0.206555 -0.010000
v 0.106758 -0.187811 0.000000
v 0.129500 -0.214120 -0.015000
v 0.129934 -0.253992 0.000000
v 0.117577 -0.232518 -0.010000
v 0.107603 -0.215182 -0.010000
v 0.095246 -0.193708 0.000000
v 0.112590 -0.223850 -0.015000
v 0.103330 -0.261995 0.000000
v 0.097342 -0.237954 -0.010000
v 0.092508 -0.218546 -0.010000
v 0.086520 -0.194505 0.000000
v 0.094925 -0.228250 -0.015000
v 0.075803 -0.262528 0.000000
v 0.076464 -0.237761 -0.010000
v 0.076997 -0.217769 -0.010000
v 0.077657 -0.193002 0.000000
v 0.076730 -0.227765 -0.015000
v 0.049292 -0.256453 0.000000
v 0.055660 -0.232509 -0.010000
v 0.060800 -0.213181 -0.010000
v 0.067168 -0.189237 0.000000
v 0.058230 -0.222845 -0.015000
v 0.019063 -0.242521 0.000000
v 0.029858 -0.220221 -0.010000
v 0.038572 -0.202219 -0.010000
v 0.049367 -0.179919 0.000000
v 0.034215 -0.211220 -0.015000
v -0.007309 -0.223572 0.000000
v 0.007541 -0.203740 -0.010000
v 0.019529 -0.187730 -0.010000
v 0.034379 -0.167898 0.000000
v 0.013535 -0.195735 -0.015000
v -0.029631 -0.199778 0.000000
v -0.011224 -0.183194 -0.010000
v 0.003634 -0.169806 -0.010000
v 0.022041 -0.153222 0.000000
v -0.003795 -0.176500 -0.015000
v -0.047434 -0.171752 0.000000
v -0.026286 -0.158845 -0.010000
v -0.009214 -0.148425 -0.010000
v 0.011934 -0.135518 0.000000
v -0.017750 -0.153635 -0.015000
v -0.056580 -0.151858 0.000000
v -0.033931 -0.141814 -0.010000
v -0.015649 -0.133706 -0.010000
v 0.007000 -0.123662 0.000000
v -0.024790 -0.137760 -0.015000
v -0.063221 -0.132412 0.000000
v -0.039713 -0.124588 -0.010000
v -0.020737 -0.118272 -0.010000
v 0.002771 -0.110448 0.000000
v -0.030225 -0.121430 -0.015000
v -0.067858 -0.112006 0.000000
v -0.043647 -0.106747 -0.010000
v -0.024103 -0.102503 -0.010000
v 0.000109 -0.097244 0.000000
v -0.033875 -0.104625 -0.015000
v -0.070176 -0.090724 0.000000
v -0.045517 -0.088313 -0.010000
v -0.025612 -0.086367 -0.010000
v -0.000954 -0.083956 0.000000
v -0.035565 -0.087340 -0.015000
v -0.070549 -0.076739 0.000000
v -0.045778 -0.076266 -0.010000
v -0.025782 -0.075884 -0.010000
v -0.001010 -0.075411 0.000000
v -0.035780 -0.076075 -0.015000
v -0.070485 -0.064584 0.000000
v -0.045710 -0.064738 -0.010000
v -0.025710 -0.064862 -0.010000
v -0.000935 -0.065016 0.000000
v -0.035710 -0.064800 -0.015000
v -0.070301 -0.052965 0.000000
v -0.045529 -0.053360 -0.010000
v -0.025531 -0.053680 -0.010000
v -0.000759 -0.054075 0.000000
v -0.035530 -0.053520 -0.015000
v -0.070189 -0.041885 0.000000
v -0.045414 -0.042138 -0.010000
v -0.025415 -0.042342 -0.010000
v -0.000641 -0.042595 0.000000
v -0.035415 -0.042240 -0.015000
v -0.070211 -0.037148 0.000000
v -0.045435 -0.037053 -0.010000
v -0.025435 -0.036977 -0.010000
v -0.000659 -0.036882 0.000000
v -0.035435 -0.037015 -0.015000
v -0.070278 -0.032256 0.000000
v -0.045504 -0.031924 -0.010000
v -0.025506 -0.031656 -0.010000
v -0.000732 -0.031324 0.000000
v -0.035505 -0.031790 -0.015000
v -0.070379 -0.027263 0.000000
v -0.045608 -0.026766 -0.010000
v -0.025612 -0.026364 -0.010000
v -0.000841 -0.025866 0.000000
v -0.035610 -0.026565 -0.015000
v -0.070497 -0.022138 0.000000
v -0.045727 -0.021570 -0.010000
v -0.025733 -0.021110 -0.010000
v -0.000963 -0.020541 0.000000
v -0.035730 -0.021340 -0.015000
v -0.068173 -0.033996 0.000000
v -0.045597 -0.023789 -0.010000
v -0.027373 -0.015550 -0.010000
v -0.004797 -0.005344 0.000000
v -0.036485 -0.019670 -0.015000
v -0.060377 -0.045045 0.000000
v -0.044627 -0.025919 -0.010000
v -0.031913 -0.010481 -0.010000
v -0.016163 0.008645 0.000000
v -0.038270 -0.018200 -0.015000
v -0.053825 -0.049397 0.000000
v -0.044332 -0.026512 -0.010000
v -0.036668 -0.008038 -0.010000
v -0.027175 0.014847 0.000000
v -0.040500 -0.017275 -0.015000
v -0.043161 -0.052011 0.000000
v -0.042743 -0.027238 -0.010000
v -0.042406 -0.007241 -0.010000
v -0.041989 0.017531 0.000000
v -0.042575 -0.017240 -0.015000
v -0.066355 -0.062892 0.000000
v -0.074822 -0.039608 -0.010000
v -0.081658 -0.020812 -0.010000
v -0.090125 0.002472 0.000000
v -0.078240 -0.030210 -0.015000
v -0.094552 -0.078381 0.000000
v -0.106242 -0.056537 -0.010000
v -0.115678 -0.038903 -0.010000
v -0.127368 -0.017059 0.000000
v -0.110960 -0.047720 -0.015000
v -0.119485 -0.097833 0.000000
v -0.134457 -0.078092 -0.010000
v -0.146543 -0.062157 -0.010000
v -0.161515 -0.042417 0.000000
v -0.140500 -0.070125 -0.015000
v -0.141336 -0.121661 0.000000
v -0.159349 -0.104651 -0.010000
v -0.173890 -0.090919 -0.010000
v -0.191904 -0.073909 0.000000
v -0.166620 -0.097785 -0.015000
v -0.140374 -0.120711 0.000000
v -0.160049 -0.105653 -0.010000
v -0.175931 -0.093497 -0.010000
v -0.195606 -0.078439 0.000000
v -0.167990 -0.099575 -0.015000
v -0.140638 -0.121171 0.000000
v -0.161040 -0.107114 -0.010000
v -0.177509 -0.095766 -0.010000
v -0.197911 -0.081709 0.000000
v -0.169275 -0.101440 -0.015000
v -0.140608 -0.121255 0.000000
v -0.161858 -0.108517 -0.010000
v -0.179012 -0.098233 -0.010000
v -0.200262 -0.085494 0.000000
v -0.170435 -0.103375 -0.015000
v -0.140243 -0.120776 0.000000
v -0.162458 -0.109807 -0.010000
v -0.180391 -0.100953 -0.010000
v -0.202607 -0.089984 0.000000
v -0.171425 -0.105380 -0.015000
v -0.137652 -0.113746 0.000000
v -0.161881 -0.108569 -0.010000
v -0.181439 -0.104391 -0.010000
v -0.205668 -0.099214 0.000000
v -0.171660 -0.106480 -0.015000
v -0.136884 -0.105233 0.000000
v -0.161596 -0.107012 -0.010000
v -0.181544 -0.108448 -0.010000
v -0.206256 -0.110227 0.000000
v -0.171570 -0.107730 -0.015000
v -0.137391 -0.101176 0.000000
v -0.161528 -0.106768 -0.010000
v -0.181012 -0.111282 -0.010000
v -0.205148 -0.116874 0.000000
v -0.171270 -0.109025 -0.015000
v -0.137777 -0.099578 0.000000
v -0.161357 -0.107181 -0.010000
v -0.180392 -0.113319 -0.010000
v -0.203973 -0.120922 0.000000
v -0.170875 -0.110250 -0.015000
v -0.144870 -0.087153 0.000000
v -0.163116 -0.103915 -0.010000
v -0.177844 -0.117445 -0.010000
v -0.196090 -0.134207 0.000000
v -0.170480 -0.110680 -0.015000
v -0.154382 -0.079844 0.000000
v -0.165338 -0.102066 -0.010000
v -0.174182 -0.120004 -0.010000
v -0.185138 -0.142226 0.000000
v -0.169760 -0.111035 -0.015000
v -0.160548 -0.077491 0.000000
v -0.166523 -0.101535 -0.010000
v -0.171347 -0.120945 -0.010000
v -0.177322 -0.144989 0.000000
v -0.168935 -0.111240 -0.015000
v -0.169451 -0.076461 0.000000
v -0.168577 -0.101221 -0.010000
v -0.167872 -0.121209 -0.010000
v -0.166999 -0.145969 0.000000
v -0.168225 -0.111215 -0.015000
v -0.171458 -0.075940 0.000000
v -0.164545 -0.099732 -0.010000
v -0.158965 -0.118938 -0.010000
v -0.152051 -0.142730 0.000000
v -0.161755 -0.109335 -0.015000
v -0.165083 -0.074068 0.000000
v -0.158103 -0.097840 -0.010000
v -0.152467 -0.117030 -0.010000
v -0.145486 -0.140802 0.000000
v -0.155285 -0.107435 -0.015000
v -0.159112 -0.072219 0.000000
v -0.151797 -0.095891 -0.010000
v -0.145893 -0.114999 -0.010000
v -0.138578 -0.138671 0.000000
v -0.148845 -0.105445 -0.015000
v -0.153534 -0.070335 0.000000
v -0.145644 -0.093821 -0.010000
v -0.139275 -0.112779 -0.010000
v -0.131385 -0.136265 0.000000
v -0.142460 -0.103300 -0.015000
v -0.140819 -0.065746 0.000000
v -0.132423 -0.089057 -0.010000
v -0.125646 -0.107873 -0.010000
v -0.117251 -0.131184 0.000000
v -0.129035 -0.098465 -0.015000
v -0.127641 -0.060900 0.000000
v -0.119091 -0.084154 -0.010000
v -0.112189 -0.102926 -0.010000
v -0.103639 -0.126180 0.000000
v -0.115640 -0.093540 -0.015000
v -0.114235 -0.055976 0.000000
v -0.105693 -0.079233 -0.010000
v -0.098797 -0.098007 -0.010000
v -0.090255 -0.121264 0.000000
v -0.102245 -0.088620 -0.015000
v -0.100562 -0.051068 0.000000
v -0.092193 -0.074388 -0.010000
v -0.085437 -0.093212 -0.010000
v -0.077068 -0.116532 0.000000
v -0.088815 -0.083800 -0.015000
v -0.095077 -0.049303 0.000000
v -0.087584 -0.072918 -0.010000
v -0.081536 -0.091982 -0.010000
v -0.074043 -0.115597 0.000000
v -0.084560 -0.082450 -0.015000
v -0.086702 -0.047460 0.000000
v -0.082080 -0.071801 -0.010000
v -0.078350 -0.091449 -0.010000
v -0.073728 -0.115790 0.000000
v -0.080215 -0.081625 -0.015000
v -0.075162 -0.046935 0.000000
v -0.075609 -0.071707 -0.010000
v -0.075971 -0.091703 -0.010000
v -0.076418 -0.116475 0.000000
v -0.075790 -0.081705 -0.015000
v -0.061117 -0.049828 0.000000
v -0.068372 -0.073518 -0.010000
v -0.074228 -0.092642 -0.010000
v -0.081483 -0.116332 0.000000
v -0.071300 -0.083080 -0.015000
v -0.052320 -0.053895 0.000000
v -0.064852 -0.075268 -0.010000
v -0.074968 -0.092522 -0.010000
v -0.087499 -0.113894 0.000000
v -0.069910 -0.083895 -0.015000
v -0.043984 -0.060676 0.000000
v -0.061771 -0.077923 -0.010000
v -0.076129 -0.091846 -0.010000
v -0.093915 -0.109094 0.000000
v -0.068950 -0.084885 -0.015000
v -0.036010 -0.073653 0.000000
v -0.059132 -0.082553 -0.010000
v -0.077797 -0.089737 -0.010000
v -0.100920 -0.098637 0.000000
v -0.068465 -0.086145 -0.015000
v -0.033725 -0.088405 0.000000
v -0.058497 -0.087945 -0.010000
v -0.078493 -0.087574 -0.010000
v -0.103265 -0.087115 0.000000
v -0.068495 -0.087760 -0.015000
v -0.034034 -0.092492 0.000000
v -0.058646 -0.089644 -0.010000
v -0.078514 -0.087346 -0.010000
v -0.103125 -0.084498 0.000000
v -0.068580 -0.088495 -0.015000
v -0.033975 -0.092018 0.000000
v -0.058672 -0.090042 -0.010000
v -0.078608 -0.088447 -0.010000
v -0.103305 -0.086472 0.000000
v -0.068640 -0.089245 -0.015000
v -0.034373 -0.095216 0.000000
v -0.058864 -0.091475 -0.010000
v -0.078635 -0.088455 -0.010000
v -0.103127 -0.084714 0.000000
v -0.068750 -0.089965 -0.015000
v -0.036252 -0.102363 0.000000
v -0.059572 -0.093997 -0.010000
v -0.078397 -0.087243 -0.010000
v -0.101718 -0.078877 0.000000
v -0.068985 -0.090620 -0.015000
v -0.048657 -0.124180 0.000000
v -0.069847 -0.111342 -0.010000
v -0.086953 -0.100978 -0.010000
v -0.108143 -0.088140 0.000000
v -0.078400 -0.106160 -0.015000
v -0.062080 -0.141684 0.000000
v -0.081565 -0.126381 -0.010000
v -0.097294 -0.114029 -0.010000
v -0.116780 -0.098726 0.000000
v -0.089430 -0.120205 -0.015000
v -0.078337 -0.157678 0.000000
v -0.095434 -0.139747 -0.010000
v -0.109236 -0.125273 -0.010000
v -0.126333 -0.107342 0.000000
v -0.102335 -0.132510 -0.015000
v -0.097712 -0.171503 0.000000
v -0.111721 -0.151068 -0.010000
v -0.123029 -0.134572 -0.010000
v -0.137037 -0.114136 0.000000
v -0.117375 -0.142820 -0.015000
v -0.135797 -0.192399 0.000000
v -0.147622 -0.170628 -0.010000
v -0.157167 -0.153052 -0.010000
v -0.168992 -0.131280 0.000000
v -0.152395 -0.161840 -0.015000
v -0.172783 -0.210591 0.000000
v -0.183703 -0.188351 -0.010000
v -0.192517 -0.170399 -0.010000
v -0.203436 -0.148159 0.000000
v -0.188110 -0.179375 -0.015000
v -0.210447 -0.227268 0.000000
v -0.220462 -0.204607 -0.010000
v -0.228547 -0.186313 -0.010000
v -0.238562 -0.163652 0.000000
v -0.224505 -0.195460 -0.015000
v -0.248765 -0.242465 0.000000
v -0.257884 -0.219428 -0.010000
v -0.265245 -0.200832 -0.010000
v -0.274364 -0.177795 0.000000
v -0.261565 -0.210130 -0.015000
v -0.265499 -0.247310 0.000000
v -0.272122 -0.223436 -0.010000
v -0.277468 -0.204164 -0.010000
v -0.284091 -0.180290 0.000000
v -0.274795 -0.213800 -0.015000
v -0.284255 -0.249854 0.000000
v -0.287016 -0.225233 -0.010000
v -0.289244 -0.205357 -0.010000
v -0.292004 -0.180736 0.000000
v -0.288130 -0.215295 -0.015000
v -0.302036 -0.249872 0.000000
v -0.301675 -0.225099 -0.010000
v -0.301384 -0.205101 -0.010000
v -0.301024 -0.180328 0.000000
v -0.301530 -0.215100 -0.015000
v -0.318578 -0.248282 0.000000
v -0.316000 -0.223641 -0.010000
v -0.313919 -0.203749 -0.010000
v -0.311341 -0.179108 0.000000
v -0.314960 -0.213695 -0.015000
v -0.332558 -0.244851 0.000000
v -0.325798 -0.221016 -0.010000
v -0.320341 -0.201774 -0.010000
v -0.313582 -0.177939 0.000000
v -0.323070 -0.211395 -0.015000
v -0.348234 -0.236731 0.000000
v -0.335225 -0.215646 -0.010000
v -0.324724 -0.198624 -0.010000
v -0.311715 -0.177539 0.000000
v -0.329975 -0.207135 -0.015000
v -0.360612 -0.225513 0.000000
v -0.342853 -0.208238 -0.010000
v -0.328517 -0.194292 -0.010000
v -0.310757 -0.177017 0.000000
v -0.335685 -0.201265 -0.015000
v -0.369557 -0.212813 0.000000
v -0.348656 -0.199510 -0.010000
v -0.331784 -0.188770 -0.010000
v -0.310882 -0.175467 0.000000
v -0.340220 -0.194140 -0.015000
v -0.380562 -0.188201 0.000000
v -0.357773 -0.178479 -0.010000
v -0.339377 -0.170631 -0.010000
v -0.316588 -0.160909 0.000000
v -0.348575 -0.174555 -0.015000
v -0.387198 -0.162553 0.000000
v -0.363101 -0.156794 -0.010000
v -0.343649 -0.152146 -0.010000
v -0.319551 -0.146387 0.000000
v -0.353375 -0.154470 -0.015000
v -0.388985 -0.135308 0.000000
v -0.364231 -0.134269 -0.010000
v -0.344249 -0.133431 -0.010000
v -0.319494 -0.132392 0.000000
v -0.354240 -0.133850 -0.015000
v -0.385108 -0.107060 0.000000
v -0.360655 -0.111046 -0.010000
v -0.340915 -0.114264 -0.010000
v -0.316462 -0.118250 0.000000
v -0.350785 -0.112655 -0.015000
v -0.381619 -0.094208 0.000000
v -0.357842 -0.101170 -0.010000
v -0.338648 -0.106790 -0.010000
v -0.314870 -0.113752 0.000000
v -0.348245 -0.103980 -0.015000
v -0.378137 -0.084061 0.000000
v -0.354735 -0.092196 -0.010000
v -0.335844 -0.098764 -0.010000
v -0.312442 -0.106899 0.000000
v -0.345290 -0.095480 -0.015000
v -0.374110 -0.074041 0.000000
v -0.351162 -0.083381 -0.010000
v -0.332637 -0.090919 -0.010000
v -0.309689 -0.100259 0.000000
v -0.341900 -0.087150 -0.015000
v -0.369517 -0.064169 0.000000
v -0.347102 -0.074725 -0.010000
v -0.329008 -0.083245 -0.010000
v -0.306593 -0.093801 0.000000
v -0.338055 -0.078985 -0.015000
v -0.366352 -0.057895 0.000000
v -0.344254 -0.069098 -0.010000
v -0.326416 -0.078142 -0.010000
v -0.304318 -0.089345 0.000000
v -0.335335 -0.073620 -0.015000
v -0.363710 -0.052635 0.000000
v -0.341571 -0.063756 -0.010000
v -0.323699 -0.072734 -0.010000
v -0.301559 -0.083855 0.000000
v -0.332635 -0.068245 -0.015000
v -0.361313 -0.047677 0.000000
v -0.339015 -0.058476 -0.010000
v -0.321015 -0.067194 -0.010000
v -0.298716 -0.077993 0.000000
v -0.330015 -0.062835 -0.015000
v -0.359192 -0.042981 0.000000
v -0.336634 -0.053229 -0.010000
v -0.318425 -0.061501 -0.010000
v -0.295868 -0.071749 0.000000
v -0.327530 -0.057365 -0.015000
v -0.353048 -0.023258 0.000000
v -0.329475 -0.030883 -0.010000
v -0.310445 -0.037037 -0.010000
v -0.286872 -0.044662 0.000000
v -0.319960 -0.033960 -0.015000
v -0.352353 -0.007354 0.000000
v -0.327689 -0.009709 -0.010000
v -0.307780 -0.011611 -0.010000
v -0.283116 -0.013966 0.000000
v -0.317735 -0.010660 -0.015000
v -0.355404 0.007716 0.000000
v -0.330864 0.011131 -0.010000
v -0.311055 0.013889 -0.010000
v -0.286516 0.017304 0.000000
v -0.320960 0.012510 -0.015000
v -0.362228 0.023129 0.000000
v -0.339078 0.031957 -0.010000
v -0.320391 0.039083 -0.010000
v -0.297242 0.047911 0.000000
v -0.329735 0.035520 -0.015000
v -0.364726 0.027375 0.000000
v -0.342778 0.038870 -0.010000
v -0.325061 0.048150 -0.010000
v -0.303114 0.059646 0.000000
v -0.333920 0.043510 -0.015000
v -0.368762 0.034750 0.000000
v -0.347020 0.046630 -0.010000
v -0.329469 0.056220 -0.010000
v -0.307728 0.068100 0.000000
v -0.338245 0.051425 -0.015000
v -0.373084 0.042650 0.000000
v -0.351348 0.054541 -0.010000
v -0.333802 0.064139 -0.010000
v -0.312066 0.076030 0.000000
v -0.342575 0.059340 -0.015000
v -0.377559 0.051166 0.000000
v -0.355620 0.062678 -0.010000
v -0.337910 0.071971 -0.010000
v -0.315971 0.083484 0.000000
v -0.346765 0.067325 -0.015000
v -0.382196 0.061368 0.000000
v -0.359578 0.071482 -0.010000
v -0.341321 0.079647 -0.010000
v -0.318704 0.089762 0.000000
v -0.350450 0.075565 -0.015000
v -0.386285 0.073307 0.000000
v -0.362724 0.080972 -0.010000
v -0.343705 0.087158 -0.010000
v -0.320145 0.094823 0.000000
v -0.353215 0.084065 -0.015000
v -0.389074 0.086000 0.000000
v -0.364784 0.090880 -0.010000
v -0.345176 0.094820 -0.010000
v -0.320885 0.099700 0.000000
v -0.354980 0.092850 -0.015000
v -0.390339 0.099352 0.000000
v -0.365632 0.101199 -0.010000
v -0.345688 0.102691 -0.010000
v -0.320981 0.104538 0.000000
v -0.355660 0.101945 -0.015000
v -0.388529 0.121872 0.000000
v -0.363890 0.119277 -0.010000
v -0.344000 0.117183 -0.010000
v -0.319360 0.114588 0.000000
v -0.353945 0.118230 -0.015000
v -0.380867 0.144969 0.000000
v -0.357772 0.136000 -0.010000
v -0.339128 0.128760 -0.010000
v -0.316033 0.119791 0.000000
v -0.348450 0.132380 -0.015000
v -0.366975 0.165487 0.000000
v -0.347244 0.150503 -0.010000
v -0.331316 0.138407 -0.010000
v -0.311585 0.123423 0.000000
v -0.339280 0.144455 -0.015000
v -0.348114 0.181803 0.000000
v -0.332747 0.162369 -0.010000
v -0.320342 0.146681 -0.010000
v -0.304975 0.127247 0.000000
v -0.326545 0.154525 -0.015000
v -0.333628 0.190434 0.000000
v -0.321493 0.168833 -0.010000
v -0.311697 0.151397 -0.010000
v -0.299561 0.129796 0.000000
v -0.316595 0.160115 -0.015000
v -0.319844 0.196544 0.000000
v -0.310109 0.173761 -0.010000
v -0.302251 0.155369 -0.010000
v -0.292516 0.132586 0.000000
v -0.306180 0.164565 -0.015000
v -0.304888 0.201086 0.000000
v -0.298114 0.177254 -0.010000
v -0.292646 0.158016 -0.010000
v -0.285871 0.134184 0.000000
v -0.295380 0.167635 -0.015000
v -0.288738 0.203559 0.000000
v -0.285562 0.178987 -0.010000
v -0.282998 0.159152 -0.010000
v -0.279821 0.134581 0.000000
v -0.284280 0.169070 -0.015000
v -0.254611 0.206852 0.000000
v -0.252245 0.182189 -0.010000
v -0.250335 0.162281 -0.010000
v -0.247969 0.137618 0.000000
v -0.251290 0.172235 -0.015000
v -0.224522 0.212025 0.000000
v -0.220395 0.187595 -0.010000
v -0.217064 0.167875 -0.010000
v -0.212938 0.143445 0.000000
v -0.218730 0.177735 -0.015000
v -0.193356 0.218433 0.000000
v -0.188382 0.194161 -0.010000
v -0.184367 0.174568 -0.010000
v -0.179394 0.150297 0.000000
v -0.186375 0.184365 -0.015000
v -0.160912 0.225008 0.000000
v -0.155991 0.200726 -0.010000
v -0.152019 0.181124 -0.010000
v -0.147098 0.156842 0.000000
v -0.154005 0.190925 -0.015000
v -0.145945 0.227640 0.000000
v -0.141674 0.203235 -0.010000
v -0.138226 0.183535 -0.010000
v -0.133954 0.159130 0.000000
v -0.139950 0.193385 -0.015000
v -0.131078 0.229914 0.000000
v -0.127346 0.205421 -0.010000
v -0.124333 0.185649 -0.010000
v -0.120601 0.161156 0.000000
v -0.125840 0.195535 -0.015000
v -0.116378 0.231918 0.000000
v -0.113038 0.207369 -0.010000
v -0.110342 0.187551 -0.010000
v -0.107002 0.163002 0.000000
v -0.111690 0.197460 -0.015000
v -0.101873 0.233748 0.000000
v -0.098775 0.209166 -0.010000
v -0.096275 0.189323 -0.010000
v -0.093177 0.164742 0.000000
v -0.097525 0.199245 -0.015000
v -0.094764 0.234297 0.000000
v -0.093044 0.209581 -0.010000
v -0.091656 0.189629 -0.010000
v -0.089936 0.164913 0.000000
v -0.092350 0.199605 -0.015000
v -0.086720 0.234318 0.000000
v -0.087005 0.209544 -0.010000
v -0.087235 0.189546 -0.010000
v -0.087519 0.164771 0.000000
v -0.087120 0.199545 -0.015000
v -0.079886 0.233964 0.000000
v -0.081299 0.209229 -0.010000
v -0.082440 0.189261 -0.010000
v -0.083854 0.164526 0.000000
v -0.081870 0.199245 -0.015000
v -0.074216 0.233572 0.000000
v -0.075939 0.208856 -0.010000
v -0.077330 0.188904 -0.010000
v -0.079054 0.164188 0.000000
v -0.076635 0.198880 -0.015000
v -0.063968 0.231354 0.000000
v -0.071379 0.207712 -0.010000
v -0.077361 0.188628 -0.010000
v -0.084772 0.164986 0.000000
v -0.074370 0.198170 -0.015000
v -0.048060 0.221014 0.000000
v -0.065721 0.203638 -0.010000
v -0.079978 0.189612 -0.010000
v -0.097640 0.172236 0.000000
v -0.072850 0.196625 -0.015000
v -0.040039 0.208361 0.000000
v -0.062792 0.198553 -0.010000
v -0.081158 0.190637 -0.010000
v -0.103910 0.180829 0.000000
v -0.071975 0.194595 -0.015000
v -0.037266 0.197670 0.000000
v -0.061759 0.193937 -0.010000
v -0.081531 0.190923 -0.010000
v -0.106024 0.187190 0.000000
v -0.071645 0.192430 -0.015000
v -0.036921 0.189495 0.000000
v -0.061692 0.189994 -0.010000
v -0.081688 0.190396 -0.010000
v -0.106459 0.190895 0.000000
v -0.071690 0.190195 -0.015000
v -0.037632 0.182777 0.000000
v -0.062142 0.186398 -0.010000
v -0.081927 0.189322 -0.010000
v -0.106437 0.192943 0.000000
v -0.072035 0.187860 -0.015000
v -0.039796 0.174636 0.000000
v -0.063267 0.182572 -0.010000
v -0.082213 0.188978 -0.010000
v -0.105683 0.196914 0.000000
v -0.072740 0.185775 -0.015000
v -0.046161 0.163271 0.000000
v -0.065902 0.178242 -0.010000
v -0.081838 0.190328 -0.010000
v -0.101578 0.205299 0.000000
v -0.073870 0.184285 -0.015000
v -0.057036 0.153633 0.000000
v -0.071181 0.173975 -0.010000
v -0.082599 0.190395 -0.010000
v -0.096743 0.210737 0.000000
v -0.076890 0.182185 -0.015000
v -0.063233 0.149986 0.000000
v -0.075285 0.171633 -0.010000
v -0.085014 0.189107 -0.010000
v -0.097066 0.210754 0.000000
v -0.080150 0.180370 -0.015000
v -0.068841 0.147270 0.000000
v -0.079324 0.169719 -0.010000
v -0.087786 0.187841 -0.010000
v -0.098269 0.210289 0.000000
v -0.083555 0.178780 -0.015000
v -0.073672 0.145229 0.000000
v -0.083174 0.168110 -0.010000
v -0.090845 0.186580 -0.010000
v -0.100348 0.209461 0.000000
v -0.087010 0.177345 -0.015000
v -0.089579 0.138929 0.000000
v -0.098695 0.161967 -0.010000
v -0.106054 0.180563 -0.010000
v -0.115170 0.203601 0.000000
v -0.102375 0.171265 -0.015000
v -0.105096 0.132859 0.000000
v -0.114122 0.155932 -0.010000
v -0.121408 0.174558 -0.010000
v -0.130433 0.197631 0.000000
v -0.117765 0.165245 -0.015000
v -0.120522 0.126842 0.000000
v -0.129526 0.149924 -0.010000
v -0.136794 0.168556 -0.010000
v -0.145797 0.191638 0.000000
v -0.133160 0.159240 -0.015000
v -0.135855 0.120832 0.000000
v -0.144896 0.143900 -0.010000
v -0.152194 0.162520 -0.010000
v -0.161235 0.185588 0.000000
v -0.148545 0.153210 -0.015000
v -0.144872 0.117058 0.000000
v -0.154417 0.139922 -0.010000
v -0.162122 0.158378 -0.010000
v -0.171668 0.181241 0.000000
v -0.158270 0.149150 -0.015000
v -0.152831 0.113229 0.000000
v -0.163471 0.135604 -0.010000
v -0.172059 0.153666 -0.010000
v -0.182699 0.176041 0.000000
v -0.167765 0.144635 -0.015000
v -0.160205 0.109102 0.000000
v -0.172149 0.130809 -0.010000
v -0.181791 0.148331 -0.010000
v -0.193735 0.170038 0.000000
v -0.176970 0.139570 -0.015000
v -0.166978 0.104636 0.000000
v -0.180402 0.125460 -0.010000
v -0.191238 0.142270 -0.010000
v -0.204662 0.163094 0.000000
v -0.185820 0.133865 -0.015000
v -0.170470 0.102087 0.000000
v -0.184886 0.122237 -0.010000
v -0.196524 0.138503 -0.010000
v -0.210940 0.158653 0.000000
v -0.190705 0.130370 -0.015000
v -0.174473 0.099031 0.000000
v -0.189453 0.118765 -0.010000
v -0.201546 0.134695 -0.010000
v -0.216527 0.154429 0.000000
v -0.195500 0.126730 -0.015000
v -0.178000 0.096083 0.000000
v -0.193770 0.115192 -0.010000
v -0.206500 0.130618 -0.010000
v -0.222270 0.149727 0.000000
v -0.200135 0.122905 -0.015000
v -0.181022 0.093241 0.000000
v -0.197781 0.111490 -0.010000
v -0.211309 0.126220 -0.010000
v -0.228067 0.144468 0.000000
v -0.204545 0.118855 -0.015000
v -0.186507 0.086429 0.000000
v -0.205346 0.102520 -0.010000
v -0.220554 0.115510 -0.010000
v -0.239393 0.131601 0.000000
v -0.212950 0.109015 -0.015000
v -0.188760 0.081086 0.000000
v -0.210354 0.093232 -0.010000
v -0.227786 0.103037 -0.010000
v -0.249380 0.115184 0.000000
v -0.219070 0.098135 -0.015000
v -0.189696 0.075699 0.000000
v -0.213316 0.083177 -0.010000
v -0.232384 0.089213 -0.010000
v -0.256004 0.096691 0.000000
v -0.222850 0.086195 -0.015000
v -0.189661 0.069487 0.000000
v -0.214296 0.072118 -0.010000
v -0.234183 0.074242 -0.010000
v -0.258819 0.076873 0.000000
v -0.224240 0.073180 -0.015000
v -0.188845 0.060360 0.000000
v -0.213595 0.059234 -0.010000
v -0.233575 0.058326 -0.010000
v -0.258325 0.057200 0.000000
v -0.223585 0.058780 -0.015000
v -0.186903 0.050809 0.000000
v -0.211313 0.046567 -0.010000
v -0.231017 0.043143 -0.010000
v -0.255427 0.038900 0.000000
v -0.221165 0.044855 -0.015000
v -0.183745 0.041981 0.000000
v -0.207348 0.034450 -0.010000
v -0.226402 0.028370 -0.010000
v -0.250005 0.020839 0.000000
v -0.216875 0.031410 -0.015000
v -0.179300 0.033585 0.000000
v -0.201607 0.022802 -0.010000
v -0.219613 0.014098 -0.010000
v -0.241919 0.003315 0.000000
v -0.210610 0.018450 -0.015000
v -0.182682 0.039521 0.000000
v -0.200712 0.022528 -0.010000
v -0.215267 0.008811 -0.010000
v -0.233298 -0.008181 0.000000
v -0.207990 0.015670 -0.015000
v -0.191332 0.046427 0.000000
v -0.200721 0.023499 -0.010000
v -0.208299 0.004991 -0.010000
v -0.217688 -0.017937 0.000000
v -0.204510 0.014245 -0.015000
v -0.202029 0.049122 0.000000
v -0.201210 0.024359 -0.010000
v -0.200550 0.004370 -0.010000
v -0.199731 -0.020392 0.000000
v -0.200880 0.014365 -0.015000
v -0.215812 0.045975 0.000000
v -0.202994 0.024773 -0.010000
v -0.192646 0.007657 -0.010000
v -0.179828 -0.013545 0.000000
v -0.197820 0.016215 -0.015000
v -0.216550 0.047348 0.000000
v -0.198176 0.030728 -0.010000
v -0.183344 0.017312 -0.010000
v -0.164970 0.000691 0.000000
v -0.190760 0.024020 -0.015000
v -0.209709 0.055021 0.000000
v -0.191218 0.038531 -0.010000
v -0.176292 0.025219 -0.010000
v -0.157801 0.008729 0.000000
v -0.183755 0.031875 -0.015000
v -0.202759 0.062842 0.000000
v -0.184240 0.046383 -0.010000
v -0.169290 0.033097 -0.010000
v -0.150771 0.016638 0.000000
v -0.176765 0.039740 -0.015000
v -0.195632 0.070790 0.000000
v -0.177185 0.054251 -0.010000
v -0.162294 0.040899 -0.010000
v -0.143848 0.024360 0.000000
v -0.169740 0.047575 -0.015000
v -0.188085 0.079199 0.000000
v -0.169647 0.062650 -0.010000
v -0.154763 0.049290 -0.010000
v -0.136325 0.032741 0.000000
v -0.162205 0.055970 -0.015000
v -0.180537 0.087602 0.000000
v -0.162105 0.071047 -0.010000
v -0.147225 0.057683 -0.010000
v -0.128792 0.041128 0.000000
v -0.154665 0.064365 -0.015000
v -0.172617 0.096211 0.000000
v -0.154388 0.079432 -0.010000
v -0.139672 0.065888 -0.010000
v -0.121443 0.049109 0.000000
v -0.147030 0.072660 -0.015000
v -0.164223 0.104919 0.000000
v -0.146399 0.087711 -0.010000
v -0.132011 0.073819 -0.010000
v -0.114186 0.056611 0.000000
v -0.139205 0.080765 -0.015000
v -0.152531 0.115347 0.000000
v -0.136180 0.096733 -0.010000
v -0.122980 0.081707 -0.010000
v -0.106629 0.063093 0.000000
v -0.129580 0.089220 -0.015000
v -0.138266 0.125183 0.000000
v -0.124579 0.104531 -0.010000
v -0.113531 0.087859 -0.010000
v -0.099844 0.067207 0.000000
v -0.119055 0.096195 -0.015000
v -0.122757 0.133023 0.000000
v -0.111987 0.110711 -0.010000
v -0.103293 0.092699 -0.010000
v -0.092523 0.070387 0.000000
v -0.107640 0.101705 -0.015000
v -0.106240 0.138788 0.000000
v -0.098474 0.115261 -0.010000
v -0.092205 0.096269 -0.010000
v -0.084439 0.072742 0.000000
v -0.095340 0.105765 -0.015000
v -0.092823 0.141828 0.000000
v -0.087730 0.117581 -0.010000
v -0.083619 0.098009 -0.010000
v -0.078527 0.073762 0.000000
v -0.085675 0.107795 -0.015000
v -0.079372 0.143333 0.000000
v -0.077012 0.118670 -0.010000
v -0.075107 0.098760 -0.010000
v -0.072748 0.074097 0.000000
v -0.076060 0.108715 -0.015000
v -0.065280 0.143152 0.000000
v -0.066103 0.118389 -0.010000
v -0.066767 0.098401 -0.010000
v -0.067590 0.073638 0.000000
v -0.066435 0.108395 -0.015000
v -0.050772 0.140963 0.000000
v -0.055031 0.116556 -0.010000
v -0.058469 0.096854 -0.010000
v -0.062728 0.072447 0.000000
v -0.056750 0.106705 -0.015000
v -0.041806 0.138828 0.000000
v -0.047772 0.114781 -0.010000
v -0.052588 0.095369 -0.010000
v -0.058554 0.071322 0.000000
v -0.050180 0.105075 -0.015000
v -0.035481 0.137311 0.000000
v -0.041262 0.113219 -0.010000
v -0.045928 0.093771 -0.010000
v -0.051709 0.069679 0.000000
v -0.043595 0.103495 -0.015000
v -0.029386 0.135949 0.000000
v -0.034803 0.111773 -0.010000
v -0.039176 0.092257 -0.010000
v -0.044594 0.068081 0.000000
v -0.036990 0.102015 -0.015000
v -0.023545 0.134792 0.000000
v -0.028400 0.110496 -0.010000
v -0.032320 0.090884 -0.010000
v -0.037175 0.066588 0.000000
v -0.030360 0.100690 -0.015000
v -0.020438 0.135295 0.000000
v -0.020878 0.110523 -0.010000
v -0.021232 0.090527 -0.010000
v -0.021672 0.065755 0.000000
v -0.021055 0.100525 -0.015000
v -0.023287 0.136367 0.000000
v -0.015627 0.112805 -0.010000
v -0.009443 0.093785 -0.010000
v -0.001783 0.070223 0.000000
v -0.012535 0.103295 -0.015000
v -0.026872 0.136174 0.000000
v -0.011706 0.116583 -0.010000
v 0.000536 0.100767 -0.010000
v 0.015702 0.081176 0.000000
v -0.005585 0.108675 -0.015000
v -0.030788 0.134246 0.000000
v -0.009555 0.121478 -0.010000
v 0.007585 0.111172 -0.010000
v 0.028818 0.098404 0.000000
v -0.000985 0.116325 -0.015000
v -0.031613 0.134415 0.000000
v -0.008107 0.126585 -0.010000
v 0.010868 0.120265 -0.010000
v 0.034374 0.112435 0.000000
v 0.001380 0.123425 -0.015000
v -0.030034 0.140122 0.000000
v -0.006196 0.133370 -0.010000
v 0.013047 0.127920 -0.010000
v 0.036885 0.121168 0.000000
v 0.003425 0.130645 -0.015000
v -0.028464 0.146424 0.000000
v -0.004437 0.140376 -0.010000
v 0.014958 0.135494 -0.010000
v 0.038984 0.129446 0.000000
v 0.005260 0.137935 -0.015000
v -0.026840 0.153276 0.000000
v -0.002734 0.147551 -0.010000
v 0.016724 0.142929 -0.010000
v 0.040830 0.137204 0.000000
v 0.006995 0.145240 -0.015000
v -0.024049 0.165944 0.000000
v 0.000145 0.160605 -0.010000
v 0.019675 0.156295 -0.010000
v 0.043869 0.150956 0.000000
v 0.009910 0.158450 -0.015000
v -0.021383 0.178782 0.000000
v 0.002874 0.173740 -0.010000
v 0.022456 0.169670 -0.010000
v 0.046713 0.164628 0.000000
v 0.012665 0.171705 -0.015000
v -0.018354 0.192441 0.000000
v 0.005833 0.187072 -0.010000
v 0.025357 0.182738 -0.010000
v 0.049545 0.177369 0.000000
v 0.015595 0.184905 -0.015000
v -0.014600 0.206807 0.000000
v 0.009360 0.200501 -0.010000
v 0.028701 0.195410 -0.010000
v 0.052660 0.189103 0.000000
v 0.019030 0.197955 -0.015000
v 0.002966 0.253127 0.000000
v 0.026095 0.244245 -0.010000
v 0.044765 0.237075 -0.010000
v 0.067894 0.228193 0.000000
v 0.035430 0.240660 -0.015000
v 0.028559 0.296564 0.000000
v 0.049769 0.283759 -0.010000
v 0.066891 0.273422 -0.010000
v 0.088101 0.260616 0.000000
v 0.058330 0.278590 -0.015000
v 0.062056 0.334786 0.000000
v 0.080490 0.318232 -0.010000
v 0.095370 0.304868 -0.010000
v 0.113804 0.288314 0.000000
v 0.087930 0.311550 -0.015000
v 0.103369 0.367003 0.000000
v 0.118374 0.347287 -0.010000
v 0.130486 0.331373 -0.010000
v 0.145492 0.311657 0.000000
v 0.124430 0.339330 -0.015000
v 0.111571 0.372194 0.000000
v 0.124391 0.350992 -0.010000
v 0.134740 0.333878 -0.010000
v 0.147559 0.312677 0.000000
v 0.129565 0.342435 -0.015000
v 0.117828 0.375718 0.000000
v 0.129927 0.354097 -0.010000
v 0.139693 0.336644 -0.010000
v 0.151792 0.315023 0.000000
v 0.134810 0.345370 -0.015000
v 0.124206 0.379030 0.000000
v 0.135565 0.357012 -0.010000
v 0.144735 0.339238 -0.010000
v 0.156095 0.317220 0.000000
v 0.140150 0.348125 -0.015000
v 0.130694 0.382124 0.000000
v 0.141292 0.359729 -0.010000
v 0.149848 0.341651 -0.010000
v 0.160446 0.319257 0.000000
v 0.145570 0.350690 -0.015000
v 0.151097 0.389009 0.000000
v 0.158697 0.365428 -0.010000
v 0.164833 0.346392 -0.010000
v 0.172434 0.322811 0.000000
v 0.161765 0.355910 -0.015000
v 0.175615 0.391587 0.000000
v 0.177111 0.366857 -0.010000
v 0.178319 0.346893 -0.010000
v 0.179815 0.322163 0.000000
v 0.177715 0.356875 -0.015000
v 0.200387 0.387711 0.000000
v 0.195388 0.363445 -0.010000
v 0.191352 0.343856 -0.010000
v 0.186354 0.319589 0.000000
v 0.193370 0.353650 -0.015000
v 0.223724 0.377663 0.000000
v 0.213013 0.355322 -0.010000
v 0.204367 0.337288 -0.010000
v 0.193656 0.314947 0.000000
v 0.208690 0.346305 -0.015000
v 0.232153 0.372502 0.000000
v 0.218558 0.351790 -0.010000
v 0.207583 0.335070 -0.010000
v 0.193987 0.314358 0.000000
v 0.213070 0.343430 -0.015000
v 0.237824 0.368414 0.000000
v 0.223213 0.348406 -0.010000
v 0.211418 0.332254 -0.010000
v 0.196806 0.312246 0.000000
v 0.217315 0.340330 -0.015000
v 0.243106 0.364244 0.000000
v 0.227663 0.344870 -0.010000
v 0.215197 0.329230 -0.010000
v 0.199754 0.309856 0.000000
v 0.221430 0.337050 -0.015000
v 0.248075 0.360006 0.000000
v 0.231927 0.341215 -0.010000
v 0.218893 0.326046 -0.010000
v 0.202746 0.307254 0.000000
v 0.225410 0.333630 -0.015000
v 0.256810 0.350728 0.000000
v 0.238397 0.334151 -0.010000
v 0.223533 0.320769 -0.010000
v 0.205120 0.304192 0.000000
v 0.230965 0.327460 -0.015000
v 0.265612 0.334857 0.000000
v 0.242816 0.325152 -0.010000
v 0.224414 0.317318 -0.010000
v 0.201618 0.307614 0.000000
v 0.233615 0.321235 -0.015000
v 0.268330 0.314200 0.000000
v 0.243555 0.314421 -0.010000
v 0.223556 0.314599 -0.010000
v 0.198781 0.314820 0.000000
v 0.233555 0.314510 -0.015000
v 0.263948 0.295772 0.000000
v 0.240460 0.303657 -0.010000
v 0.221500 0.310023 -0.010000
v 0.198013 0.317908 0.000000
v 0.230980 0.306840 -0.015000
v 0.257050 0.281509 0.000000
v 0.235025 0.292856 -0.010000
v 0.217245 0.302015 -0.010000
v 0.195220 0.313361 0.000000
v 0.226135 0.297435 -0.015000
v 0.249852 0.269922 0.000000
v 0.228944 0.283215 -0.010000
v 0.212066 0.293945 -0.010000
v 0.191159 0.307239 0.000000
v 0.220505 0.288580 -0.015000
v 0.241976 0.259282 0.000000
v 0.222184 0.274185 -0.010000
v 0.206207 0.286215 -0.010000
v 0.186414 0.301118 0.000000
v 0.214195 0.280200 -0.015000
v 0.233654 0.249512 0.000000
v 0.214889 0.265690 -0.010000
v 0.199741 0.278750 -0.010000
v 0.180977 0.294928 0.000000
v 0.207315 0.272220 -0.015000
v 0.220277 0.234870 0.000000
v 0.201998 0.251595 -0.010000
v 0.187242 0.265095 -0.010000
v 0.168963 0.281820 0.000000
v 0.194620 0.258345 -0.015000
v 0.207527 0.220977 0.000000
v 0.189273 0.237729 -0.010000
v 0.174538 0.251252 -0.010000
v 0.156284 0.268004 0.000000
v 0.181905 0.244490 -0.015000
v 0.194771 0.207108 0.000000
v 0.176535 0.223880 -0.010000
v 0.161815 0.237420 -0.010000
v 0.143580 0.254192 0.000000
v 0.169175 0.230650 -0.015000
v 0.182017 0.193258 0.000000
v 0.163791 0.210041 -0.010000
v 0.149079 0.223589 -0.010000
v 0.130853 0.240372 0.000000
v 0.156435 0.216815 -0.015000
v 0.150923 0.159503 0.000000
v 0.132700 0.176290 -0.010000
v 0.117990 0.189840 -0.010000
v 0.099768 0.206627 0.000000
v 0.125345 0.183065 -0.015000
v 0.119824 0.125755 0.000000
v 0.101604 0.142544 -0.010000
v 0.086896 0.156096 -0.010000
v 0.068676 0.172886 0.000000
v 0.094250 0.149320 -0.015000
v 0.088729 0.092009 0.000000
v 0.070509 0.108799 -0.010000
v 0.055801 0.122352 -0.010000
v 0.037581 0.139141 0.000000
v 0.063155 0.115575 -0.015000
v 0.057634 0.058264 0.000000
v 0.039414 0.075054 -0.010000
v 0.024706 0.088606 -0.010000
v 0.006486 0.105396 0.000000
v 0.032060 0.081830 -0.015000
v 0.054948 0.055378 0.000000
v 0.036814 0.072261 -0.010000
v 0.022176 0.085889 -0.010000
v 0.004043 0.102772 0.000000
v 0.029495 0.079075 -0.015000
v 0.052333 0.052580 0.000000
v 0.034231 0.069497 -0.010000
v 0.019619 0.083153 -0.010000
v 0.001518 0.100070 0.000000
v 0.026925 0.076325 -0.015000
v 0.050038 0.050070 0.000000
v 0.031762 0.066798 -0.010000
v 0.017009 0.080302 -0.010000
v -0.001267 0.097030 0.000000
v 0.024385 0.073550 -0.015000
v 0.048087 0.047826 0.000000
v 0.029438 0.064137 -0.010000
v 0.014383 0.077303 -0.010000
v -0.004267 0.093614 0.000000
v 0.021910 0.070720 -0.015000
v 0.046115 0.045469 0.000000
v 0.027146 0.061407 -0.010000
v 0.011834 0.074273 -0.010000
v -0.007134 0.090212 0.000000
v 0.019490 0.067840 -0.015000
v 0.044122 0.043005 0.000000
v 0.024885 0.058618 -0.010000
v 0.009356 0.071222 -0.010000
v -0.009881 0.086836 0.000000
v 0.017120 0.064920 -0.015000
v 0.042377 0.040721 0.000000
v 0.022748 0.055838 -0.010000
v 0.006903 0.068042 -0.010000
v -0.012727 0.083159 0.000000
v 0.014825 0.061940 -0.015000
v 0.040953 0.038685 0.000000
v 0.020785 0.053077 -0.010000
v 0.004505 0.064694 -0.010000
v -0.015662 0.079085 0.000000
v 0.012645 0.058885 -0.015000
v 0.036205 0.028897 0.000000
v 0.014251 0.040380 -0.010000
v -0.003471 0.049650 -0.010000
v -0.025425 0.061134 0.000000
v 0.005390 0.045015 -0.015000
v 0.036643 0.024095 0.000000
v 0.012357 0.029000 -0.010000
v -0.007247 0.032960 -0.010000
v -0.031532 0.037866 0.000000
v 0.002555 0.030980 -0.015000
v 0.038856 0.021237 0.000000
v 0.014280 0.018101 -0.010000
v -0.005559 0.015569 -0.010000
v -0.030136 0.012433 0.000000
v 0.004360 0.016835 -0.015000
v 0.042509 0.017411 0.000000
v 0.020082 0.006880 -0.010000
v 0.001978 -0.001620 -0.010000
v -0.020448 -0.012151 0.000000
v 0.011030 0.002630 -0.015000
v 0.044075 0.015807 0.000000
v 0.023514 0.001984 -0.010000
v 0.006916 -0.009174 -0.010000
v -0.013645 -0.022997 0.000000
v 0.015215 -0.003595 -0.015000
v 0.047812 0.010665 0.000000
v 0.027723 -0.003837 -0.010000
v 0.011507 -0.015543 -0.010000
v -0.008581 -0.030045 0.000000
v 0.019615 -0.009690 -0.015000
v 0.051799 0.005478 0.000000
v 0.032126 -0.009582 -0.010000
v 0.016245 -0.021738 -0.010000
v -0.003429 -0.036798 0.000000
v 0.024185 -0.015660 -0.015000
v 0.056013 0.000238 0.000000
v 0.036686 -0.015263 -0.010000
v 0.021084 -0.027777 -0.010000
v 0.001757 -0.043278 0.000000
v 0.028885 -0.021520 -0.015000
v 0.073423 -0.020963 0.000000
v 0.054274 -0.036684 -0.010000
v 0.038816 -0.049375 -0.010000
v 0.019667 -0.065097 0.000000
v 0.046545 -0.043030 -0.015000
v 0.091081 -0.042359 0.000000
v 0.071973 -0.058130 -0.010000
v 0.056548 -0.070860 -0.010000
v 0.037439 -0.086630 0.000000
v 0.064260 -0.064495 -0.015000
v 0.108794 -0.063777 0.000000
v 0.089701 -0.079567 -0.010000
v 0.074289 -0.092313 -0.010000
v 0.055196 -0.108103 0.000000
v 0.081995 -0.085940 -0.015000
v 0.126530 -0.085246 0.000000
v 0.107430 -0.101026 -0.010000
v 0.092011 -0.113764 -0.010000
v 0.072910 -0.129544 0.000000
v 0.099720 -0.107395 -0.015000
v 0.138033 -0.099193 0.000000
v 0.118920 -0.114957 -0.010000
v 0.103491 -0.127683 -0.010000
v 0.084377 -0.143447 0.000000
v 0.111205 -0.121320 -0.015000
v 0.149526 -0.113149 0.000000
v 0.130400 -0.128898 -0.010000
v 0.114961 -0.141612 -0.010000
v 0.095835 -0.157361 0.000000
v 0.122680 -0.135255 -0.015000
v 0.161015 -0.127146 0.000000
v 0.141865 -0.142865 -0.010000
v 0.126406 -0.155555 -0.010000
v 0.107255 -0.171274 0.000000
v 0.134135 -0.149210 -0.015000
v 0.172491 -0.141205 0.000000
v 0.153297 -0.156872 -0.010000
v 0.137803 -0.169518 -0.010000
v 0.118609 -0.185185 0.000000
v 0.145550 -0.163195 -0.015000
v 0.175771 -0.145429 0.000000
v 0.156168 -0.160580 -0.010000
v 0.140343 -0.172810 -0.010000
v 0.120739 -0.187961 0.000000
v 0.148255 -0.166695 -0.015000
v 0.179075 -0.149990 0.000000
v 0.158956 -0.164449 -0.010000
v 0.142715 -0.176121 -0.010000
v 0.122596 -0.190580 0.000000
v 0.150835 -0.170285 -0.015000
vt 0.278145 0.119185
vt 0.261381 0.113538
vt 0.254632 0.089699
vt 0.278145 0.119185
vt 0.264105 0.123160
vt 0.261381 0.113538
vt 0.278145 0.119185
vt 0.266829 0.132782
vt 0.264105 0.123160
vt 0.278145 0.119185
vt 0.273578 0.156621
vt 0.266829 0.132782
vt 0.254632 0.089699
vt 0.261381 0.113538
vt 0.238117 0.095189
vt 0.261381 0.113538
vt 0.245984 0.118683
vt 0.238117 0.095189
vt 0.261381 0.113538
vt 0.264105 0.123160
vt 0.245984 0.118683
vt 0.264105 0.123160
vt 0.249160 0.128165
vt 0.245984 0.118683
vt 0.264105 0.123160
vt 0.252336 0.137647
vt 0.249160 0.128165
vt 0.266829 0.132782
vt 0.252336 0.137647
vt 0.264105 0.123160
vt 0.266829 0.132782
vt 0.260203 0.161141
vt 0.252336 0.137647
vt 0.273578 0.156621
vt 0.260203 0.161141
vt 0.266829 0.132782
vt 0.238117 0.095189
vt 0.245984 0.118683
vt 0.221195 0.101785
vt 0.245984 0.118683
vt 0.230250 0.124847
vt 0.221195 0.101785
vt 0.245984 0.118683
vt 0.249160 0.128165
vt 0.230250 0.124847
vt 0.249160 0.128165
vt 0.233905 0.134155
vt 0.230250 0.124847
vt 0.249160 0.128165
vt 0.237560 0.143463
vt 0.233905 0.134155
vt 0.252336 0.137647
vt 0.237560 0.143463
vt 0.249160 0.128165
vt 0.252336 0.137647
vt 0.246615 0.166525
vt 0.237560 0.143463
vt 0.260203 0.161141
vt 0.246615 0.166525
vt 0.252336 0.137647
vt 0.221195 0.101785
vt 0.230250 0.124847
vt 0.212008 0.106984
vt 0.230250 0.124847
vt 0.225898 0.127500
vt 0.212008 0.106984
vt 0.230250 0.124847
vt 0.233905 0.134155
vt 0.225898 0.127500
vt 0.233905 0.134155
vt 0.231505 0.135780
vt 0.225898 0.127500
vt 0.233905 0.134155
vt 0.237112 0.144061
vt 0.231505 0.135780
vt 0.237560 0.143463
vt 0.237112 0.144061
vt 0.233905 0.134155
vt 0.237560 0.143463
vt 0.251002 0.164576
vt 0.237112 0.144061
vt 0.246615 0.166525
vt 0.251002 0.164576
vt 0.237560 0.143463
vt 0.212008 0.106984
vt 0.225898 0.127500
vt 0.201863 0.117347
vt 0.225898 0.127500
vt 0.221699 0.132193
vt 0.201863 0.117347
vt 0.225898 0.127500
vt 0.231505 0.135780
vt 0.221699 0.132193
vt 0.231505 0.135780
vt 0.229705 0.138185
vt 0.221699 0.132193
vt 0.231505 0.135780
vt 0.237711 0.144177
vt 0.229705 0.138185
vt 0.237112 0.144061
vt 0.237711 0.144177
vt 0.231505 0.135780
vt 0.237112 0.144061
vt 0.257547 0.159023
vt 0.237711 0.144177
vt 0.251002 0.164576
vt 0.257547 0.159023
vt 0.237112 0.144061
vt 0.201863 0.117347
vt 0.221699 0.132193
vt 0.195890 0.129526
vt 0.221699 0.132193
vt 0.219272 0.137719
vt 0.195890 0.129526
vt 0.221699 0.132193
vt 0.229705 0.138185
vt 0.219272 0.137719
vt 0.229705 0.138185
vt 0.228710 0.141025
vt 0.219272 0.137719
vt 0.229705 0.138185
vt 0.238148 0.144331
vt 0.228710 0.141025
vt 0.237711 0.144177
vt 0.238148 0.144331
vt 0.229705 0.138185
vt 0.237711 0.144177
vt 0.261530 0.152524
vt 0.238148 0.144331
vt 0.257547 0.159023
vt 0.261530 0.152524
vt 0.237711 0.144177
vt 0.195890 0.129526
vt 0.219272 0.137719
vt 0.193939 0.144010
vt 0.219272 0.137719
vt 0.218715 0.143967
vt 0.193939 0.144010
vt 0.219272 0.137719
vt 0.228710 0.141025
vt 0.218715 0.143967
vt 0.228710 0.141025
vt 0.228715 0.143950
vt 0.218715 0.143967
vt 0.228710 0.141025
vt 0.238715 0.143933
vt 0.228715 0.143950
vt 0.238148 0.144331
vt 0.238715 0.143933
vt 0.228710 0.141025
vt 0.238148 0.144331
vt 0.263491 0.143890
vt 0.238715 0.143933
vt 0.261530 0.152524
vt 0.263491 0.143890
vt 0.238148 0.144331
vt 0.193939 0.144010
vt 0.218715 0.143967
vt 0.195481 0.155130
vt 0.218715 0.143967
vt 0.219782 0.150303
vt 0.195481 0.155130
vt 0.218715 0.143967
vt 0.228715 0.143950
vt 0.219782 0.150303
vt 0.228715 0.143950
vt 0.229590 0.148355
vt 0.219782 0.150303
vt 0.228715 0.143950
vt 0.239398 0.146407
vt 0.229590 0.148355
vt 0.238715 0.143933
vt 0.239398 0.146407
vt 0.228715 0.143950
vt 0.238715 0.143933
vt 0.263699 0.141580
vt 0.239398 0.146407
vt 0.263491 0.143890
vt 0.263699 0.141580
vt 0.238715 0.143933
vt 0.195481 0.155130
vt 0.219782 0.150303
vt 0.196445 0.159798
vt 0.219782 0.150303
vt 0.220707 0.154780
vt 0.196445 0.159798
vt 0.219782 0.150303
vt 0.229590 0.148355
vt 0.220707 0.154780
vt 0.229590 0.148355
vt 0.230500 0.152755
vt 0.220707 0.154780
vt 0.229590 0.148355
vt 0.240293 0.150730
vt 0.230500 0.152755
vt 0.239398 0.146407
vt 0.240293 0.150730
vt 0.229590 0.148355
vt 0.239398 0.146407
vt 0.264555 0.145712
vt 0.240293 0.150730
vt 0.263699 0.141580
vt 0.264555 0.145712
vt 0.239398 0.146407
vt 0.196445 0.159798
vt 0.220707 0.154780
vt 0.197697 0.165143
vt 0.220707 0.154780
vt 0.221805 0.159427
vt 0.197697 0.165143
vt 0.220707 0.154780
vt 0.230500 0.152755
vt 0.221805 0.159427
vt 0.230500 0.152755
vt 0.231535 0.157120
vt 0.221805 0.159427
vt 0.230500 0.152755
vt 0.241265 0.154813
vt 0.231535 0.157120
vt 0.240293 0.150730
vt 0.241265 0.154813
vt 0.230500 0.152755
vt 0.240293 0.150730
vt 0.265373 0.149097
vt 0.241265 0.154813
vt 0.264555 0.145712
vt 0.265373 0.149097
vt 0.240293 0.150730
vt 0.197697 0.165143
vt 0.221805 0.159427
vt 0.199413 0.171174
vt 0.221805 0.159427
vt 0.223192 0.164218
vt 0.199413 0.171174
vt 0.221805 0.159427
vt 0.231535 0.157120
vt 0.223192 0.164218
vt 0.231535 0.157120
vt 0.232790 0.161410
vt 0.223192 0.164218
vt 0.231535 0.157120
vt 0.242388 0.158602
vt 0.232790 0.161410
vt 0.241265 0.154813
vt 0.242388 0.158602
vt 0.231535 0.157120
vt 0.241265 0.154813
vt 0.266167 0.151646
vt 0.242388 0.158602
vt 0.265373 0.149097
vt 0.266167 0.151646
vt 0.241265 0.154813
vt 0.199413 0.171174
vt 0.223192 0.164218
vt 0.207005 0.191379
vt 0.223192 0.164218
vt 0.230152 0.182545
vt 0.207005 0.191379
vt 0.223192 0.164218
vt 0.232790 0.161410
vt 0.230152 0.182545
vt 0.232790 0.161410
vt 0.239495 0.178980
vt 0.230152 0.182545
vt 0.232790 0.161410
vt 0.248838 0.175415
vt 0.239495 0.178980
vt 0.242388 0.158602
vt 0.248838 0.175415
vt 0.232790 0.161410
vt 0.242388 0.158602
vt 0.271985 0.166581
vt 0.248838 0.175415
vt 0.266167 0.151646
vt 0.271985 0.166581
vt 0.242388 0.158602
vt 0.207005 0.191379
vt 0.230152 0.182545
vt 0.216457 0.211037
vt 0.230152 0.182545
vt 0.238716 0.200157
vt 0.216457 0.211037
vt 0.230152 0.182545
vt 0.239495 0.178980
vt 0.238716 0.200157
vt 0.239495 0.178980
vt 0.247700 0.195765
vt 0.238716 0.200157
vt 0.239495 0.178980
vt 0.256684 0.191373
vt 0.247700 0.195765
vt 0.248838 0.175415
vt 0.256684 0.191373
vt 0.239495 0.178980
vt 0.248838 0.175415
vt 0.278943 0.180493
vt 0.256684 0.191373
vt 0.271985 0.166581
vt 0.278943 0.180493
vt 0.248838 0.175415
vt 0.216457 0.211037
vt 0.238716 0.200157
vt 0.227325 0.229581
vt 0.238716 0.200157
vt 0.248634 0.216942
vt 0.227325 0.229581
vt 0.238716 0.200157
vt 0.247700 0.195765
vt 0.248634 0.216942
vt 0.247700 0.195765
vt 0.257235 0.211840
vt 0.248634 0.216942
vt 0.247700 0.195765
vt 0.265836 0.206738
vt 0.257235 0.211840
vt 0.256684 0.191373
vt 0.265836 0.206738
vt 0.247700 0.195765
vt 0.256684 0.191373
vt 0.287145 0.194099
vt 0.265836 0.206738
vt 0.278943 0.180493
vt 0.287145 0.194099
vt 0.256684 0.191373
vt 0.227325 0.229581
vt 0.248634 0.216942
vt 0.239340 0.247083
vt 0.248634 0.216942
vt 0.259709 0.232978
vt 0.239340 0.247083
vt 0.248634 0.216942
vt 0.257235 0.211840
vt 0.259709 0.232978
vt 0.257235 0.211840
vt 0.267930 0.227285
vt 0.259709 0.232978
vt 0.257235 0.211840
vt 0.276151 0.221592
vt 0.267930 0.227285
vt 0.265836 0.206738
vt 0.276151 0.221592
vt 0.257235 0.211840
vt 0.265836 0.206738
vt 0.296520 0.207487
vt 0.276151 0.221592
vt 0.287145 0.194099
vt 0.296520 0.207487
vt 0.265836 0.206738
vt 0.239340 0.247083
vt 0.259709 0.232978
vt 0.259515 0.272012
vt 0.259709 0.232978
vt 0.278723 0.256362
vt 0.259515 0.272012
vt 0.259709 0.232978
vt 0.267930 0.227285
vt 0.278723 0.256362
vt 0.267930 0.227285
vt 0.286475 0.250045
vt 0.278723 0.256362
vt 0.267930 0.227285
vt 0.294227 0.243728
vt 0.286475 0.250045
vt 0.276151 0.221592
vt 0.294227 0.243728
vt 0.267930 0.227285
vt 0.276151 0.221592
vt 0.313435 0.228078
vt 0.294227 0.243728
vt 0.296520 0.207487
vt 0.313435 0.228078
vt 0.276151 0.221592
vt 0.259515 0.272012
vt 0.278723 0.256362
vt 0.282039 0.295192
vt 0.278723 0.256362
vt 0.299730 0.277846
vt 0.282039 0.295192
vt 0.278723 0.256362
vt 0.286475 0.250045
vt 0.299730 0.277846
vt 0.286475 0.250045
vt 0.306870 0.270845
vt 0.299730 0.277846
vt 0.286475 0.250045
vt 0.314010 0.263844
vt 0.306870 0.270845
vt 0.294227 0.243728
vt 0.314010 0.263844
vt 0.286475 0.250045
vt 0.294227 0.243728
vt 0.331701 0.246498
vt 0.314010 0.263844
vt 0.313435 0.228078
vt 0.331701 0.246498
vt 0.294227 0.243728
vt 0.282039 0.295192
vt 0.299730 0.277846
vt 0.306464 0.316211
vt 0.299730 0.277846
vt 0.322545 0.297363
vt 0.306464 0.316211
vt 0.299730 0.277846
vt 0.306870 0.270845
vt 0.322545 0.297363
vt 0.306870 0.270845
vt 0.329035 0.289755
vt 0.322545 0.297363
vt 0.306870 0.270845
vt 0.335525 0.282147
vt 0.329035 0.289755
vt 0.314010 0.263844
vt 0.335525 0.282147
vt 0.306870 0.270845
vt 0.314010 0.263844
vt 0.351606 0.263299
vt 0.335525 0.282147
vt 0.331701 0.246498
vt 0.351606 0.263299
vt 0.314010 0.263844
vt 0.306464 0.316211
vt 0.322545 0.297363
vt 0.332629 0.335113
vt 0.322545 0.297363
vt 0.347060 0.314974
vt 0.332629 0.335113
vt 0.322545 0.297363
vt 0.329035 0.289755
vt 0.347060 0.314974
vt 0.329035 0.289755
vt 0.352885 0.306845
vt 0.347060 0.314974
vt 0.329035 0.289755
vt 0.358710 0.298716
vt 0.352885 0.306845
vt 0.335525 0.282147
vt 0.358710 0.298716
vt 0.329035 0.289755
vt 0.335525 0.282147
vt 0.373141 0.278577
vt 0.358710 0.298716
vt 0.351606 0.263299
vt 0.373141 0.278577
vt 0.335525 0.282147
vt 0.332629 0.335113
vt 0.347060 0.314974
vt 0.339498 0.339065
vt 0.347060 0.314974
vt 0.350824 0.317029
vt 0.339498 0.339065
vt 0.347060 0.314974
vt 0.352885 0.306845
vt 0.350824 0.317029
vt 0.352885 0.306845
vt 0.355395 0.308135
vt 0.350824 0.317029
vt 0.352885 0.306845
vt 0.359966 0.299241
vt 0.355395 0.308135
vt 0.358710 0.298716
vt 0.359966 0.299241
vt 0.352885 0.306845
vt 0.358710 0.298716
vt 0.371292 0.277205
vt 0.359966 0.299241
vt 0.373141 0.278577
vt 0.371292 0.277205
vt 0.358710 0.298716
vt 0.339498 0.339065
vt 0.350824 0.317029
vt 0.347266 0.342072
vt 0.350824 0.317029
vt 0.355024 0.318542
vt 0.347266 0.342072
vt 0.350824 0.317029
vt 0.355395 0.308135
vt 0.355024 0.318542
vt 0.355395 0.308135
vt 0.358155 0.309045
vt 0.355024 0.318542
vt 0.355395 0.308135
vt 0.361286 0.299548
vt 0.358155 0.309045
vt 0.359966 0.299241
vt 0.361286 0.299548
vt 0.355395 0.308135
vt 0.359966 0.299241
vt 0.369044 0.276018
vt 0.361286 0.299548
vt 0.371292 0.277205
vt 0.369044 0.276018
vt 0.359966 0.299241
vt 0.347266 0.342072
vt 0.355024 0.318542
vt 0.352693 0.343517
vt 0.355024 0.318542
vt 0.358633 0.319463
vt 0.352693 0.343517
vt 0.355024 0.318542
vt 0.358155 0.309045
vt 0.358633 0.319463
vt 0.358155 0.309045
vt 0.361030 0.309755
vt 0.358633 0.319463
vt 0.358155 0.309045
vt 0.363427 0.300047
vt 0.361030 0.309755
vt 0.361286 0.299548
vt 0.363427 0.300047
vt 0.358155 0.309045
vt 0.361286 0.299548
vt 0.369367 0.275993
vt 0.363427 0.300047
vt 0.369044 0.276018
vt 0.369367 0.275993
vt 0.361286 0.299548
vt 0.352693 0.343517
vt 0.358633 0.319463
vt 0.355660 0.344239
vt 0.358633 0.319463
vt 0.361520 0.320166
vt 0.355660 0.344239
vt 0.358633 0.319463
vt 0.361030 0.309755
vt 0.361520 0.320166
vt 0.361030 0.309755
vt 0.363885 0.310450
vt 0.361520 0.320166
vt 0.361030 0.309755
vt 0.366250 0.300734
vt 0.363885 0.310450
vt 0.363427 0.300047
vt 0.366250 0.300734
vt 0.361030 0.309755
vt 0.363427 0.300047
vt 0.372110 0.276661
vt 0.366250 0.300734
vt 0.369367 0.275993
vt 0.372110 0.276661
vt 0.363427 0.300047
vt 0.355660 0.344239
vt 0.361520 0.320166
vt 0.375674 0.343171
vt 0.361520 0.320166
vt 0.367628 0.319738
vt 0.375674 0.343171
vt 0.361520 0.320166
vt 0.363885 0.310450
vt 0.367628 0.319738
vt 0.363885 0.310450
vt 0.364380 0.310280
vt 0.367628 0.319738
vt 0.363885 0.310450
vt 0.361132 0.300822
vt 0.364380 0.310280
vt 0.366250 0.300734
vt 0.361132 0.300822
vt 0.363885 0.310450
vt 0.366250 0.300734
vt 0.353086 0.277389
vt 0.361132 0.300822
vt 0.372110 0.276661
vt 0.353086 0.277389
vt 0.366250 0.300734
vt 0.375674 0.343171
vt 0.367628 0.319738
vt 0.387664 0.336124
vt 0.367628 0.319738
vt 0.371528 0.317323
vt 0.387664 0.336124
vt 0.367628 0.319738
vt 0.364380 0.310280
vt 0.371528 0.317323
vt 0.364380 0.310280
vt 0.365015 0.309735
vt 0.371528 0.317323
vt 0.364380 0.310280
vt 0.358502 0.302147
vt 0.365015 0.309735
vt 0.361132 0.300822
vt 0.358502 0.302147
vt 0.364380 0.310280
vt 0.361132 0.300822
vt 0.342366 0.283346
vt 0.358502 0.302147
vt 0.353086 0.277389
vt 0.342366 0.283346
vt 0.361132 0.300822
vt 0.387664 0.336124
vt 0.371528 0.317323
vt 0.392983 0.330422
vt 0.371528 0.317323
vt 0.373449 0.315181
vt 0.392983 0.330422
vt 0.371528 0.317323
vt 0.365015 0.309735
vt 0.373449 0.315181
vt 0.365015 0.309735
vt 0.365565 0.309030
vt 0.373449 0.315181
vt 0.365015 0.309735
vt 0.357681 0.302879
vt 0.365565 0.309030
vt 0.358502 0.302147
vt 0.357681 0.302879
vt 0.365015 0.309735
vt 0.358502 0.302147
vt 0.338147 0.287638
vt 0.357681 0.302879
vt 0.342366 0.283346
vt 0.338147 0.287638
vt 0.358502 0.302147
vt 0.392983 0.330422
vt 0.373449 0.315181
vt 0.398504 0.320203
vt 0.373449 0.315181
vt 0.375204 0.311780
vt 0.398504 0.320203
vt 0.373449 0.315181
vt 0.365565 0.309030
vt 0.375204 0.311780
vt 0.365565 0.309030
vt 0.365800 0.308380
vt 0.375204 0.311780
vt 0.365565 0.309030
vt 0.356396 0.304980
vt 0.365800 0.308380
vt 0.357681 0.302879
vt 0.356396 0.304980
vt 0.365565 0.309030
vt 0.357681 0.302879
vt 0.333096 0.296557
vt 0.356396 0.304980
vt 0.338147 0.287638
vt 0.333096 0.296557
vt 0.357681 0.302879
vt 0.398504 0.320203
vt 0.375204 0.311780
vt 0.400553 0.306439
vt 0.375204 0.311780
vt 0.375779 0.306778
vt 0.400553 0.306439
vt 0.375204 0.311780
vt 0.365800 0.308380
vt 0.375779 0.306778
vt 0.365800 0.308380
vt 0.365780 0.306915
vt 0.375779 0.306778
vt 0.365800 0.308380
vt 0.355781 0.307052
vt 0.365780 0.306915
vt 0.356396 0.304980
vt 0.355781 0.307052
vt 0.365800 0.308380
vt 0.356396 0.304980
vt 0.331007 0.307391
vt 0.355781 0.307052
vt 0.333096 0.296557
vt 0.331007 0.307391
vt 0.356396 0.304980
vt 0.400553 0.306439
vt 0.375779 0.306778
vt 0.400337 0.302745
vt 0.375779 0.306778
vt 0.375635 0.304658
vt 0.400337 0.302745
vt 0.375779 0.306778
vt 0.365780 0.306915
vt 0.375635 0.304658
vt 0.365780 0.306915
vt 0.365665 0.305430
vt 0.375635 0.304658
vt 0.365780 0.306915
vt 0.355695 0.306202
vt 0.365665 0.305430
vt 0.355781 0.307052
vt 0.355695 0.306202
vt 0.365780 0.306915
vt 0.355781 0.307052
vt 0.330993 0.308114
vt 0.355695 0.306202
vt 0.331007 0.307391
vt 0.330993 0.308114
vt 0.355781 0.307052
vt 0.400337 0.302745
vt 0.375635 0.304658
vt 0.399513 0.297318
vt 0.375635 0.304658
vt 0.375199 0.302078
vt 0.399513 0.297318
vt 0.375635 0.304658
vt 0.365665 0.305430
vt 0.375199 0.302078
vt 0.365665 0.305430
vt 0.365385 0.304000
vt 0.375199 0.302078
vt 0.365665 0.305430
vt 0.355571 0.305922
vt 0.365385 0.304000
vt 0.355695 0.306202
vt 0.355571 0.305922
vt 0.365665 0.305430
vt 0.355695 0.306202
vt 0.331257 0.310682
vt 0.355571 0.305922
vt 0.330993 0.308114
vt 0.331257 0.310682
vt 0.355695 0.306202
vt 0.399513 0.297318
vt 0.375199 0.302078
vt 0.397201 0.289891
vt 0.375199 0.302078
vt 0.374167 0.299017
vt 0.397201 0.289891
vt 0.375199 0.302078
vt 0.365385 0.304000
vt 0.374167 0.299017
vt 0.365385 0.304000
vt 0.364870 0.302700
vt 0.374167 0.299017
vt 0.365385 0.304000
vt 0.355573 0.306383
vt 0.364870 0.302700
vt 0.355571 0.305922
vt 0.355573 0.306383
vt 0.365385 0.304000
vt 0.355571 0.305922
vt 0.332539 0.315509
vt 0.355573 0.306383
vt 0.331257 0.310682
vt 0.332539 0.315509
vt 0.355571 0.305922
vt 0.397201 0.289891
vt 0.374167 0.299017
vt 0.392016 0.279942
vt 0.374167 0.299017
vt 0.370346 0.291952
vt 0.392016 0.279942
vt 0.374167 0.299017
vt 0.364870 0.302700
vt 0.370346 0.291952
vt 0.364870 0.302700
vt 0.361600 0.296800
vt 0.370346 0.291952
vt 0.364870 0.302700
vt 0.352854 0.301648
vt 0.361600 0.296800
vt 0.355573 0.306383
vt 0.352854 0.301648
vt 0.364870 0.302700
vt 0.355573 0.306383
vt 0.331183 0.313658
vt 0.352854 0.301648
vt 0.332539 0.315509
vt 0.331183 0.313658
vt 0.355573 0.306383
vt 0.392016 0.279942
vt 0.370346 0.291952
vt 0.388396 0.273630
vt 0.370346 0.291952
vt 0.366911 0.285970
vt 0.388396 0.273630
vt 0.370346 0.291952
vt 0.361600 0.296800
vt 0.366911 0.285970
vt 0.361600 0.296800
vt 0.358240 0.290950
vt 0.366911 0.285970
vt 0.361600 0.296800
vt 0.349568 0.295930
vt 0.358240 0.290950
vt 0.352854 0.301648
vt 0.349568 0.295930
vt 0.361600 0.296800
vt 0.352854 0.301648
vt 0.328084 0.308270
vt 0.349568 0.295930
vt 0.331183 0.313658
vt 0.328084 0.308270
vt 0.352854 0.301648
vt 0.388396 0.273630
vt 0.366911 0.285970
vt 0.385151 0.267915
vt 0.366911 0.285970
vt 0.363606 0.280148
vt 0.385151 0.267915
vt 0.366911 0.285970
vt 0.358240 0.290950
vt 0.363606 0.280148
vt 0.358240 0.290950
vt 0.354910 0.285085
vt 0.363606 0.280148
vt 0.358240 0.290950
vt 0.346214 0.290022
vt 0.354910 0.285085
vt 0.349568 0.295930
vt 0.346214 0.290022
vt 0.358240 0.290950
vt 0.349568 0.295930
vt 0.324669 0.302255
vt 0.346214 0.290022
vt 0.328084 0.308270
vt 0.324669 0.302255
vt 0.349568 0.295930
vt 0.385151 0.267915
vt 0.363606 0.280148
vt 0.382373 0.262711
vt 0.363606 0.280148
vt 0.360538 0.274419
vt 0.382373 0.262711
vt 0.363606 0.280148
vt 0.354910 0.285085
vt 0.360538 0.274419
vt 0.354910 0.285085
vt 0.351725 0.279145
vt 0.360538 0.274419
vt 0.354910 0.285085
vt 0.342912 0.283871
vt 0.351725 0.279145
vt 0.346214 0.290022
vt 0.342912 0.283871
vt 0.354910 0.285085
vt 0.346214 0.290022
vt 0.321077 0.295579
vt 0.342912 0.283871
vt 0.324669 0.302255
vt 0.321077 0.295579
vt 0.346214 0.290022
vt 0.382373 0.262711
vt 0.360538 0.274419
vt 0.375133 0.248595
vt 0.360538 0.274419
vt 0.353091 0.259908
vt 0.375133 0.248595
vt 0.360538 0.274419
vt 0.351725 0.279145
vt 0.353091 0.259908
vt 0.351725 0.279145
vt 0.344195 0.264475
vt 0.353091 0.259908
vt 0.351725 0.279145
vt 0.335298 0.269041
vt 0.344195 0.264475
vt 0.342912 0.283871
vt 0.335298 0.269041
vt 0.351725 0.279145
vt 0.342912 0.283871
vt 0.313257 0.280355
vt 0.335298 0.269041
vt 0.321077 0.295579
vt 0.313257 0.280355
vt 0.342912 0.283871
vt 0.375133 0.248595
vt 0.353091 0.259908
vt 0.367686 0.233989
vt 0.353091 0.259908
vt 0.345614 0.245243
vt 0.367686 0.233989
vt 0.353091 0.259908
vt 0.344195 0.264475
vt 0.345614 0.245243
vt 0.344195 0.264475
vt 0.336705 0.249785
vt 0.345614 0.245243
vt 0.344195 0.264475
vt 0.327796 0.254327
vt 0.336705 0.249785
vt 0.335298 0.269041
vt 0.327796 0.254327
vt 0.344195 0.264475
vt 0.335298 0.269041
vt 0.305724 0.265581
vt 0.327796 0.254327
vt 0.313257 0.280355
vt 0.305724 0.265581
vt 0.335298 0.269041
vt 0.367686 0.233989
vt 0.345614 0.245243
vt 0.360444 0.219491
vt 0.345614 0.245243
vt 0.338280 0.230565
vt 0.360444 0.219491
vt 0.345614 0.245243
vt 0.336705 0.249785
vt 0.338280 0.230565
vt 0.336705 0.249785
vt 0.329335 0.235035
vt 0.338280 0.230565
vt 0.336705 0.249785
vt 0.320389 0.239505
vt 0.329335 0.235035
vt 0.327796 0.254327
vt 0.320389 0.239505
vt 0.336705 0.249785
vt 0.327796 0.254327
vt 0.298226 0.250579
vt 0.320389 0.239505
vt 0.305724 0.265581
vt 0.298226 0.250579
vt 0.327796 0.254327
vt 0.360444 0.219491
vt 0.338280 0.230565
vt 0.353498 0.205082
vt 0.338280 0.230565
vt 0.331182 0.215846
vt 0.353498 0.205082
vt 0.338280 0.230565
vt 0.329335 0.235035
vt 0.331182 0.215846
vt 0.329335 0.235035
vt 0.322175 0.220190
vt 0.331182 0.215846
vt 0.329335 0.235035
vt 0.313168 0.224534
vt 0.322175 0.220190
vt 0.320389 0.239505
vt 0.313168 0.224534
vt 0.329335 0.235035
vt 0.320389 0.239505
vt 0.290852 0.235298
vt 0.313168 0.224534
vt 0.298226 0.250579
vt 0.290852 0.235298
vt 0.320389 0.239505
vt 0.353498 0.205082
vt 0.331182 0.215846
vt 0.346555 0.187629
vt 0.331182 0.215846
vt 0.323572 0.196881
vt 0.346555 0.187629
vt 0.331182 0.215846
vt 0.322175 0.220190
vt 0.323572 0.196881
vt 0.322175 0.220190
vt 0.314295 0.200615
vt 0.323572 0.196881
vt 0.322175 0.220190
vt 0.305018 0.204349
vt 0.314295 0.200615
vt 0.313168 0.224534
vt 0.305018 0.204349
vt 0.322175 0.220190
vt 0.313168 0.224534
vt 0.282035 0.213601
vt 0.305018 0.204349
vt 0.290852 0.235298
vt 0.282035 0.213601
vt 0.313168 0.224534
vt 0.346555 0.187629
vt 0.323572 0.196881
vt 0.342496 0.171496
vt 0.323572 0.196881
vt 0.318564 0.177907
vt 0.342496 0.171496
vt 0.323572 0.196881
vt 0.314295 0.200615
vt 0.318564 0.177907
vt 0.314295 0.200615
vt 0.308905 0.180495
vt 0.318564 0.177907
vt 0.314295 0.200615
vt 0.299246 0.183083
vt 0.308905 0.180495
vt 0.305018 0.204349
vt 0.299246 0.183083
vt 0.314295 0.200615
vt 0.305018 0.204349
vt 0.275314 0.189494
vt 0.299246 0.183083
vt 0.282035 0.213601
vt 0.275314 0.189494
vt 0.305018 0.204349
vt 0.342496 0.171496
vt 0.318564 0.177907
vt 0.340523 0.155115
vt 0.318564 0.177907
vt 0.315977 0.158485
vt 0.340523 0.155115
vt 0.318564 0.177907
vt 0.308905 0.180495
vt 0.315977 0.158485
vt 0.308905 0.180495
vt 0.306070 0.159845
vt 0.315977 0.158485
vt 0.308905 0.180495
vt 0.296163 0.161205
vt 0.306070 0.159845
vt 0.299246 0.183083
vt 0.296163 0.161205
vt 0.308905 0.180495
vt 0.299246 0.183083
vt 0.271617 0.164575
vt 0.296163 0.161205
vt 0.275314 0.189494
vt 0.271617 0.164575
vt 0.299246 0.183083
vt 0.340523 0.155115
vt 0.315977 0.158485
vt 0.340634 0.138330
vt 0.315977 0.158485
vt 0.315859 0.138576
vt 0.340634 0.138330
vt 0.315977 0.158485
vt 0.306070 0.159845
vt 0.315859 0.138576
vt 0.306070 0.159845
vt 0.305860 0.138675
vt 0.315859 0.138576
vt 0.306070 0.159845
vt 0.295860 0.138774
vt 0.305860 0.138675
vt 0.296163 0.161205
vt 0.295860 0.138774
vt 0.306070 0.159845
vt 0.296163 0.161205
vt 0.271086 0.139020
vt 0.295860 0.138774
vt 0.271617 0.164575
vt 0.271086 0.139020
vt 0.296163 0.161205
vt 0.340634 0.138330
vt 0.315859 0.138576
vt 0.340770 0.136507
vt 0.315859 0.138576
vt 0.316020 0.135383
vt 0.340770 0.136507
vt 0.315859 0.138576
vt 0.305860 0.138675
vt 0.316020 0.135383
vt 0.305860 0.138675
vt 0.306030 0.134930
vt 0.316020 0.135383
vt 0.305860 0.138675
vt 0.296040 0.134477
vt 0.306030 0.134930
vt 0.295860 0.138774
vt 0.296040 0.134477
vt 0.305860 0.138675
vt 0.295860 0.138774
vt 0.271290 0.133353
vt 0.296040 0.134477
vt 0.271086 0.139020
vt 0.271290 0.133353
vt 0.295860 0.138774
vt 0.340770 0.136507
vt 0.316020 0.135383
vt 0.340908 0.132299
vt 0.316020 0.135383
vt 0.316145 0.131505
vt 0.340908 0.132299
vt 0.316020 0.135383
vt 0.306030 0.134930
vt 0.316145 0.131505
vt 0.306030 0.134930
vt 0.306150 0.131185
vt 0.316145 0.131505
vt 0.306030 0.134930
vt 0.296155 0.130865
vt 0.306150 0.131185
vt 0.296040 0.134477
vt 0.296155 0.130865
vt 0.306030 0.134930
vt 0.296040 0.134477
vt 0.271392 0.130071
vt 0.296155 0.130865
vt 0.271290 0.133353
vt 0.271392 0.130071
vt 0.296040 0.134477
vt 0.340908 0.132299
vt 0.316145 0.131505
vt 0.340994 0.128130
vt 0.316145 0.131505
vt 0.316223 0.127635
vt 0.340994 0.128130
vt 0.316145 0.131505
vt 0.306150 0.131185
vt 0.316223 0.127635
vt 0.306150 0.131185
vt 0.306225 0.127435
vt 0.316223 0.127635
vt 0.306150 0.131185
vt 0.296227 0.127235
vt 0.306225 0.127435
vt 0.296155 0.130865
vt 0.296227 0.127235
vt 0.306150 0.131185
vt 0.296155 0.130865
vt 0.271456 0.126739
vt 0.296227 0.127235
vt 0.271392 0.130071
vt 0.271456 0.126739
vt 0.296155 0.130865
vt 0.340994 0.128130
vt 0.316223 0.127635
vt 0.341043 0.124102
vt 0.316223 0.127635
vt 0.316269 0.123805
vt 0.341043 0.124102
vt 0.316223 0.127635
vt 0.306225 0.127435
vt 0.316269 0.123805
vt 0.306225 0.127435
vt 0.306270 0.123685
vt 0.316269 0.123805
vt 0.306225 0.127435
vt 0.296271 0.123565
vt 0.306270 0.123685
vt 0.296227 0.127235
vt 0.296271 0.123565
vt 0.306225 0.127435
vt 0.296227 0.127235
vt 0.271497 0.123268
vt 0.296271 0.123565
vt 0.271456 0.126739
vt 0.271497 0.123268
vt 0.296227 0.127235
vt 0.341043 0.124102
vt 0.316269 0.123805
vt 0.339769 0.113512
vt 0.316269 0.123805
vt 0.315390 0.117928
vt 0.339769 0.113512
vt 0.316269 0.123805
vt 0.306270 0.123685
vt 0.315390 0.117928
vt 0.306270 0.123685
vt 0.305550 0.119710
vt 0.315390 0.117928
vt 0.306270 0.123685
vt 0.295710 0.121492
vt 0.305550 0.119710
vt 0.296271 0.123565
vt 0.295710 0.121492
vt 0.306270 0.123685
vt 0.296271 0.123565
vt 0.271331 0.125908
vt 0.295710 0.121492
vt 0.271497 0.123268
vt 0.271331 0.125908
vt 0.296271 0.123565
vt 0.339769 0.113512
vt 0.315390 0.117928
vt 0.328301 0.093151
vt 0.315390 0.117928
vt 0.310286 0.110160
vt 0.328301 0.093151
vt 0.315390 0.117928
vt 0.305550 0.119710
vt 0.310286 0.110160
vt 0.305550 0.119710
vt 0.303015 0.117025
vt 0.310286 0.110160
vt 0.305550 0.119710
vt 0.295744 0.123890
vt 0.303015 0.117025
vt 0.295710 0.121492
vt 0.295744 0.123890
vt 0.305550 0.119710
vt 0.295710 0.121492
vt 0.277729 0.140899
vt 0.295744 0.123890
vt 0.271331 0.125908
vt 0.277729 0.140899
vt 0.295710 0.121492
vt 0.293165 0.914540
vt 0.301078 0.921866
vt 0.311639 0.944278
vt 0.293165 0.914540
vt 0.296815 0.912820
vt 0.301078 0.921866
vt 0.293165 0.914540
vt 0.292552 0.903774
vt 0.296815 0.912820
vt 0.293165 0.914540
vt 0.281991 0.881362
vt 0.292552 0.903774
vt 0.311639 0.944278
vt 0.301078 0.921866
vt 0.321077 0.938095
vt 0.301078 0.921866
vt 0.306221 0.918268
vt 0.321077 0.938095
vt 0.301078 0.921866
vt 0.296815 0.912820
vt 0.306221 0.918268
vt 0.296815 0.912820
vt 0.300225 0.910265
vt 0.306221 0.918268
vt 0.296815 0.912820
vt 0.294229 0.902262
vt 0.300225 0.910265
vt 0.292552 0.903774
vt 0.294229 0.902262
vt 0.296815 0.912820
vt 0.292552 0.903774
vt 0.279373 0.882435
vt 0.294229 0.902262
vt 0.281991 0.881362
vt 0.279373 0.882435
vt 0.292552 0.903774
vt 0.321077 0.938095
vt 0.306221 0.918268
vt 0.329736 0.929198
vt 0.306221 0.918268
vt 0.310759 0.913269
vt 0.329736 0.929198
vt 0.306221 0.918268
vt 0.300225 0.910265
vt 0.310759 0.913269
vt 0.300225 0.910265
vt 0.303100 0.906840
vt 0.310759 0.913269
vt 0.300225 0.910265
vt 0.295441 0.900411
vt 0.303100 0.906840
vt 0.294229 0.902262
vt 0.295441 0.900411
vt 0.300225 0.910265
vt 0.294229 0.902262
vt 0.276464 0.884482
vt 0.295441 0.900411
vt 0.279373 0.882435
vt 0.276464 0.884482
vt 0.294229 0.902262
vt 0.329736 0.929198
vt 0.310759 0.913269
vt 0.335813 0.920062
vt 0.310759 0.913269
vt 0.314744 0.907027
vt 0.335813 0.920062
vt 0.310759 0.913269
vt 0.303100 0.906840
vt 0.314744 0.907027
vt 0.303100 0.906840
vt 0.306240 0.901765
vt 0.314744 0.907027
vt 0.303100 0.906840
vt 0.297736 0.896503
vt 0.306240 0.901765
vt 0.295441 0.900411
vt 0.297736 0.896503
vt 0.303100 0.906840
vt 0.295441 0.900411
vt 0.276667 0.883467
vt 0.297736 0.896503
vt 0.276464 0.884482
vt 0.276667 0.883467
vt 0.295441 0.900411
vt 0.335813 0.920062
vt 0.314744 0.907027
vt 0.339495 0.913567
vt 0.314744 0.907027
vt 0.317890 0.901440
vt 0.339495 0.913567
vt 0.314744 0.907027
vt 0.306240 0.901765
vt 0.317890 0.901440
vt 0.306240 0.901765
vt 0.309170 0.896545
vt 0.317890 0.901440
vt 0.306240 0.901765
vt 0.300450 0.891650
vt 0.309170 0.896545
vt 0.297736 0.896503
vt 0.300450 0.891650
vt 0.306240 0.901765
vt 0.297736 0.896503
vt 0.278845 0.879523
vt 0.300450 0.891650
vt 0.276667 0.883467
vt 0.278845 0.879523
vt 0.297736 0.896503
vt 0.339495 0.913567
vt 0.317890 0.901440
vt 0.342924 0.906834
vt 0.317890 0.901440
vt 0.320793 0.895696
vt 0.342924 0.906834
vt 0.317890 0.901440
vt 0.309170 0.896545
vt 0.320793 0.895696
vt 0.309170 0.896545
vt 0.311860 0.891200
vt 0.320793 0.895696
vt 0.309170 0.896545
vt 0.302927 0.886704
vt 0.311860 0.891200
vt 0.300450 0.891650
vt 0.302927 0.886704
vt 0.309170 0.896545
vt 0.300450 0.891650
vt 0.280796 0.875566
vt 0.302927 0.886704
vt 0.278845 0.879523
vt 0.280796 0.875566
vt 0.300450 0.891650
vt 0.342924 0.906834
vt 0.320793 0.895696
vt 0.346074 0.899823
vt 0.320793 0.895696
vt 0.323419 0.889793
vt 0.346074 0.899823
vt 0.320793 0.895696
vt 0.311860 0.891200
vt 0.323419 0.889793
vt 0.311860 0.891200
vt 0.314275 0.885745
vt 0.323419 0.889793
vt 0.311860 0.891200
vt 0.305131 0.881697
vt 0.314275 0.885745
vt 0.302927 0.886704
vt 0.305131 0.881697
vt 0.311860 0.891200
vt 0.302927 0.886704
vt 0.282476 0.871667
vt 0.305131 0.881697
vt 0.280796 0.875566
vt 0.282476 0.871667
vt 0.302927 0.886704
vt 0.346074 0.899823
vt 0.323419 0.889793
vt 0.352427 0.884232
vt 0.323419 0.889793
vt 0.329474 0.874905
vt 0.352427 0.884232
vt 0.323419 0.889793
vt 0.314275 0.885745
vt 0.329474 0.874905
vt 0.314275 0.885745
vt 0.320210 0.871140
vt 0.329474 0.874905
vt 0.314275 0.885745
vt 0.310946 0.867375
vt 0.320210 0.871140
vt 0.305131 0.881697
vt 0.310946 0.867375
vt 0.314275 0.885745
vt 0.305131 0.881697
vt 0.287993 0.858048
vt 0.310946 0.867375
vt 0.282476 0.871667
vt 0.287993 0.858048
vt 0.305131 0.881697
vt 0.352427 0.884232
vt 0.329474 0.874905
vt 0.358348 0.869301
vt 0.329474 0.874905
vt 0.335316 0.860170
vt 0.358348 0.869301
vt 0.329474 0.874905
vt 0.320210 0.871140
vt 0.335316 0.860170
vt 0.320210 0.871140
vt 0.326020 0.856485
vt 0.335316 0.860170
vt 0.320210 0.871140
vt 0.316724 0.852800
vt 0.326020 0.856485
vt 0.310946 0.867375
vt 0.316724 0.852800
vt 0.320210 0.871140
vt 0.310946 0.867375
vt 0.293692 0.843669
vt 0.316724 0.852800
vt 0.287993 0.858048
vt 0.293692 0.843669
vt 0.310946 0.867375
vt 0.358348 0.869301
vt 0.335316 0.860170
vt 0.364146 0.854413
vt 0.335316 0.860170
vt 0.341058 0.845423
vt 0.364146 0.854413
vt 0.335316 0.860170
vt 0.326020 0.856485
vt 0.341058 0.845423
vt 0.326020 0.856485
vt 0.331740 0.841795
vt 0.341058 0.845423
vt 0.326020 0.856485
vt 0.322421 0.838167
vt 0.331740 0.841795
vt 0.316724 0.852800
vt 0.322421 0.838167
vt 0.326020 0.856485
vt 0.316724 0.852800
vt 0.299334 0.829177
vt 0.322421 0.838167
vt 0.293692 0.843669
vt 0.299334 0.829177
vt 0.316724 0.852800
vt 0.364146 0.854413
vt 0.341058 0.845423
vt 0.369859 0.839574
vt 0.341058 0.845423
vt 0.346737 0.830673
vt 0.369859 0.839574
vt 0.341058 0.845423
vt 0.331740 0.841795
vt 0.346737 0.830673
vt 0.331740 0.841795
vt 0.337405 0.827080
vt 0.346737 0.830673
vt 0.331740 0.841795
vt 0.328073 0.823487
vt 0.337405 0.827080
vt 0.322421 0.838167
vt 0.328073 0.823487
vt 0.331740 0.841795
vt 0.322421 0.838167
vt 0.304951 0.814586
vt 0.328073 0.823487
vt 0.299334 0.829177
vt 0.304951 0.814586
vt 0.322421 0.838167
vt 0.369859 0.839574
vt 0.346737 0.830673
vt 0.378460 0.817062
vt 0.346737 0.830673
vt 0.355316 0.808219
vt 0.378460 0.817062
vt 0.346737 0.830673
vt 0.337405 0.827080
vt 0.355316 0.808219
vt 0.337405 0.827080
vt 0.345975 0.804650
vt 0.355316 0.808219
vt 0.337405 0.827080
vt 0.336634 0.801081
vt 0.345975 0.804650
vt 0.328073 0.823487
vt 0.336634 0.801081
vt 0.337405 0.827080
vt 0.328073 0.823487
vt 0.313490 0.792238
vt 0.336634 0.801081
vt 0.304951 0.814586
vt 0.313490 0.792238
vt 0.328073 0.823487
vt 0.378460 0.817062
vt 0.355316 0.808219
vt 0.387011 0.794545
vt 0.355316 0.808219
vt 0.363849 0.785750
vt 0.387011 0.794545
vt 0.355316 0.808219
vt 0.345975 0.804650
vt 0.363849 0.785750
vt 0.345975 0.804650
vt 0.354500 0.782200
vt 0.363849 0.785750
vt 0.345975 0.804650
vt 0.345151 0.778650
vt 0.354500 0.782200
vt 0.336634 0.801081
vt 0.345151 0.778650
vt 0.345975 0.804650
vt 0.336634 0.801081
vt 0.321989 0.769855
vt 0.345151 0.778650
vt 0.313490 0.792238
vt 0.321989 0.769855
vt 0.336634 0.801081
vt 0.387011 0.794545
vt 0.363849 0.785750
vt 0.395519 0.772036
vt 0.363849 0.785750
vt 0.372344 0.763276
vt 0.395519 0.772036
vt 0.363849 0.785750
vt 0.354500 0.782200
vt 0.372344 0.763276
vt 0.354500 0.782200
vt 0.362990 0.759740
vt 0.372344 0.763276
vt 0.354500 0.782200
vt 0.353636 0.756204
vt 0.362990 0.759740
vt 0.345151 0.778650
vt 0.353636 0.756204
vt 0.354500 0.782200
vt 0.345151 0.778650
vt 0.330461 0.747444
vt 0.353636 0.756204
vt 0.321989 0.769855
vt 0.330461 0.747444
vt 0.345151 0.778650
vt 0.395519 0.772036
vt 0.372344 0.763276
vt 0.404001 0.749536
vt 0.372344 0.763276
vt 0.380817 0.740797
vt 0.404001 0.749536
vt 0.372344 0.763276
vt 0.362990 0.759740
vt 0.380817 0.740797
vt 0.362990 0.759740
vt 0.371460 0.737270
vt 0.380817 0.740797
vt 0.362990 0.759740
vt 0.362103 0.733743
vt 0.371460 0.737270
vt 0.353636 0.756204
vt 0.362103 0.733743
vt 0.362990 0.759740
vt 0.353636 0.756204
vt 0.338919 0.725004
vt 0.362103 0.733743
vt 0.330461 0.747444
vt 0.338919 0.725004
vt 0.353636 0.756204
vt 0.404001 0.749536
vt 0.380817 0.740797
vt 0.406298 0.735516
vt 0.380817 0.740797
vt 0.381531 0.734831
vt 0.406298 0.735516
vt 0.380817 0.740797
vt 0.371460 0.737270
vt 0.381531 0.734831
vt 0.371460 0.737270
vt 0.371535 0.734555
vt 0.381531 0.734831
vt 0.371460 0.737270
vt 0.361539 0.734279
vt 0.371535 0.734555
vt 0.362103 0.733743
vt 0.361539 0.734279
vt 0.371460 0.737270
vt 0.362103 0.733743
vt 0.336772 0.733594
vt 0.361539 0.734279
vt 0.338919 0.725004
vt 0.336772 0.733594
vt 0.362103 0.733743
vt 0.406298 0.735516
vt 0.381531 0.734831
vt 0.400059 0.714456
vt 0.381531 0.734831
vt 0.378701 0.727012
vt 0.400059 0.714456
vt 0.381531 0.734831
vt 0.371535 0.734555
vt 0.378701 0.727012
vt 0.371535 0.734555
vt 0.370080 0.732080
vt 0.378701 0.727012
vt 0.371535 0.734555
vt 0.361459 0.737148
vt 0.370080 0.732080
vt 0.361539 0.734279
vt 0.361459 0.737148
vt 0.371535 0.734555
vt 0.361539 0.734279
vt 0.340101 0.749704
vt 0.361459 0.737148
vt 0.336772 0.733594
vt 0.340101 0.749704
vt 0.361539 0.734279
vt 0.400059 0.714456
vt 0.378701 0.727012
vt 0.387612 0.701894
vt 0.378701 0.727012
vt 0.373355 0.722157
vt 0.387612 0.701894
vt 0.378701 0.727012
vt 0.370080 0.732080
vt 0.373355 0.722157
vt 0.370080 0.732080
vt 0.367600 0.730335
vt 0.373355 0.722157
vt 0.370080 0.732080
vt 0.361845 0.738513
vt 0.367600 0.730335
vt 0.361459 0.737148
vt 0.361845 0.738513
vt 0.370080 0.732080
vt 0.361459 0.737148
vt 0.347588 0.758776
vt 0.361845 0.738513
vt 0.340101 0.749704
vt 0.347588 0.758776
vt 0.361459 0.737148
vt 0.387612 0.701894
vt 0.373355 0.722157
vt 0.370539 0.695550
vt 0.373355 0.722157
vt 0.366308 0.719962
vt 0.370539 0.695550
vt 0.373355 0.722157
vt 0.367600 0.730335
vt 0.366308 0.719962
vt 0.367600 0.730335
vt 0.364600 0.729815
vt 0.366308 0.719962
vt 0.367600 0.730335
vt 0.362892 0.739668
vt 0.364600 0.729815
vt 0.361845 0.738513
vt 0.362892 0.739668
vt 0.367600 0.730335
vt 0.361845 0.738513
vt 0.358661 0.764080
vt 0.362892 0.739668
vt 0.347588 0.758776
vt 0.358661 0.764080
vt 0.361845 0.738513
vt 0.370539 0.695550
vt 0.366308 0.719962
vt 0.361479 0.695147
vt 0.366308 0.719962
vt 0.362634 0.719896
vt 0.361479 0.695147
vt 0.366308 0.719962
vt 0.364600 0.729815
vt 0.362634 0.719896
vt 0.364600 0.729815
vt 0.363100 0.729885
vt 0.362634 0.719896
vt 0.364600 0.729815
vt 0.363566 0.739874
vt 0.363100 0.729885
vt 0.362892 0.739668
vt 0.363566 0.739874
vt 0.364600 0.729815
vt 0.362892 0.739668
vt 0.364721 0.764623
vt 0.363566 0.739874
vt 0.358661 0.764080
vt 0.364721 0.764623
vt 0.362892 0.739668
vt 0.361479 0.695147
vt 0.362634 0.719896
vt 0.360898 0.695146
vt 0.362634 0.719896
vt 0.361391 0.719917
vt 0.360898 0.695146
vt 0.362634 0.719896
vt 0.363100 0.729885
vt 0.361391 0.719917
vt 0.363100 0.729885
vt 0.361590 0.729915
vt 0.361391 0.719917
vt 0.363100 0.729885
vt 0.361789 0.739913
vt 0.361590 0.729915
vt 0.363566 0.739874
vt 0.361789 0.739913
vt 0.363100 0.729885
vt 0.363566 0.739874
vt 0.362282 0.764684
vt 0.361789 0.739913
vt 0.364721 0.764623
vt 0.362282 0.764684
vt 0.363566 0.739874
vt 0.360898 0.695146
vt 0.361391 0.719917
vt 0.358004 0.695292
vt 0.361391 0.719917
vt 0.359497 0.720023
vt 0.358004 0.695292
vt 0.361391 0.719917
vt 0.361590 0.729915
vt 0.359497 0.720023
vt 0.361590 0.729915
vt 0.360100 0.730005
vt 0.359497 0.720023
vt 0.361590 0.729915
vt 0.360703 0.739987
vt 0.360100 0.730005
vt 0.361789 0.739913
vt 0.360703 0.739987
vt 0.361590 0.729915
vt 0.361789 0.739913
vt 0.362196 0.764718
vt 0.360703 0.739987
vt 0.362282 0.764684
vt 0.362196 0.764718
vt 0.361789 0.739913
vt 0.358004 0.695292
vt 0.359497 0.720023
vt 0.352741 0.695985
vt 0.359497 0.720023
vt 0.356951 0.720400
vt 0.352741 0.695985
vt 0.359497 0.720023
vt 0.360100 0.730005
vt 0.356951 0.720400
vt 0.360100 0.730005
vt 0.358650 0.730255
vt 0.356951 0.720400
vt 0.360100 0.730005
vt 0.360349 0.740110
vt 0.358650 0.730255
vt 0.360703 0.739987
vt 0.360349 0.740110
vt 0.360100 0.730005
vt 0.360703 0.739987
vt 0.364559 0.764525
vt 0.360349 0.740110
vt 0.362196 0.764718
vt 0.364559 0.764525
vt 0.360703 0.739987
vt 0.352741 0.695985
vt 0.356951 0.720400
vt 0.345969 0.697563
vt 0.356951 0.720400
vt 0.351894 0.721620
vt 0.345969 0.697563
vt 0.356951 0.720400
vt 0.358650 0.730255
vt 0.351894 0.721620
vt 0.358650 0.730255
vt 0.354285 0.731330
vt 0.351894 0.721620
vt 0.358650 0.730255
vt 0.356676 0.741040
vt 0.354285 0.731330
vt 0.360349 0.740110
vt 0.356676 0.741040
vt 0.358650 0.730255
vt 0.360349 0.740110
vt 0.362601 0.765097
vt 0.356676 0.741040
vt 0.364559 0.764525
vt 0.362601 0.765097
vt 0.360349 0.740110
vt 0.345969 0.697563
vt 0.351894 0.721620
vt 0.341462 0.698692
vt 0.351894 0.721620
vt 0.347484 0.722725
vt 0.341462 0.698692
vt 0.351894 0.721620
vt 0.354285 0.731330
vt 0.347484 0.722725
vt 0.354285 0.731330
vt 0.349915 0.732425
vt 0.347484 0.722725
vt 0.354285 0.731330
vt 0.352346 0.742125
vt 0.349915 0.732425
vt 0.356676 0.741040
vt 0.352346 0.742125
vt 0.354285 0.731330
vt 0.356676 0.741040
vt 0.358368 0.766158
vt 0.352346 0.742125
vt 0.362601 0.765097
vt 0.358368 0.766158
vt 0.356676 0.741040
vt 0.341462 0.698692
vt 0.347484 0.722725
vt 0.335913 0.700278
vt 0.347484 0.722725
vt 0.342822 0.724072
vt 0.335913 0.700278
vt 0.347484 0.722725
vt 0.349915 0.732425
vt 0.342822 0.724072
vt 0.349915 0.732425
vt 0.345610 0.733675
vt 0.342822 0.724072
vt 0.349915 0.732425
vt 0.348398 0.743278
vt 0.345610 0.733675
vt 0.352346 0.742125
vt 0.348398 0.743278
vt 0.349915 0.732425
vt 0.352346 0.742125
vt 0.355307 0.767072
vt 0.348398 0.743278
vt 0.358368 0.766158
vt 0.355307 0.767072
vt 0.352346 0.742125
vt 0.335913 0.700278
vt 0.342822 0.724072
vt 0.329297 0.702641
vt 0.342822 0.724072
vt 0.337945 0.725859
vt 0.329297 0.702641
vt 0.342822 0.724072
vt 0.345610 0.733675
vt 0.337945 0.725859
vt 0.345610 0.733675
vt 0.341435 0.735230
vt 0.337945 0.725859
vt 0.345610 0.733675
vt 0.344925 0.744601
vt 0.341435 0.735230
vt 0.348398 0.743278
vt 0.344925 0.744601
vt 0.345610 0.733675
vt 0.348398 0.743278
vt 0.353573 0.767819
vt 0.344925 0.744601
vt 0.355307 0.767072
vt 0.353573 0.767819
vt 0.348398 0.743278
vt 0.329297 0.702641
vt 0.337945 0.725859
vt 0.295550 0.720177
vt 0.337945 0.725859
vt 0.307145 0.742073
vt 0.295550 0.720177
vt 0.337945 0.725859
vt 0.341435 0.735230
vt 0.307145 0.742073
vt 0.341435 0.735230
vt 0.311825 0.750910
vt 0.307145 0.742073
vt 0.341435 0.735230
vt 0.316505 0.759747
vt 0.311825 0.750910
vt 0.344925 0.744601
vt 0.316505 0.759747
vt 0.341435 0.735230
vt 0.344925 0.744601
vt 0.328099 0.781643
vt 0.316505 0.759747
vt 0.353573 0.767819
vt 0.328099 0.781643
vt 0.344925 0.744601
vt 0.295550 0.720177
vt 0.307145 0.742073
vt 0.264822 0.743408
vt 0.307145 0.742073
vt 0.280031 0.762966
vt 0.264822 0.743408
vt 0.307145 0.742073
vt 0.311825 0.750910
vt 0.280031 0.762966
vt 0.311825 0.750910
vt 0.286170 0.770860
vt 0.280031 0.762966
vt 0.311825 0.750910
vt 0.292309 0.778754
vt 0.286170 0.770860
vt 0.316505 0.759747
vt 0.292309 0.778754
vt 0.311825 0.750910
vt 0.316505 0.759747
vt 0.307518 0.798312
vt 0.292309 0.778754
vt 0.328099 0.781643
vt 0.307518 0.798312
vt 0.316505 0.759747
vt 0.264822 0.743408
vt 0.280031 0.762966
vt 0.238586 0.771895
vt 0.280031 0.762966
vt 0.257052 0.788413
vt 0.238586 0.771895
vt 0.280031 0.762966
vt 0.286170 0.770860
vt 0.257052 0.788413
vt 0.286170 0.770860
vt 0.264505 0.795080
vt 0.257052 0.788413
vt 0.286170 0.770860
vt 0.271958 0.801747
vt 0.264505 0.795080
vt 0.292309 0.778754
vt 0.271958 0.801747
vt 0.286170 0.770860
vt 0.292309 0.778754
vt 0.290424 0.818265
vt 0.271958 0.801747
vt 0.307518 0.798312
vt 0.290424 0.818265
vt 0.292309 0.778754
vt 0.238586 0.771895
vt 0.257052 0.788413
vt 0.217294 0.805248
vt 0.257052 0.788413
vt 0.238355 0.818298
vt 0.217294 0.805248
vt 0.257052 0.788413
vt 0.264505 0.795080
vt 0.238355 0.818298
vt 0.264505 0.795080
vt 0.246855 0.823565
vt 0.238355 0.818298
vt 0.264505 0.795080
vt 0.255355 0.828832
vt 0.246855 0.823565
vt 0.271958 0.801747
vt 0.255355 0.828832
vt 0.264505 0.795080
vt 0.271958 0.801747
vt 0.276416 0.841882
vt 0.255355 0.828832
vt 0.290424 0.818265
vt 0.276416 0.841882
vt 0.271958 0.801747
vt 0.217294 0.805248
vt 0.238355 0.818298
vt 0.210556 0.819224
vt 0.238355 0.818298
vt 0.233051 0.829609
vt 0.210556 0.819224
vt 0.238355 0.818298
vt 0.246855 0.823565
vt 0.233051 0.829609
vt 0.246855 0.823565
vt 0.242130 0.833800
vt 0.233051 0.829609
vt 0.246855 0.823565
vt 0.251209 0.837991
vt 0.242130 0.833800
vt 0.255355 0.828832
vt 0.251209 0.837991
vt 0.246855 0.823565
vt 0.255355 0.828832
vt 0.273704 0.848376
vt 0.251209 0.837991
vt 0.276416 0.841882
vt 0.273704 0.848376
vt 0.255355 0.828832
vt 0.210556 0.819224
vt 0.233051 0.829609
vt 0.205616 0.833022
vt 0.233051 0.829609
vt 0.229040 0.841092
vt 0.205616 0.833022
vt 0.233051 0.829609
vt 0.242130 0.833800
vt 0.229040 0.841092
vt 0.242130 0.833800
vt 0.238495 0.844350
vt 0.229040 0.841092
vt 0.242130 0.833800
vt 0.247949 0.847608
vt 0.238495 0.844350
vt 0.251209 0.837991
vt 0.247949 0.847608
vt 0.242130 0.833800
vt 0.251209 0.837991
vt 0.271374 0.855678
vt 0.247949 0.847608
vt 0.273704 0.848376
vt 0.271374 0.855678
vt 0.251209 0.837991
vt 0.205616 0.833022
vt 0.229040 0.841092
vt 0.202192 0.848359
vt 0.229040 0.841092
vt 0.226471 0.853297
vt 0.202192 0.848359
vt 0.229040 0.841092
vt 0.238495 0.844350
vt 0.226471 0.853297
vt 0.238495 0.844350
vt 0.236270 0.855290
vt 0.226471 0.853297
vt 0.238495 0.844350
vt 0.246069 0.857283
vt 0.236270 0.855290
vt 0.247949 0.847608
vt 0.246069 0.857283
vt 0.238495 0.844350
vt 0.247949 0.847608
vt 0.270348 0.862221
vt 0.246069 0.857283
vt 0.271374 0.855678
vt 0.270348 0.862221
vt 0.247949 0.847608
vt 0.202192 0.848359
vt 0.226471 0.853297
vt 0.201036 0.865214
vt 0.226471 0.853297
vt 0.225789 0.866276
vt 0.201036 0.865214
vt 0.226471 0.853297
vt 0.236270 0.855290
vt 0.225789 0.866276
vt 0.236270 0.855290
vt 0.235780 0.866705
vt 0.225789 0.866276
vt 0.236270 0.855290
vt 0.245771 0.867134
vt 0.235780 0.866705
vt 0.246069 0.857283
vt 0.245771 0.867134
vt 0.236270 0.855290
vt 0.246069 0.857283
vt 0.270524 0.868196
vt 0.245771 0.867134
vt 0.270348 0.862221
vt 0.270524 0.868196
vt 0.246069 0.857283
vt 0.201036 0.865214
vt 0.225789 0.866276
vt 0.202582 0.880581
vt 0.225789 0.866276
vt 0.227128 0.877214
vt 0.202582 0.880581
vt 0.225789 0.866276
vt 0.235780 0.866705
vt 0.227128 0.877214
vt 0.235780 0.866705
vt 0.237035 0.875855
vt 0.227128 0.877214
vt 0.235780 0.866705
vt 0.246942 0.874496
vt 0.237035 0.875855
vt 0.245771 0.867134
vt 0.246942 0.874496
vt 0.235780 0.866705
vt 0.245771 0.867134
vt 0.271488 0.871129
vt 0.246942 0.874496
vt 0.270524 0.868196
vt 0.271488 0.871129
vt 0.245771 0.867134
vt 0.202582 0.880581
vt 0.227128 0.877214
vt 0.207164 0.895726
vt 0.227128 0.877214
vt 0.230533 0.887497
vt 0.207164 0.895726
vt 0.227128 0.877214
vt 0.237035 0.875855
vt 0.230533 0.887497
vt 0.237035 0.875855
vt 0.239965 0.884175
vt 0.230533 0.887497
vt 0.237035 0.875855
vt 0.249397 0.880853
vt 0.239965 0.884175
vt 0.246942 0.874496
vt 0.249397 0.880853
vt 0.237035 0.875855
vt 0.246942 0.874496
vt 0.272766 0.872624
vt 0.249397 0.880853
vt 0.271488 0.871129
vt 0.272766 0.872624
vt 0.246942 0.874496
vt 0.207164 0.895726
vt 0.230533 0.887497
vt 0.214672 0.909610
vt 0.230533 0.887497
vt 0.235916 0.896861
vt 0.214672 0.909610
vt 0.230533 0.887497
vt 0.239965 0.884175
vt 0.235916 0.896861
vt 0.239965 0.884175
vt 0.244490 0.891715
vt 0.235916 0.896861
vt 0.239965 0.884175
vt 0.253064 0.886569
vt 0.244490 0.891715
vt 0.249397 0.880853
vt 0.253064 0.886569
vt 0.239965 0.884175
vt 0.249397 0.880853
vt 0.274308 0.873820
vt 0.253064 0.886569
vt 0.272766 0.872624
vt 0.274308 0.873820
vt 0.249397 0.880853
vt 0.214672 0.909610
vt 0.235916 0.896861
vt 0.224565 0.921637
vt 0.235916 0.896861
vt 0.243074 0.905167
vt 0.224565 0.921637
vt 0.235916 0.896861
vt 0.244490 0.891715
vt 0.243074 0.905167
vt 0.244490 0.891715
vt 0.250545 0.898520
vt 0.243074 0.905167
vt 0.244490 0.891715
vt 0.258016 0.891873
vt 0.250545 0.898520
vt 0.253064 0.886569
vt 0.258016 0.891873
vt 0.244490 0.891715
vt 0.253064 0.886569
vt 0.276525 0.875403
vt 0.258016 0.891873
vt 0.274308 0.873820
vt 0.276525 0.875403
vt 0.253064 0.886569
vt 0.224565 0.921637
vt 0.243074 0.905167
vt 0.235681 0.931242
vt 0.243074 0.905167
vt 0.251290 0.912001
vt 0.235681 0.931242
vt 0.243074 0.905167
vt 0.250545 0.898520
vt 0.251290 0.912001
vt 0.250545 0.898520
vt 0.257590 0.904235
vt 0.251290 0.912001
vt 0.250545 0.898520
vt 0.263890 0.896469
vt 0.257590 0.904235
vt 0.258016 0.891873
vt 0.263890 0.896469
vt 0.250545 0.898520
vt 0.258016 0.891873
vt 0.279499 0.877228
vt 0.263890 0.896469
vt 0.276525 0.875403
vt 0.279499 0.877228
vt 0.258016 0.891873
vt 0.235681 0.931242
vt 0.251290 0.912001
vt 0.247457 0.938685
vt 0.251290 0.912001
vt 0.260151 0.917408
vt 0.247457 0.938685
vt 0.251290 0.912001
vt 0.257590 0.904235
vt 0.260151 0.917408
vt 0.257590 0.904235
vt 0.265275 0.908820
vt 0.260151 0.917408
vt 0.257590 0.904235
vt 0.270398 0.900232
vt 0.265275 0.908820
vt 0.263890 0.896469
vt 0.270398 0.900232
vt 0.257590 0.904235
vt 0.263890 0.896469
vt 0.283092 0.878955
vt 0.270398 0.900232
vt 0.279499 0.877228
vt 0.283092 0.878955
vt 0.263890 0.896469
vt 0.247457 0.938685
vt 0.260151 0.917408
vt 0.259292 0.944232
vt 0.260151 0.917408
vt 0.269390 0.921607
vt 0.259292 0.944232
vt 0.260151 0.917408
vt 0.265275 0.908820
vt 0.269390 0.921607
vt 0.265275 0.908820
vt 0.273465 0.912475
vt 0.269390 0.921607
vt 0.265275 0.908820
vt 0.277540 0.903343
vt 0.273465 0.912475
vt 0.270398 0.900232
vt 0.277540 0.903343
vt 0.265275 0.908820
vt 0.270398 0.900232
vt 0.287638 0.880718
vt 0.277540 0.903343
vt 0.283092 0.878955
vt 0.287638 0.880718
vt 0.270398 0.900232
vt 0.259292 0.944232
vt 0.269390 0.921607
vt 0.270791 0.948310
vt 0.269390 0.921607
vt 0.278798 0.924863
vt 0.270791 0.948310
vt 0.269390 0.921607
vt 0.273465 0.912475
vt 0.278798 0.924863
vt 0.273465 0.912475
vt 0.282030 0.915400
vt 0.278798 0.924863
vt 0.273465 0.912475
vt 0.285262 0.905937
vt 0.282030 0.915400
vt 0.277540 0.903343
vt 0.285262 0.905937
vt 0.273465 0.912475
vt 0.277540 0.903343
vt 0.293269 0.882490
vt 0.285262 0.905937
vt 0.287638 0.880718
vt 0.293269 0.882490
vt 0.277540 0.903343
vt 0.270791 0.948310
vt 0.278798 0.924863
vt 0.277662 0.949932
vt 0.278798 0.924863
vt 0.281803 0.925504
vt 0.277662 0.949932
vt 0.278798 0.924863
vt 0.282030 0.915400
vt 0.281803 0.925504
vt 0.282030 0.915400
vt 0.283475 0.915645
vt 0.281803 0.925504
vt 0.282030 0.915400
vt 0.285147 0.905786
vt 0.283475 0.915645
vt 0.285262 0.905937
vt 0.285147 0.905786
vt 0.282030 0.915400
vt 0.285262 0.905937
vt 0.289288 0.881358
vt 0.285147 0.905786
vt 0.293269 0.882490
vt 0.289288 0.881358
vt 0.285262 0.905937
vt 0.277662 0.949932
vt 0.281803 0.925504
vt 0.285140 0.950421
vt 0.281803 0.925504
vt 0.285140 0.925645
vt 0.285140 0.950421
vt 0.281803 0.925504
vt 0.283475 0.915645
vt 0.285140 0.925645
vt 0.283475 0.915645
vt 0.285140 0.915645
vt 0.285140 0.925645
vt 0.283475 0.915645
vt 0.285140 0.905645
vt 0.285140 0.915645
vt 0.285147 0.905786
vt 0.285140 0.905645
vt 0.283475 0.915645
vt 0.285147 0.905786
vt 0.285140 0.880869
vt 0.285140 0.905645
vt 0.289288 0.881358
vt 0.285140 0.880869
vt 0.285147 0.905786
vt 0.781880 0.086795
vt 0.764978 0.077417
vt 0.764057 0.052658
vt 0.781880 0.086795
vt 0.765350 0.087410
vt 0.764978 0.077417
vt 0.781880 0.086795
vt 0.765722 0.097403
vt 0.765350 0.087410
vt 0.781880 0.086795
vt 0.766643 0.122162
vt 0.765722 0.097403
vt 0.764057 0.052658
vt 0.764978 0.077417
vt 0.745836 0.054224
vt 0.764978 0.077417
vt 0.748019 0.078904
vt 0.745836 0.054224
vt 0.764978 0.077417
vt 0.765350 0.087410
vt 0.748019 0.078904
vt 0.765350 0.087410
vt 0.748900 0.088865
vt 0.748019 0.078904
vt 0.765350 0.087410
vt 0.749781 0.098826
vt 0.748900 0.088865
vt 0.765722 0.097403
vt 0.749781 0.098826
vt 0.765350 0.087410
vt 0.765722 0.097403
vt 0.751964 0.123506
vt 0.749781 0.098826
vt 0.766643 0.122162
vt 0.751964 0.123506
vt 0.765722 0.097403
vt 0.745836 0.054224
vt 0.748019 0.078904
vt 0.726133 0.057781
vt 0.748019 0.078904
vt 0.730740 0.082124
vt 0.726133 0.057781
vt 0.748019 0.078904
vt 0.748900 0.088865
vt 0.730740 0.082124
vt 0.748900 0.088865
vt 0.732600 0.091950
vt 0.730740 0.082124
vt 0.748900 0.088865
vt 0.734460 0.101776
vt 0.732600 0.091950
vt 0.749781 0.098826
vt 0.734460 0.101776
vt 0.748900 0.088865
vt 0.749781 0.098826
vt 0.739067 0.126119
vt 0.734460 0.101776
vt 0.751964 0.123506
vt 0.739067 0.126119
vt 0.749781 0.098826
vt 0.726133 0.057781
vt 0.730740 0.082124
vt 0.717530 0.059890
vt 0.730740 0.082124
vt 0.723603 0.083910
vt 0.717530 0.059890
vt 0.730740 0.082124
vt 0.732600 0.091950
vt 0.723603 0.083910
vt 0.732600 0.091950
vt 0.726055 0.093605
vt 0.723603 0.083910
vt 0.732600 0.091950
vt 0.728506 0.103300
vt 0.726055 0.093605
vt 0.734460 0.101776
vt 0.728506 0.103300
vt 0.732600 0.091950
vt 0.734460 0.101776
vt 0.734580 0.127320
vt 0.728506 0.103300
vt 0.739067 0.126119
vt 0.734580 0.127320
vt 0.734460 0.101776
vt 0.717530 0.059890
vt 0.723603 0.083910
vt 0.710912 0.061579
vt 0.723603 0.083910
vt 0.717038 0.085585
vt 0.710912 0.061579
vt 0.723603 0.083910
vt 0.726055 0.093605
vt 0.717038 0.085585
vt 0.726055 0.093605
vt 0.719510 0.095275
vt 0.717038 0.085585
vt 0.726055 0.093605
vt 0.721982 0.104965
vt 0.719510 0.095275
vt 0.728506 0.103300
vt 0.721982 0.104965
vt 0.726055 0.093605
vt 0.728506 0.103300
vt 0.728108 0.128971
vt 0.721982 0.104965
vt 0.734580 0.127320
vt 0.728108 0.128971
vt 0.728506 0.103300
vt 0.710912 0.061579
vt 0.717038 0.085585
vt 0.703804 0.063522
vt 0.717038 0.085585
vt 0.710356 0.087416
vt 0.703804 0.063522
vt 0.717038 0.085585
vt 0.719510 0.095275
vt 0.710356 0.087416
vt 0.719510 0.095275
vt 0.713000 0.097060
vt 0.710356 0.087416
vt 0.719510 0.095275
vt 0.715644 0.106704
vt 0.713000 0.097060
vt 0.721982 0.104965
vt 0.715644 0.106704
vt 0.719510 0.095275
vt 0.721982 0.104965
vt 0.722196 0.130598
vt 0.715644 0.106704
vt 0.728108 0.128971
vt 0.722196 0.130598
vt 0.721982 0.104965
vt 0.703804 0.063522
vt 0.710356 0.087416
vt 0.696269 0.065837
vt 0.710356 0.087416
vt 0.703601 0.089503
vt 0.696269 0.065837
vt 0.710356 0.087416
vt 0.713000 0.097060
vt 0.703601 0.089503
vt 0.713000 0.097060
vt 0.706560 0.099055
vt 0.703601 0.089503
vt 0.713000 0.097060
vt 0.709519 0.108607
vt 0.706560 0.099055
vt 0.715644 0.106704
vt 0.709519 0.108607
vt 0.713000 0.097060
vt 0.715644 0.106704
vt 0.716851 0.132273
vt 0.709519 0.108607
vt 0.722196 0.130598
vt 0.716851 0.132273
vt 0.715644 0.106704
vt 0.696269 0.065837
vt 0.703601 0.089503
vt 0.644630 0.097557
vt 0.703601 0.089503
vt 0.658038 0.118391
vt 0.644630 0.097557
vt 0.703601 0.089503
vt 0.706560 0.099055
vt 0.658038 0.118391
vt 0.706560 0.099055
vt 0.663450 0.126800
vt 0.658038 0.118391
vt 0.706560 0.099055
vt 0.668862 0.135209
vt 0.663450 0.126800
vt 0.709519 0.108607
vt 0.668862 0.135209
vt 0.706560 0.099055
vt 0.709519 0.108607
vt 0.682270 0.156043
vt 0.668862 0.135209
vt 0.716851 0.132273
vt 0.682270 0.156043
vt 0.709519 0.108607
vt 0.644630 0.097557
vt 0.658038 0.118391
vt 0.607951 0.153128
vt 0.658038 0.118391
vt 0.629377 0.165569
vt 0.607951 0.153128
vt 0.658038 0.118391
vt 0.663450 0.126800
vt 0.629377 0.165569
vt 0.663450 0.126800
vt 0.638025 0.170590
vt 0.629377 0.165569
vt 0.663450 0.126800
vt 0.646673 0.175611
vt 0.638025 0.170590
vt 0.668862 0.135209
vt 0.646673 0.175611
vt 0.663450 0.126800
vt 0.668862 0.135209
vt 0.668099 0.188051
vt 0.646673 0.175611
vt 0.682270 0.156043
vt 0.668099 0.188051
vt 0.668862 0.135209
vt 0.607951 0.153128
vt 0.629377 0.165569
vt 0.599988 0.219571
vt 0.629377 0.165569
vt 0.624711 0.221180
vt 0.599988 0.219571
vt 0.629377 0.165569
vt 0.638025 0.170590
vt 0.624711 0.221180
vt 0.638025 0.170590
vt 0.634690 0.221830
vt 0.624711 0.221180
vt 0.638025 0.170590
vt 0.644669 0.222479
vt 0.634690 0.221830
vt 0.646673 0.175611
vt 0.644669 0.222479
vt 0.638025 0.170590
vt 0.646673 0.175611
vt 0.669392 0.224089
vt 0.644669 0.222479
vt 0.668099 0.188051
vt 0.669392 0.224089
vt 0.646673 0.175611
vt 0.599988 0.219571
vt 0.624711 0.221180
vt 0.626292 0.286513
vt 0.624711 0.221180
vt 0.648779 0.276113
vt 0.626292 0.286513
vt 0.624711 0.221180
vt 0.634690 0.221830
vt 0.648779 0.276113
vt 0.634690 0.221830
vt 0.657855 0.271915
vt 0.648779 0.276113
vt 0.634690 0.221830
vt 0.666931 0.267717
vt 0.657855 0.271915
vt 0.644669 0.222479
vt 0.666931 0.267717
vt 0.634690 0.221830
vt 0.644669 0.222479
vt 0.689418 0.257317
vt 0.666931 0.267717
vt 0.669392 0.224089
vt 0.689418 0.257317
vt 0.644669 0.222479
vt 0.626292 0.286513
vt 0.648779 0.276113
vt 0.631747 0.294936
vt 0.648779 0.276113
vt 0.651021 0.279368
vt 0.631747 0.294936
vt 0.648779 0.276113
vt 0.657855 0.271915
vt 0.651021 0.279368
vt 0.657855 0.271915
vt 0.658800 0.273085
vt 0.651021 0.279368
vt 0.657855 0.271915
vt 0.666579 0.266802
vt 0.658800 0.273085
vt 0.666931 0.267717
vt 0.666579 0.266802
vt 0.657855 0.271915
vt 0.666931 0.267717
vt 0.685853 0.251234
vt 0.666579 0.266802
vt 0.689418 0.257317
vt 0.685853 0.251234
vt 0.666931 0.267717
vt 0.631747 0.294936
vt 0.651021 0.279368
vt 0.632798 0.296226
vt 0.651021 0.279368
vt 0.652000 0.280569
vt 0.632798 0.296226
vt 0.651021 0.279368
vt 0.658800 0.273085
vt 0.652000 0.280569
vt 0.658800 0.273085
vt 0.659750 0.274250
vt 0.652000 0.280569
vt 0.658800 0.273085
vt 0.667500 0.267931
vt 0.659750 0.274250
vt 0.666579 0.266802
vt 0.667500 0.267931
vt 0.658800 0.273085
vt 0.666579 0.266802
vt 0.686702 0.252274
vt 0.667500 0.267931
vt 0.685853 0.251234
vt 0.686702 0.252274
vt 0.666579 0.266802
vt 0.632798 0.296226
vt 0.652000 0.280569
vt 0.634138 0.297822
vt 0.652000 0.280569
vt 0.653076 0.281848
vt 0.634138 0.297822
vt 0.652000 0.280569
vt 0.659750 0.274250
vt 0.653076 0.281848
vt 0.659750 0.274250
vt 0.660720 0.275400
vt 0.653076 0.281848
vt 0.659750 0.274250
vt 0.668364 0.268952
vt 0.660720 0.275400
vt 0.667500 0.267931
vt 0.668364 0.268952
vt 0.659750 0.274250
vt 0.667500 0.267931
vt 0.687302 0.252978
vt 0.668364 0.268952
vt 0.686702 0.252274
vt 0.687302 0.252978
vt 0.667500 0.267931
vt 0.634138 0.297822
vt 0.653076 0.281848
vt 0.635894 0.299798
vt 0.653076 0.281848
vt 0.654297 0.283210
vt 0.635894 0.299798
vt 0.653076 0.281848
vt 0.660720 0.275400
vt 0.654297 0.283210
vt 0.660720 0.275400
vt 0.661725 0.276515
vt 0.654297 0.283210
vt 0.660720 0.275400
vt 0.669153 0.269820
vt 0.661725 0.276515
vt 0.668364 0.268952
vt 0.669153 0.269820
vt 0.660720 0.275400
vt 0.668364 0.268952
vt 0.687556 0.253231
vt 0.669153 0.269820
vt 0.687302 0.252978
vt 0.687556 0.253231
vt 0.668364 0.268952
vt 0.635894 0.299798
vt 0.654297 0.283210
vt 0.649549 0.314030
vt 0.654297 0.283210
vt 0.667410 0.296860
vt 0.649549 0.314030
vt 0.654297 0.283210
vt 0.661725 0.276515
vt 0.667410 0.296860
vt 0.661725 0.276515
vt 0.674620 0.289930
vt 0.667410 0.296860
vt 0.661725 0.276515
vt 0.681829 0.283000
vt 0.674620 0.289930
vt 0.669153 0.269820
vt 0.681829 0.283000
vt 0.661725 0.276515
vt 0.669153 0.269820
vt 0.699691 0.265831
vt 0.681829 0.283000
vt 0.687556 0.253231
vt 0.699691 0.265831
vt 0.669153 0.269820
vt 0.649549 0.314030
vt 0.667410 0.296860
vt 0.666081 0.325036
vt 0.667410 0.296860
vt 0.678245 0.303452
vt 0.666081 0.325036
vt 0.667410 0.296860
vt 0.674620 0.289930
vt 0.678245 0.303452
vt 0.674620 0.289930
vt 0.683155 0.294740
vt 0.678245 0.303452
vt 0.674620 0.289930
vt 0.688065 0.286028
vt 0.683155 0.294740
vt 0.681829 0.283000
vt 0.688065 0.286028
vt 0.674620 0.289930
vt 0.681829 0.283000
vt 0.700229 0.264444
vt 0.688065 0.286028
vt 0.699691 0.265831
vt 0.700229 0.264444
vt 0.681829 0.283000
vt 0.666081 0.325036
vt 0.678245 0.303452
vt 0.707887 0.320939
vt 0.678245 0.303452
vt 0.696180 0.299103
vt 0.707887 0.320939
vt 0.678245 0.303452
vt 0.683155 0.294740
vt 0.696180 0.299103
vt 0.683155 0.294740
vt 0.691455 0.290290
vt 0.696180 0.299103
vt 0.683155 0.294740
vt 0.686730 0.281477
vt 0.691455 0.290290
vt 0.688065 0.286028
vt 0.686730 0.281477
vt 0.683155 0.294740
vt 0.688065 0.286028
vt 0.675023 0.259641
vt 0.686730 0.281477
vt 0.700229 0.264444
vt 0.675023 0.259641
vt 0.688065 0.286028
vt 0.707887 0.320939
vt 0.696180 0.299103
vt 0.730164 0.298416
vt 0.696180 0.299103
vt 0.711271 0.282389
vt 0.730164 0.298416
vt 0.696180 0.299103
vt 0.691455 0.290290
vt 0.711271 0.282389
vt 0.691455 0.290290
vt 0.703645 0.275920
vt 0.711271 0.282389
vt 0.691455 0.290290
vt 0.696019 0.269451
vt 0.703645 0.275920
vt 0.686730 0.281477
vt 0.696019 0.269451
vt 0.691455 0.290290
vt 0.686730 0.281477
vt 0.677126 0.253424
vt 0.696019 0.269451
vt 0.675023 0.259641
vt 0.677126 0.253424
vt 0.686730 0.281477
vt 0.730164 0.298416
vt 0.711271 0.282389
vt 0.764983 0.254436
vt 0.711271 0.282389
vt 0.745553 0.239064
vt 0.764983 0.254436
vt 0.711271 0.282389
vt 0.703645 0.275920
vt 0.745553 0.239064
vt 0.703645 0.275920
vt 0.737710 0.232860
vt 0.745553 0.239064
vt 0.703645 0.275920
vt 0.729867 0.226656
vt 0.737710 0.232860
vt 0.696019 0.269451
vt 0.729867 0.226656
vt 0.703645 0.275920
vt 0.696019 0.269451
vt 0.710437 0.211284
vt 0.729867 0.226656
vt 0.677126 0.253424
vt 0.710437 0.211284
vt 0.696019 0.269451
vt 0.764983 0.254436
vt 0.745553 0.239064
vt 0.799001 0.211241
vt 0.745553 0.239064
vt 0.779536 0.195912
vt 0.799001 0.211241
vt 0.745553 0.239064
vt 0.737710 0.232860
vt 0.779536 0.195912
vt 0.737710 0.232860
vt 0.771680 0.189725
vt 0.779536 0.195912
vt 0.737710 0.232860
vt 0.763824 0.183538
vt 0.771680 0.189725
vt 0.729867 0.226656
vt 0.763824 0.183538
vt 0.737710 0.232860
vt 0.729867 0.226656
vt 0.744359 0.168209
vt 0.763824 0.183538
vt 0.710437 0.211284
vt 0.744359 0.168209
vt 0.729867 0.226656
vt 0.799001 0.211241
vt 0.779536 0.195912
vt 0.832942 0.168032
vt 0.779536 0.195912
vt 0.813459 0.152727
vt 0.832942 0.168032
vt 0.779536 0.195912
vt 0.771680 0.189725
vt 0.813459 0.152727
vt 0.771680 0.189725
vt 0.805595 0.146550
vt 0.813459 0.152727
vt 0.771680 0.189725
vt 0.797731 0.140373
vt 0.805595 0.146550
vt 0.763824 0.183538
vt 0.797731 0.140373
vt 0.771680 0.189725
vt 0.763824 0.183538
vt 0.778248 0.125068
vt 0.797731 0.140373
vt 0.744359 0.168209
vt 0.778248 0.125068
vt 0.763824 0.183538
vt 0.832942 0.168032
vt 0.813459 0.152727
vt 0.866851 0.124832
vt 0.813459 0.152727
vt 0.847361 0.109534
vt 0.866851 0.124832
vt 0.813459 0.152727
vt 0.805595 0.146550
vt 0.847361 0.109534
vt 0.805595 0.146550
vt 0.839495 0.103360
vt 0.847361 0.109534
vt 0.805595 0.146550
vt 0.831629 0.097186
vt 0.839495 0.103360
vt 0.797731 0.140373
vt 0.831629 0.097186
vt 0.805595 0.146550
vt 0.797731 0.140373
vt 0.812139 0.081888
vt 0.831629 0.097186
vt 0.778248 0.125068
vt 0.812139 0.081888
vt 0.797731 0.140373
vt 0.866851 0.124832
vt 0.847361 0.109534
vt 0.869840 0.120748
vt 0.847361 0.109534
vt 0.849774 0.106216
vt 0.869840 0.120748
vt 0.847361 0.109534
vt 0.839495 0.103360
vt 0.849774 0.106216
vt 0.839495 0.103360
vt 0.841675 0.100350
vt 0.849774 0.106216
vt 0.839495 0.103360
vt 0.833576 0.094484
vt 0.841675 0.100350
vt 0.831629 0.097186
vt 0.833576 0.094484
vt 0.839495 0.103360
vt 0.831629 0.097186
vt 0.813510 0.079952
vt 0.833576 0.094484
vt 0.812139 0.081888
vt 0.813510 0.079952
vt 0.831629 0.097186
vt 0.869840 0.120748
vt 0.849774 0.106216
vt 0.872958 0.115992
vt 0.849774 0.106216
vt 0.852106 0.102611
vt 0.872958 0.115992
vt 0.849774 0.106216
vt 0.841675 0.100350
vt 0.852106 0.102611
vt 0.841675 0.100350
vt 0.843690 0.097210
vt 0.852106 0.102611
vt 0.841675 0.100350
vt 0.835274 0.091809
vt 0.843690 0.097210
vt 0.833576 0.094484
vt 0.835274 0.091809
vt 0.841675 0.100350
vt 0.833576 0.094484
vt 0.814422 0.078428
vt 0.835274 0.091809
vt 0.813510 0.079952
vt 0.814422 0.078428
vt 0.833576 0.094484
vt 0.872958 0.115992
vt 0.852106 0.102611
vt 0.875396 0.111979
vt 0.852106 0.102611
vt 0.854186 0.099173
vt 0.875396 0.111979
vt 0.852106 0.102611
vt 0.843690 0.097210
vt 0.854186 0.099173
vt 0.843690 0.097210
vt 0.845625 0.094005
vt 0.854186 0.099173
vt 0.843690 0.097210
vt 0.837064 0.088837
vt 0.845625 0.094005
vt 0.835274 0.091809
vt 0.837064 0.088837
vt 0.843690 0.097210
vt 0.835274 0.091809
vt 0.815854 0.076031
vt 0.837064 0.088837
vt 0.814422 0.078428
vt 0.815854 0.076031
vt 0.835274 0.091809
vt 0.875396 0.111979
vt 0.854186 0.099173
vt 0.877318 0.108799
vt 0.854186 0.099173
vt 0.856117 0.095979
vt 0.877318 0.108799
vt 0.854186 0.099173
vt 0.845625 0.094005
vt 0.856117 0.095979
vt 0.845625 0.094005
vt 0.847560 0.090805
vt 0.856117 0.095979
vt 0.845625 0.094005
vt 0.839003 0.085631
vt 0.847560 0.090805
vt 0.837064 0.088837
vt 0.839003 0.085631
vt 0.845625 0.094005
vt 0.837064 0.088837
vt 0.817802 0.072811
vt 0.839003 0.085631
vt 0.815854 0.076031
vt 0.817802 0.072811
vt 0.837064 0.088837
vt 0.877318 0.108799
vt 0.856117 0.095979
vt 0.882222 0.094193
vt 0.856117 0.095979
vt 0.857730 0.090450
vt 0.882222 0.094193
vt 0.856117 0.095979
vt 0.847560 0.090805
vt 0.857730 0.090450
vt 0.847560 0.090805
vt 0.847845 0.088940
vt 0.857730 0.090450
vt 0.847560 0.090805
vt 0.837960 0.087430
vt 0.847845 0.088940
vt 0.839003 0.085631
vt 0.837960 0.087430
vt 0.847560 0.090805
vt 0.839003 0.085631
vt 0.813468 0.083687
vt 0.837960 0.087430
vt 0.817802 0.072811
vt 0.813468 0.083687
vt 0.839003 0.085631
vt 0.882222 0.094193
vt 0.857730 0.090450
vt 0.879011 0.073350
vt 0.857730 0.090450
vt 0.856187 0.082989
vt 0.879011 0.073350
vt 0.857730 0.090450
vt 0.847845 0.088940
vt 0.856187 0.082989
vt 0.847845 0.088940
vt 0.846975 0.086880
vt 0.856187 0.082989
vt 0.847845 0.088940
vt 0.837763 0.090771
vt 0.846975 0.086880
vt 0.837960 0.087430
vt 0.837763 0.090771
vt 0.847845 0.088940
vt 0.837960 0.087430
vt 0.814939 0.100410
vt 0.837763 0.090771
vt 0.813468 0.083687
vt 0.814939 0.100410
vt 0.837960 0.087430
vt 0.879011 0.073350
vt 0.856187 0.082989
vt 0.870296 0.060972
vt 0.856187 0.082989
vt 0.852495 0.078205
vt 0.870296 0.060972
vt 0.856187 0.082989
vt 0.846975 0.086880
vt 0.852495 0.078205
vt 0.846975 0.086880
vt 0.845310 0.085160
vt 0.852495 0.078205
vt 0.846975 0.086880
vt 0.838125 0.092115
vt 0.845310 0.085160
vt 0.837763 0.090771
vt 0.838125 0.092115
vt 0.846975 0.086880
vt 0.837763 0.090771
vt 0.820324 0.109348
vt 0.838125 0.092115
vt 0.814939 0.100410
vt 0.820324 0.109348
vt 0.837763 0.090771
vt 0.870296 0.060972
vt 0.852495 0.078205
vt 0.856191 0.052053
vt 0.852495 0.078205
vt 0.846943 0.075038
vt 0.856191 0.052053
vt 0.852495 0.078205
vt 0.845310 0.085160
vt 0.846943 0.075038
vt 0.845310 0.085160
vt 0.843210 0.084315
vt 0.846943 0.075038
vt 0.845310 0.085160
vt 0.839477 0.093592
vt 0.843210 0.084315
vt 0.838125 0.092115
vt 0.839477 0.093592
vt 0.845310 0.085160
vt 0.838125 0.092115
vt 0.830228 0.116577
vt 0.839477 0.093592
vt 0.820324 0.109348
vt 0.830228 0.116577
vt 0.838125 0.092115
vt 0.856191 0.052053
vt 0.846943 0.075038
vt 0.844379 0.049431
vt 0.846943 0.075038
vt 0.841434 0.074031
vt 0.844379 0.049431
vt 0.846943 0.075038
vt 0.843210 0.084315
vt 0.841434 0.074031
vt 0.843210 0.084315
vt 0.840245 0.083960
vt 0.841434 0.074031
vt 0.843210 0.084315
vt 0.839056 0.093889
vt 0.840245 0.083960
vt 0.839477 0.093592
vt 0.839056 0.093889
vt 0.843210 0.084315
vt 0.839477 0.093592
vt 0.836111 0.118489
vt 0.839056 0.093889
vt 0.830228 0.116577
vt 0.836111 0.118489
vt 0.839477 0.093592
vt 0.844379 0.049431
vt 0.841434 0.074031
vt 0.841517 0.049079
vt 0.841434 0.074031
vt 0.838495 0.073670
vt 0.841517 0.049079
vt 0.841434 0.074031
vt 0.840245 0.083960
vt 0.838495 0.073670
vt 0.840245 0.083960
vt 0.837275 0.083595
vt 0.838495 0.073670
vt 0.840245 0.083960
vt 0.836055 0.093520
vt 0.837275 0.083595
vt 0.839056 0.093889
vt 0.836055 0.093520
vt 0.840245 0.083960
vt 0.839056 0.093889
vt 0.833033 0.118111
vt 0.836055 0.093520
vt 0.836111 0.118489
vt 0.833033 0.118111
vt 0.839056 0.093889
vt 0.841517 0.049079
vt 0.838495 0.073670
vt 0.837115 0.048693
vt 0.838495 0.073670
vt 0.835117 0.073388
vt 0.837115 0.048693
vt 0.838495 0.073670
vt 0.837275 0.083595
vt 0.835117 0.073388
vt 0.837275 0.083595
vt 0.834310 0.083355
vt 0.835117 0.073388
vt 0.837275 0.083595
vt 0.833503 0.093323
vt 0.834310 0.083355
vt 0.836055 0.093520
vt 0.833503 0.093323
vt 0.837275 0.083595
vt 0.836055 0.093520
vt 0.831504 0.118018
vt 0.833503 0.093323
vt 0.833033 0.118111
vt 0.831504 0.118018
vt 0.836055 0.093520
vt 0.837115 0.048693
vt 0.835117 0.073388
vt 0.831124 0.048600
vt 0.835117 0.073388
vt 0.831292 0.073375
vt 0.831124 0.048600
vt 0.835117 0.073388
vt 0.834310 0.083355
vt 0.831292 0.073375
vt 0.834310 0.083355
vt 0.831360 0.083375
vt 0.831292 0.073375
vt 0.834310 0.083355
vt 0.831428 0.093375
vt 0.831360 0.083375
vt 0.833503 0.093323
vt 0.831428 0.093375
vt 0.834310 0.083355
vt 0.833503 0.093323
vt 0.831596 0.118150
vt 0.831428 0.093375
vt 0.831504 0.118018
vt 0.831596 0.118150
vt 0.833503 0.093323
vt 0.831124 0.048600
vt 0.831292 0.073375
vt 0.820545 0.049304
vt 0.831292 0.073375
vt 0.822372 0.074012
vt 0.820545 0.049304
vt 0.831292 0.073375
vt 0.831360 0.083375
vt 0.822372 0.074012
vt 0.831360 0.083375
vt 0.823110 0.083985
vt 0.822372 0.074012
vt 0.831360 0.083375
vt 0.823847 0.093958
vt 0.823110 0.083985
vt 0.831428 0.093375
vt 0.823847 0.093958
vt 0.831360 0.083375
vt 0.831428 0.093375
vt 0.825674 0.118666
vt 0.823847 0.093958
vt 0.831596 0.118150
vt 0.825674 0.118666
vt 0.831428 0.093375
vt 0.820545 0.049304
vt 0.822372 0.074012
vt 0.811843 0.050061
vt 0.822372 0.074012
vt 0.813999 0.074743
vt 0.811843 0.050061
vt 0.822372 0.074012
vt 0.823110 0.083985
vt 0.813999 0.074743
vt 0.823110 0.083985
vt 0.814870 0.084705
vt 0.813999 0.074743
vt 0.823110 0.083985
vt 0.815740 0.094667
vt 0.814870 0.084705
vt 0.823847 0.093958
vt 0.815740 0.094667
vt 0.823110 0.083985
vt 0.823847 0.093958
vt 0.817897 0.119349
vt 0.815740 0.094667
vt 0.825674 0.118666
vt 0.817897 0.119349
vt 0.823847 0.093958
vt 0.651410 0.311390
vt 0.653908 0.296445
vt 0.674964 0.283387
vt 0.651410 0.311390
vt 0.645410 0.301715
vt 0.653908 0.296445
vt 0.651410 0.311390
vt 0.636912 0.306985
vt 0.645410 0.301715
vt 0.651410 0.311390
vt 0.615856 0.320043
vt 0.636912 0.306985
vt 0.674964 0.283387
vt 0.653908 0.296445
vt 0.664273 0.270428
vt 0.653908 0.296445
vt 0.645594 0.286705
vt 0.664273 0.270428
vt 0.653908 0.296445
vt 0.645410 0.301715
vt 0.645594 0.286705
vt 0.645410 0.301715
vt 0.638055 0.293275
vt 0.645594 0.286705
vt 0.645410 0.301715
vt 0.630516 0.299845
vt 0.638055 0.293275
vt 0.636912 0.306985
vt 0.630516 0.299845
vt 0.645410 0.301715
vt 0.636912 0.306985
vt 0.611837 0.316122
vt 0.630516 0.299845
vt 0.615856 0.320043
vt 0.611837 0.316122
vt 0.636912 0.306985
vt 0.664273 0.270428
vt 0.645594 0.286705
vt 0.652242 0.259571
vt 0.645594 0.286705
vt 0.636040 0.278315
vt 0.652242 0.259571
vt 0.645594 0.286705
vt 0.638055 0.293275
vt 0.636040 0.278315
vt 0.638055 0.293275
vt 0.629500 0.285880
vt 0.636040 0.278315
vt 0.638055 0.293275
vt 0.622961 0.293445
vt 0.629500 0.285880
vt 0.630516 0.299845
vt 0.622961 0.293445
vt 0.638055 0.293275
vt 0.630516 0.299845
vt 0.606758 0.312189
vt 0.622961 0.293445
vt 0.611837 0.316122
vt 0.606758 0.312189
vt 0.630516 0.299845
vt 0.652242 0.259571
vt 0.636040 0.278315
vt 0.629934 0.246008
vt 0.636040 0.278315
vt 0.617577 0.267482
vt 0.629934 0.246008
vt 0.636040 0.278315
vt 0.629500 0.285880
vt 0.617577 0.267482
vt 0.629500 0.285880
vt 0.612590 0.276150
vt 0.617577 0.267482
vt 0.629500 0.285880
vt 0.607603 0.284818
vt 0.612590 0.276150
vt 0.622961 0.293445
vt 0.607603 0.284818
vt 0.629500 0.285880
vt 0.622961 0.293445
vt 0.595246 0.306292
vt 0.607603 0.284818
vt 0.606758 0.312189
vt 0.595246 0.306292
vt 0.622961 0.293445
vt 0.629934 0.246008
vt 0.617577 0.267482
vt 0.603330 0.238005
vt 0.617577 0.267482
vt 0.597342 0.262046
vt 0.603330 0.238005
vt 0.617577 0.267482
vt 0.612590 0.276150
vt 0.597342 0.262046
vt 0.612590 0.276150
vt 0.594925 0.271750
vt 0.597342 0.262046
vt 0.612590 0.276150
vt 0.592508 0.281454
vt 0.594925 0.271750
vt 0.607603 0.284818
vt 0.592508 0.281454
vt 0.612590 0.276150
vt 0.607603 0.284818
vt 0.586520 0.305495
vt 0.592508 0.281454
vt 0.595246 0.306292
vt 0.586520 0.305495
vt 0.607603 0.284818
vt 0.603330 0.238005
vt 0.597342 0.262046
vt 0.575803 0.237472
vt 0.597342 0.262046
vt 0.576464 0.262239
vt 0.575803 0.237472
vt 0.597342 0.262046
vt 0.594925 0.271750
vt 0.576464 0.262239
vt 0.594925 0.271750
vt 0.576730 0.272235
vt 0.576464 0.262239
vt 0.594925 0.271750
vt 0.576997 0.282231
vt 0.576730 0.272235
vt 0.592508 0.281454
vt 0.576997 0.282231
vt 0.594925 0.271750
vt 0.592508 0.281454
vt 0.577657 0.306998
vt 0.576997 0.282231
vt 0.586520 0.305495
vt 0.577657 0.306998
vt 0.592508 0.281454
vt 0.575803 0.237472
vt 0.576464 0.262239
vt 0.549292 0.243547
vt 0.576464 0.262239
vt 0.555660 0.267491
vt 0.549292 0.243547
vt 0.576464 0.262239
vt 0.576730 0.272235
vt 0.555660 0.267491
vt 0.576730 0.272235
vt 0.558230 0.277155
vt 0.555660 0.267491
vt 0.576730 0.272235
vt 0.560800 0.286819
vt 0.558230 0.277155
vt 0.576997 0.282231
vt 0.560800 0.286819
vt 0.576730 0.272235
vt 0.576997 0.282231
vt 0.567168 0.310763
vt 0.560800 0.286819
vt 0.577657 0.306998
vt 0.567168 0.310763
vt 0.576997 0.282231
vt 0.549292 0.243547
vt 0.555660 0.267491
vt 0.519063 0.257479
vt 0.555660 0.267491
vt 0.529858 0.279779
vt 0.519063 0.257479
vt 0.555660 0.267491
vt 0.558230 0.277155
vt 0.529858 0.279779
vt 0.558230 0.277155
vt 0.534215 0.288780
vt 0.529858 0.279779
vt 0.558230 0.277155
vt 0.538572 0.297781
vt 0.534215 0.288780
vt 0.560800 0.286819
vt 0.538572 0.297781
vt 0.558230 0.277155
vt 0.560800 0.286819
vt 0.549367 0.320081
vt 0.538572 0.297781
vt 0.567168 0.310763
vt 0.549367 0.320081
vt 0.560800 0.286819
vt 0.519063 0.257479
vt 0.529858 0.279779
vt 0.492691 0.276428
vt 0.529858 0.279779
vt 0.507541 0.296260
vt 0.492691 0.276428
vt 0.529858 0.279779
vt 0.534215 0.288780
vt 0.507541 0.296260
vt 0.534215 0.288780
vt 0.513535 0.304265
vt 0.507541 0.296260
vt 0.534215 0.288780
vt 0.519529 0.312270
vt 0.513535 0.304265
vt 0.538572 0.297781
vt 0.519529 0.312270
vt 0.534215 0.288780
vt 0.538572 0.297781
vt 0.534379 0.332102
vt 0.519529 0.312270
vt 0.549367 0.320081
vt 0.534379 0.332102
vt 0.538572 0.297781
vt 0.492691 0.276428
vt 0.507541 0.296260
vt 0.470369 0.300222
vt 0.507541 0.296260
vt 0.488776 0.316806
vt 0.470369 0.300222
vt 0.507541 0.296260
vt 0.513535 0.304265
vt 0.488776 0.316806
vt 0.513535 0.304265
vt 0.496205 0.323500
vt 0.488776 0.316806
vt 0.513535 0.304265
vt 0.503634 0.330194
vt 0.496205 0.323500
vt 0.519529 0.312270
vt 0.503634 0.330194
vt 0.513535 0.304265
vt 0.519529 0.312270
vt 0.522041 0.346778
vt 0.503634 0.330194
vt 0.534379 0.332102
vt 0.522041 0.346778
vt 0.519529 0.312270
vt 0.470369 0.300222
vt 0.488776 0.316806
vt 0.452566 0.328248
vt 0.488776 0.316806
vt 0.473714 0.341155
vt 0.452566 0.328248
vt 0.488776 0.316806
vt 0.496205 0.323500
vt 0.473714 0.341155
vt 0.496205 0.323500
vt 0.482250 0.346365
vt 0.473714 0.341155
vt 0.496205 0.323500
vt 0.490786 0.351575
vt 0.482250 0.346365
vt 0.503634 0.330194
vt 0.490786 0.351575
vt 0.496205 0.323500
vt 0.503634 0.330194
vt 0.511934 0.364482
vt 0.490786 0.351575
vt 0.522041 0.346778
vt 0.511934 0.364482
vt 0.503634 0.330194
vt 0.452566 0.328248
vt 0.473714 0.341155
vt 0.443420 0.348142
vt 0.473714 0.341155
vt 0.466069 0.358186
vt 0.443420 0.348142
vt 0.473714 0.341155
vt 0.482250 0.346365
vt 0.466069 0.358186
vt 0.482250 0.346365
vt 0.475210 0.362240
vt 0.466069 0.358186
vt 0.482250 0.346365
vt 0.484351 0.366294
vt 0.475210 0.362240
vt 0.490786 0.351575
vt 0.484351 0.366294
vt 0.482250 0.346365
vt 0.490786 0.351575
vt 0.507000 0.376338
vt 0.484351 0.366294
vt 0.511934 0.364482
vt 0.507000 0.376338
vt 0.490786 0.351575
vt 0.443420 0.348142
vt 0.466069 0.358186
vt 0.436779 0.367588
vt 0.466069 0.358186
vt 0.460287 0.375412
vt 0.436779 0.367588
vt 0.466069 0.358186
vt 0.475210 0.362240
vt 0.460287 0.375412
vt 0.475210 0.362240
vt 0.469775 0.378570
vt 0.460287 0.375412
vt 0.475210 0.362240
vt 0.479263 0.381728
vt 0.469775 0.378570
vt 0.484351 0.366294
vt 0.479263 0.381728
vt 0.475210 0.362240
vt 0.484351 0.366294
vt 0.502771 0.389552
vt 0.479263 0.381728
vt 0.507000 0.376338
vt 0.502771 0.389552
vt 0.484351 0.366294
vt 0.436779 0.367588
vt 0.460287 0.375412
vt 0.432142 0.387994
vt 0.460287 0.375412
vt 0.456353 0.393253
vt 0.432142 0.387994
vt 0.460287 0.375412
vt 0.469775 0.378570
vt 0.456353 0.393253
vt 0.469775 0.378570
vt 0.466125 0.395375
vt 0.456353 0.393253
vt 0.469775 0.378570
vt 0.475897 0.397497
vt 0.466125 0.395375
vt 0.479263 0.381728
vt 0.475897 0.397497
vt 0.469775 0.378570
vt 0.479263 0.381728
vt 0.500109 0.402756
vt 0.475897 0.397497
vt 0.502771 0.389552
vt 0.500109 0.402756
vt 0.479263 0.381728
vt 0.432142 0.387994
vt 0.456353 0.393253
vt 0.429824 0.409276
vt 0.456353 0.393253
vt 0.454483 0.411687
vt 0.429824 0.409276
vt 0.456353 0.393253
vt 0.466125 0.395375
vt 0.454483 0.411687
vt 0.466125 0.395375
vt 0.464435 0.412660
vt 0.454483 0.411687
vt 0.466125 0.395375
vt 0.474388 0.413633
vt 0.464435 0.412660
vt 0.475897 0.397497
vt 0.474388 0.413633
vt 0.466125 0.395375
vt 0.475897 0.397497
vt 0.499046 0.416044
vt 0.474388 0.413633
vt 0.500109 0.402756
vt 0.499046 0.416044
vt 0.475897 0.397497
vt 0.429824 0.409276
vt 0.454483 0.411687
vt 0.429451 0.423261
vt 0.454483 0.411687
vt 0.454222 0.423734
vt 0.429451 0.423261
vt 0.454483 0.411687
vt 0.464435 0.412660
vt 0.454222 0.423734
vt 0.464435 0.412660
vt 0.464220 0.423925
vt 0.454222 0.423734
vt 0.464435 0.412660
vt 0.474218 0.424116
vt 0.464220 0.423925
vt 0.474388 0.413633
vt 0.474218 0.424116
vt 0.464435 0.412660
vt 0.474388 0.413633
vt 0.498990 0.424589
vt 0.474218 0.424116
vt 0.499046 0.416044
vt 0.498990 0.424589
vt 0.474388 0.413633
vt 0.429451 0.423261
vt 0.454222 0.423734
vt 0.429515 0.435416
vt 0.454222 0.423734
vt 0.454290 0.435262
vt 0.429515 0.435416
vt 0.454222 0.423734
vt 0.464220 0.423925
vt 0.454290 0.435262
vt 0.464220 0.423925
vt 0.464290 0.435200
vt 0.454290 0.435262
vt 0.464220 0.423925
vt 0.474290 0.435138
vt 0.464290 0.435200
vt 0.474218 0.424116
vt 0.474290 0.435138
vt 0.464220 0.423925
vt 0.474218 0.424116
vt 0.499065 0.434984
vt 0.474290 0.435138
vt 0.498990 0.424589
vt 0.499065 0.434984
vt 0.474218 0.424116
vt 0.429515 0.435416
vt 0.454290 0.435262
vt 0.429699 0.447035
vt 0.454290 0.435262
vt 0.454471 0.446640
vt 0.429699 0.447035
vt 0.454290 0.435262
vt 0.464290 0.435200
vt 0.454471 0.446640
vt 0.464290 0.435200
vt 0.464470 0.446480
vt 0.454471 0.446640
vt 0.464290 0.435200
vt 0.474469 0.446320
vt 0.464470 0.446480
vt 0.474290 0.435138
vt 0.474469 0.446320
vt 0.464290 0.435200
vt 0.474290 0.435138
vt 0.499241 0.445925
vt 0.474469 0.446320
vt 0.499065 0.434984
vt 0.499241 0.445925
vt 0.474290 0.435138
vt 0.429699 0.447035
vt 0.454471 0.446640
vt 0.429811 0.458115
vt 0.454471 0.446640
vt 0.454586 0.457862
vt 0.429811 0.458115
vt 0.454471 0.446640
vt 0.464470 0.446480
vt 0.454586 0.457862
vt 0.464470 0.446480
vt 0.464585 0.457760
vt 0.454586 0.457862
vt 0.464470 0.446480
vt 0.474585 0.457658
vt 0.464585 0.457760
vt 0.474469 0.446320
vt 0.474585 0.457658
vt 0.464470 0.446480
vt 0.474469 0.446320
vt 0.499359 0.457405
vt 0.474585 0.457658
vt 0.499241 0.445925
vt 0.499359 0.457405
vt 0.474469 0.446320
vt 0.429811 0.458115
vt 0.454586 0.457862
vt 0.429789 0.462852
vt 0.454586 0.457862
vt 0.454565 0.462947
vt 0.429789 0.462852
vt 0.454586 0.457862
vt 0.464585 0.457760
vt 0.454565 0.462947
vt 0.464585 0.457760
vt 0.464565 0.462985
vt 0.454565 0.462947
vt 0.464585 0.457760
vt 0.474565 0.463023
vt 0.464565 0.462985
vt 0.474585 0.457658
vt 0.474565 0.463023
vt 0.464585 0.457760
vt 0.474585 0.457658
vt 0.499341 0.463118
vt 0.474565 0.463023
vt 0.499359 0.457405
vt 0.499341 0.463118
vt 0.474585 0.457658
vt 0.429789 0.462852
vt 0.454565 0.462947
vt 0.429722 0.467744
vt 0.454565 0.462947
vt 0.454496 0.468076
vt 0.429722 0.467744
vt 0.454565 0.462947
vt 0.464565 0.462985
vt 0.454496 0.468076
vt 0.464565 0.462985
vt 0.464495 0.468210
vt 0.454496 0.468076
vt 0.464565 0.462985
vt 0.474494 0.468344
vt 0.464495 0.468210
vt 0.474565 0.463023
vt 0.474494 0.468344
vt 0.464565 0.462985
vt 0.474565 0.463023
vt 0.499268 0.468676
vt 0.474494 0.468344
vt 0.499341 0.463118
vt 0.499268 0.468676
vt 0.474565 0.463023
vt 0.429722 0.467744
vt 0.454496 0.468076
vt 0.429621 0.472737
vt 0.454496 0.468076
vt 0.454392 0.473234
vt 0.429621 0.472737
vt 0.454496 0.468076
vt 0.464495 0.468210
vt 0.454392 0.473234
vt 0.464495 0.468210
vt 0.464390 0.473435
vt 0.454392 0.473234
vt 0.464495 0.468210
vt 0.474388 0.473636
vt 0.464390 0.473435
vt 0.474494 0.468344
vt 0.474388 0.473636
vt 0.464495 0.468210
vt 0.474494 0.468344
vt 0.499159 0.474134
vt 0.474388 0.473636
vt 0.499268 0.468676
vt 0.499159 0.474134
vt 0.474494 0.468344
vt 0.429621 0.472737
vt 0.454392 0.473234
vt 0.429503 0.477862
vt 0.454392 0.473234
vt 0.454273 0.478430
vt 0.429503 0.477862
vt 0.454392 0.473234
vt 0.464390 0.473435
vt 0.454273 0.478430
vt 0.464390 0.473435
vt 0.464270 0.478660
vt 0.454273 0.478430
vt 0.464390 0.473435
vt 0.474267 0.478890
vt 0.464270 0.478660
vt 0.474388 0.473636
vt 0.474267 0.478890
vt 0.464390 0.473435
vt 0.474388 0.473636
vt 0.499037 0.479459
vt 0.474267 0.478890
vt 0.499159 0.474134
vt 0.499037 0.479459
vt 0.474388 0.473636
vt 0.429503 0.477862
vt 0.454273 0.478430
vt 0.431827 0.466004
vt 0.454273 0.478430
vt 0.454403 0.476211
vt 0.431827 0.466004
vt 0.454273 0.478430
vt 0.464270 0.478660
vt 0.454403 0.476211
vt 0.464270 0.478660
vt 0.463515 0.480330
vt 0.454403 0.476211
vt 0.464270 0.478660
vt 0.472627 0.484450
vt 0.463515 0.480330
vt 0.474267 0.478890
vt 0.472627 0.484450
vt 0.464270 0.478660
vt 0.474267 0.478890
vt 0.495203 0.494656
vt 0.472627 0.484450
vt 0.499037 0.479459
vt 0.495203 0.494656
vt 0.474267 0.478890
vt 0.431827 0.466004
vt 0.454403 0.476211
vt 0.439623 0.454955
vt 0.454403 0.476211
vt 0.455373 0.474081
vt 0.439623 0.454955
vt 0.454403 0.476211
vt 0.463515 0.480330
vt 0.455373 0.474081
vt 0.463515 0.480330
vt 0.461730 0.481800
vt 0.455373 0.474081
vt 0.463515 0.480330
vt 0.468087 0.489519
vt 0.461730 0.481800
vt 0.472627 0.484450
vt 0.468087 0.489519
vt 0.463515 0.480330
vt 0.472627 0.484450
vt 0.483837 0.508645
vt 0.468087 0.489519
vt 0.495203 0.494656
vt 0.483837 0.508645
vt 0.472627 0.484450
vt 0.439623 0.454955
vt 0.455373 0.474081
vt 0.446175 0.450603
vt 0.455373 0.474081
vt 0.455668 0.473488
vt 0.446175 0.450603
vt 0.455373 0.474081
vt 0.461730 0.481800
vt 0.455668 0.473488
vt 0.461730 0.481800
vt 0.459500 0.482725
vt 0.455668 0.473488
vt 0.461730 0.481800
vt 0.463332 0.491962
vt 0.459500 0.482725
vt 0.468087 0.489519
vt 0.463332 0.491962
vt 0.461730 0.481800
vt 0.468087 0.489519
vt 0.472825 0.514847
vt 0.463332 0.491962
vt 0.483837 0.508645
vt 0.472825 0.514847
vt 0.468087 0.489519
vt 0.446175 0.450603
vt 0.455668 0.473488
vt 0.456839 0.447989
vt 0.455668 0.473488
vt 0.457257 0.472762
vt 0.456839 0.447989
vt 0.455668 0.473488
vt 0.459500 0.482725
vt 0.457257 0.472762
vt 0.459500 0.482725
vt 0.457425 0.482760
vt 0.457257 0.472762
vt 0.459500 0.482725
vt 0.457594 0.492759
vt 0.457425 0.482760
vt 0.463332 0.491962
vt 0.457594 0.492759
vt 0.459500 0.482725
vt 0.463332 0.491962
vt 0.458011 0.517531
vt 0.457594 0.492759
vt 0.472825 0.514847
vt 0.458011 0.517531
vt 0.463332 0.491962
vt 0.456839 0.447989
vt 0.457257 0.472762
vt 0.433645 0.437108
vt 0.457257 0.472762
vt 0.425178 0.460392
vt 0.433645 0.437108
vt 0.457257 0.472762
vt 0.457425 0.482760
vt 0.425178 0.460392
vt 0.457425 0.482760
vt 0.421760 0.469790
vt 0.425178 0.460392
vt 0.457425 0.482760
vt 0.418342 0.479188
vt 0.421760 0.469790
vt 0.457594 0.492759
vt 0.418342 0.479188
vt 0.457425 0.482760
vt 0.457594 0.492759
vt 0.409875 0.502472
vt 0.418342 0.479188
vt 0.458011 0.517531
vt 0.409875 0.502472
vt 0.457594 0.492759
vt 0.433645 0.437108
vt 0.425178 0.460392
vt 0.405448 0.421619
vt 0.425178 0.460392
vt 0.393758 0.443463
vt 0.405448 0.421619
vt 0.425178 0.460392
vt 0.421760 0.469790
vt 0.393758 0.443463
vt 0.421760 0.469790
vt 0.389040 0.452280
vt 0.393758 0.443463
vt 0.421760 0.469790
vt 0.384322 0.461097
vt 0.389040 0.452280
vt 0.418342 0.479188
vt 0.384322 0.461097
vt 0.421760 0.469790
vt 0.418342 0.479188
vt 0.372632 0.482941
vt 0.384322 0.461097
vt 0.409875 0.502472
vt 0.372632 0.482941
vt 0.418342 0.479188
vt 0.405448 0.421619
vt 0.393758 0.443463
vt 0.380515 0.402167
vt 0.393758 0.443463
vt 0.365543 0.421908
vt 0.380515 0.402167
vt 0.393758 0.443463
vt 0.389040 0.452280
vt 0.365543 0.421908
vt 0.389040 0.452280
vt 0.359500 0.429875
vt 0.365543 0.421908
vt 0.389040 0.452280
vt 0.353457 0.437843
vt 0.359500 0.429875
vt 0.384322 0.461097
vt 0.353457 0.437843
vt 0.389040 0.452280
vt 0.384322 0.461097
vt 0.338485 0.457583
vt 0.353457 0.437843
vt 0.372632 0.482941
vt 0.338485 0.457583
vt 0.384322 0.461097
vt 0.380515 0.402167
vt 0.365543 0.421908
vt 0.358664 0.378339
vt 0.365543 0.421908
vt 0.340651 0.395349
vt 0.358664 0.378339
vt 0.365543 0.421908
vt 0.359500 0.429875
vt 0.340651 0.395349
vt 0.359500 0.429875
vt 0.333380 0.402215
vt 0.340651 0.395349
vt 0.359500 0.429875
vt 0.326110 0.409081
vt 0.333380 0.402215
vt 0.353457 0.437843
vt 0.326110 0.409081
vt 0.359500 0.429875
vt 0.353457 0.437843
vt 0.308096 0.426091
vt 0.326110 0.409081
vt 0.338485 0.457583
vt 0.308096 0.426091
vt 0.353457 0.437843
vt 0.358664 0.378339
vt 0.340651 0.395349
vt 0.359626 0.379289
vt 0.340651 0.395349
vt 0.339951 0.394347
vt 0.359626 0.379289
vt 0.340651 0.395349
vt 0.333380 0.402215
vt 0.339951 0.394347
vt 0.333380 0.402215
vt 0.332010 0.400425
vt 0.339951 0.394347
vt 0.333380 0.402215
vt 0.324069 0.406503
vt 0.332010 0.400425
vt 0.326110 0.409081
vt 0.324069 0.406503
vt 0.333380 0.402215
vt 0.326110 0.409081
vt 0.304394 0.421561
vt 0.324069 0.406503
vt 0.308096 0.426091
vt 0.304394 0.421561
vt 0.326110 0.409081
vt 0.359626 0.379289
vt 0.339951 0.394347
vt 0.359362 0.378829
vt 0.339951 0.394347
vt 0.338960 0.392886
vt 0.359362 0.378829
vt 0.339951 0.394347
vt 0.332010 0.400425
vt 0.338960 0.392886
vt 0.332010 0.400425
vt 0.330725 0.398560
vt 0.338960 0.392886
vt 0.332010 0.400425
vt 0.322491 0.404234
vt 0.330725 0.398560
vt 0.324069 0.406503
vt 0.322491 0.404234
vt 0.332010 0.400425
vt 0.324069 0.406503
vt 0.302089 0.418291
vt 0.322491 0.404234
vt 0.304394 0.421561
vt 0.302089 0.418291
vt 0.324069 0.406503
vt 0.359362 0.378829
vt 0.338960 0.392886
vt 0.359392 0.378745
vt 0.338960 0.392886
vt 0.338142 0.391483
vt 0.359392 0.378745
vt 0.338960 0.392886
vt 0.330725 0.398560
vt 0.338142 0.391483
vt 0.330725 0.398560
vt 0.329565 0.396625
vt 0.338142 0.391483
vt 0.330725 0.398560
vt 0.320988 0.401767
vt 0.329565 0.396625
vt 0.322491 0.404234
vt 0.320988 0.401767
vt 0.330725 0.398560
vt 0.322491 0.404234
vt 0.299738 0.414506
vt 0.320988 0.401767
vt 0.302089 0.418291
vt 0.299738 0.414506
vt 0.322491 0.404234
vt 0.359392 0.378745
vt 0.338142 0.391483
vt 0.359757 0.379224
vt 0.338142 0.391483
vt 0.337542 0.390193
vt 0.359757 0.379224
vt 0.338142 0.391483
vt 0.329565 0.396625
vt 0.337542 0.390193
vt 0.329565 0.396625
vt 0.328575 0.394620
vt 0.337542 0.390193
vt 0.329565 0.396625
vt 0.319609 0.399047
vt 0.328575 0.394620
vt 0.320988 0.401767
vt 0.319609 0.399047
vt 0.329565 0.396625
vt 0.320988 0.401767
vt 0.297393 0.410016
vt 0.319609 0.399047
vt 0.299738 0.414506
vt 0.297393 0.410016
vt 0.320988 0.401767
vt 0.359757 0.379224
vt 0.337542 0.390193
vt 0.362348 0.386254
vt 0.337542 0.390193
vt 0.338119 0.391431
vt 0.362348 0.386254
vt 0.337542 0.390193
vt 0.328575 0.394620
vt 0.338119 0.391431
vt 0.328575 0.394620
vt 0.328340 0.393520
vt 0.338119 0.391431
vt 0.328575 0.394620
vt 0.318561 0.395609
vt 0.328340 0.393520
vt 0.319609 0.399047
vt 0.318561 0.395609
vt 0.328575 0.394620
vt 0.319609 0.399047
vt 0.294332 0.400786
vt 0.318561 0.395609
vt 0.297393 0.410016
vt 0.294332 0.400786
vt 0.319609 0.399047
vt 0.362348 0.386254
vt 0.338119 0.391431
vt 0.363116 0.394767
vt 0.338119 0.391431
vt 0.338404 0.392988
vt 0.363116 0.394767
vt 0.338119 0.391431
vt 0.328340 0.393520
vt 0.338404 0.392988
vt 0.328340 0.393520
vt 0.328430 0.392270
vt 0.338404 0.392988
vt 0.328340 0.393520
vt 0.318456 0.391552
vt 0.328430 0.392270
vt 0.318561 0.395609
vt 0.318456 0.391552
vt 0.328340 0.393520
vt 0.318561 0.395609
vt 0.293744 0.389773
vt 0.318456 0.391552
vt 0.294332 0.400786
vt 0.293744 0.389773
vt 0.318561 0.395609
vt 0.363116 0.394767
vt 0.338404 0.392988
vt 0.362609 0.398824
vt 0.338404 0.392988
vt 0.338472 0.393232
vt 0.362609 0.398824
vt 0.338404 0.392988
vt 0.328430 0.392270
vt 0.338472 0.393232
vt 0.328430 0.392270
vt 0.328730 0.390975
vt 0.338472 0.393232
vt 0.328430 0.392270
vt 0.318988 0.388718
vt 0.328730 0.390975
vt 0.318456 0.391552
vt 0.318988 0.388718
vt 0.328430 0.392270
vt 0.318456 0.391552
vt 0.294852 0.383126
vt 0.318988 0.388718
vt 0.293744 0.389773
vt 0.294852 0.383126
vt 0.318456 0.391552
vt 0.362609 0.398824
vt 0.338472 0.393232
vt 0.362223 0.400422
vt 0.338472 0.393232
vt 0.338643 0.392819
vt 0.362223 0.400422
vt 0.338472 0.393232
vt 0.328730 0.390975
vt 0.338643 0.392819
vt 0.328730 0.390975
vt 0.329125 0.389750
vt 0.338643 0.392819
vt 0.328730 0.390975
vt 0.319608 0.386681
vt 0.329125 0.389750
vt 0.318988 0.388718
vt 0.319608 0.386681
vt 0.328730 0.390975
vt 0.318988 0.388718
vt 0.296027 0.379078
vt 0.319608 0.386681
vt 0.294852 0.383126
vt 0.296027 0.379078
vt 0.318988 0.388718
vt 0.362223 0.400422
vt 0.338643 0.392819
vt 0.355130 0.412847
vt 0.338643 0.392819
vt 0.336884 0.396085
vt 0.355130 0.412847
vt 0.338643 0.392819
vt 0.329125 0.389750
vt 0.336884 0.396085
vt 0.329125 0.389750
vt 0.329520 0.389320
vt 0.336884 0.396085
vt 0.329125 0.389750
vt 0.322156 0.382555
vt 0.329520 0.389320
vt 0.319608 0.386681
vt 0.322156 0.382555
vt 0.329125 0.389750
vt 0.319608 0.386681
vt 0.303910 0.365793
vt 0.322156 0.382555
vt 0.296027 0.379078
vt 0.303910 0.365793
vt 0.319608 0.386681
vt 0.355130 0.412847
vt 0.336884 0.396085
vt 0.345618 0.420156
vt 0.336884 0.396085
vt 0.334662 0.397934
vt 0.345618 0.420156
vt 0.336884 0.396085
vt 0.329520 0.389320
vt 0.334662 0.397934
vt 0.329520 0.389320
vt 0.330240 0.388965
vt 0.334662 0.397934
vt 0.329520 0.389320
vt 0.325818 0.379996
vt 0.330240 0.388965
vt 0.322156 0.382555
vt 0.325818 0.379996
vt 0.329520 0.389320
vt 0.322156 0.382555
vt 0.314862 0.357774
vt 0.325818 0.379996
vt 0.303910 0.365793
vt 0.314862 0.357774
vt 0.322156 0.382555
vt 0.345618 0.420156
vt 0.334662 0.397934
vt 0.339452 0.422509
vt 0.334662 0.397934
vt 0.333477 0.398465
vt 0.339452 0.422509
vt 0.334662 0.397934
vt 0.330240 0.388965
vt 0.333477 0.398465
vt 0.330240 0.388965
vt 0.331065 0.388760
vt 0.333477 0.398465
vt 0.330240 0.388965
vt 0.328653 0.379055
vt 0.331065 0.388760
vt 0.325818 0.379996
vt 0.328653 0.379055
vt 0.330240 0.388965
vt 0.325818 0.379996
vt 0.322678 0.355011
vt 0.328653 0.379055
vt 0.314862 0.357774
vt 0.322678 0.355011
vt 0.325818 0.379996
vt 0.339452 0.422509
vt 0.333477 0.398465
vt 0.330549 0.423539
vt 0.333477 0.398465
vt 0.331423 0.398779
vt 0.330549 0.423539
vt 0.333477 0.398465
vt 0.331065 0.388760
vt 0.331423 0.398779
vt 0.331065 0.388760
vt 0.331775 0.388785
vt 0.331423 0.398779
vt 0.331065 0.388760
vt 0.332128 0.378791
vt 0.331775 0.388785
vt 0.328653 0.379055
vt 0.332128 0.378791
vt 0.331065 0.388760
vt 0.328653 0.379055
vt 0.333001 0.354031
vt 0.332128 0.378791
vt 0.322678 0.355011
vt 0.333001 0.354031
vt 0.328653 0.379055
vt 0.330549 0.423539
vt 0.331423 0.398779
vt 0.328542 0.424060
vt 0.331423 0.398779
vt 0.335455 0.400268
vt 0.328542 0.424060
vt 0.331423 0.398779
vt 0.331775 0.388785
vt 0.335455 0.400268
vt 0.331775 0.388785
vt 0.338245 0.390665
vt 0.335455 0.400268
vt 0.331775 0.388785
vt 0.341035 0.381062
vt 0.338245 0.390665
vt 0.332128 0.378791
vt 0.341035 0.381062
vt 0.331775 0.388785
vt 0.332128 0.378791
vt 0.347949 0.357270
vt 0.341035 0.381062
vt 0.333001 0.354031
vt 0.347949 0.357270
vt 0.332128 0.378791
vt 0.328542 0.424060
vt 0.335455 0.400268
vt 0.334917 0.425932
vt 0.335455 0.400268
vt 0.341897 0.402160
vt 0.334917 0.425932
vt 0.335455 0.400268
vt 0.338245 0.390665
vt 0.341897 0.402160
vt 0.338245 0.390665
vt 0.344715 0.392565
vt 0.341897 0.402160
vt 0.338245 0.390665
vt 0.347533 0.382970
vt 0.344715 0.392565
vt 0.341035 0.381062
vt 0.347533 0.382970
vt 0.338245 0.390665
vt 0.341035 0.381062
vt 0.354514 0.359198
vt 0.347533 0.382970
vt 0.347949 0.357270
vt 0.354514 0.359198
vt 0.341035 0.381062
vt 0.334917 0.425932
vt 0.341897 0.402160
vt 0.340888 0.427781
vt 0.341897 0.402160
vt 0.348203 0.404109
vt 0.340888 0.427781
vt 0.341897 0.402160
vt 0.344715 0.392565
vt 0.348203 0.404109
vt 0.344715 0.392565
vt 0.351155 0.394555
vt 0.348203 0.404109
vt 0.344715 0.392565
vt 0.354107 0.385001
vt 0.351155 0.394555
vt 0.347533 0.382970
vt 0.354107 0.385001
vt 0.344715 0.392565
vt 0.347533 0.382970
vt 0.361422 0.361329
vt 0.354107 0.385001
vt 0.354514 0.359198
vt 0.361422 0.361329
vt 0.347533 0.382970
vt 0.340888 0.427781
vt 0.348203 0.404109
vt 0.346466 0.429665
vt 0.348203 0.404109
vt 0.354356 0.406179
vt 0.346466 0.429665
vt 0.348203 0.404109
vt 0.351155 0.394555
vt 0.354356 0.406179
vt 0.351155 0.394555
vt 0.357540 0.396700
vt 0.354356 0.406179
vt 0.351155 0.394555
vt 0.360725 0.387221
vt 0.357540 0.396700
vt 0.354107 0.385001
vt 0.360725 0.387221
vt 0.351155 0.394555
vt 0.354107 0.385001
vt 0.368615 0.363735
vt 0.360725 0.387221
vt 0.361422 0.361329
vt 0.368615 0.363735
vt 0.354107 0.385001
vt 0.346466 0.429665
vt 0.354356 0.406179
vt 0.359181 0.434254
vt 0.354356 0.406179
vt 0.367577 0.410943
vt 0.359181 0.434254
vt 0.354356 0.406179
vt 0.357540 0.396700
vt 0.367577 0.410943
vt 0.357540 0.396700
vt 0.370965 0.401535
vt 0.367577 0.410943
vt 0.357540 0.396700
vt 0.374354 0.392127
vt 0.370965 0.401535
vt 0.360725 0.387221
vt 0.374354 0.392127
vt 0.357540 0.396700
vt 0.360725 0.387221
vt 0.382749 0.368816
vt 0.374354 0.392127
vt 0.368615 0.363735
vt 0.382749 0.368816
vt 0.360725 0.387221
vt 0.359181 0.434254
vt 0.367577 0.410943
vt 0.372359 0.439100
vt 0.367577 0.410943
vt 0.380909 0.415846
vt 0.372359 0.439100
vt 0.367577 0.410943
vt 0.370965 0.401535
vt 0.380909 0.415846
vt 0.370965 0.401535
vt 0.384360 0.406460
vt 0.380909 0.415846
vt 0.370965 0.401535
vt 0.387811 0.397074
vt 0.384360 0.406460
vt 0.374354 0.392127
vt 0.387811 0.397074
vt 0.370965 0.401535
vt 0.374354 0.392127
vt 0.396361 0.373820
vt 0.387811 0.397074
vt 0.382749 0.368816
vt 0.396361 0.373820
vt 0.374354 0.392127
vt 0.372359 0.439100
vt 0.380909 0.415846
vt 0.385765 0.444024
vt 0.380909 0.415846
vt 0.394307 0.420767
vt 0.385765 0.444024
vt 0.380909 0.415846
vt 0.384360 0.406460
vt 0.394307 0.420767
vt 0.384360 0.406460
vt 0.397755 0.411380
vt 0.394307 0.420767
vt 0.384360 0.406460
vt 0.401203 0.401993
vt 0.397755 0.411380
vt 0.387811 0.397074
vt 0.401203 0.401993
vt 0.384360 0.406460
vt 0.387811 0.397074
vt 0.409745 0.378736
vt 0.401203 0.401993
vt 0.396361 0.373820
vt 0.409745 0.378736
vt 0.387811 0.397074
vt 0.385765 0.444024
vt 0.394307 0.420767
vt 0.399438 0.448932
vt 0.394307 0.420767
vt 0.407807 0.425612
vt 0.399438 0.448932
vt 0.394307 0.420767
vt 0.397755 0.411380
vt 0.407807 0.425612
vt 0.397755 0.411380
vt 0.411185 0.416200
vt 0.407807 0.425612
vt 0.397755 0.411380
vt 0.414563 0.406788
vt 0.411185 0.416200
vt 0.401203 0.401993
vt 0.414563 0.406788
vt 0.397755 0.411380
vt 0.401203 0.401993
vt 0.422932 0.383468
vt 0.414563 0.406788
vt 0.409745 0.378736
vt 0.422932 0.383468
vt 0.401203 0.401993
vt 0.399438 0.448932
vt 0.407807 0.425612
vt 0.404923 0.450697
vt 0.407807 0.425612
vt 0.412416 0.427082
vt 0.404923 0.450697
vt 0.407807 0.425612
vt 0.411185 0.416200
vt 0.412416 0.427082
vt 0.411185 0.416200
vt 0.415440 0.417550
vt 0.412416 0.427082
vt 0.411185 0.416200
vt 0.418464 0.408018
vt 0.415440 0.417550
vt 0.414563 0.406788
vt 0.418464 0.408018
vt 0.411185 0.416200
vt 0.414563 0.406788
vt 0.425957 0.384403
vt 0.418464 0.408018
vt 0.422932 0.383468
vt 0.425957 0.384403
vt 0.414563 0.406788
vt 0.404923 0.450697
vt 0.412416 0.427082
vt 0.413298 0.452540
vt 0.412416 0.427082
vt 0.417920 0.428199
vt 0.413298 0.452540
vt 0.412416 0.427082
vt 0.415440 0.417550
vt 0.417920 0.428199
vt 0.415440 0.417550
vt 0.419785 0.418375
vt 0.417920 0.428199
vt 0.415440 0.417550
vt 0.421650 0.408551
vt 0.419785 0.418375
vt 0.418464 0.408018
vt 0.421650 0.408551
vt 0.415440 0.417550
vt 0.418464 0.408018
vt 0.426272 0.384210
vt 0.421650 0.408551
vt 0.425957 0.384403
vt 0.426272 0.384210
vt 0.418464 0.408018
vt 0.413298 0.452540
vt 0.417920 0.428199
vt 0.424838 0.453065
vt 0.417920 0.428199
vt 0.424391 0.428293
vt 0.424838 0.453065
vt 0.417920 0.428199
vt 0.419785 0.418375
vt 0.424391 0.428293
vt 0.419785 0.418375
vt 0.424210 0.418295
vt 0.424391 0.428293
vt 0.419785 0.418375
vt 0.424029 0.408297
vt 0.424210 0.418295
vt 0.421650 0.408551
vt 0.424029 0.408297
vt 0.419785 0.418375
vt 0.421650 0.408551
vt 0.423582 0.383525
vt 0.424029 0.408297
vt 0.426272 0.384210
vt 0.423582 0.383525
vt 0.421650 0.408551
vt 0.424838 0.453065
vt 0.424391 0.428293
vt 0.438883 0.450172
vt 0.424391 0.428293
vt 0.431628 0.426482
vt 0.438883 0.450172
vt 0.424391 0.428293
vt 0.424210 0.418295
vt 0.431628 0.426482
vt 0.424210 0.418295
vt 0.428700 0.416920
vt 0.431628 0.426482
vt 0.424210 0.418295
vt 0.425772 0.407358
vt 0.428700 0.416920
vt 0.424029 0.408297
vt 0.425772 0.407358
vt 0.424210 0.418295
vt 0.424029 0.408297
vt 0.418517 0.383668
vt 0.425772 0.407358
vt 0.423582 0.383525
vt 0.418517 0.383668
vt 0.424029 0.408297
vt 0.438883 0.450172
vt 0.431628 0.426482
vt 0.447680 0.446105
vt 0.431628 0.426482
vt 0.435148 0.424732
vt 0.447680 0.446105
vt 0.431628 0.426482
vt 0.428700 0.416920
vt 0.435148 0.424732
vt 0.428700 0.416920
vt 0.430090 0.416105
vt 0.435148 0.424732
vt 0.428700 0.416920
vt 0.425032 0.407478
vt 0.430090 0.416105
vt 0.425772 0.407358
vt 0.425032 0.407478
vt 0.428700 0.416920
vt 0.425772 0.407358
vt 0.412501 0.386106
vt 0.425032 0.407478
vt 0.418517 0.383668
vt 0.412501 0.386106
vt 0.425772 0.407358
vt 0.447680 0.446105
vt 0.435148 0.424732
vt 0.456016 0.439324
vt 0.435148 0.424732
vt 0.438229 0.422077
vt 0.456016 0.439324
vt 0.435148 0.424732
vt 0.430090 0.416105
vt 0.438229 0.422077
vt 0.430090 0.416105
vt 0.431050 0.415115
vt 0.438229 0.422077
vt 0.430090 0.416105
vt 0.423871 0.408154
vt 0.431050 0.415115
vt 0.425032 0.407478
vt 0.423871 0.408154
vt 0.430090 0.416105
vt 0.425032 0.407478
vt 0.406085 0.390906
vt 0.423871 0.408154
vt 0.412501 0.386106
vt 0.406085 0.390906
vt 0.425032 0.407478
vt 0.456016 0.439324
vt 0.438229 0.422077
vt 0.463990 0.426347
vt 0.438229 0.422077
vt 0.440868 0.417447
vt 0.463990 0.426347
vt 0.438229 0.422077
vt 0.431050 0.415115
vt 0.440868 0.417447
vt 0.431050 0.415115
vt 0.431535 0.413855
vt 0.440868 0.417447
vt 0.431050 0.415115
vt 0.422203 0.410263
vt 0.431535 0.413855
vt 0.423871 0.408154
vt 0.422203 0.410263
vt 0.431050 0.415115
vt 0.423871 0.408154
vt 0.399080 0.401363
vt 0.422203 0.410263
vt 0.406085 0.390906
vt 0.399080 0.401363
vt 0.423871 0.408154
vt 0.463990 0.426347
vt 0.440868 0.417447
vt 0.466275 0.411595
vt 0.440868 0.417447
vt 0.441503 0.412055
vt 0.466275 0.411595
vt 0.440868 0.417447
vt 0.431535 0.413855
vt 0.441503 0.412055
vt 0.431535 0.413855
vt 0.431505 0.412240
vt 0.441503 0.412055
vt 0.431535 0.413855
vt 0.421507 0.412426
vt 0.431505 0.412240
vt 0.422203 0.410263
vt 0.421507 0.412426
vt 0.431535 0.413855
vt 0.422203 0.410263
vt 0.396735 0.412885
vt 0.421507 0.412426
vt 0.399080 0.401363
vt 0.396735 0.412885
vt 0.422203 0.410263
vt 0.466275 0.411595
vt 0.441503 0.412055
vt 0.465966 0.407508
vt 0.441503 0.412055
vt 0.441354 0.410356
vt 0.465966 0.407508
vt 0.441503 0.412055
vt 0.431505 0.412240
vt 0.441354 0.410356
vt 0.431505 0.412240
vt 0.431420 0.411505
vt 0.441354 0.410356
vt 0.431505 0.412240
vt 0.421486 0.412654
vt 0.431420 0.411505
vt 0.421507 0.412426
vt 0.421486 0.412654
vt 0.431505 0.412240
vt 0.421507 0.412426
vt 0.396875 0.415502
vt 0.421486 0.412654
vt 0.396735 0.412885
vt 0.396875 0.415502
vt 0.421507 0.412426
vt 0.465966 0.407508
vt 0.441354 0.410356
vt 0.466025 0.407982
vt 0.441354 0.410356
vt 0.441328 0.409958
vt 0.466025 0.407982
vt 0.441354 0.410356
vt 0.431420 0.411505
vt 0.441328 0.409958
vt 0.431420 0.411505
vt 0.431360 0.410755
vt 0.441328 0.409958
vt 0.431420 0.411505
vt 0.421392 0.411553
vt 0.431360 0.410755
vt 0.421486 0.412654
vt 0.421392 0.411553
vt 0.431420 0.411505
vt 0.421486 0.412654
vt 0.396695 0.413528
vt 0.421392 0.411553
vt 0.396875 0.415502
vt 0.396695 0.413528
vt 0.421486 0.412654
vt 0.466025 0.407982
vt 0.441328 0.409958
vt 0.465627 0.404784
vt 0.441328 0.409958
vt 0.441136 0.408525
vt 0.465627 0.404784
vt 0.441328 0.409958
vt 0.431360 0.410755
vt 0.441136 0.408525
vt 0.431360 0.410755
vt 0.431250 0.410035
vt 0.441136 0.408525
vt 0.431360 0.410755
vt 0.421365 0.411545
vt 0.431250 0.410035
vt 0.421392 0.411553
vt 0.421365 0.411545
vt 0.431360 0.410755
vt 0.421392 0.411553
vt 0.396873 0.415286
vt 0.421365 0.411545
vt 0.396695 0.413528
vt 0.396873 0.415286
vt 0.421392 0.411553
vt 0.465627 0.404784
vt 0.441136 0.408525
vt 0.463748 0.397637
vt 0.441136 0.408525
vt 0.440428 0.406003
vt 0.463748 0.397637
vt 0.441136 0.408525
vt 0.431250 0.410035
vt 0.440428 0.406003
vt 0.431250 0.410035
vt 0.431015 0.409380
vt 0.440428 0.406003
vt 0.431250 0.410035
vt 0.421603 0.412757
vt 0.431015 0.409380
vt 0.421365 0.411545
vt 0.421603 0.412757
vt 0.431250 0.410035
vt 0.421365 0.411545
vt 0.398282 0.421123
vt 0.421603 0.412757
vt 0.396873 0.415286
vt 0.398282 0.421123
vt 0.421365 0.411545
vt 0.463748 0.397637
vt 0.440428 0.406003
vt 0.451343 0.375820
vt 0.440428 0.406003
vt 0.430153 0.388658
vt 0.451343 0.375820
vt 0.440428 0.406003
vt 0.431015 0.409380
vt 0.430153 0.388658
vt 0.431015 0.409380
vt 0.421600 0.393840
vt 0.430153 0.388658
vt 0.431015 0.409380
vt 0.413047 0.399022
vt 0.421600 0.393840
vt 0.421603 0.412757
vt 0.413047 0.399022
vt 0.431015 0.409380
vt 0.421603 0.412757
vt 0.391857 0.411860
vt 0.413047 0.399022
vt 0.398282 0.421123
vt 0.391857 0.411860
vt 0.421603 0.412757
vt 0.451343 0.375820
vt 0.430153 0.388658
vt 0.437920 0.358316
vt 0.430153 0.388658
vt 0.418435 0.373619
vt 0.437920 0.358316
vt 0.430153 0.388658
vt 0.421600 0.393840
vt 0.418435 0.373619
vt 0.421600 0.393840
vt 0.410570 0.379795
vt 0.418435 0.373619
vt 0.421600 0.393840
vt 0.402706 0.385971
vt 0.410570 0.379795
vt 0.413047 0.399022
vt 0.402706 0.385971
vt 0.421600 0.393840
vt 0.413047 0.399022
vt 0.383220 0.401274
vt 0.402706 0.385971
vt 0.391857 0.411860
vt 0.383220 0.401274
vt 0.413047 0.399022
vt 0.437920 0.358316
vt 0.418435 0.373619
vt 0.421663 0.342322
vt 0.418435 0.373619
vt 0.404566 0.360253
vt 0.421663 0.342322
vt 0.418435 0.373619
vt 0.410570 0.379795
vt 0.404566 0.360253
vt 0.410570 0.379795
vt 0.397665 0.367490
vt 0.404566 0.360253
vt 0.410570 0.379795
vt 0.390764 0.374727
vt 0.397665 0.367490
vt 0.402706 0.385971
vt 0.390764 0.374727
vt 0.410570 0.379795
vt 0.402706 0.385971
vt 0.373667 0.392658
vt 0.390764 0.374727
vt 0.383220 0.401274
vt 0.373667 0.392658
vt 0.402706 0.385971
vt 0.421663 0.342322
vt 0.404566 0.360253
vt 0.402288 0.328497
vt 0.404566 0.360253
vt 0.388279 0.348932
vt 0.402288 0.328497
vt 0.404566 0.360253
vt 0.397665 0.367490
vt 0.388279 0.348932
vt 0.397665 0.367490
vt 0.382625 0.357180
vt 0.388279 0.348932
vt 0.397665 0.367490
vt 0.376971 0.365428
vt 0.382625 0.357180
vt 0.390764 0.374727
vt 0.376971 0.365428
vt 0.397665 0.367490
vt 0.390764 0.374727
vt 0.362963 0.385864
vt 0.376971 0.365428
vt 0.373667 0.392658
vt 0.362963 0.385864
vt 0.390764 0.374727
vt 0.402288 0.328497
vt 0.388279 0.348932
vt 0.364203 0.307601
vt 0.388279 0.348932
vt 0.352378 0.329372
vt 0.364203 0.307601
vt 0.388279 0.348932
vt 0.382625 0.357180
vt 0.352378 0.329372
vt 0.382625 0.357180
vt 0.347605 0.338160
vt 0.352378 0.329372
vt 0.382625 0.357180
vt 0.342833 0.346948
vt 0.347605 0.338160
vt 0.376971 0.365428
vt 0.342833 0.346948
vt 0.382625 0.357180
vt 0.376971 0.365428
vt 0.331008 0.368720
vt 0.342833 0.346948
vt 0.362963 0.385864
vt 0.331008 0.368720
vt 0.376971 0.365428
vt 0.364203 0.307601
vt 0.352378 0.329372
vt 0.327217 0.289409
vt 0.352378 0.329372
vt 0.316297 0.311649
vt 0.327217 0.289409
vt 0.352378 0.329372
vt 0.347605 0.338160
vt 0.316297 0.311649
vt 0.347605 0.338160
vt 0.311890 0.320625
vt 0.316297 0.311649
vt 0.347605 0.338160
vt 0.307483 0.329601
vt 0.311890 0.320625
vt 0.342833 0.346948
vt 0.307483 0.329601
vt 0.347605 0.338160
vt 0.342833 0.346948
vt 0.296564 0.351841
vt 0.307483 0.329601
vt 0.331008 0.368720
vt 0.296564 0.351841
vt 0.342833 0.346948
vt 0.327217 0.289409
vt 0.316297 0.311649
vt 0.289553 0.272732
vt 0.316297 0.311649
vt 0.279538 0.295393
vt 0.289553 0.272732
vt 0.316297 0.311649
vt 0.311890 0.320625
vt 0.279538 0.295393
vt 0.311890 0.320625
vt 0.275495 0.304540
vt 0.279538 0.295393
vt 0.311890 0.320625
vt 0.271453 0.313687
vt 0.275495 0.304540
vt 0.307483 0.329601
vt 0.271453 0.313687
vt 0.311890 0.320625
vt 0.307483 0.329601
vt 0.261438 0.336348
vt 0.271453 0.313687
vt 0.296564 0.351841
vt 0.261438 0.336348
vt 0.307483 0.329601
vt 0.289553 0.272732
vt 0.279538 0.295393
vt 0.251235 0.257535
vt 0.279538 0.295393
vt 0.242116 0.280572
vt 0.251235 0.257535
vt 0.279538 0.295393
vt 0.275495 0.304540
vt 0.242116 0.280572
vt 0.275495 0.304540
vt 0.238435 0.289870
vt 0.242116 0.280572
vt 0.275495 0.304540
vt 0.234755 0.299168
vt 0.238435 0.289870
vt 0.271453 0.313687
vt 0.234755 0.299168
vt 0.275495 0.304540
vt 0.271453 0.313687
vt 0.225636 0.322205
vt 0.234755 0.299168
vt 0.261438 0.336348
vt 0.225636 0.322205
vt 0.271453 0.313687
vt 0.251235 0.257535
vt 0.242116 0.280572
vt 0.234501 0.252690
vt 0.242116 0.280572
vt 0.227878 0.276564
vt 0.234501 0.252690
vt 0.242116 0.280572
vt 0.238435 0.289870
vt 0.227878 0.276564
vt 0.238435 0.289870
vt 0.225205 0.286200
vt 0.227878 0.276564
vt 0.238435 0.289870
vt 0.222532 0.295836
vt 0.225205 0.286200
vt 0.234755 0.299168
vt 0.222532 0.295836
vt 0.238435 0.289870
vt 0.234755 0.299168
vt 0.215909 0.319710
vt 0.222532 0.295836
vt 0.225636 0.322205
vt 0.215909 0.319710
vt 0.234755 0.299168
vt 0.234501 0.252690
vt 0.227878 0.276564
vt 0.215745 0.250146
vt 0.227878 0.276564
vt 0.212984 0.274767
vt 0.215745 0.250146
vt 0.227878 0.276564
vt 0.225205 0.286200
vt 0.212984 0.274767
vt 0.225205 0.286200
vt 0.211870 0.284705
vt 0.212984 0.274767
vt 0.225205 0.286200
vt 0.210756 0.294643
vt 0.211870 0.284705
vt 0.222532 0.295836
vt 0.210756 0.294643
vt 0.225205 0.286200
vt 0.222532 0.295836
vt 0.207996 0.319264
vt 0.210756 0.294643
vt 0.215909 0.319710
vt 0.207996 0.319264
vt 0.222532 0.295836
vt 0.215745 0.250146
vt 0.212984 0.274767
vt 0.197964 0.250128
vt 0.212984 0.274767
vt 0.198325 0.274901
vt 0.197964 0.250128
vt 0.212984 0.274767
vt 0.211870 0.284705
vt 0.198325 0.274901
vt 0.211870 0.284705
vt 0.198470 0.284900
vt 0.198325 0.274901
vt 0.211870 0.284705
vt 0.198616 0.294899
vt 0.198470 0.284900
vt 0.210756 0.294643
vt 0.198616 0.294899
vt 0.211870 0.284705
vt 0.210756 0.294643
vt 0.198976 0.319672
vt 0.198616 0.294899
vt 0.207996 0.319264
vt 0.198976 0.319672
vt 0.210756 0.294643
vt 0.197964 0.250128
vt 0.198325 0.274901
vt 0.181422 0.251718
vt 0.198325 0.274901
vt 0.184000 0.276359
vt 0.181422 0.251718
vt 0.198325 0.274901
vt 0.198470 0.284900
vt 0.184000 0.276359
vt 0.198470 0.284900
vt 0.185040 0.286305
vt 0.184000 0.276359
vt 0.198470 0.284900
vt 0.186081 0.296251
vt 0.185040 0.286305
vt 0.198616 0.294899
vt 0.186081 0.296251
vt 0.198470 0.284900
vt 0.198616 0.294899
vt 0.188659 0.320892
vt 0.186081 0.296251
vt 0.198976 0.319672
vt 0.188659 0.320892
vt 0.198616 0.294899
vt 0.181422 0.251718
vt 0.184000 0.276359
vt 0.167442 0.255149
vt 0.184000 0.276359
vt 0.174202 0.278984
vt 0.167442 0.255149
vt 0.184000 0.276359
vt 0.185040 0.286305
vt 0.174202 0.278984
vt 0.185040 0.286305
vt 0.176930 0.288605
vt 0.174202 0.278984
vt 0.185040 0.286305
vt 0.179659 0.298226
vt 0.176930 0.288605
vt 0.186081 0.296251
vt 0.179659 0.298226
vt 0.185040 0.286305
vt 0.186081 0.296251
vt 0.186418 0.322061
vt 0.179659 0.298226
vt 0.188659 0.320892
vt 0.186418 0.322061
vt 0.186081 0.296251
vt 0.167442 0.255149
vt 0.174202 0.278984
vt 0.151766 0.263269
vt 0.174202 0.278984
vt 0.164775 0.284354
vt 0.151766 0.263269
vt 0.174202 0.278984
vt 0.176930 0.288605
vt 0.164775 0.284354
vt 0.176930 0.288605
vt 0.170025 0.292865
vt 0.164775 0.284354
vt 0.176930 0.288605
vt 0.175276 0.301376
vt 0.170025 0.292865
vt 0.179659 0.298226
vt 0.175276 0.301376
vt 0.176930 0.288605
vt 0.179659 0.298226
vt 0.188285 0.322461
vt 0.175276 0.301376
vt 0.186418 0.322061
vt 0.188285 0.322461
vt 0.179659 0.298226
vt 0.151766 0.263269
vt 0.164775 0.284354
vt 0.139388 0.274487
vt 0.164775 0.284354
vt 0.157147 0.291762
vt 0.139388 0.274487
vt 0.164775 0.284354
vt 0.170025 0.292865
vt 0.157147 0.291762
vt 0.170025 0.292865
vt 0.164315 0.298735
vt 0.157147 0.291762
vt 0.170025 0.292865
vt 0.171483 0.305708
vt 0.164315 0.298735
vt 0.175276 0.301376
vt 0.171483 0.305708
vt 0.170025 0.292865
vt 0.175276 0.301376
vt 0.189243 0.322983
vt 0.171483 0.305708
vt 0.188285 0.322461
vt 0.189243 0.322983
vt 0.175276 0.301376
vt 0.139388 0.274487
vt 0.157147 0.291762
vt 0.130443 0.287187
vt 0.157147 0.291762
vt 0.151344 0.300490
vt 0.130443 0.287187
vt 0.157147 0.291762
vt 0.164315 0.298735
vt 0.151344 0.300490
vt 0.164315 0.298735
vt 0.159780 0.305860
vt 0.151344 0.300490
vt 0.164315 0.298735
vt 0.168216 0.311230
vt 0.159780 0.305860
vt 0.171483 0.305708
vt 0.168216 0.311230
vt 0.164315 0.298735
vt 0.171483 0.305708
vt 0.189118 0.324533
vt 0.168216 0.311230
vt 0.189243 0.322983
vt 0.189118 0.324533
vt 0.171483 0.305708
vt 0.130443 0.287187
vt 0.151344 0.300490
vt 0.119438 0.311799
vt 0.151344 0.300490
vt 0.142227 0.321521
vt 0.119438 0.311799
vt 0.151344 0.300490
vt 0.159780 0.305860
vt 0.142227 0.321521
vt 0.159780 0.305860
vt 0.151425 0.325445
vt 0.142227 0.321521
vt 0.159780 0.305860
vt 0.160623 0.329369
vt 0.151425 0.325445
vt 0.168216 0.311230
vt 0.160623 0.329369
vt 0.159780 0.305860
vt 0.168216 0.311230
vt 0.183412 0.339091
vt 0.160623 0.329369
vt 0.189118 0.324533
vt 0.183412 0.339091
vt 0.168216 0.311230
vt 0.119438 0.311799
vt 0.142227 0.321521
vt 0.112802 0.337447
vt 0.142227 0.321521
vt 0.136899 0.343206
vt 0.112802 0.337447
vt 0.142227 0.321521
vt 0.151425 0.325445
vt 0.136899 0.343206
vt 0.151425 0.325445
vt 0.146625 0.345530
vt 0.136899 0.343206
vt 0.151425 0.325445
vt 0.156351 0.347854
vt 0.146625 0.345530
vt 0.160623 0.329369
vt 0.156351 0.347854
vt 0.151425 0.325445
vt 0.160623 0.329369
vt 0.180449 0.353613
vt 0.156351 0.347854
vt 0.183412 0.339091
vt 0.180449 0.353613
vt 0.160623 0.329369
vt 0.112802 0.337447
vt 0.136899 0.343206
vt 0.111015 0.364692
vt 0.136899 0.343206
vt 0.135769 0.365731
vt 0.111015 0.364692
vt 0.136899 0.343206
vt 0.146625 0.345530
vt 0.135769 0.365731
vt 0.146625 0.345530
vt 0.145760 0.366150
vt 0.135769 0.365731
vt 0.146625 0.345530
vt 0.155751 0.366569
vt 0.145760 0.366150
vt 0.156351 0.347854
vt 0.155751 0.366569
vt 0.146625 0.345530
vt 0.156351 0.347854
vt 0.180506 0.367608
vt 0.155751 0.366569
vt 0.180449 0.353613
vt 0.180506 0.367608
vt 0.156351 0.347854
vt 0.111015 0.364692
vt 0.135769 0.365731
vt 0.114892 0.392940
vt 0.135769 0.365731
vt 0.139345 0.388954
vt 0.114892 0.392940
vt 0.135769 0.365731
vt 0.145760 0.366150
vt 0.139345 0.388954
vt 0.145760 0.366150
vt 0.149215 0.387345
vt 0.139345 0.388954
vt 0.145760 0.366150
vt 0.159085 0.385736
vt 0.149215 0.387345
vt 0.155751 0.366569
vt 0.159085 0.385736
vt 0.145760 0.366150
vt 0.155751 0.366569
vt 0.183538 0.381750
vt 0.159085 0.385736
vt 0.180506 0.367608
vt 0.183538 0.381750
vt 0.155751 0.366569
vt 0.114892 0.392940
vt 0.139345 0.388954
vt 0.118381 0.405792
vt 0.139345 0.388954
vt 0.142158 0.398830
vt 0.118381 0.405792
vt 0.139345 0.388954
vt 0.149215 0.387345
vt 0.142158 0.398830
vt 0.149215 0.387345
vt 0.151755 0.396020
vt 0.142158 0.398830
vt 0.149215 0.387345
vt 0.161352 0.393210
vt 0.151755 0.396020
vt 0.159085 0.385736
vt 0.161352 0.393210
vt 0.149215 0.387345
vt 0.159085 0.385736
vt 0.185130 0.386248
vt 0.161352 0.393210
vt 0.183538 0.381750
vt 0.185130 0.386248
vt 0.159085 0.385736
vt 0.118381 0.405792
vt 0.142158 0.398830
vt 0.121863 0.415939
vt 0.142158 0.398830
vt 0.145265 0.407804
vt 0.121863 0.415939
vt 0.142158 0.398830
vt 0.151755 0.396020
vt 0.145265 0.407804
vt 0.151755 0.396020
vt 0.154710 0.404520
vt 0.145265 0.407804
vt 0.151755 0.396020
vt 0.164156 0.401236
vt 0.154710 0.404520
vt 0.161352 0.393210
vt 0.164156 0.401236
vt 0.151755 0.396020
vt 0.161352 0.393210
vt 0.187558 0.393101
vt 0.164156 0.401236
vt 0.185130 0.386248
vt 0.187558 0.393101
vt 0.161352 0.393210
vt 0.121863 0.415939
vt 0.145265 0.407804
vt 0.125890 0.425959
vt 0.145265 0.407804
vt 0.148838 0.416619
vt 0.125890 0.425959
vt 0.145265 0.407804
vt 0.154710 0.404520
vt 0.148838 0.416619
vt 0.154710 0.404520
vt 0.158100 0.412850
vt 0.148838 0.416619
vt 0.154710 0.404520
vt 0.167363 0.409081
vt 0.158100 0.412850
vt 0.164156 0.401236
vt 0.167363 0.409081
vt 0.154710 0.404520
vt 0.164156 0.401236
vt 0.190311 0.399741
vt 0.167363 0.409081
vt 0.187558 0.393101
vt 0.190311 0.399741
vt 0.164156 0.401236
vt 0.125890 0.425959
vt 0.148838 0.416619
vt 0.130483 0.435831
vt 0.148838 0.416619
vt 0.152898 0.425275
vt 0.130483 0.435831
vt 0.148838 0.416619
vt 0.158100 0.412850
vt 0.152898 0.425275
vt 0.158100 0.412850
vt 0.161945 0.421015
vt 0.152898 0.425275
vt 0.158100 0.412850
vt 0.170992 0.416755
vt 0.161945 0.421015
vt 0.167363 0.409081
vt 0.170992 0.416755
vt 0.158100 0.412850
vt 0.167363 0.409081
vt 0.193407 0.406199
vt 0.170992 0.416755
vt 0.190311 0.399741
vt 0.193407 0.406199
vt 0.167363 0.409081
vt 0.130483 0.435831
vt 0.152898 0.425275
vt 0.133648 0.442105
vt 0.152898 0.425275
vt 0.155746 0.430902
vt 0.133648 0.442105
vt 0.152898 0.425275
vt 0.161945 0.421015
vt 0.155746 0.430902
vt 0.161945 0.421015
vt 0.164665 0.426380
vt 0.155746 0.430902
vt 0.161945 0.421015
vt 0.173584 0.421858
vt 0.164665 0.426380
vt 0.170992 0.416755
vt 0.173584 0.421858
vt 0.161945 0.421015
vt 0.170992 0.416755
vt 0.195682 0.410655
vt 0.173584 0.421858
vt 0.193407 0.406199
vt 0.195682 0.410655
vt 0.170992 0.416755
vt 0.133648 0.442105
vt 0.155746 0.430902
vt 0.136290 0.447365
vt 0.155746 0.430902
vt 0.158429 0.436244
vt 0.136290 0.447365
vt 0.155746 0.430902
vt 0.164665 0.426380
vt 0.158429 0.436244
vt 0.164665 0.426380
vt 0.167365 0.431755
vt 0.158429 0.436244
vt 0.164665 0.426380
vt 0.176301 0.427266
vt 0.167365 0.431755
vt 0.173584 0.421858
vt 0.176301 0.427266
vt 0.164665 0.426380
vt 0.173584 0.421858
vt 0.198441 0.416145
vt 0.176301 0.427266
vt 0.195682 0.410655
vt 0.198441 0.416145
vt 0.173584 0.421858
vt 0.136290 0.447365
vt 0.158429 0.436244
vt 0.138687 0.452323
vt 0.158429 0.436244
vt 0.160985 0.441524
vt 0.138687 0.452323
vt 0.158429 0.436244
vt 0.167365 0.431755
vt 0.160985 0.441524
vt 0.167365 0.431755
vt 0.169985 0.437165
vt 0.160985 0.441524
vt 0.167365 0.431755
vt 0.178985 0.432806
vt 0.169985 0.437165
vt 0.176301 0.427266
vt 0.178985 0.432806
vt 0.167365 0.431755
vt 0.176301 0.427266
vt 0.201284 0.422007
vt 0.178985 0.432806
vt 0.198441 0.416145
vt 0.201284 0.422007
vt 0.176301 0.427266
vt 0.138687 0.452323
vt 0.160985 0.441524
vt 0.140808 0.457019
vt 0.160985 0.441524
vt 0.163366 0.446771
vt 0.140808 0.457019
vt 0.160985 0.441524
vt 0.169985 0.437165
vt 0.163366 0.446771
vt 0.169985 0.437165
vt 0.172470 0.442635
vt 0.163366 0.446771
vt 0.169985 0.437165
vt 0.181575 0.438499
vt 0.172470 0.442635
vt 0.178985 0.432806
vt 0.181575 0.438499
vt 0.169985 0.437165
vt 0.178985 0.432806
vt 0.204132 0.428251
vt 0.181575 0.438499
vt 0.201284 0.422007
vt 0.204132 0.428251
vt 0.178985 0.432806
vt 0.140808 0.457019
vt 0.163366 0.446771
vt 0.146952 0.476742
vt 0.163366 0.446771
vt 0.170526 0.469117
vt 0.146952 0.476742
vt 0.163366 0.446771
vt 0.172470 0.442635
vt 0.170526 0.469117
vt 0.172470 0.442635
vt 0.180040 0.466040
vt 0.170526 0.469117
vt 0.172470 0.442635
vt 0.189555 0.462963
vt 0.180040 0.466040
vt 0.181575 0.438499
vt 0.189555 0.462963
vt 0.172470 0.442635
vt 0.181575 0.438499
vt 0.213128 0.455338
vt 0.189555 0.462963
vt 0.204132 0.428251
vt 0.213128 0.455338
vt 0.181575 0.438499
vt 0.146952 0.476742
vt 0.170526 0.469117
vt 0.147647 0.492646
vt 0.170526 0.469117
vt 0.172311 0.490291
vt 0.147647 0.492646
vt 0.170526 0.469117
vt 0.180040 0.466040
vt 0.172311 0.490291
vt 0.180040 0.466040
vt 0.182265 0.489340
vt 0.172311 0.490291
vt 0.180040 0.466040
vt 0.192220 0.488389
vt 0.182265 0.489340
vt 0.189555 0.462963
vt 0.192220 0.488389
vt 0.180040 0.466040
vt 0.189555 0.462963
vt 0.216884 0.486034
vt 0.192220 0.488389
vt 0.213128 0.455338
vt 0.216884 0.486034
vt 0.189555 0.462963
vt 0.147647 0.492646
vt 0.172311 0.490291
vt 0.144596 0.507716
vt 0.172311 0.490291
vt 0.169136 0.511131
vt 0.144596 0.507716
vt 0.172311 0.490291
vt 0.182265 0.489340
vt 0.169136 0.511131
vt 0.182265 0.489340
vt 0.179040 0.512510
vt 0.169136 0.511131
vt 0.182265 0.489340
vt 0.188945 0.513889
vt 0.179040 0.512510
vt 0.192220 0.488389
vt 0.188945 0.513889
vt 0.182265 0.489340
vt 0.192220 0.488389
vt 0.213484 0.517304
vt 0.188945 0.513889
vt 0.216884 0.486034
vt 0.213484 0.517304
vt 0.192220 0.488389
vt 0.144596 0.507716
vt 0.169136 0.511131
vt 0.137772 0.523129
vt 0.169136 0.511131
vt 0.160922 0.531957
vt 0.137772 0.523129
vt 0.169136 0.511131
vt 0.179040 0.512510
vt 0.160922 0.531957
vt 0.179040 0.512510
vt 0.170265 0.535520
vt 0.160922 0.531957
vt 0.179040 0.512510
vt 0.179609 0.539083
vt 0.170265 0.535520
vt 0.188945 0.513889
vt 0.179609 0.539083
vt 0.179040 0.512510
vt 0.188945 0.513889
vt 0.202758 0.547911
vt 0.179609 0.539083
vt 0.213484 0.517304
vt 0.202758 0.547911
vt 0.188945 0.513889
vt 0.137772 0.523129
vt 0.160922 0.531957
vt 0.135274 0.527375
vt 0.160922 0.531957
vt 0.157222 0.538870
vt 0.135274 0.527375
vt 0.160922 0.531957
vt 0.170265 0.535520
vt 0.157222 0.538870
vt 0.170265 0.535520
vt 0.166080 0.543510
vt 0.157222 0.538870
vt 0.170265 0.535520
vt 0.174939 0.548150
vt 0.166080 0.543510
vt 0.179609 0.539083
vt 0.174939 0.548150
vt 0.170265 0.535520
vt 0.179609 0.539083
vt 0.196886 0.559646
vt 0.174939 0.548150
vt 0.202758 0.547911
vt 0.196886 0.559646
vt 0.179609 0.539083
vt 0.135274 0.527375
vt 0.157222 0.538870
vt 0.131238 0.534750
vt 0.157222 0.538870
vt 0.152980 0.546630
vt 0.131238 0.534750
vt 0.157222 0.538870
vt 0.166080 0.543510
vt 0.152980 0.546630
vt 0.166080 0.543510
vt 0.161755 0.551425
vt 0.152980 0.546630
vt 0.166080 0.543510
vt 0.170531 0.556220
vt 0.161755 0.551425
vt 0.174939 0.548150
vt 0.170531 0.556220
vt 0.166080 0.543510
vt 0.174939 0.548150
vt 0.192272 0.568100
vt 0.170531 0.556220
vt 0.196886 0.559646
vt 0.192272 0.568100
vt 0.174939 0.548150
vt 0.131238 0.534750
vt 0.152980 0.546630
vt 0.126916 0.542650
vt 0.152980 0.546630
vt 0.148652 0.554541
vt 0.126916 0.542650
vt 0.152980 0.546630
vt 0.161755 0.551425
vt 0.148652 0.554541
vt 0.161755 0.551425
vt 0.157425 0.559340
vt 0.148652 0.554541
vt 0.161755 0.551425
vt 0.166198 0.564139
vt 0.157425 0.559340
vt 0.170531 0.556220
vt 0.166198 0.564139
vt 0.161755 0.551425
vt 0.170531 0.556220
vt 0.187934 0.576030
vt 0.166198 0.564139
vt 0.192272 0.568100
vt 0.187934 0.576030
vt 0.170531 0.556220
vt 0.126916 0.542650
vt 0.148652 0.554541
vt 0.122441 0.551166
vt 0.148652 0.554541
vt 0.144380 0.562678
vt 0.122441 0.551166
vt 0.148652 0.554541
vt 0.157425 0.559340
vt 0.144380 0.562678
vt 0.157425 0.559340
vt 0.153235 0.567325
vt 0.144380 0.562678
vt 0.157425 0.559340
vt 0.162090 0.571971
vt 0.153235 0.567325
vt 0.166198 0.564139
vt 0.162090 0.571971
vt 0.157425 0.559340
vt 0.166198 0.564139
vt 0.184029 0.583484
vt 0.162090 0.571971
vt 0.187934 0.576030
vt 0.184029 0.583484
vt 0.166198 0.564139
vt 0.122441 0.551166
vt 0.144380 0.562678
vt 0.117804 0.561368
vt 0.144380 0.562678
vt 0.140422 0.571482
vt 0.117804 0.561368
vt 0.144380 0.562678
vt 0.153235 0.567325
vt 0.140422 0.571482
vt 0.153235 0.567325
vt 0.149550 0.575565
vt 0.140422 0.571482
vt 0.153235 0.567325
vt 0.158679 0.579647
vt 0.149550 0.575565
vt 0.162090 0.571971
vt 0.158679 0.579647
vt 0.153235 0.567325
vt 0.162090 0.571971
vt 0.181296 0.589762
vt 0.158679 0.579647
vt 0.184029 0.583484
vt 0.181296 0.589762
vt 0.162090 0.571971
vt 0.117804 0.561368
vt 0.140422 0.571482
vt 0.113715 0.573307
vt 0.140422 0.571482
vt 0.137276 0.580972
vt 0.113715 0.573307
vt 0.140422 0.571482
vt 0.149550 0.575565
vt 0.137276 0.580972
vt 0.149550 0.575565
vt 0.146785 0.584065
vt 0.137276 0.580972
vt 0.149550 0.575565
vt 0.156295 0.587158
vt 0.146785 0.584065
vt 0.158679 0.579647
vt 0.156295 0.587158
vt 0.149550 0.575565
vt 0.158679 0.579647
vt 0.179855 0.594823
vt 0.156295 0.587158
vt 0.181296 0.589762
vt 0.179855 0.594823
vt 0.158679 0.579647
vt 0.113715 0.573307
vt 0.137276 0.580972
vt 0.110926 0.586000
vt 0.137276 0.580972
vt 0.135216 0.590880
vt 0.110926 0.586000
vt 0.137276 0.580972
vt 0.146785 0.584065
vt 0.135216 0.590880
vt 0.146785 0.584065
vt 0.145020 0.592850
vt 0.135216 0.590880
vt 0.146785 0.584065
vt 0.154824 0.594820
vt 0.145020 0.592850
vt 0.156295 0.587158
vt 0.154824 0.594820
vt 0.146785 0.584065
vt 0.156295 0.587158
vt 0.179115 0.599700
vt 0.154824 0.594820
vt 0.179855 0.594823
vt 0.179115 0.599700
vt 0.156295 0.587158
vt 0.110926 0.586000
vt 0.135216 0.590880
vt 0.109661 0.599352
vt 0.135216 0.590880
vt 0.134368 0.601199
vt 0.109661 0.599352
vt 0.135216 0.590880
vt 0.145020 0.592850
vt 0.134368 0.601199
vt 0.145020 0.592850
vt 0.144340 0.601945
vt 0.134368 0.601199
vt 0.145020 0.592850
vt 0.154312 0.602691
vt 0.144340 0.601945
vt 0.154824 0.594820
vt 0.154312 0.602691
vt 0.145020 0.592850
vt 0.154824 0.594820
vt 0.179019 0.604538
vt 0.154312 0.602691
vt 0.179115 0.599700
vt 0.179019 0.604538
vt 0.154824 0.594820
vt 0.109661 0.599352
vt 0.134368 0.601199
vt 0.111471 0.621872
vt 0.134368 0.601199
vt 0.136110 0.619277
vt 0.111471 0.621872
vt 0.134368 0.601199
vt 0.144340 0.601945
vt 0.136110 0.619277
vt 0.144340 0.601945
vt 0.146055 0.618230
vt 0.136110 0.619277
vt 0.144340 0.601945
vt 0.156000 0.617183
vt 0.146055 0.618230
vt 0.154312 0.602691
vt 0.156000 0.617183
vt 0.144340 0.601945
vt 0.154312 0.602691
vt 0.180640 0.614588
vt 0.156000 0.617183
vt 0.179019 0.604538
vt 0.180640 0.614588
vt 0.154312 0.602691
vt 0.111471 0.621872
vt 0.136110 0.619277
vt 0.119133 0.644969
vt 0.136110 0.619277
vt 0.142228 0.636000
vt 0.119133 0.644969
vt 0.136110 0.619277
vt 0.146055 0.618230
vt 0.142228 0.636000
vt 0.146055 0.618230
vt 0.151550 0.632380
vt 0.142228 0.636000
vt 0.146055 0.618230
vt 0.160872 0.628760
vt 0.151550 0.632380
vt 0.156000 0.617183
vt 0.160872 0.628760
vt 0.146055 0.618230
vt 0.156000 0.617183
vt 0.183967 0.619791
vt 0.160872 0.628760
vt 0.180640 0.614588
vt 0.183967 0.619791
vt 0.156000 0.617183
vt 0.119133 0.644969
vt 0.142228 0.636000
vt 0.133025 0.665487
vt 0.142228 0.636000
vt 0.152756 0.650503
vt 0.133025 0.665487
vt 0.142228 0.636000
vt 0.151550 0.632380
vt 0.152756 0.650503
vt 0.151550 0.632380
vt 0.160720 0.644455
vt 0.152756 0.650503
vt 0.151550 0.632380
vt 0.168684 0.638407
vt 0.160720 0.644455
vt 0.160872 0.628760
vt 0.168684 0.638407
vt 0.151550 0.632380
vt 0.160872 0.628760
vt 0.188415 0.623423
vt 0.168684 0.638407
vt 0.183967 0.619791
vt 0.188415 0.623423
vt 0.160872 0.628760
vt 0.133025 0.665487
vt 0.152756 0.650503
vt 0.151885 0.681803
vt 0.152756 0.650503
vt 0.167253 0.662369
vt 0.151885 0.681803
vt 0.152756 0.650503
vt 0.160720 0.644455
vt 0.167253 0.662369
vt 0.160720 0.644455
vt 0.173455 0.654525
vt 0.167253 0.662369
vt 0.160720 0.644455
vt 0.179658 0.646681
vt 0.173455 0.654525
vt 0.168684 0.638407
vt 0.179658 0.646681
vt 0.160720 0.644455
vt 0.168684 0.638407
vt 0.195025 0.627247
vt 0.179658 0.646681
vt 0.188415 0.623423
vt 0.195025 0.627247
vt 0.168684 0.638407
vt 0.151885 0.681803
vt 0.167253 0.662369
vt 0.166372 0.690434
vt 0.167253 0.662369
vt 0.178507 0.668833
vt 0.166372 0.690434
vt 0.167253 0.662369
vt 0.173455 0.654525
vt 0.178507 0.668833
vt 0.173455 0.654525
vt 0.183405 0.660115
vt 0.178507 0.668833
vt 0.173455 0.654525
vt 0.188303 0.651397
vt 0.183405 0.660115
vt 0.179658 0.646681
vt 0.188303 0.651397
vt 0.173455 0.654525
vt 0.179658 0.646681
vt 0.200439 0.629796
vt 0.188303 0.651397
vt 0.195025 0.627247
vt 0.200439 0.629796
vt 0.179658 0.646681
vt 0.166372 0.690434
vt 0.178507 0.668833
vt 0.180156 0.696544
vt 0.178507 0.668833
vt 0.189891 0.673761
vt 0.180156 0.696544
vt 0.178507 0.668833
vt 0.183405 0.660115
vt 0.189891 0.673761
vt 0.183405 0.660115
vt 0.193820 0.664565
vt 0.189891 0.673761
vt 0.183405 0.660115
vt 0.197749 0.655369
vt 0.193820 0.664565
vt 0.188303 0.651397
vt 0.197749 0.655369
vt 0.183405 0.660115
vt 0.188303 0.651397
vt 0.207484 0.632586
vt 0.197749 0.655369
vt 0.200439 0.629796
vt 0.207484 0.632586
vt 0.188303 0.651397
vt 0.180156 0.696544
vt 0.189891 0.673761
vt 0.195112 0.701086
vt 0.189891 0.673761
vt 0.201886 0.677254
vt 0.195112 0.701086
vt 0.189891 0.673761
vt 0.193820 0.664565
vt 0.201886 0.677254
vt 0.193820 0.664565
vt 0.204620 0.667635
vt 0.201886 0.677254
vt 0.193820 0.664565
vt 0.207354 0.658016
vt 0.204620 0.667635
vt 0.197749 0.655369
vt 0.207354 0.658016
vt 0.193820 0.664565
vt 0.197749 0.655369
vt 0.214129 0.634184
vt 0.207354 0.658016
vt 0.207484 0.632586
vt 0.214129 0.634184
vt 0.197749 0.655369
vt 0.195112 0.701086
vt 0.201886 0.677254
vt 0.211262 0.703559
vt 0.201886 0.677254
vt 0.214438 0.678987
vt 0.211262 0.703559
vt 0.201886 0.677254
vt 0.204620 0.667635
vt 0.214438 0.678987
vt 0.204620 0.667635
vt 0.215720 0.669070
vt 0.214438 0.678987
vt 0.204620 0.667635
vt 0.217002 0.659152
vt 0.215720 0.669070
vt 0.207354 0.658016
vt 0.217002 0.659152
vt 0.204620 0.667635
vt 0.207354 0.658016
vt 0.220179 0.634581
vt 0.217002 0.659152
vt 0.214129 0.634184
vt 0.220179 0.634581
vt 0.207354 0.658016
vt 0.211262 0.703559
vt 0.214438 0.678987
vt 0.245389 0.706852
vt 0.214438 0.678987
vt 0.247755 0.682189
vt 0.245389 0.706852
vt 0.214438 0.678987
vt 0.215720 0.669070
vt 0.247755 0.682189
vt 0.215720 0.669070
vt 0.248710 0.672235
vt 0.247755 0.682189
vt 0.215720 0.669070
vt 0.249665 0.662281
vt 0.248710 0.672235
vt 0.217002 0.659152
vt 0.249665 0.662281
vt 0.215720 0.669070
vt 0.217002 0.659152
vt 0.252031 0.637618
vt 0.249665 0.662281
vt 0.220179 0.634581
vt 0.252031 0.637618
vt 0.217002 0.659152
vt 0.245389 0.706852
vt 0.247755 0.682189
vt 0.275478 0.712025
vt 0.247755 0.682189
vt 0.279605 0.687595
vt 0.275478 0.712025
vt 0.247755 0.682189
vt 0.248710 0.672235
vt 0.279605 0.687595
vt 0.248710 0.672235
vt 0.281270 0.677735
vt 0.279605 0.687595
vt 0.248710 0.672235
vt 0.282936 0.667875
vt 0.281270 0.677735
vt 0.249665 0.662281
vt 0.282936 0.667875
vt 0.248710 0.672235
vt 0.249665 0.662281
vt 0.287062 0.643445
vt 0.282936 0.667875
vt 0.252031 0.637618
vt 0.287062 0.643445
vt 0.249665 0.662281
vt 0.275478 0.712025
vt 0.279605 0.687595
vt 0.306644 0.718433
vt 0.279605 0.687595
vt 0.311618 0.694161
vt 0.306644 0.718433
vt 0.279605 0.687595
vt 0.281270 0.677735
vt 0.311618 0.694161
vt 0.281270 0.677735
vt 0.313625 0.684365
vt 0.311618 0.694161
vt 0.281270 0.677735
vt 0.315633 0.674568
vt 0.313625 0.684365
vt 0.282936 0.667875
vt 0.315633 0.674568
vt 0.281270 0.677735
vt 0.282936 0.667875
vt 0.320606 0.650297
vt 0.315633 0.674568
vt 0.287062 0.643445
vt 0.320606 0.650297
vt 0.282936 0.667875
vt 0.306644 0.718433
vt 0.311618 0.694161
vt 0.339088 0.725008
vt 0.311618 0.694161
vt 0.344009 0.700726
vt 0.339088 0.725008
vt 0.311618 0.694161
vt 0.313625 0.684365
vt 0.344009 0.700726
vt 0.313625 0.684365
vt 0.345995 0.690925
vt 0.344009 0.700726
vt 0.313625 0.684365
vt 0.347981 0.681124
vt 0.345995 0.690925
vt 0.315633 0.674568
vt 0.347981 0.681124
vt 0.313625 0.684365
vt 0.315633 0.674568
vt 0.352902 0.656842
vt 0.347981 0.681124
vt 0.320606 0.650297
vt 0.352902 0.656842
vt 0.315633 0.674568
vt 0.339088 0.725008
vt 0.344009 0.700726
vt 0.354055 0.727640
vt 0.344009 0.700726
vt 0.358326 0.703235
vt 0.354055 0.727640
vt 0.344009 0.700726
vt 0.345995 0.690925
vt 0.358326 0.703235
vt 0.345995 0.690925
vt 0.360050 0.693385
vt 0.358326 0.703235
vt 0.345995 0.690925
vt 0.361774 0.683535
vt 0.360050 0.693385
vt 0.347981 0.681124
vt 0.361774 0.683535
vt 0.345995 0.690925
vt 0.347981 0.681124
vt 0.366046 0.659130
vt 0.361774 0.683535
vt 0.352902 0.656842
vt 0.366046 0.659130
vt 0.347981 0.681124
vt 0.354055 0.727640
vt 0.358326 0.703235
vt 0.368922 0.729914
vt 0.358326 0.703235
vt 0.372654 0.705421
vt 0.368922 0.729914
vt 0.358326 0.703235
vt 0.360050 0.693385
vt 0.372654 0.705421
vt 0.360050 0.693385
vt 0.374160 0.695535
vt 0.372654 0.705421
vt 0.360050 0.693385
vt 0.375667 0.685649
vt 0.374160 0.695535
vt 0.361774 0.683535
vt 0.375667 0.685649
vt 0.360050 0.693385
vt 0.361774 0.683535
vt 0.379399 0.661156
vt 0.375667 0.685649
vt 0.366046 0.659130
vt 0.379399 0.661156
vt 0.361774 0.683535
vt 0.368922 0.729914
vt 0.372654 0.705421
vt 0.383622 0.731918
vt 0.372654 0.705421
vt 0.386962 0.707369
vt 0.383622 0.731918
vt 0.372654 0.705421
vt 0.374160 0.695535
vt 0.386962 0.707369
vt 0.374160 0.695535
vt 0.388310 0.697460
vt 0.386962 0.707369
vt 0.374160 0.695535
vt 0.389658 0.687551
vt 0.388310 0.697460
vt 0.375667 0.685649
vt 0.389658 0.687551
vt 0.374160 0.695535
vt 0.375667 0.685649
vt 0.392998 0.663002
vt 0.389658 0.687551
vt 0.379399 0.661156
vt 0.392998 0.663002
vt 0.375667 0.685649
vt 0.383622 0.731918
vt 0.386962 0.707369
vt 0.398127 0.733748
vt 0.386962 0.707369
vt 0.401225 0.709166
vt 0.398127 0.733748
vt 0.386962 0.707369
vt 0.388310 0.697460
vt 0.401225 0.709166
vt 0.388310 0.697460
vt 0.402475 0.699245
vt 0.401225 0.709166
vt 0.388310 0.697460
vt 0.403725 0.689323
vt 0.402475 0.699245
vt 0.389658 0.687551
vt 0.403725 0.689323
vt 0.388310 0.697460
vt 0.389658 0.687551
vt 0.406823 0.664742
vt 0.403725 0.689323
vt 0.392998 0.663002
vt 0.406823 0.664742
vt 0.389658 0.687551
vt 0.398127 0.733748
vt 0.401225 0.709166
vt 0.405236 0.734297
vt 0.401225 0.709166
vt 0.406956 0.709581
vt 0.405236 0.734297
vt 0.401225 0.709166
vt 0.402475 0.699245
vt 0.406956 0.709581
vt 0.402475 0.699245
vt 0.407650 0.699605
vt 0.406956 0.709581
vt 0.402475 0.699245
vt 0.408344 0.689629
vt 0.407650 0.699605
vt 0.403725 0.689323
vt 0.408344 0.689629
vt 0.402475 0.699245
vt 0.403725 0.689323
vt 0.410064 0.664913
vt 0.408344 0.689629
vt 0.406823 0.664742
vt 0.410064 0.664913
vt 0.403725 0.689323
vt 0.405236 0.734297
vt 0.406956 0.709581
vt 0.413280 0.734318
vt 0.406956 0.709581
vt 0.412995 0.709544
vt 0.413280 0.734318
vt 0.406956 0.709581
vt 0.407650 0.699605
vt 0.412995 0.709544
vt 0.407650 0.699605
vt 0.412880 0.699545
vt 0.412995 0.709544
vt 0.407650 0.699605
vt 0.412765 0.689546
vt 0.412880 0.699545
vt 0.408344 0.689629
vt 0.412765 0.689546
vt 0.407650 0.699605
vt 0.408344 0.689629
vt 0.412481 0.664771
vt 0.412765 0.689546
vt 0.410064 0.664913
vt 0.412481 0.664771
vt 0.408344 0.689629
vt 0.413280 0.734318
vt 0.412995 0.709544
vt 0.420114 0.733964
vt 0.412995 0.709544
vt 0.418701 0.709229
vt 0.420114 0.733964
vt 0.412995 0.709544
vt 0.412880 0.699545
vt 0.418701 0.709229
vt 0.412880 0.699545
vt 0.418130 0.699245
vt 0.418701 0.709229
vt 0.412880 0.699545
vt 0.417560 0.689261
vt 0.418130 0.699245
vt 0.412765 0.689546
vt 0.417560 0.689261
vt 0.412880 0.699545
vt 0.412765 0.689546
vt 0.416146 0.664526
vt 0.417560 0.689261
vt 0.412481 0.664771
vt 0.416146 0.664526
vt 0.412765 0.689546
vt 0.420114 0.733964
vt 0.418701 0.709229
vt 0.425784 0.733572
vt 0.418701 0.709229
vt 0.424061 0.708856
vt 0.425784 0.733572
vt 0.418701 0.709229
vt 0.418130 0.699245
vt 0.424061 0.708856
vt 0.418130 0.699245
vt 0.423365 0.698880
vt 0.424061 0.708856
vt 0.418130 0.699245
vt 0.422670 0.688904
vt 0.423365 0.698880
vt 0.417560 0.689261
vt 0.422670 0.688904
vt 0.418130 0.699245
vt 0.417560 0.689261
vt 0.420946 0.664188
vt 0.422670 0.688904
vt 0.416146 0.664526
vt 0.420946 0.664188
vt 0.417560 0.689261
vt 0.425784 0.733572
vt 0.424061 0.708856
vt 0.436032 0.731354
vt 0.424061 0.708856
vt 0.428621 0.707712
vt 0.436032 0.731354
vt 0.424061 0.708856
vt 0.423365 0.698880
vt 0.428621 0.707712
vt 0.423365 0.698880
vt 0.425630 0.698170
vt 0.428621 0.707712
vt 0.423365 0.698880
vt 0.422639 0.688628
vt 0.425630 0.698170
vt 0.422670 0.688904
vt 0.422639 0.688628
vt 0.423365 0.698880
vt 0.422670 0.688904
vt 0.415228 0.664986
vt 0.422639 0.688628
vt 0.420946 0.664188
vt 0.415228 0.664986
vt 0.422670 0.688904
vt 0.436032 0.731354
vt 0.428621 0.707712
vt 0.451940 0.721014
vt 0.428621 0.707712
vt 0.434279 0.703638
vt 0.451940 0.721014
vt 0.428621 0.707712
vt 0.425630 0.698170
vt 0.434279 0.703638
vt 0.425630 0.698170
vt 0.427150 0.696625
vt 0.434279 0.703638
vt 0.425630 0.698170
vt 0.420022 0.689612
vt 0.427150 0.696625
vt 0.422639 0.688628
vt 0.420022 0.689612
vt 0.425630 0.698170
vt 0.422639 0.688628
vt 0.402360 0.672236
vt 0.420022 0.689612
vt 0.415228 0.664986
vt 0.402360 0.672236
vt 0.422639 0.688628
vt 0.451940 0.721014
vt 0.434279 0.703638
vt 0.459961 0.708361
vt 0.434279 0.703638
vt 0.437208 0.698553
vt 0.459961 0.708361
vt 0.434279 0.703638
vt 0.427150 0.696625
vt 0.437208 0.698553
vt 0.427150 0.696625
vt 0.428025 0.694595
vt 0.437208 0.698553
vt 0.427150 0.696625
vt 0.418842 0.690637
vt 0.428025 0.694595
vt 0.420022 0.689612
vt 0.418842 0.690637
vt 0.427150 0.696625
vt 0.420022 0.689612
vt 0.396090 0.680829
vt 0.418842 0.690637
vt 0.402360 0.672236
vt 0.396090 0.680829
vt 0.420022 0.689612
vt 0.459961 0.708361
vt 0.437208 0.698553
vt 0.462734 0.697670
vt 0.437208 0.698553
vt 0.438241 0.693937
vt 0.462734 0.697670
vt 0.437208 0.698553
vt 0.428025 0.694595
vt 0.438241 0.693937
vt 0.428025 0.694595
vt 0.428355 0.692430
vt 0.438241 0.693937
vt 0.428025 0.694595
vt 0.418469 0.690923
vt 0.428355 0.692430
vt 0.418842 0.690637
vt 0.418469 0.690923
vt 0.428025 0.694595
vt 0.418842 0.690637
vt 0.393976 0.687190
vt 0.418469 0.690923
vt 0.396090 0.680829
vt 0.393976 0.687190
vt 0.418842 0.690637
vt 0.462734 0.697670
vt 0.438241 0.693937
vt 0.463079 0.689495
vt 0.438241 0.693937
vt 0.438308 0.689994
vt 0.463079 0.689495
vt 0.438241 0.693937
vt 0.428355 0.692430
vt 0.438308 0.689994
vt 0.428355 0.692430
vt 0.428310 0.690195
vt 0.438308 0.689994
vt 0.428355 0.692430
vt 0.418312 0.690396
vt 0.428310 0.690195
vt 0.418469 0.690923
vt 0.418312 0.690396
vt 0.428355 0.692430
vt 0.418469 0.690923
vt 0.393541 0.690895
vt 0.418312 0.690396
vt 0.393976 0.687190
vt 0.393541 0.690895
vt 0.418469 0.690923
vt 0.463079 0.689495
vt 0.438308 0.689994
vt 0.462368 0.682777
vt 0.438308 0.689994
vt 0.437858 0.686398
vt 0.462368 0.682777
vt 0.438308 0.689994
vt 0.428310 0.690195
vt 0.437858 0.686398
vt 0.428310 0.690195
vt 0.427965 0.687860
vt 0.437858 0.686398
vt 0.428310 0.690195
vt 0.418073 0.689322
vt 0.427965 0.687860
vt 0.418312 0.690396
vt 0.418073 0.689322
vt 0.428310 0.690195
vt 0.418312 0.690396
vt 0.393563 0.692943
vt 0.418073 0.689322
vt 0.393541 0.690895
vt 0.393563 0.692943
vt 0.418312 0.690396
vt 0.462368 0.682777
vt 0.437858 0.686398
vt 0.460204 0.674636
vt 0.437858 0.686398
vt 0.436733 0.682572
vt 0.460204 0.674636
vt 0.437858 0.686398
vt 0.427965 0.687860
vt 0.436733 0.682572
vt 0.427965 0.687860
vt 0.427260 0.685775
vt 0.436733 0.682572
vt 0.427965 0.687860
vt 0.417787 0.688978
vt 0.427260 0.685775
vt 0.418073 0.689322
vt 0.417787 0.688978
vt 0.427965 0.687860
vt 0.418073 0.689322
vt 0.394317 0.696914
vt 0.417787 0.688978
vt 0.393563 0.692943
vt 0.394317 0.696914
vt 0.418073 0.689322
vt 0.460204 0.674636
vt 0.436733 0.682572
vt 0.453839 0.663271
vt 0.436733 0.682572
vt 0.434098 0.678242
vt 0.453839 0.663271
vt 0.436733 0.682572
vt 0.427260 0.685775
vt 0.434098 0.678242
vt 0.427260 0.685775
vt 0.426130 0.684285
vt 0.434098 0.678242
vt 0.427260 0.685775
vt 0.418162 0.690328
vt 0.426130 0.684285
vt 0.417787 0.688978
vt 0.418162 0.690328
vt 0.427260 0.685775
vt 0.417787 0.688978
vt 0.398422 0.705299
vt 0.418162 0.690328
vt 0.394317 0.696914
vt 0.398422 0.705299
vt 0.417787 0.688978
vt 0.453839 0.663271
vt 0.434098 0.678242
vt 0.442964 0.653633
vt 0.434098 0.678242
vt 0.428819 0.673975
vt 0.442964 0.653633
vt 0.434098 0.678242
vt 0.426130 0.684285
vt 0.428819 0.673975
vt 0.426130 0.684285
vt 0.423110 0.682185
vt 0.428819 0.673975
vt 0.426130 0.684285
vt 0.417401 0.690395
vt 0.423110 0.682185
vt 0.418162 0.690328
vt 0.417401 0.690395
vt 0.426130 0.684285
vt 0.418162 0.690328
vt 0.403257 0.710737
vt 0.417401 0.690395
vt 0.398422 0.705299
vt 0.403257 0.710737
vt 0.418162 0.690328
vt 0.442964 0.653633
vt 0.428819 0.673975
vt 0.436767 0.649986
vt 0.428819 0.673975
vt 0.424715 0.671633
vt 0.436767 0.649986
vt 0.428819 0.673975
vt 0.423110 0.682185
vt 0.424715 0.671633
vt 0.423110 0.682185
vt 0.419850 0.680370
vt 0.424715 0.671633
vt 0.423110 0.682185
vt 0.414986 0.689107
vt 0.419850 0.680370
vt 0.417401 0.690395
vt 0.414986 0.689107
vt 0.423110 0.682185
vt 0.417401 0.690395
vt 0.402934 0.710754
vt 0.414986 0.689107
vt 0.403257 0.710737
vt 0.402934 0.710754
vt 0.417401 0.690395
vt 0.436767 0.649986
vt 0.424715 0.671633
vt 0.431159 0.647270
vt 0.424715 0.671633
vt 0.420676 0.669719
vt 0.431159 0.647270
vt 0.424715 0.671633
vt 0.419850 0.680370
vt 0.420676 0.669719
vt 0.419850 0.680370
vt 0.416445 0.678780
vt 0.420676 0.669719
vt 0.419850 0.680370
vt 0.412214 0.687841
vt 0.416445 0.678780
vt 0.414986 0.689107
vt 0.412214 0.687841
vt 0.419850 0.680370
vt 0.414986 0.689107
vt 0.401731 0.710289
vt 0.412214 0.687841
vt 0.402934 0.710754
vt 0.401731 0.710289
vt 0.414986 0.689107
vt 0.431159 0.647270
vt 0.420676 0.669719
vt 0.426328 0.645229
vt 0.420676 0.669719
vt 0.416826 0.668110
vt 0.426328 0.645229
vt 0.420676 0.669719
vt 0.416445 0.678780
vt 0.416826 0.668110
vt 0.416445 0.678780
vt 0.412990 0.677345
vt 0.416826 0.668110
vt 0.416445 0.678780
vt 0.409155 0.686580
vt 0.412990 0.677345
vt 0.412214 0.687841
vt 0.409155 0.686580
vt 0.416445 0.678780
vt 0.412214 0.687841
vt 0.399652 0.709461
vt 0.409155 0.686580
vt 0.401731 0.710289
vt 0.399652 0.709461
vt 0.412214 0.687841
vt 0.426328 0.645229
vt 0.416826 0.668110
vt 0.410421 0.638929
vt 0.416826 0.668110
vt 0.401305 0.661967
vt 0.410421 0.638929
vt 0.416826 0.668110
vt 0.412990 0.677345
vt 0.401305 0.661967
vt 0.412990 0.677345
vt 0.397625 0.671265
vt 0.401305 0.661967
vt 0.412990 0.677345
vt 0.393946 0.680563
vt 0.397625 0.671265
vt 0.409155 0.686580
vt 0.393946 0.680563
vt 0.412990 0.677345
vt 0.409155 0.686580
vt 0.384830 0.703601
vt 0.393946 0.680563
vt 0.399652 0.709461
vt 0.384830 0.703601
vt 0.409155 0.686580
vt 0.410421 0.638929
vt 0.401305 0.661967
vt 0.394904 0.632859
vt 0.401305 0.661967
vt 0.385878 0.655932
vt 0.394904 0.632859
vt 0.401305 0.661967
vt 0.397625 0.671265
vt 0.385878 0.655932
vt 0.397625 0.671265
vt 0.382235 0.665245
vt 0.385878 0.655932
vt 0.397625 0.671265
vt 0.378592 0.674558
vt 0.382235 0.665245
vt 0.393946 0.680563
vt 0.378592 0.674558
vt 0.397625 0.671265
vt 0.393946 0.680563
vt 0.369567 0.697631
vt 0.378592 0.674558
vt 0.384830 0.703601
vt 0.369567 0.697631
vt 0.393946 0.680563
vt 0.394904 0.632859
vt 0.385878 0.655932
vt 0.379478 0.626842
vt 0.385878 0.655932
vt 0.370474 0.649924
vt 0.379478 0.626842
vt 0.385878 0.655932
vt 0.382235 0.665245
vt 0.370474 0.649924
vt 0.382235 0.665245
vt 0.366840 0.659240
vt 0.370474 0.649924
vt 0.382235 0.665245
vt 0.363206 0.668556
vt 0.366840 0.659240
vt 0.378592 0.674558
vt 0.363206 0.668556
vt 0.382235 0.665245
vt 0.378592 0.674558
vt 0.354203 0.691638
vt 0.363206 0.668556
vt 0.369567 0.697631
vt 0.354203 0.691638
vt 0.378592 0.674558
vt 0.379478 0.626842
vt 0.370474 0.649924
vt 0.364145 0.620832
vt 0.370474 0.649924
vt 0.355104 0.643900
vt 0.364145 0.620832
vt 0.370474 0.649924
vt 0.366840 0.659240
vt 0.355104 0.643900
vt 0.366840 0.659240
vt 0.351455 0.653210
vt 0.355104 0.643900
vt 0.366840 0.659240
vt 0.347806 0.662520
vt 0.351455 0.653210
vt 0.363206 0.668556
vt 0.347806 0.662520
vt 0.366840 0.659240
vt 0.363206 0.668556
vt 0.338765 0.685588
vt 0.347806 0.662520
vt 0.354203 0.691638
vt 0.338765 0.685588
vt 0.363206 0.668556
vt 0.364145 0.620832
vt 0.355104 0.643900
vt 0.355128 0.617058
vt 0.355104 0.643900
vt 0.345583 0.639922
vt 0.355128 0.617058
vt 0.355104 0.643900
vt 0.351455 0.653210
vt 0.345583 0.639922
vt 0.351455 0.653210
vt 0.341730 0.649150
vt 0.345583 0.639922
vt 0.351455 0.653210
vt 0.337878 0.658378
vt 0.341730 0.649150
vt 0.347806 0.662520
vt 0.337878 0.658378
vt 0.351455 0.653210
vt 0.347806 0.662520
vt 0.328332 0.681241
vt 0.337878 0.658378
vt 0.338765 0.685588
vt 0.328332 0.681241
vt 0.347806 0.662520
vt 0.355128 0.617058
vt 0.345583 0.639922
vt 0.347169 0.613229
vt 0.345583 0.639922
vt 0.336529 0.635604
vt 0.347169 0.613229
vt 0.345583 0.639922
vt 0.341730 0.649150
vt 0.336529 0.635604
vt 0.341730 0.649150
vt 0.332235 0.644635
vt 0.336529 0.635604
vt 0.341730 0.649150
vt 0.327941 0.653666
vt 0.332235 0.644635
vt 0.337878 0.658378
vt 0.327941 0.653666
vt 0.341730 0.649150
vt 0.337878 0.658378
vt 0.317301 0.676041
vt 0.327941 0.653666
vt 0.328332 0.681241
vt 0.317301 0.676041
vt 0.337878 0.658378
vt 0.347169 0.613229
vt 0.336529 0.635604
vt 0.339795 0.609102
vt 0.336529 0.635604
vt 0.327851 0.630809
vt 0.339795 0.609102
vt 0.336529 0.635604
vt 0.332235 0.644635
vt 0.327851 0.630809
vt 0.332235 0.644635
vt 0.323030 0.639570
vt 0.327851 0.630809
vt 0.332235 0.644635
vt 0.318209 0.648331
vt 0.323030 0.639570
vt 0.327941 0.653666
vt 0.318209 0.648331
vt 0.332235 0.644635
vt 0.327941 0.653666
vt 0.306265 0.670038
vt 0.318209 0.648331
vt 0.317301 0.676041
vt 0.306265 0.670038
vt 0.327941 0.653666
vt 0.339795 0.609102
vt 0.327851 0.630809
vt 0.333022 0.604636
vt 0.327851 0.630809
vt 0.319598 0.625460
vt 0.333022 0.604636
vt 0.327851 0.630809
vt 0.323030 0.639570
vt 0.319598 0.625460
vt 0.323030 0.639570
vt 0.314180 0.633865
vt 0.319598 0.625460
vt 0.323030 0.639570
vt 0.308762 0.642270
vt 0.314180 0.633865
vt 0.318209 0.648331
vt 0.308762 0.642270
vt 0.323030 0.639570
vt 0.318209 0.648331
vt 0.295338 0.663094
vt 0.308762 0.642270
vt 0.306265 0.670038
vt 0.295338 0.663094
vt 0.318209 0.648331
vt 0.333022 0.604636
vt 0.319598 0.625460
vt 0.329530 0.602087
vt 0.319598 0.625460
vt 0.315114 0.622237
vt 0.329530 0.602087
vt 0.319598 0.625460
vt 0.314180 0.633865
vt 0.315114 0.622237
vt 0.314180 0.633865
vt 0.309295 0.630370
vt 0.315114 0.622237
vt 0.314180 0.633865
vt 0.303476 0.638503
vt 0.309295 0.630370
vt 0.308762 0.642270
vt 0.303476 0.638503
vt 0.314180 0.633865
vt 0.308762 0.642270
vt 0.289060 0.658653
vt 0.303476 0.638503
vt 0.295338 0.663094
vt 0.289060 0.658653
vt 0.308762 0.642270
vt 0.329530 0.602087
vt 0.315114 0.622237
vt 0.325527 0.599031
vt 0.315114 0.622237
vt 0.310547 0.618765
vt 0.325527 0.599031
vt 0.315114 0.622237
vt 0.309295 0.630370
vt 0.310547 0.618765
vt 0.309295 0.630370
vt 0.304500 0.626730
vt 0.310547 0.618765
vt 0.309295 0.630370
vt 0.298454 0.634695
vt 0.304500 0.626730
vt 0.303476 0.638503
vt 0.298454 0.634695
vt 0.309295 0.630370
vt 0.303476 0.638503
vt 0.283473 0.654429
vt 0.298454 0.634695
vt 0.289060 0.658653
vt 0.283473 0.654429
vt 0.303476 0.638503
vt 0.325527 0.599031
vt 0.310547 0.618765
vt 0.322000 0.596083
vt 0.310547 0.618765
vt 0.306230 0.615192
vt 0.322000 0.596083
vt 0.310547 0.618765
vt 0.304500 0.626730
vt 0.306230 0.615192
vt 0.304500 0.626730
vt 0.299865 0.622905
vt 0.306230 0.615192
vt 0.304500 0.626730
vt 0.293500 0.630618
vt 0.299865 0.622905
vt 0.298454 0.634695
vt 0.293500 0.630618
vt 0.304500 0.626730
vt 0.298454 0.634695
vt 0.277730 0.649727
vt 0.293500 0.630618
vt 0.283473 0.654429
vt 0.277730 0.649727
vt 0.298454 0.634695
vt 0.322000 0.596083
vt 0.306230 0.615192
vt 0.318978 0.593241
vt 0.306230 0.615192
vt 0.302219 0.611490
vt 0.318978 0.593241
vt 0.306230 0.615192
vt 0.299865 0.622905
vt 0.302219 0.611490
vt 0.299865 0.622905
vt 0.295455 0.618855
vt 0.302219 0.611490
vt 0.299865 0.622905
vt 0.288691 0.626220
vt 0.295455 0.618855
vt 0.293500 0.630618
vt 0.288691 0.626220
vt 0.299865 0.622905
vt 0.293500 0.630618
vt 0.271933 0.644468
vt 0.288691 0.626220
vt 0.277730 0.649727
vt 0.271933 0.644468
vt 0.293500 0.630618
vt 0.318978 0.593241
vt 0.302219 0.611490
vt 0.313493 0.586429
vt 0.302219 0.611490
vt 0.294654 0.602520
vt 0.313493 0.586429
vt 0.302219 0.611490
vt 0.295455 0.618855
vt 0.294654 0.602520
vt 0.295455 0.618855
vt 0.287050 0.609015
vt 0.294654 0.602520
vt 0.295455 0.618855
vt 0.279446 0.615510
vt 0.287050 0.609015
vt 0.288691 0.626220
vt 0.279446 0.615510
vt 0.295455 0.618855
vt 0.288691 0.626220
vt 0.260607 0.631601
vt 0.279446 0.615510
vt 0.271933 0.644468
vt 0.260607 0.631601
vt 0.288691 0.626220
vt 0.313493 0.586429
vt 0.294654 0.602520
vt 0.311240 0.581086
vt 0.294654 0.602520
vt 0.289646 0.593232
vt 0.311240 0.581086
vt 0.294654 0.602520
vt 0.287050 0.609015
vt 0.289646 0.593232
vt 0.287050 0.609015
vt 0.280930 0.598135
vt 0.289646 0.593232
vt 0.287050 0.609015
vt 0.272214 0.603037
vt 0.280930 0.598135
vt 0.279446 0.615510
vt 0.272214 0.603037
vt 0.287050 0.609015
vt 0.279446 0.615510
vt 0.250620 0.615184
vt 0.272214 0.603037
vt 0.260607 0.631601
vt 0.250620 0.615184
vt 0.279446 0.615510
vt 0.311240 0.581086
vt 0.289646 0.593232
vt 0.310304 0.575699
vt 0.289646 0.593232
vt 0.286684 0.583177
vt 0.310304 0.575699
vt 0.289646 0.593232
vt 0.280930 0.598135
vt 0.286684 0.583177
vt 0.280930 0.598135
vt 0.277150 0.586195
vt 0.286684 0.583177
vt 0.280930 0.598135
vt 0.267616 0.589213
vt 0.277150 0.586195
vt 0.272214 0.603037
vt 0.267616 0.589213
vt 0.280930 0.598135
vt 0.272214 0.603037
vt 0.243996 0.596691
vt 0.267616 0.589213
vt 0.250620 0.615184
vt 0.243996 0.596691
vt 0.272214 0.603037
vt 0.310304 0.575699
vt 0.286684 0.583177
vt 0.310339 0.569487
vt 0.286684 0.583177
vt 0.285704 0.572118
vt 0.310339 0.569487
vt 0.286684 0.583177
vt 0.277150 0.586195
vt 0.285704 0.572118
vt 0.277150 0.586195
vt 0.275760 0.573180
vt 0.285704 0.572118
vt 0.277150 0.586195
vt 0.265817 0.574242
vt 0.275760 0.573180
vt 0.267616 0.589213
vt 0.265817 0.574242
vt 0.277150 0.586195
vt 0.267616 0.589213
vt 0.241181 0.576873
vt 0.265817 0.574242
vt 0.243996 0.596691
vt 0.241181 0.576873
vt 0.267616 0.589213
vt 0.310339 0.569487
vt 0.285704 0.572118
vt 0.311155 0.560360
vt 0.285704 0.572118
vt 0.286405 0.559234
vt 0.311155 0.560360
vt 0.285704 0.572118
vt 0.275760 0.573180
vt 0.286405 0.559234
vt 0.275760 0.573180
vt 0.276415 0.558780
vt 0.286405 0.559234
vt 0.275760 0.573180
vt 0.266425 0.558326
vt 0.276415 0.558780
vt 0.265817 0.574242
vt 0.266425 0.558326
vt 0.275760 0.573180
vt 0.265817 0.574242
vt 0.241675 0.557200
vt 0.266425 0.558326
vt 0.241181 0.576873
vt 0.241675 0.557200
vt 0.265817 0.574242
vt 0.311155 0.560360
vt 0.286405 0.559234
vt 0.313097 0.550809
vt 0.286405 0.559234
vt 0.288687 0.546567
vt 0.313097 0.550809
vt 0.286405 0.559234
vt 0.276415 0.558780
vt 0.288687 0.546567
vt 0.276415 0.558780
vt 0.278835 0.544855
vt 0.288687 0.546567
vt 0.276415 0.558780
vt 0.268983 0.543143
vt 0.278835 0.544855
vt 0.266425 0.558326
vt 0.268983 0.543143
vt 0.276415 0.558780
vt 0.266425 0.558326
vt 0.244573 0.538900
vt 0.268983 0.543143
vt 0.241675 0.557200
vt 0.244573 0.538900
vt 0.266425 0.558326
vt 0.313097 0.550809
vt 0.288687 0.546567
vt 0.316255 0.541981
vt 0.288687 0.546567
vt 0.292652 0.534450
vt 0.316255 0.541981
vt 0.288687 0.546567
vt 0.278835 0.544855
vt 0.292652 0.534450
vt 0.278835 0.544855
vt 0.283125 0.531410
vt 0.292652 0.534450
vt 0.278835 0.544855
vt 0.273598 0.528370
vt 0.283125 0.531410
vt 0.268983 0.543143
vt 0.273598 0.528370
vt 0.278835 0.544855
vt 0.268983 0.543143
vt 0.249995 0.520839
vt 0.273598 0.528370
vt 0.244573 0.538900
vt 0.249995 0.520839
vt 0.268983 0.543143
vt 0.316255 0.541981
vt 0.292652 0.534450
vt 0.320700 0.533585
vt 0.292652 0.534450
vt 0.298393 0.522802
vt 0.320700 0.533585
vt 0.292652 0.534450
vt 0.283125 0.531410
vt 0.298393 0.522802
vt 0.283125 0.531410
vt 0.289390 0.518450
vt 0.298393 0.522802
vt 0.283125 0.531410
vt 0.280387 0.514098
vt 0.289390 0.518450
vt 0.273598 0.528370
vt 0.280387 0.514098
vt 0.283125 0.531410
vt 0.273598 0.528370
vt 0.258081 0.503315
vt 0.280387 0.514098
vt 0.249995 0.520839
vt 0.258081 0.503315
vt 0.273598 0.528370
vt 0.320700 0.533585
vt 0.298393 0.522802
vt 0.317318 0.539521
vt 0.298393 0.522802
vt 0.299288 0.522528
vt 0.317318 0.539521
vt 0.298393 0.522802
vt 0.289390 0.518450
vt 0.299288 0.522528
vt 0.289390 0.518450
vt 0.292010 0.515670
vt 0.299288 0.522528
vt 0.289390 0.518450
vt 0.284733 0.508811
vt 0.292010 0.515670
vt 0.280387 0.514098
vt 0.284733 0.508811
vt 0.289390 0.518450
vt 0.280387 0.514098
vt 0.266702 0.491819
vt 0.284733 0.508811
vt 0.258081 0.503315
vt 0.266702 0.491819
vt 0.280387 0.514098
vt 0.317318 0.539521
vt 0.299288 0.522528
vt 0.308668 0.546427
vt 0.299288 0.522528
vt 0.299279 0.523499
vt 0.308668 0.546427
vt 0.299288 0.522528
vt 0.292010 0.515670
vt 0.299279 0.523499
vt 0.292010 0.515670
vt 0.295490 0.514245
vt 0.299279 0.523499
vt 0.292010 0.515670
vt 0.291701 0.504991
vt 0.295490 0.514245
vt 0.284733 0.508811
vt 0.291701 0.504991
vt 0.292010 0.515670
vt 0.284733 0.508811
vt 0.282312 0.482063
vt 0.291701 0.504991
vt 0.266702 0.491819
vt 0.282312 0.482063
vt 0.284733 0.508811
vt 0.308668 0.546427
vt 0.299279 0.523499
vt 0.297971 0.549122
vt 0.299279 0.523499
vt 0.298790 0.524359
vt 0.297971 0.549122
vt 0.299279 0.523499
vt 0.295490 0.514245
vt 0.298790 0.524359
vt 0.295490 0.514245
vt 0.299120 0.514365
vt 0.298790 0.524359
vt 0.295490 0.514245
vt 0.299450 0.504370
vt 0.299120 0.514365
vt 0.291701 0.504991
vt 0.299450 0.504370
vt 0.295490 0.514245
vt 0.291701 0.504991
vt 0.300269 0.479608
vt 0.299450 0.504370
vt 0.282312 0.482063
vt 0.300269 0.479608
vt 0.291701 0.504991
vt 0.297971 0.549122
vt 0.298790 0.524359
vt 0.284188 0.545975
vt 0.298790 0.524359
vt 0.297006 0.524773
vt 0.284188 0.545975
vt 0.298790 0.524359
vt 0.299120 0.514365
vt 0.297006 0.524773
vt 0.299120 0.514365
vt 0.302180 0.516215
vt 0.297006 0.524773
vt 0.299120 0.514365
vt 0.307354 0.507657
vt 0.302180 0.516215
vt 0.299450 0.504370
vt 0.307354 0.507657
vt 0.299120 0.514365
vt 0.299450 0.504370
vt 0.320172 0.486455
vt 0.307354 0.507657
vt 0.300269 0.479608
vt 0.320172 0.486455
vt 0.299450 0.504370
vt 0.284188 0.545975
vt 0.297006 0.524773
vt 0.283450 0.547348
vt 0.297006 0.524773
vt 0.301824 0.530728
vt 0.283450 0.547348
vt 0.297006 0.524773
vt 0.302180 0.516215
vt 0.301824 0.530728
vt 0.302180 0.516215
vt 0.309240 0.524020
vt 0.301824 0.530728
vt 0.302180 0.516215
vt 0.316656 0.517312
vt 0.309240 0.524020
vt 0.307354 0.507657
vt 0.316656 0.517312
vt 0.302180 0.516215
vt 0.307354 0.507657
vt 0.335030 0.500691
vt 0.316656 0.517312
vt 0.320172 0.486455
vt 0.335030 0.500691
vt 0.307354 0.507657
vt 0.283450 0.547348
vt 0.301824 0.530728
vt 0.290291 0.555021
vt 0.301824 0.530728
vt 0.308782 0.538531
vt 0.290291 0.555021
vt 0.301824 0.530728
vt 0.309240 0.524020
vt 0.308782 0.538531
vt 0.309240 0.524020
vt 0.316245 0.531875
vt 0.308782 0.538531
vt 0.309240 0.524020
vt 0.323708 0.525219
vt 0.316245 0.531875
vt 0.316656 0.517312
vt 0.323708 0.525219
vt 0.309240 0.524020
vt 0.316656 0.517312
vt 0.342199 0.508729
vt 0.323708 0.525219
vt 0.335030 0.500691
vt 0.342199 0.508729
vt 0.316656 0.517312
vt 0.290291 0.555021
vt 0.308782 0.538531
vt 0.297241 0.562842
vt 0.308782 0.538531
vt 0.315760 0.546383
vt 0.297241 0.562842
vt 0.308782 0.538531
vt 0.316245 0.531875
vt 0.315760 0.546383
vt 0.316245 0.531875
vt 0.323235 0.539740
vt 0.315760 0.546383
vt 0.316245 0.531875
vt 0.330710 0.533097
vt 0.323235 0.539740
vt 0.323708 0.525219
vt 0.330710 0.533097
vt 0.316245 0.531875
vt 0.323708 0.525219
vt 0.349229 0.516638
vt 0.330710 0.533097
vt 0.342199 0.508729
vt 0.349229 0.516638
vt 0.323708 0.525219
vt 0.297241 0.562842
vt 0.315760 0.546383
vt 0.304368 0.570790
vt 0.315760 0.546383
vt 0.322815 0.554251
vt 0.304368 0.570790
vt 0.315760 0.546383
vt 0.323235 0.539740
vt 0.322815 0.554251
vt 0.323235 0.539740
vt 0.330260 0.547575
vt 0.322815 0.554251
vt 0.323235 0.539740
vt 0.337706 0.540899
vt 0.330260 0.547575
vt 0.330710 0.533097
vt 0.337706 0.540899
vt 0.323235 0.539740
vt 0.330710 0.533097
vt 0.356152 0.524360
vt 0.337706 0.540899
vt 0.349229 0.516638
vt 0.356152 0.524360
vt 0.330710 0.533097
vt 0.304368 0.570790
vt 0.322815 0.554251
vt 0.311915 0.579199
vt 0.322815 0.554251
vt 0.330353 0.562650
vt 0.311915 0.579199
vt 0.322815 0.554251
vt 0.330260 0.547575
vt 0.330353 0.562650
vt 0.330260 0.547575
vt 0.337795 0.555970
vt 0.330353 0.562650
vt 0.330260 0.547575
vt 0.345237 0.549290
vt 0.337795 0.555970
vt 0.337706 0.540899
vt 0.345237 0.549290
vt 0.330260 0.547575
vt 0.337706 0.540899
vt 0.363675 0.532741
vt 0.345237 0.549290
vt 0.356152 0.524360
vt 0.363675 0.532741
vt 0.337706 0.540899
vt 0.311915 0.579199
vt 0.330353 0.562650
vt 0.319463 0.587602
vt 0.330353 0.562650
vt 0.337895 0.571047
vt 0.319463 0.587602
vt 0.330353 0.562650
vt 0.337795 0.555970
vt 0.337895 0.571047
vt 0.337795 0.555970
vt 0.345335 0.564365
vt 0.337895 0.571047
vt 0.337795 0.555970
vt 0.352775 0.557683
vt 0.345335 0.564365
vt 0.345237 0.549290
vt 0.352775 0.557683
vt 0.337795 0.555970
vt 0.345237 0.549290
vt 0.371208 0.541128
vt 0.352775 0.557683
vt 0.363675 0.532741
vt 0.371208 0.541128
vt 0.345237 0.549290
vt 0.319463 0.587602
vt 0.337895 0.571047
vt 0.327383 0.596211
vt 0.337895 0.571047
vt 0.345612 0.579432
vt 0.327383 0.596211
vt 0.337895 0.571047
vt 0.345335 0.564365
vt 0.345612 0.579432
vt 0.345335 0.564365
vt 0.352970 0.572660
vt 0.345612 0.579432
vt 0.345335 0.564365
vt 0.360328 0.565888
vt 0.352970 0.572660
vt 0.352775 0.557683
vt 0.360328 0.565888
vt 0.345335 0.564365
vt 0.352775 0.557683
vt 0.378557 0.549109
vt 0.360328 0.565888
vt 0.371208 0.541128
vt 0.378557 0.549109
vt 0.352775 0.557683
vt 0.327383 0.596211
vt 0.345612 0.579432
vt 0.335777 0.604919
vt 0.345612 0.579432
vt 0.353601 0.587711
vt 0.335777 0.604919
vt 0.345612 0.579432
vt 0.352970 0.572660
vt 0.353601 0.587711
vt 0.352970 0.572660
vt 0.360795 0.580765
vt 0.353601 0.587711
vt 0.352970 0.572660
vt 0.367989 0.573819
vt 0.360795 0.580765
vt 0.360328 0.565888
vt 0.367989 0.573819
vt 0.352970 0.572660
vt 0.360328 0.565888
vt 0.385814 0.556611
vt 0.367989 0.573819
vt 0.378557 0.549109
vt 0.385814 0.556611
vt 0.360328 0.565888
vt 0.335777 0.604919
vt 0.353601 0.587711
vt 0.347469 0.615347
vt 0.353601 0.587711
vt 0.363820 0.596733
vt 0.347469 0.615347
vt 0.353601 0.587711
vt 0.360795 0.580765
vt 0.363820 0.596733
vt 0.360795 0.580765
vt 0.370420 0.589220
vt 0.363820 0.596733
vt 0.360795 0.580765
vt 0.377020 0.581707
vt 0.370420 0.589220
vt 0.367989 0.573819
vt 0.377020 0.581707
vt 0.360795 0.580765
vt 0.367989 0.573819
vt 0.393371 0.563093
vt 0.377020 0.581707
vt 0.385814 0.556611
vt 0.393371 0.563093
vt 0.367989 0.573819
vt 0.347469 0.615347
vt 0.363820 0.596733
vt 0.361734 0.625183
vt 0.363820 0.596733
vt 0.375421 0.604531
vt 0.361734 0.625183
vt 0.363820 0.596733
vt 0.370420 0.589220
vt 0.375421 0.604531
vt 0.370420 0.589220
vt 0.380945 0.596195
vt 0.375421 0.604531
vt 0.370420 0.589220
vt 0.386469 0.587859
vt 0.380945 0.596195
vt 0.377020 0.581707
vt 0.386469 0.587859
vt 0.370420 0.589220
vt 0.377020 0.581707
vt 0.400156 0.567207
vt 0.386469 0.587859
vt 0.393371 0.563093
vt 0.400156 0.567207
vt 0.377020 0.581707
vt 0.361734 0.625183
vt 0.375421 0.604531
vt 0.377243 0.633023
vt 0.375421 0.604531
vt 0.388013 0.610711
vt 0.377243 0.633023
vt 0.375421 0.604531
vt 0.380945 0.596195
vt 0.388013 0.610711
vt 0.380945 0.596195
vt 0.392360 0.601705
vt 0.388013 0.610711
vt 0.380945 0.596195
vt 0.396707 0.592699
vt 0.392360 0.601705
vt 0.386469 0.587859
vt 0.396707 0.592699
vt 0.380945 0.596195
vt 0.386469 0.587859
vt 0.407477 0.570387
vt 0.396707 0.592699
vt 0.400156 0.567207
vt 0.407477 0.570387
vt 0.386469 0.587859
vt 0.377243 0.633023
vt 0.388013 0.610711
vt 0.393760 0.638788
vt 0.388013 0.610711
vt 0.401526 0.615261
vt 0.393760 0.638788
vt 0.388013 0.610711
vt 0.392360 0.601705
vt 0.401526 0.615261
vt 0.392360 0.601705
vt 0.404660 0.605765
vt 0.401526 0.615261
vt 0.392360 0.601705
vt 0.407795 0.596269
vt 0.404660 0.605765
vt 0.396707 0.592699
vt 0.407795 0.596269
vt 0.392360 0.601705
vt 0.396707 0.592699
vt 0.415561 0.572742
vt 0.407795 0.596269
vt 0.407477 0.570387
vt 0.415561 0.572742
vt 0.396707 0.592699
vt 0.393760 0.638788
vt 0.401526 0.615261
vt 0.407177 0.641828
vt 0.401526 0.615261
vt 0.412270 0.617581
vt 0.407177 0.641828
vt 0.401526 0.615261
vt 0.404660 0.605765
vt 0.412270 0.617581
vt 0.404660 0.605765
vt 0.414325 0.607795
vt 0.412270 0.617581
vt 0.404660 0.605765
vt 0.416381 0.598009
vt 0.414325 0.607795
vt 0.407795 0.596269
vt 0.416381 0.598009
vt 0.404660 0.605765
vt 0.407795 0.596269
vt 0.421473 0.573762
vt 0.416381 0.598009
vt 0.415561 0.572742
vt 0.421473 0.573762
vt 0.407795 0.596269
vt 0.407177 0.641828
vt 0.412270 0.617581
vt 0.420628 0.643333
vt 0.412270 0.617581
vt 0.422988 0.618670
vt 0.420628 0.643333
vt 0.412270 0.617581
vt 0.414325 0.607795
vt 0.422988 0.618670
vt 0.414325 0.607795
vt 0.423940 0.608715
vt 0.422988 0.618670
vt 0.414325 0.607795
vt 0.424893 0.598760
vt 0.423940 0.608715
vt 0.416381 0.598009
vt 0.424893 0.598760
vt 0.414325 0.607795
vt 0.416381 0.598009
vt 0.427252 0.574097
vt 0.424893 0.598760
vt 0.421473 0.573762
vt 0.427252 0.574097
vt 0.416381 0.598009
vt 0.420628 0.643333
vt 0.422988 0.618670
vt 0.434720 0.643152
vt 0.422988 0.618670
vt 0.433897 0.618389
vt 0.434720 0.643152
vt 0.422988 0.618670
vt 0.423940 0.608715
vt 0.433897 0.618389
vt 0.423940 0.608715
vt 0.433565 0.608395
vt 0.433897 0.618389
vt 0.423940 0.608715
vt 0.433233 0.598401
vt 0.433565 0.608395
vt 0.424893 0.598760
vt 0.433233 0.598401
vt 0.423940 0.608715
vt 0.424893 0.598760
vt 0.432410 0.573638
vt 0.433233 0.598401
vt 0.427252 0.574097
vt 0.432410 0.573638
vt 0.424893 0.598760
vt 0.434720 0.643152
vt 0.433897 0.618389
vt 0.449228 0.640963
vt 0.433897 0.618389
vt 0.444969 0.616556
vt 0.449228 0.640963
vt 0.433897 0.618389
vt 0.433565 0.608395
vt 0.444969 0.616556
vt 0.433565 0.608395
vt 0.443250 0.606705
vt 0.444969 0.616556
vt 0.433565 0.608395
vt 0.441531 0.596854
vt 0.443250 0.606705
vt 0.433233 0.598401
vt 0.441531 0.596854
vt 0.433565 0.608395
vt 0.433233 0.598401
vt 0.437272 0.572447
vt 0.441531 0.596854
vt 0.432410 0.573638
vt 0.437272 0.572447
vt 0.433233 0.598401
vt 0.449228 0.640963
vt 0.444969 0.616556
vt 0.458194 0.638828
vt 0.444969 0.616556
vt 0.452228 0.614781
vt 0.458194 0.638828
vt 0.444969 0.616556
vt 0.443250 0.606705
vt 0.452228 0.614781
vt 0.443250 0.606705
vt 0.449820 0.605075
vt 0.452228 0.614781
vt 0.443250 0.606705
vt 0.447412 0.595369
vt 0.449820 0.605075
vt 0.441531 0.596854
vt 0.447412 0.595369
vt 0.443250 0.606705
vt 0.441531 0.596854
vt 0.441446 0.571322
vt 0.447412 0.595369
vt 0.437272 0.572447
vt 0.441446 0.571322
vt 0.441531 0.596854
vt 0.458194 0.638828
vt 0.452228 0.614781
vt 0.464519 0.637311
vt 0.452228 0.614781
vt 0.458738 0.613219
vt 0.464519 0.637311
vt 0.452228 0.614781
vt 0.449820 0.605075
vt 0.458738 0.613219
vt 0.449820 0.605075
vt 0.456405 0.603495
vt 0.458738 0.613219
vt 0.449820 0.605075
vt 0.454072 0.593771
vt 0.456405 0.603495
vt 0.447412 0.595369
vt 0.454072 0.593771
vt 0.449820 0.605075
vt 0.447412 0.595369
vt 0.448291 0.569679
vt 0.454072 0.593771
vt 0.441446 0.571322
vt 0.448291 0.569679
vt 0.447412 0.595369
vt 0.464519 0.637311
vt 0.458738 0.613219
vt 0.470614 0.635949
vt 0.458738 0.613219
vt 0.465197 0.611773
vt 0.470614 0.635949
vt 0.458738 0.613219
vt 0.456405 0.603495
vt 0.465197 0.611773
vt 0.456405 0.603495
vt 0.463010 0.602015
vt 0.465197 0.611773
vt 0.456405 0.603495
vt 0.460824 0.592257
vt 0.463010 0.602015
vt 0.454072 0.593771
vt 0.460824 0.592257
vt 0.456405 0.603495
vt 0.454072 0.593771
vt 0.455406 0.568081
vt 0.460824 0.592257
vt 0.448291 0.569679
vt 0.455406 0.568081
vt 0.454072 0.593771
vt 0.470614 0.635949
vt 0.465197 0.611773
vt 0.476455 0.634792
vt 0.465197 0.611773
vt 0.471600 0.610496
vt 0.476455 0.634792
vt 0.465197 0.611773
vt 0.463010 0.602015
vt 0.471600 0.610496
vt 0.463010 0.602015
vt 0.469640 0.600690
vt 0.471600 0.610496
vt 0.463010 0.602015
vt 0.467680 0.590884
vt 0.469640 0.600690
vt 0.460824 0.592257
vt 0.467680 0.590884
vt 0.463010 0.602015
vt 0.460824 0.592257
vt 0.462825 0.566588
vt 0.467680 0.590884
vt 0.455406 0.568081
vt 0.462825 0.566588
vt 0.460824 0.592257
vt 0.476455 0.634792
vt 0.471600 0.610496
vt 0.479562 0.635295
vt 0.471600 0.610496
vt 0.479122 0.610523
vt 0.479562 0.635295
vt 0.471600 0.610496
vt 0.469640 0.600690
vt 0.479122 0.610523
vt 0.469640 0.600690
vt 0.478945 0.600525
vt 0.479122 0.610523
vt 0.469640 0.600690
vt 0.478768 0.590527
vt 0.478945 0.600525
vt 0.467680 0.590884
vt 0.478768 0.590527
vt 0.469640 0.600690
vt 0.467680 0.590884
vt 0.478328 0.565755
vt 0.478768 0.590527
vt 0.462825 0.566588
vt 0.478328 0.565755
vt 0.467680 0.590884
vt 0.479562 0.635295
vt 0.479122 0.610523
vt 0.476713 0.636367
vt 0.479122 0.610523
vt 0.484373 0.612805
vt 0.476713 0.636367
vt 0.479122 0.610523
vt 0.478945 0.600525
vt 0.484373 0.612805
vt 0.478945 0.600525
vt 0.487465 0.603295
vt 0.484373 0.612805
vt 0.478945 0.600525
vt 0.490557 0.593785
vt 0.487465 0.603295
vt 0.478768 0.590527
vt 0.490557 0.593785
vt 0.478945 0.600525
vt 0.478768 0.590527
vt 0.498217 0.570223
vt 0.490557 0.593785
vt 0.478328 0.565755
vt 0.498217 0.570223
vt 0.478768 0.590527
vt 0.476713 0.636367
vt 0.484373 0.612805
vt 0.473128 0.636174
vt 0.484373 0.612805
vt 0.488294 0.616583
vt 0.473128 0.636174
vt 0.484373 0.612805
vt 0.487465 0.603295
vt 0.488294 0.616583
vt 0.487465 0.603295
vt 0.494415 0.608675
vt 0.488294 0.616583
vt 0.487465 0.603295
vt 0.500536 0.600767
vt 0.494415 0.608675
vt 0.490557 0.593785
vt 0.500536 0.600767
vt 0.487465 0.603295
vt 0.490557 0.593785
vt 0.515702 0.581176
vt 0.500536 0.600767
vt 0.498217 0.570223
vt 0.515702 0.581176
vt 0.490557 0.593785
vt 0.473128 0.636174
vt 0.488294 0.616583
vt 0.469212 0.634246
vt 0.488294 0.616583
vt 0.490445 0.621478
vt 0.469212 0.634246
vt 0.488294 0.616583
vt 0.494415 0.608675
vt 0.490445 0.621478
vt 0.494415 0.608675
vt 0.499015 0.616325
vt 0.490445 0.621478
vt 0.494415 0.608675
vt 0.507585 0.611172
vt 0.499015 0.616325
vt 0.500536 0.600767
vt 0.507585 0.611172
vt 0.494415 0.608675
vt 0.500536 0.600767
vt 0.528818 0.598404
vt 0.507585 0.611172
vt 0.515702 0.581176
vt 0.528818 0.598404
vt 0.500536 0.600767
vt 0.469212 0.634246
vt 0.490445 0.621478
vt 0.468387 0.634415
vt 0.490445 0.621478
vt 0.491893 0.626585
vt 0.468387 0.634415
vt 0.490445 0.621478
vt 0.499015 0.616325
vt 0.491893 0.626585
vt 0.499015 0.616325
vt 0.501380 0.623425
vt 0.491893 0.626585
vt 0.499015 0.616325
vt 0.510868 0.620265
vt 0.501380 0.623425
vt 0.507585 0.611172
vt 0.510868 0.620265
vt 0.499015 0.616325
vt 0.507585 0.611172
vt 0.534374 0.612435
vt 0.510868 0.620265
vt 0.528818 0.598404
vt 0.534374 0.612435
vt 0.507585 0.611172
vt 0.468387 0.634415
vt 0.491893 0.626585
vt 0.469966 0.640122
vt 0.491893 0.626585
vt 0.493804 0.633370
vt 0.469966 0.640122
vt 0.491893 0.626585
vt 0.501380 0.623425
vt 0.493804 0.633370
vt 0.501380 0.623425
vt 0.503425 0.630645
vt 0.493804 0.633370
vt 0.501380 0.623425
vt 0.513047 0.627920
vt 0.503425 0.630645
vt 0.510868 0.620265
vt 0.513047 0.627920
vt 0.501380 0.623425
vt 0.510868 0.620265
vt 0.536885 0.621168
vt 0.513047 0.627920
vt 0.534374 0.612435
vt 0.536885 0.621168
vt 0.510868 0.620265
vt 0.469966 0.640122
vt 0.493804 0.633370
vt 0.471536 0.646424
vt 0.493804 0.633370
vt 0.495563 0.640376
vt 0.471536 0.646424
vt 0.493804 0.633370
vt 0.503425 0.630645
vt 0.495563 0.640376
vt 0.503425 0.630645
vt 0.505260 0.637935
vt 0.495563 0.640376
vt 0.503425 0.630645
vt 0.514958 0.635494
vt 0.505260 0.637935
vt 0.513047 0.627920
vt 0.514958 0.635494
vt 0.503425 0.630645
vt 0.513047 0.627920
vt 0.538984 0.629446
vt 0.514958 0.635494
vt 0.536885 0.621168
vt 0.538984 0.629446
vt 0.513047 0.627920
vt 0.471536 0.646424
vt 0.495563 0.640376
vt 0.473160 0.653276
vt 0.495563 0.640376
vt 0.497266 0.647551
vt 0.473160 0.653276
vt 0.495563 0.640376
vt 0.505260 0.637935
vt 0.497266 0.647551
vt 0.505260 0.637935
vt 0.506995 0.645240
vt 0.497266 0.647551
vt 0.505260 0.637935
vt 0.516724 0.642929
vt 0.506995 0.645240
vt 0.514958 0.635494
vt 0.516724 0.642929
vt 0.505260 0.637935
vt 0.514958 0.635494
vt 0.540830 0.637204
vt 0.516724 0.642929
vt 0.538984 0.629446
vt 0.540830 0.637204
vt 0.514958 0.635494
vt 0.473160 0.653276
vt 0.497266 0.647551
vt 0.475951 0.665944
vt 0.497266 0.647551
vt 0.500145 0.660605
vt 0.475951 0.665944
vt 0.497266 0.647551
vt 0.506995 0.645240
vt 0.500145 0.660605
vt 0.506995 0.645240
vt 0.509910 0.658450
vt 0.500145 0.660605
vt 0.506995 0.645240
vt 0.519675 0.656295
vt 0.509910 0.658450
vt 0.516724 0.642929
vt 0.519675 0.656295
vt 0.506995 0.645240
vt 0.516724 0.642929
vt 0.543869 0.650956
vt 0.519675 0.656295
vt 0.540830 0.637204
vt 0.543869 0.650956
vt 0.516724 0.642929
vt 0.475951 0.665944
vt 0.500145 0.660605
vt 0.478617 0.678782
vt 0.500145 0.660605
vt 0.502874 0.673740
vt 0.478617 0.678782
vt 0.500145 0.660605
vt 0.509910 0.658450
vt 0.502874 0.673740
vt 0.509910 0.658450
vt 0.512665 0.671705
vt 0.502874 0.673740
vt 0.509910 0.658450
vt 0.522456 0.669670
vt 0.512665 0.671705
vt 0.519675 0.656295
vt 0.522456 0.669670
vt 0.509910 0.658450
vt 0.519675 0.656295
vt 0.546713 0.664628
vt 0.522456 0.669670
vt 0.543869 0.650956
vt 0.546713 0.664628
vt 0.519675 0.656295
vt 0.478617 0.678782
vt 0.502874 0.673740
vt 0.481646 0.692441
vt 0.502874 0.673740
vt 0.505833 0.687072
vt 0.481646 0.692441
vt 0.502874 0.673740
vt 0.512665 0.671705
vt 0.505833 0.687072
vt 0.512665 0.671705
vt 0.515595 0.684905
vt 0.505833 0.687072
vt 0.512665 0.671705
vt 0.525357 0.682738
vt 0.515595 0.684905
vt 0.522456 0.669670
vt 0.525357 0.682738
vt 0.512665 0.671705
vt 0.522456 0.669670
vt 0.549545 0.677369
vt 0.525357 0.682738
vt 0.546713 0.664628
vt 0.549545 0.677369
vt 0.522456 0.669670
vt 0.481646 0.692441
vt 0.505833 0.687072
vt 0.485400 0.706807
vt 0.505833 0.687072
vt 0.509360 0.700501
vt 0.485400 0.706807
vt 0.505833 0.687072
vt 0.515595 0.684905
vt 0.509360 0.700501
vt 0.515595 0.684905
vt 0.519030 0.697955
vt 0.509360 0.700501
vt 0.515595 0.684905
vt 0.528701 0.695410
vt 0.519030 0.697955
vt 0.525357 0.682738
vt 0.528701 0.695410
vt 0.515595 0.684905
vt 0.525357 0.682738
vt 0.552660 0.689103
vt 0.528701 0.695410
vt 0.549545 0.677369
vt 0.552660 0.689103
vt 0.525357 0.682738
vt 0.485400 0.706807
vt 0.509360 0.700501
vt 0.502966 0.753127
vt 0.509360 0.700501
vt 0.526095 0.744245
vt 0.502966 0.753127
vt 0.509360 0.700501
vt 0.519030 0.697955
vt 0.526095 0.744245
vt 0.519030 0.697955
vt 0.535430 0.740660
vt 0.526095 0.744245
vt 0.519030 0.697955
vt 0.544765 0.737075
vt 0.535430 0.740660
vt 0.528701 0.695410
vt 0.544765 0.737075
vt 0.519030 0.697955
vt 0.528701 0.695410
vt 0.567894 0.728193
vt 0.544765 0.737075
vt 0.552660 0.689103
vt 0.567894 0.728193
vt 0.528701 0.695410
vt 0.502966 0.753127
vt 0.526095 0.744245
vt 0.528559 0.796564
vt 0.526095 0.744245
vt 0.549769 0.783759
vt 0.528559 0.796564
vt 0.526095 0.744245
vt 0.535430 0.740660
vt 0.549769 0.783759
vt 0.535430 0.740660
vt 0.558330 0.778590
vt 0.549769 0.783759
vt 0.535430 0.740660
vt 0.566891 0.773422
vt 0.558330 0.778590
vt 0.544765 0.737075
vt 0.566891 0.773422
vt 0.535430 0.740660
vt 0.544765 0.737075
vt 0.588101 0.760616
vt 0.566891 0.773422
vt 0.567894 0.728193
vt 0.588101 0.760616
vt 0.544765 0.737075
vt 0.528559 0.796564
vt 0.549769 0.783759
vt 0.562056 0.834786
vt 0.549769 0.783759
vt 0.580490 0.818232
vt 0.562056 0.834786
vt 0.549769 0.783759
vt 0.558330 0.778590
vt 0.580490 0.818232
vt 0.558330 0.778590
vt 0.587930 0.811550
vt 0.580490 0.818232
vt 0.558330 0.778590
vt 0.595370 0.804868
vt 0.587930 0.811550
vt 0.566891 0.773422
vt 0.595370 0.804868
vt 0.558330 0.778590
vt 0.566891 0.773422
vt 0.613804 0.788314
vt 0.595370 0.804868
vt 0.588101 0.760616
vt 0.613804 0.788314
vt 0.566891 0.773422
vt 0.562056 0.834786
vt 0.580490 0.818232
vt 0.603369 0.867003
vt 0.580490 0.818232
vt 0.618374 0.847287
vt 0.603369 0.867003
vt 0.580490 0.818232
vt 0.587930 0.811550
vt 0.618374 0.847287
vt 0.587930 0.811550
vt 0.624430 0.839330
vt 0.618374 0.847287
vt 0.587930 0.811550
vt 0.630486 0.831373
vt 0.624430 0.839330
vt 0.595370 0.804868
vt 0.630486 0.831373
vt 0.587930 0.811550
vt 0.595370 0.804868
vt 0.645492 0.811657
vt 0.630486 0.831373
vt 0.613804 0.788314
vt 0.645492 0.811657
vt 0.595370 0.804868
vt 0.603369 0.867003
vt 0.618374 0.847287
vt 0.611571 0.872194
vt 0.618374 0.847287
vt 0.624391 0.850992
vt 0.611571 0.872194
vt 0.618374 0.847287
vt 0.624430 0.839330
vt 0.624391 0.850992
vt 0.624430 0.839330
vt 0.629565 0.842435
vt 0.624391 0.850992
vt 0.624430 0.839330
vt 0.634740 0.833878
vt 0.629565 0.842435
vt 0.630486 0.831373
vt 0.634740 0.833878
vt 0.624430 0.839330
vt 0.630486 0.831373
vt 0.647559 0.812677
vt 0.634740 0.833878
vt 0.645492 0.811657
vt 0.647559 0.812677
vt 0.630486 0.831373
vt 0.611571 0.872194
vt 0.624391 0.850992
vt 0.617828 0.875718
vt 0.624391 0.850992
vt 0.629927 0.854097
vt 0.617828 0.875718
vt 0.624391 0.850992
vt 0.629565 0.842435
vt 0.629927 0.854097
vt 0.629565 0.842435
vt 0.634810 0.845370
vt 0.629927 0.854097
vt 0.629565 0.842435
vt 0.639693 0.836644
vt 0.634810 0.845370
vt 0.634740 0.833878
vt 0.639693 0.836644
vt 0.629565 0.842435
vt 0.634740 0.833878
vt 0.651792 0.815023
vt 0.639693 0.836644
vt 0.647559 0.812677
vt 0.651792 0.815023
vt 0.634740 0.833878
vt 0.617828 0.875718
vt 0.629927 0.854097
vt 0.624206 0.879030
vt 0.629927 0.854097
vt 0.635565 0.857012
vt 0.624206 0.879030
vt 0.629927 0.854097
vt 0.634810 0.845370
vt 0.635565 0.857012
vt 0.634810 0.845370
vt 0.640150 0.848125
vt 0.635565 0.857012
vt 0.634810 0.845370
vt 0.644735 0.839238
vt 0.640150 0.848125
vt 0.639693 0.836644
vt 0.644735 0.839238
vt 0.634810 0.845370
vt 0.639693 0.836644
vt 0.656095 0.817220
vt 0.644735 0.839238
vt 0.651792 0.815023
vt 0.656095 0.817220
vt 0.639693 0.836644
vt 0.624206 0.879030
vt 0.635565 0.857012
vt 0.630694 0.882124
vt 0.635565 0.857012
vt 0.641292 0.859729
vt 0.630694 0.882124
vt 0.635565 0.857012
vt 0.640150 0.848125
vt 0.641292 0.859729
vt 0.640150 0.848125
vt 0.645570 0.850690
vt 0.641292 0.859729
vt 0.640150 0.848125
vt 0.649848 0.841651
vt 0.645570 0.850690
vt 0.644735 0.839238
vt 0.649848 0.841651
vt 0.640150 0.848125
vt 0.644735 0.839238
vt 0.660446 0.819257
vt 0.649848 0.841651
vt 0.656095 0.817220
vt 0.660446 0.819257
vt 0.644735 0.839238
vt 0.630694 0.882124
vt 0.641292 0.859729
vt 0.651097 0.889009
vt 0.641292 0.859729
vt 0.658697 0.865428
vt 0.651097 0.889009
vt 0.641292 0.859729
vt 0.645570 0.850690
vt 0.658697 0.865428
vt 0.645570 0.850690
vt 0.661765 0.855910
vt 0.658697 0.865428
vt 0.645570 0.850690
vt 0.664833 0.846392
vt 0.661765 0.855910
vt 0.649848 0.841651
vt 0.664833 0.846392
vt 0.645570 0.850690
vt 0.649848 0.841651
vt 0.672434 0.822811
vt 0.664833 0.846392
vt 0.660446 0.819257
vt 0.672434 0.822811
vt 0.649848 0.841651
vt 0.651097 0.889009
vt 0.658697 0.865428
vt 0.675615 0.891587
vt 0.658697 0.865428
vt 0.677111 0.866857
vt 0.675615 0.891587
vt 0.658697 0.865428
vt 0.661765 0.855910
vt 0.677111 0.866857
vt 0.661765 0.855910
vt 0.677715 0.856875
vt 0.677111 0.866857
vt 0.661765 0.855910
vt 0.678319 0.846893
vt 0.677715 0.856875
vt 0.664833 0.846392
vt 0.678319 0.846893
vt 0.661765 0.855910
vt 0.664833 0.846392
vt 0.679815 0.822163
vt 0.678319 0.846893
vt 0.672434 0.822811
vt 0.679815 0.822163
vt 0.664833 0.846392
vt 0.675615 0.891587
vt 0.677111 0.866857
vt 0.700387 0.887711
vt 0.677111 0.866857
vt 0.695388 0.863445
vt 0.700387 0.887711
vt 0.677111 0.866857
vt 0.677715 0.856875
vt 0.695388 0.863445
vt 0.677715 0.856875
vt 0.693370 0.853650
vt 0.695388 0.863445
vt 0.677715 0.856875
vt 0.691352 0.843856
vt 0.693370 0.853650
vt 0.678319 0.846893
vt 0.691352 0.843856
vt 0.677715 0.856875
vt 0.678319 0.846893
vt 0.686354 0.819589
vt 0.691352 0.843856
vt 0.679815 0.822163
vt 0.686354 0.819589
vt 0.678319 0.846893
vt 0.700387 0.887711
vt 0.695388 0.863445
vt 0.723724 0.877663
vt 0.695388 0.863445
vt 0.713013 0.855322
vt 0.723724 0.877663
vt 0.695388 0.863445
vt 0.693370 0.853650
vt 0.713013 0.855322
vt 0.693370 0.853650
vt 0.708690 0.846305
vt 0.713013 0.855322
vt 0.693370 0.853650
vt 0.704367 0.837288
vt 0.708690 0.846305
vt 0.691352 0.843856
vt 0.704367 0.837288
vt 0.693370 0.853650
vt 0.691352 0.843856
vt 0.693656 0.814947
vt 0.704367 0.837288
vt 0.686354 0.819589
vt 0.693656 0.814947
vt 0.691352 0.843856
vt 0.723724 0.877663
vt 0.713013 0.855322
vt 0.732153 0.872502
vt 0.713013 0.855322
vt 0.718558 0.851790
vt 0.732153 0.872502
vt 0.713013 0.855322
vt 0.708690 0.846305
vt 0.718558 0.851790
vt 0.708690 0.846305
vt 0.713070 0.843430
vt 0.718558 0.851790
vt 0.708690 0.846305
vt 0.707583 0.835070
vt 0.713070 0.843430
vt 0.704367 0.837288
vt 0.707583 0.835070
vt 0.708690 0.846305
vt 0.704367 0.837288
vt 0.693987 0.814358
vt 0.707583 0.835070
vt 0.693656 0.814947
vt 0.693987 0.814358
vt 0.704367 0.837288
vt 0.732153 0.872502
vt 0.718558 0.851790
vt 0.737824 0.868414
vt 0.718558 0.851790
vt 0.723213 0.848406
vt 0.737824 0.868414
vt 0.718558 0.851790
vt 0.713070 0.843430
vt 0.723213 0.848406
vt 0.713070 0.843430
vt 0.717315 0.840330
vt 0.723213 0.848406
vt 0.713070 0.843430
vt 0.711418 0.832254
vt 0.717315 0.840330
vt 0.707583 0.835070
vt 0.711418 0.832254
vt 0.713070 0.843430
vt 0.707583 0.835070
vt 0.696806 0.812246
vt 0.711418 0.832254
vt 0.693987 0.814358
vt 0.696806 0.812246
vt 0.707583 0.835070
vt 0.737824 0.868414
vt 0.723213 0.848406
vt 0.743106 0.864244
vt 0.723213 0.848406
vt 0.727663 0.844870
vt 0.743106 0.864244
vt 0.723213 0.848406
vt 0.717315 0.840330
vt 0.727663 0.844870
vt 0.717315 0.840330
vt 0.721430 0.837050
vt 0.727663 0.844870
vt 0.717315 0.840330
vt 0.715197 0.829230
vt 0.721430 0.837050
vt 0.711418 0.832254
vt 0.715197 0.829230
vt 0.717315 0.840330
vt 0.711418 0.832254
vt 0.699754 0.809856
vt 0.715197 0.829230
vt 0.696806 0.812246
vt 0.699754 0.809856
vt 0.711418 0.832254
vt 0.743106 0.864244
vt 0.727663 0.844870
vt 0.748075 0.860006
vt 0.727663 0.844870
vt 0.731927 0.841215
vt 0.748075 0.860006
vt 0.727663 0.844870
vt 0.721430 0.837050
vt 0.731927 0.841215
vt 0.721430 0.837050
vt 0.725410 0.833630
vt 0.731927 0.841215
vt 0.721430 0.837050
vt 0.718893 0.826046
vt 0.725410 0.833630
vt 0.715197 0.829230
vt 0.718893 0.826046
vt 0.721430 0.837050
vt 0.715197 0.829230
vt 0.702746 0.807254
vt 0.718893 0.826046
vt 0.699754 0.809856
vt 0.702746 0.807254
vt 0.715197 0.829230
vt 0.748075 0.860006
vt 0.731927 0.841215
vt 0.756810 0.850728
vt 0.731927 0.841215
vt 0.738397 0.834151
vt 0.756810 0.850728
vt 0.731927 0.841215
vt 0.725410 0.833630
vt 0.738397 0.834151
vt 0.725410 0.833630
vt 0.730965 0.827460
vt 0.738397 0.834151
vt 0.725410 0.833630
vt 0.723533 0.820769
vt 0.730965 0.827460
vt 0.718893 0.826046
vt 0.723533 0.820769
vt 0.725410 0.833630
vt 0.718893 0.826046
vt 0.705120 0.804192
vt 0.723533 0.820769
vt 0.702746 0.807254
vt 0.705120 0.804192
vt 0.718893 0.826046
vt 0.756810 0.850728
vt 0.738397 0.834151
vt 0.765612 0.834857
vt 0.738397 0.834151
vt 0.742816 0.825152
vt 0.765612 0.834857
vt 0.738397 0.834151
vt 0.730965 0.827460
vt 0.742816 0.825152
vt 0.730965 0.827460
vt 0.733615 0.821235
vt 0.742816 0.825152
vt 0.730965 0.827460
vt 0.724414 0.817318
vt 0.733615 0.821235
vt 0.723533 0.820769
vt 0.724414 0.817318
vt 0.730965 0.827460
vt 0.723533 0.820769
vt 0.701618 0.807614
vt 0.724414 0.817318
vt 0.705120 0.804192
vt 0.701618 0.807614
vt 0.723533 0.820769
vt 0.765612 0.834857
vt 0.742816 0.825152
vt 0.768330 0.814200
vt 0.742816 0.825152
vt 0.743555 0.814421
vt 0.768330 0.814200
vt 0.742816 0.825152
vt 0.733615 0.821235
vt 0.743555 0.814421
vt 0.733615 0.821235
vt 0.733555 0.814510
vt 0.743555 0.814421
vt 0.733615 0.821235
vt 0.723556 0.814599
vt 0.733555 0.814510
vt 0.724414 0.817318
vt 0.723556 0.814599
vt 0.733615 0.821235
vt 0.724414 0.817318
vt 0.698781 0.814820
vt 0.723556 0.814599
vt 0.701618 0.807614
vt 0.698781 0.814820
vt 0.724414 0.817318
vt 0.768330 0.814200
vt 0.743555 0.814421
vt 0.763948 0.795772
vt 0.743555 0.814421
vt 0.740460 0.803657
vt 0.763948 0.795772
vt 0.743555 0.814421
vt 0.733555 0.814510
vt 0.740460 0.803657
vt 0.733555 0.814510
vt 0.730980 0.806840
vt 0.740460 0.803657
vt 0.733555 0.814510
vt 0.721500 0.810023
vt 0.730980 0.806840
vt 0.723556 0.814599
vt 0.721500 0.810023
vt 0.733555 0.814510
vt 0.723556 0.814599
vt 0.698013 0.817908
vt 0.721500 0.810023
vt 0.698781 0.814820
vt 0.698013 0.817908
vt 0.723556 0.814599
vt 0.763948 0.795772
vt 0.740460 0.803657
vt 0.757050 0.781509
vt 0.740460 0.803657
vt 0.735025 0.792856
vt 0.757050 0.781509
vt 0.740460 0.803657
vt 0.730980 0.806840
vt 0.735025 0.792856
vt 0.730980 0.806840
vt 0.726135 0.797435
vt 0.735025 0.792856
vt 0.730980 0.806840
vt 0.717245 0.802015
vt 0.726135 0.797435
vt 0.721500 0.810023
vt 0.717245 0.802015
vt 0.730980 0.806840
vt 0.721500 0.810023
vt 0.695220 0.813361
vt 0.717245 0.802015
vt 0.698013 0.817908
vt 0.695220 0.813361
vt 0.721500 0.810023
vt 0.757050 0.781509
vt 0.735025 0.792856
vt 0.749852 0.769922
vt 0.735025 0.792856
vt 0.728944 0.783215
vt 0.749852 0.769922
vt 0.735025 0.792856
vt 0.726135 0.797435
vt 0.728944 0.783215
vt 0.726135 0.797435
vt 0.720505 0.788580
vt 0.728944 0.783215
vt 0.726135 0.797435
vt 0.712066 0.793945
vt 0.720505 0.788580
vt 0.717245 0.802015
vt 0.712066 0.793945
vt 0.726135 0.797435
vt 0.717245 0.802015
vt 0.691159 0.807239
vt 0.712066 0.793945
vt 0.695220 0.813361
vt 0.691159 0.807239
vt 0.717245 0.802015
vt 0.749852 0.769922
vt 0.728944 0.783215
vt 0.741976 0.759282
vt 0.728944 0.783215
vt 0.722184 0.774185
vt 0.741976 0.759282
vt 0.728944 0.783215
vt 0.720505 0.788580
vt 0.722184 0.774185
vt 0.720505 0.788580
vt 0.714195 0.780200
vt 0.722184 0.774185
vt 0.720505 0.788580
vt 0.706207 0.786215
vt 0.714195 0.780200
vt 0.712066 0.793945
vt 0.706207 0.786215
vt 0.720505 0.788580
vt 0.712066 0.793945
vt 0.686414 0.801118
vt 0.706207 0.786215
vt 0.691159 0.807239
vt 0.686414 0.801118
vt 0.712066 0.793945
vt 0.741976 0.759282
vt 0.722184 0.774185
vt 0.733654 0.749512
vt 0.722184 0.774185
vt 0.714889 0.765690
vt 0.733654 0.749512
vt 0.722184 0.774185
vt 0.714195 0.780200
vt 0.714889 0.765690
vt 0.714195 0.780200
vt 0.707315 0.772220
vt 0.714889 0.765690
vt 0.714195 0.780200
vt 0.699741 0.778750
vt 0.707315 0.772220
vt 0.706207 0.786215
vt 0.699741 0.778750
vt 0.714195 0.780200
vt 0.706207 0.786215
vt 0.680977 0.794928
vt 0.699741 0.778750
vt 0.686414 0.801118
vt 0.680977 0.794928
vt 0.706207 0.786215
vt 0.733654 0.749512
vt 0.714889 0.765690
vt 0.720277 0.734870
vt 0.714889 0.765690
vt 0.701998 0.751595
vt 0.720277 0.734870
vt 0.714889 0.765690
vt 0.707315 0.772220
vt 0.701998 0.751595
vt 0.707315 0.772220
vt 0.694620 0.758345
vt 0.701998 0.751595
vt 0.707315 0.772220
vt 0.687242 0.765095
vt 0.694620 0.758345
vt 0.699741 0.778750
vt 0.687242 0.765095
vt 0.707315 0.772220
vt 0.699741 0.778750
vt 0.668963 0.781820
vt 0.687242 0.765095
vt 0.680977 0.794928
vt 0.668963 0.781820
vt 0.699741 0.778750
vt 0.720277 0.734870
vt 0.701998 0.751595
vt 0.707527 0.720977
vt 0.701998 0.751595
vt 0.689273 0.737729
vt 0.707527 0.720977
vt 0.701998 0.751595
vt 0.694620 0.758345
vt 0.689273 0.737729
vt 0.694620 0.758345
vt 0.681905 0.744490
vt 0.689273 0.737729
vt 0.694620 0.758345
vt 0.674538 0.751252
vt 0.681905 0.744490
vt 0.687242 0.765095
vt 0.674538 0.751252
vt 0.694620 0.758345
vt 0.687242 0.765095
vt 0.656284 0.768004
vt 0.674538 0.751252
vt 0.668963 0.781820
vt 0.656284 0.768004
vt 0.687242 0.765095
vt 0.707527 0.720977
vt 0.689273 0.737729
vt 0.694771 0.707108
vt 0.689273 0.737729
vt 0.676535 0.723880
vt 0.694771 0.707108
vt 0.689273 0.737729
vt 0.681905 0.744490
vt 0.676535 0.723880
vt 0.681905 0.744490
vt 0.669175 0.730650
vt 0.676535 0.723880
vt 0.681905 0.744490
vt 0.661815 0.737420
vt 0.669175 0.730650
vt 0.674538 0.751252
vt 0.661815 0.737420
vt 0.681905 0.744490
vt 0.674538 0.751252
vt 0.643580 0.754192
vt 0.661815 0.737420
vt 0.656284 0.768004
vt 0.643580 0.754192
vt 0.674538 0.751252
vt 0.694771 0.707108
vt 0.676535 0.723880
vt 0.682017 0.693258
vt 0.676535 0.723880
vt 0.663791 0.710041
vt 0.682017 0.693258
vt 0.676535 0.723880
vt 0.669175 0.730650
vt 0.663791 0.710041
vt 0.669175 0.730650
vt 0.656435 0.716815
vt 0.663791 0.710041
vt 0.669175 0.730650
vt 0.649079 0.723589
vt 0.656435 0.716815
vt 0.661815 0.737420
vt 0.649079 0.723589
vt 0.669175 0.730650
vt 0.661815 0.737420
vt 0.630853 0.740372
vt 0.649079 0.723589
vt 0.643580 0.754192
vt 0.630853 0.740372
vt 0.661815 0.737420
vt 0.682017 0.693258
vt 0.663791 0.710041
vt 0.650923 0.659503
vt 0.663791 0.710041
vt 0.632700 0.676290
vt 0.650923 0.659503
vt 0.663791 0.710041
vt 0.656435 0.716815
vt 0.632700 0.676290
vt 0.656435 0.716815
vt 0.625345 0.683065
vt 0.632700 0.676290
vt 0.656435 0.716815
vt 0.617990 0.689840
vt 0.625345 0.683065
vt 0.649079 0.723589
vt 0.617990 0.689840
vt 0.656435 0.716815
vt 0.649079 0.723589
vt 0.599768 0.706627
vt 0.617990 0.689840
vt 0.630853 0.740372
vt 0.599768 0.706627
vt 0.649079 0.723589
vt 0.650923 0.659503
vt 0.632700 0.676290
vt 0.619824 0.625755
vt 0.632700 0.676290
vt 0.601604 0.642544
vt 0.619824 0.625755
vt 0.632700 0.676290
vt 0.625345 0.683065
vt 0.601604 0.642544
vt 0.625345 0.683065
vt 0.594250 0.649320
vt 0.601604 0.642544
vt 0.625345 0.683065
vt 0.586896 0.656096
vt 0.594250 0.649320
vt 0.617990 0.689840
vt 0.586896 0.656096
vt 0.625345 0.683065
vt 0.617990 0.689840
vt 0.568676 0.672886
vt 0.586896 0.656096
vt 0.599768 0.706627
vt 0.568676 0.672886
vt 0.617990 0.689840
vt 0.619824 0.625755
vt 0.601604 0.642544
vt 0.588729 0.592009
vt 0.601604 0.642544
vt 0.570509 0.608799
vt 0.588729 0.592009
vt 0.601604 0.642544
vt 0.594250 0.649320
vt 0.570509 0.608799
vt 0.594250 0.649320
vt 0.563155 0.615575
vt 0.570509 0.608799
vt 0.594250 0.649320
vt 0.555801 0.622352
vt 0.563155 0.615575
vt 0.586896 0.656096
vt 0.555801 0.622352
vt 0.594250 0.649320
vt 0.586896 0.656096
vt 0.537581 0.639141
vt 0.555801 0.622352
vt 0.568676 0.672886
vt 0.537581 0.639141
vt 0.586896 0.656096
vt 0.588729 0.592009
vt 0.570509 0.608799
vt 0.557634 0.558264
vt 0.570509 0.608799
vt 0.539414 0.575054
vt 0.557634 0.558264
vt 0.570509 0.608799
vt 0.563155 0.615575
vt 0.539414 0.575054
vt 0.563155 0.615575
vt 0.532060 0.581830
vt 0.539414 0.575054
vt 0.563155 0.615575
vt 0.524706 0.588606
vt 0.532060 0.581830
vt 0.555801 0.622352
vt 0.524706 0.588606
vt 0.563155 0.615575
vt 0.555801 0.622352
vt 0.506486 0.605396
vt 0.524706 0.588606
vt 0.537581 0.639141
vt 0.506486 0.605396
vt 0.555801 0.622352
vt 0.557634 0.558264
vt 0.539414 0.575054
vt 0.554948 0.555378
vt 0.539414 0.575054
vt 0.536814 0.572261
vt 0.554948 0.555378
vt 0.539414 0.575054
vt 0.532060 0.581830
vt 0.536814 0.572261
vt 0.532060 0.581830
vt 0.529495 0.579075
vt 0.536814 0.572261
vt 0.532060 0.581830
vt 0.522176 0.585889
vt 0.529495 0.579075
vt 0.524706 0.588606
vt 0.522176 0.585889
vt 0.532060 0.581830
vt 0.524706 0.588606
vt 0.504043 0.602772
vt 0.522176 0.585889
vt 0.506486 0.605396
vt 0.504043 0.602772
vt 0.524706 0.588606
vt 0.554948 0.555378
vt 0.536814 0.572261
vt 0.552333 0.552580
vt 0.536814 0.572261
vt 0.534231 0.569497
vt 0.552333 0.552580
vt 0.536814 0.572261
vt 0.529495 0.579075
vt 0.534231 0.569497
vt 0.529495 0.579075
vt 0.526925 0.576325
vt 0.534231 0.569497
vt 0.529495 0.579075
vt 0.519619 0.583153
vt 0.526925 0.576325
vt 0.522176 0.585889
vt 0.519619 0.583153
vt 0.529495 0.579075
vt 0.522176 0.585889
vt 0.501518 0.600070
vt 0.519619 0.583153
vt 0.504043 0.602772
vt 0.501518 0.600070
vt 0.522176 0.585889
vt 0.552333 0.552580
vt 0.534231 0.569497
vt 0.550038 0.550070
vt 0.534231 0.569497
vt 0.531762 0.566798
vt 0.550038 0.550070
vt 0.534231 0.569497
vt 0.526925 0.576325
vt 0.531762 0.566798
vt 0.526925 0.576325
vt 0.524385 0.573550
vt 0.531762 0.566798
vt 0.526925 0.576325
vt 0.517009 0.580302
vt 0.524385 0.573550
vt 0.519619 0.583153
vt 0.517009 0.580302
vt 0.526925 0.576325
vt 0.519619 0.583153
vt 0.498733 0.597030
vt 0.517009 0.580302
vt 0.501518 0.600070
vt 0.498733 0.597030
vt 0.519619 0.583153
vt 0.550038 0.550070
vt 0.531762 0.566798
vt 0.548087 0.547826
vt 0.531762 0.566798
vt 0.529438 0.564137
vt 0.548087 0.547826
vt 0.531762 0.566798
vt 0.524385 0.573550
vt 0.529438 0.564137
vt 0.524385 0.573550
vt 0.521910 0.570720
vt 0.529438 0.564137
vt 0.524385 0.573550
vt 0.514383 0.577303
vt 0.521910 0.570720
vt 0.517009 0.580302
vt 0.514383 0.577303
vt 0.524385 0.573550
vt 0.517009 0.580302
vt 0.495733 0.593614
vt 0.514383 0.577303
vt 0.498733 0.597030
vt 0.495733 0.593614
vt 0.517009 0.580302
vt 0.548087 0.547826
vt 0.529438 0.564137
vt 0.546115 0.545469
vt 0.529438 0.564137
vt 0.527146 0.561407
vt 0.546115 0.545469
vt 0.529438 0.564137
vt 0.521910 0.570720
vt 0.527146 0.561407
vt 0.521910 0.570720
vt 0.519490 0.567840
vt 0.527146 0.561407
vt 0.521910 0.570720
vt 0.511834 0.574273
vt 0.519490 0.567840
vt 0.514383 0.577303
vt 0.511834 0.574273
vt 0.521910 0.570720
vt 0.514383 0.577303
vt 0.492866 0.590212
vt 0.511834 0.574273
vt 0.495733 0.593614
vt 0.492866 0.590212
vt 0.514383 0.577303
vt 0.546115 0.545469
vt 0.527146 0.561407
vt 0.544122 0.543005
vt 0.527146 0.561407
vt 0.524885 0.558618
vt 0.544122 0.543005
vt 0.527146 0.561407
vt 0.519490 0.567840
vt 0.524885 0.558618
vt 0.519490 0.567840
vt 0.517120 0.564920
vt 0.524885 0.558618
vt 0.519490 0.567840
vt 0.509356 0.571222
vt 0.517120 0.564920
vt 0.511834 0.574273
vt 0.509356 0.571222
vt 0.519490 0.567840
vt 0.511834 0.574273
vt 0.490119 0.586836
vt 0.509356 0.571222
vt 0.492866 0.590212
vt 0.490119 0.586836
vt 0.511834 0.574273
vt 0.544122 0.543005
vt 0.524885 0.558618
vt 0.542377 0.540721
vt 0.524885 0.558618
vt 0.522748 0.555838
vt 0.542377 0.540721
vt 0.524885 0.558618
vt 0.517120 0.564920
vt 0.522748 0.555838
vt 0.517120 0.564920
vt 0.514825 0.561940
vt 0.522748 0.555838
vt 0.517120 0.564920
vt 0.506903 0.568042
vt 0.514825 0.561940
vt 0.509356 0.571222
vt 0.506903 0.568042
vt 0.517120 0.564920
vt 0.509356 0.571222
vt 0.487273 0.583159
vt 0.506903 0.568042
vt 0.490119 0.586836
vt 0.487273 0.583159
vt 0.509356 0.571222
vt 0.542377 0.540721
vt 0.522748 0.555838
vt 0.540953 0.538685
vt 0.522748 0.555838
vt 0.520785 0.553077
vt 0.540953 0.538685
vt 0.522748 0.555838
vt 0.514825 0.561940
vt 0.520785 0.553077
vt 0.514825 0.561940
vt 0.512645 0.558885
vt 0.520785 0.553077
vt 0.514825 0.561940
vt 0.504505 0.564694
vt 0.512645 0.558885
vt 0.506903 0.568042
vt 0.504505 0.564694
vt 0.514825 0.561940
vt 0.506903 0.568042
vt 0.484338 0.579085
vt 0.504505 0.564694
vt 0.487273 0.583159
vt 0.484338 0.579085
vt 0.506903 0.568042
vt 0.540953 0.538685
vt 0.520785 0.553077
vt 0.536205 0.528897
vt 0.520785 0.553077
vt 0.514251 0.540380
vt 0.536205 0.528897
vt 0.520785 0.553077
vt 0.512645 0.558885
vt 0.514251 0.540380
vt 0.512645 0.558885
vt 0.505390 0.545015
vt 0.514251 0.540380
vt 0.512645 0.558885
vt 0.496529 0.549650
vt 0.505390 0.545015
vt 0.504505 0.564694
vt 0.496529 0.549650
vt 0.512645 0.558885
vt 0.504505 0.564694
vt 0.474575 0.561134
vt 0.496529 0.549650
vt 0.484338 0.579085
vt 0.474575 0.561134
vt 0.504505 0.564694
vt 0.536205 0.528897
vt 0.514251 0.540380
vt 0.536643 0.524095
vt 0.514251 0.540380
vt 0.512357 0.529000
vt 0.536643 0.524095
vt 0.514251 0.540380
vt 0.505390 0.545015
vt 0.512357 0.529000
vt 0.505390 0.545015
vt 0.502555 0.530980
vt 0.512357 0.529000
vt 0.505390 0.545015
vt 0.492753 0.532960
vt 0.502555 0.530980
vt 0.496529 0.549650
vt 0.492753 0.532960
vt 0.505390 0.545015
vt 0.496529 0.549650
vt 0.468468 0.537866
vt 0.492753 0.532960
vt 0.474575 0.561134
vt 0.468468 0.537866
vt 0.496529 0.549650
vt 0.536643 0.524095
vt 0.512357 0.529000
vt 0.538856 0.521237
vt 0.512357 0.529000
vt 0.514280 0.518101
vt 0.538856 0.521237
vt 0.512357 0.529000
vt 0.502555 0.530980
vt 0.514280 0.518101
vt 0.502555 0.530980
vt 0.504360 0.516835
vt 0.514280 0.518101
vt 0.502555 0.530980
vt 0.494441 0.515569
vt 0.504360 0.516835
vt 0.492753 0.532960
vt 0.494441 0.515569
vt 0.502555 0.530980
vt 0.492753 0.532960
vt 0.469864 0.512433
vt 0.494441 0.515569
vt 0.468468 0.537866
vt 0.469864 0.512433
vt 0.492753 0.532960
vt 0.538856 0.521237
vt 0.514280 0.518101
vt 0.542509 0.517411
vt 0.514280 0.518101
vt 0.520082 0.506880
vt 0.542509 0.517411
vt 0.514280 0.518101
vt 0.504360 0.516835
vt 0.520082 0.506880
vt 0.504360 0.516835
vt 0.511030 0.502630
vt 0.520082 0.506880
vt 0.504360 0.516835
vt 0.501978 0.498380
vt 0.511030 0.502630
vt 0.494441 0.515569
vt 0.501978 0.498380
vt 0.504360 0.516835
vt 0.494441 0.515569
vt 0.479552 0.487849
vt 0.501978 0.498380
vt 0.469864 0.512433
vt 0.479552 0.487849
vt 0.494441 0.515569
vt 0.542509 0.517411
vt 0.520082 0.506880
vt 0.544075 0.515807
vt 0.520082 0.506880
vt 0.523514 0.501984
vt 0.544075 0.515807
vt 0.520082 0.506880
vt 0.511030 0.502630
vt 0.523514 0.501984
vt 0.511030 0.502630
vt 0.515215 0.496405
vt 0.523514 0.501984
vt 0.511030 0.502630
vt 0.506916 0.490826
vt 0.515215 0.496405
vt 0.501978 0.498380
vt 0.506916 0.490826
vt 0.511030 0.502630
vt 0.501978 0.498380
vt 0.486355 0.477003
vt 0.506916 0.490826
vt 0.479552 0.487849
vt 0.486355 0.477003
vt 0.501978 0.498380
vt 0.544075 0.515807
vt 0.523514 0.501984
vt 0.547812 0.510665
vt 0.523514 0.501984
vt 0.527723 0.496163
vt 0.547812 0.510665
vt 0.523514 0.501984
vt 0.515215 0.496405
vt 0.527723 0.496163
vt 0.515215 0.496405
vt 0.519615 0.490310
vt 0.527723 0.496163
vt 0.515215 0.496405
vt 0.511507 0.484457
vt 0.519615 0.490310
vt 0.506916 0.490826
vt 0.511507 0.484457
vt 0.515215 0.496405
vt 0.506916 0.490826
vt 0.491419 0.469955
vt 0.511507 0.484457
vt 0.486355 0.477003
vt 0.491419 0.469955
vt 0.506916 0.490826
vt 0.547812 0.510665
vt 0.527723 0.496163
vt 0.551799 0.505478
vt 0.527723 0.496163
vt 0.532126 0.490418
vt 0.551799 0.505478
vt 0.527723 0.496163
vt 0.519615 0.490310
vt 0.532126 0.490418
vt 0.519615 0.490310
vt 0.524185 0.484340
vt 0.532126 0.490418
vt 0.519615 0.490310
vt 0.516245 0.478262
vt 0.524185 0.484340
vt 0.511507 0.484457
vt 0.516245 0.478262
vt 0.519615 0.490310
vt 0.511507 0.484457
vt 0.496571 0.463202
vt 0.516245 0.478262
vt 0.491419 0.469955
vt 0.496571 0.463202
vt 0.511507 0.484457
vt 0.551799 0.505478
vt 0.532126 0.490418
vt 0.556013 0.500238
vt 0.532126 0.490418
vt 0.536686 0.484737
vt 0.556013 0.500238
vt 0.532126 0.490418
vt 0.524185 0.484340
vt 0.536686 0.484737
vt 0.524185 0.484340
vt 0.528885 0.478480
vt 0.536686 0.484737
vt 0.524185 0.484340
vt 0.521084 0.472223
vt 0.528885 0.478480
vt 0.516245 0.478262
vt 0.521084 0.472223
vt 0.524185 0.484340
vt 0.516245 0.478262
vt 0.501757 0.456722
vt 0.521084 0.472223
vt 0.496571 0.463202
vt 0.501757 0.456722
vt 0.516245 0.478262
vt 0.556013 0.500238
vt 0.536686 0.484737
vt 0.573423 0.479037
vt 0.536686 0.484737
vt 0.554274 0.463316
vt 0.573423 0.479037
vt 0.536686 0.484737
vt 0.528885 0.478480
vt 0.554274 0.463316
vt 0.528885 0.478480
vt 0.546545 0.456970
vt 0.554274 0.463316
vt 0.528885 0.478480
vt 0.538816 0.450625
vt 0.546545 0.456970
vt 0.521084 0.472223
vt 0.538816 0.450625
vt 0.528885 0.478480
vt 0.521084 0.472223
vt 0.519667 0.434903
vt 0.538816 0.450625
vt 0.501757 0.456722
vt 0.519667 0.434903
vt 0.521084 0.472223
vt 0.573423 0.479037
vt 0.554274 0.463316
vt 0.591081 0.457641
vt 0.554274 0.463316
vt 0.571973 0.441870
vt 0.591081 0.457641
vt 0.554274 0.463316
vt 0.546545 0.456970
vt 0.571973 0.441870
vt 0.546545 0.456970
vt 0.564260 0.435505
vt 0.571973 0.441870
vt 0.546545 0.456970
vt 0.556548 0.429140
vt 0.564260 0.435505
vt 0.538816 0.450625
vt 0.556548 0.429140
vt 0.546545 0.456970
vt 0.538816 0.450625
vt 0.537439 0.413370
vt 0.556548 0.429140
vt 0.519667 0.434903
vt 0.537439 0.413370
vt 0.538816 0.450625
vt 0.591081 0.457641
vt 0.571973 0.441870
vt 0.608794 0.436223
vt 0.571973 0.441870
vt 0.589701 0.420433
vt 0.608794 0.436223
vt 0.571973 0.441870
vt 0.564260 0.435505
vt 0.589701 0.420433
vt 0.564260 0.435505
vt 0.581995 0.414060
vt 0.589701 0.420433
vt 0.564260 0.435505
vt 0.574289 0.407687
vt 0.581995 0.414060
vt 0.556548 0.429140
vt 0.574289 0.407687
vt 0.564260 0.435505
vt 0.556548 0.429140
vt 0.555196 0.391897
vt 0.574289 0.407687
vt 0.537439 0.413370
vt 0.555196 0.391897
vt 0.556548 0.429140
vt 0.608794 0.436223
vt 0.589701 0.420433
vt 0.626530 0.414754
vt 0.589701 0.420433
vt 0.607430 0.398974
vt 0.626530 0.414754
vt 0.589701 0.420433
vt 0.581995 0.414060
vt 0.607430 0.398974
vt 0.581995 0.414060
vt 0.599720 0.392605
vt 0.607430 0.398974
vt 0.581995 0.414060
vt 0.592011 0.386236
vt 0.599720 0.392605
vt 0.574289 0.407687
vt 0.592011 0.386236
vt 0.581995 0.414060
vt 0.574289 0.407687
vt 0.572910 0.370456
vt 0.592011 0.386236
vt 0.555196 0.391897
vt 0.572910 0.370456
vt 0.574289 0.407687
vt 0.626530 0.414754
vt 0.607430 0.398974
vt 0.638033 0.400807
vt 0.607430 0.398974
vt 0.618920 0.385043
vt 0.638033 0.400807
vt 0.607430 0.398974
vt 0.599720 0.392605
vt 0.618920 0.385043
vt 0.599720 0.392605
vt 0.611205 0.378680
vt 0.618920 0.385043
vt 0.599720 0.392605
vt 0.603491 0.372317
vt 0.611205 0.378680
vt 0.592011 0.386236
vt 0.603491 0.372317
vt 0.599720 0.392605
vt 0.592011 0.386236
vt 0.584377 0.356553
vt 0.603491 0.372317
vt 0.572910 0.370456
vt 0.584377 0.356553
vt 0.592011 0.386236
vt 0.638033 0.400807
vt 0.618920 0.385043
vt 0.649526 0.386851
vt 0.618920 0.385043
vt 0.630400 0.371102
vt 0.649526 0.386851
vt 0.618920 0.385043
vt 0.611205 0.378680
vt 0.630400 0.371102
vt 0.611205 0.378680
vt 0.622680 0.364745
vt 0.630400 0.371102
vt 0.611205 0.378680
vt 0.614961 0.358388
vt 0.622680 0.364745
vt 0.603491 0.372317
vt 0.614961 0.358388
vt 0.611205 0.378680
vt 0.603491 0.372317
vt 0.595835 0.342639
vt 0.614961 0.358388
vt 0.584377 0.356553
vt 0.595835 0.342639
vt 0.603491 0.372317
vt 0.649526 0.386851
vt 0.630400 0.371102
vt 0.661015 0.372854
vt 0.630400 0.371102
vt 0.641865 0.357135
vt 0.661015 0.372854
vt 0.630400 0.371102
vt 0.622680 0.364745
vt 0.641865 0.357135
vt 0.622680 0.364745
vt 0.634135 0.350790
vt 0.641865 0.357135
vt 0.622680 0.364745
vt 0.626406 0.344445
vt 0.634135 0.350790
vt 0.614961 0.358388
vt 0.626406 0.344445
vt 0.622680 0.364745
vt 0.614961 0.358388
vt 0.607255 0.328726
vt 0.626406 0.344445
vt 0.595835 0.342639
vt 0.607255 0.328726
vt 0.614961 0.358388
vt 0.661015 0.372854
vt 0.641865 0.357135
vt 0.672491 0.358795
vt 0.641865 0.357135
vt 0.653297 0.343128
vt 0.672491 0.358795
vt 0.641865 0.357135
vt 0.634135 0.350790
vt 0.653297 0.343128
vt 0.634135 0.350790
vt 0.645550 0.336805
vt 0.653297 0.343128
vt 0.634135 0.350790
vt 0.637803 0.330482
vt 0.645550 0.336805
vt 0.626406 0.344445
vt 0.637803 0.330482
vt 0.634135 0.350790
vt 0.626406 0.344445
vt 0.618609 0.314815
vt 0.637803 0.330482
vt 0.607255 0.328726
vt 0.618609 0.314815
vt 0.626406 0.344445
vt 0.672491 0.358795
vt 0.653297 0.343128
vt 0.675771 0.354571
vt 0.653297 0.343128
vt 0.656168 0.339420
vt 0.675771 0.354571
vt 0.653297 0.343128
vt 0.645550 0.336805
vt 0.656168 0.339420
vt 0.645550 0.336805
vt 0.648255 0.333305
vt 0.656168 0.339420
vt 0.645550 0.336805
vt 0.640343 0.327190
vt 0.648255 0.333305
vt 0.637803 0.330482
vt 0.640343 0.327190
vt 0.645550 0.336805
vt 0.637803 0.330482
vt 0.620739 0.312039
vt 0.640343 0.327190
vt 0.618609 0.314815
vt 0.620739 0.312039
vt 0.637803 0.330482
vt 0.675771 0.354571
vt 0.656168 0.339420
vt 0.679075 0.350010
vt 0.656168 0.339420
vt 0.658956 0.335551
vt 0.679075 0.350010
vt 0.656168 0.339420
vt 0.648255 0.333305
vt 0.658956 0.335551
vt 0.648255 0.333305
vt 0.650835 0.329715
vt 0.658956 0.335551
vt 0.648255 0.333305
vt 0.642715 0.323879
vt 0.650835 0.329715
vt 0.640343 0.327190
vt 0.642715 0.323879
vt 0.648255 0.333305
vt 0.640343 0.327190
vt 0.622596 0.309420
vt 0.642715 0.323879
vt 0.620739 0.312039
vt 0.622596 0.309420
vt 0.640343 0.327190
vt 0.278145 0.119185
vt 0.261381 0.113538
vt 0.254632 0.089699
vt 0.278145 0.119185
vt 0.264105 0.123160
vt 0.261381 0.113538
vt 0.278145 0.119185
vt 0.266829 0.132782
vt 0.264105 0.123160
vt 0.278145 0.119185
vt 0.273578 0.156621
vt 0.266829 0.132782
vt 0.254632 0.089699
vt 0.261381 0.113538
vt 0.238117 0.095189
vt 0.261381 0.113538
vt 0.245984 0.118683
vt 0.238117 0.095189
vt 0.261381 0.113538
vt 0.264105 0.123160
vt 0.245984 0.118683
vt 0.264105 0.123160
vt 0.249160 0.128165
vt 0.245984 0.118683
vt 0.264105 0.123160
vt 0.252336 0.137647
vt 0.249160 0.128165
vt 0.266829 0.132782
vt 0.252336 0.137647
vt 0.264105 0.123160
vt 0.266829 0.132782
vt 0.260203 0.161141
vt 0.252336 0.137647
vt 0.273578 0.156621
vt 0.260203 0.161141
vt 0.266829 0.132782
vt 0.238117 0.095189
vt 0.245984 0.118683
vt 0.221195 0.101785
vt 0.245984 0.118683
vt 0.230250 0.124847
vt 0.221195 0.101785
vt 0.245984 0.118683
vt 0.249160 0.128165
vt 0.230250 0.124847
vt 0.249160 0.128165
vt 0.233905 0.134155
vt 0.230250 0.124847
vt 0.249160 0.128165
vt 0.237560 0.143463
vt 0.233905 0.134155
vt 0.252336 0.137647
vt 0.237560 0.143463
vt 0.249160 0.128165
vt 0.252336 0.137647
vt 0.246615 0.166525
vt 0.237560 0.143463
vt 0.260203 0.161141
vt 0.246615 0.166525
vt 0.252336 0.137647
vt 0.221195 0.101785
vt 0.230250 0.124847
vt 0.212008 0.106984
vt 0.230250 0.124847
vt 0.225898 0.127500
vt 0.212008 0.106984
vt 0.230250 0.124847
vt 0.233905 0.134155
vt 0.225898 0.127500
vt 0.233905 0.134155
vt 0.231505 0.135780
vt 0.225898 0.127500
vt 0.233905 0.134155
vt 0.237112 0.144061
vt 0.231505 0.135780
vt 0.237560 0.143463
vt 0.237112 0.144061
vt 0.233905 0.134155
vt 0.237560 0.143463
vt 0.251002 0.164576
vt 0.237112 0.144061
vt 0.246615 0.166525
vt 0.251002 0.164576
vt 0.237560 0.143463
vt 0.212008 0.106984
vt 0.225898 0.127500
vt 0.201863 0.117347
vt 0.225898 0.127500
vt 0.221699 0.132193
vt 0.201863 0.117347
vt 0.225898 0.127500
vt 0.231505 0.135780
vt 0.221699 0.132193
vt 0.231505 0.135780
vt 0.229705 0.138185
vt 0.221699 0.132193
vt 0.231505 0.135780
vt 0.237711 0.144177
vt 0.229705 0.138185
vt 0.237112 0.144061
vt 0.237711 0.144177
vt 0.231505 0.135780
vt 0.237112 0.144061
vt 0.257547 0.159023
vt 0.237711 0.144177
vt 0.251002 0.164576
vt 0.257547 0.159023
vt 0.237112 0.144061
vt 0.201863 0.117347
vt 0.221699 0.132193
vt 0.195890 0.129526
vt 0.221699 0.132193
vt 0.219272 0.137719
vt 0.195890 0.129526
vt 0.221699 0.132193
vt 0.229705 0.138185
vt 0.219272 0.137719
vt 0.229705 0.138185
vt 0.228710 0.141025
vt 0.219272 0.137719
vt 0.229705 0.138185
vt 0.238148 0.144331
vt 0.228710 0.141025
vt 0.237711 0.144177
vt 0.238148 0.144331
vt 0.229705 0.138185
vt 0.237711 0.144177
vt 0.261530 0.152524
vt 0.238148 0.144331
vt 0.257547 0.159023
vt 0.261530 0.152524
vt 0.237711 0.144177
vt 0.195890 0.129526
vt 0.219272 0.137719
vt 0.193939 0.144010
vt 0.219272 0.137719
vt 0.218715 0.143967
vt 0.193939 0.144010
vt 0.219272 0.137719
vt 0.228710 0.141025
vt 0.218715 0.143967
vt 0.228710 0.141025
vt 0.228715 0.143950
vt 0.218715 0.143967
vt 0.228710 0.141025
vt 0.238715 0.143933
vt 0.228715 0.143950
vt 0.238148 0.144331
vt 0.238715 0.143933
vt 0.228710 0.141025
vt 0.238148 0.144331
vt 0.263491 0.143890
vt 0.238715 0.143933
vt 0.261530 0.152524
vt 0.263491 0.143890
vt 0.238148 0.144331
vt 0.193939 0.144010
vt 0.218715 0.143967
vt 0.195481 0.155130
vt 0.218715 0.143967
vt 0.219782 0.150303
vt 0.195481 0.155130
vt 0.218715 0.143967
vt 0.228715 0.143950
vt 0.219782 0.150303
vt 0.228715 0.143950
vt 0.229590 0.148355
vt 0.219782 0.150303
vt 0.228715 0.143950
vt 0.239398 0.146407
vt 0.229590 0.148355
vt 0.238715 0.143933
vt 0.239398 0.146407
vt 0.228715 0.143950
vt 0.238715 0.143933
vt 0.263699 0.141580
vt 0.239398 0.146407
vt 0.263491 0.143890
vt 0.263699 0.141580
vt 0.238715 0.143933
vt 0.195481 0.155130
vt 0.219782 0.150303
vt 0.196445 0.159798
vt 0.219782 0.150303
vt 0.220707 0.154780
vt 0.196445 0.159798
vt 0.219782 0.150303
vt 0.229590 0.148355
vt 0.220707 0.154780
vt 0.229590 0.148355
vt 0.230500 0.152755
vt 0.220707 0.154780
vt 0.229590 0.148355
vt 0.240293 0.150730
vt 0.230500 0.152755
vt 0.239398 0.146407
vt 0.240293 0.150730
vt 0.229590 0.148355
vt 0.239398 0.146407
vt 0.264555 0.145712
vt 0.240293 0.150730
vt 0.263699 0.141580
vt 0.264555 0.145712
vt 0.239398 0.146407
vt 0.196445 0.159798
vt 0.220707 0.154780
vt 0.197697 0.165143
vt 0.220707 0.154780
vt 0.221805 0.159427
vt 0.197697 0.165143
vt 0.220707 0.154780
vt 0.230500 0.152755
vt 0.221805 0.159427
vt 0.230500 0.152755
vt 0.231535 0.157120
vt 0.221805 0.159427
vt 0.230500 0.152755
vt 0.241265 0.154813
vt 0.231535 0.157120
vt 0.240293 0.150730
vt 0.241265 0.154813
vt 0.230500 0.152755
vt 0.240293 0.150730
vt 0.265373 0.149097
vt 0.241265 0.154813
vt 0.264555 0.145712
vt 0.265373 0.149097
vt 0.240293 0.150730
vt 0.197697 0.165143
vt 0.221805 0.159427
vt 0.199413 0.171174
vt 0.221805 0.159427
vt 0.223192 0.164218
vt 0.199413 0.171174
vt 0.221805 0.159427
vt 0.231535 0.157120
vt 0.223192 0.164218
vt 0.231535 0.157120
vt 0.232790 0.161410
vt 0.223192 0.164218
vt 0.231535 0.157120
vt 0.242388 0.158602
vt 0.232790 0.161410
vt 0.241265 0.154813
vt 0.242388 0.158602
vt 0.231535 0.157120
vt 0.241265 0.154813
vt 0.266167 0.151646
vt 0.242388 0.158602
vt 0.265373 0.149097
vt 0.266167 0.151646
vt 0.241265 0.154813
vt 0.199413 0.171174
vt 0.223192 0.164218
vt 0.207005 0.191379
vt 0.223192 0.164218
vt 0.230152 0.182545
vt 0.207005 0.191379
vt 0.223192 0.164218
vt 0.232790 0.161410
vt 0.230152 0.182545
vt 0.232790 0.161410
vt 0.239495 0.178980
vt 0.230152 0.182545
vt 0.232790 0.161410
vt 0.248838 0.175415
vt 0.239495 0.178980
vt 0.242388 0.158602
vt 0.248838 0.175415
vt 0.232790 0.161410
vt 0.242388 0.158602
vt 0.271985 0.166581
vt 0.248838 0.175415
vt 0.266167 0.151646
vt 0.271985 0.166581
vt 0.242388 0.158602
vt 0.207005 0.191379
vt 0.230152 0.182545
vt 0.216457 0.211037
vt 0.230152 0.182545
vt 0.238716 0.200157
vt 0.216457 0.211037
vt 0.230152 0.182545
vt 0.239495 0.178980
vt 0.238716 0.200157
vt 0.239495 0.178980
vt 0.247700 0.195765
vt 0.238716 0.200157
vt 0.239495 0.178980
vt 0.256684 0.191373
vt 0.247700 0.195765
vt 0.248838 0.175415
vt 0.256684 0.191373
vt 0.239495 0.178980
vt 0.248838 0.175415
vt 0.278943 0.180493
vt 0.256684 0.191373
vt 0.271985 0.166581
vt 0.278943 0.180493
vt 0.248838 0.175415
vt 0.216457 0.211037
vt 0.238716 0.200157
vt 0.227325 0.229581
vt 0.238716 0.200157
vt 0.248634 0.216942
vt 0.227325 0.229581
vt 0.238716 0.200157
vt 0.247700 0.195765
vt 0.248634 0.216942
vt 0.247700 0.195765
vt 0.257235 0.211840
vt 0.248634 0.216942
vt 0.247700 0.195765
vt 0.265836 0.206738
vt 0.257235 0.211840
vt 0.256684 0.191373
vt 0.265836 0.206738
vt 0.247700 0.195765
vt 0.256684 0.191373
vt 0.287145 0.194099
vt 0.265836 0.206738
vt 0.278943 0.180493
vt 0.287145 0.194099
vt 0.256684 0.191373
vt 0.227325 0.229581
vt 0.248634 0.216942
vt 0.239340 0.247083
vt 0.248634 0.216942
vt 0.259709 0.232978
vt 0.239340 0.247083
vt 0.248634 0.216942
vt 0.257235 0.211840
vt 0.259709 0.232978
vt 0.257235 0.211840
vt 0.267930 0.227285
vt 0.259709 0.232978
vt 0.257235 0.211840
vt 0.276151 0.221592
vt 0.267930 0.227285
vt 0.265836 0.206738
vt 0.276151 0.221592
vt 0.257235 0.211840
vt 0.265836 0.206738
vt 0.296520 0.207487
vt 0.276151 0.221592
vt 0.287145 0.194099
vt 0.296520 0.207487
vt 0.265836 0.206738
vt 0.239340 0.247083
vt 0.259709 0.232978
vt 0.259515 0.272012
vt 0.259709 0.232978
vt 0.278723 0.256362
vt 0.259515 0.272012
vt 0.259709 0.232978
vt 0.267930 0.227285
vt 0.278723 0.256362
vt 0.267930 0.227285
vt 0.286475 0.250045
vt 0.278723 0.256362
vt 0.267930 0.227285
vt 0.294227 0.243728
vt 0.286475 0.250045
vt 0.276151 0.221592
vt 0.294227 0.243728
vt 0.267930 0.227285
vt 0.276151 0.221592
vt 0.313435 0.228078
vt 0.294227 0.243728
vt 0.296520 0.207487
vt 0.313435 0.228078
vt 0.276151 0.221592
vt 0.259515 0.272012
vt 0.278723 0.256362
vt 0.282039 0.295192
vt 0.278723 0.256362
vt 0.299730 0.277846
vt 0.282039 0.295192
vt 0.278723 0.256362
vt 0.286475 0.250045
vt 0.299730 0.277846
vt 0.286475 0.250045
vt 0.306870 0.270845
vt 0.299730 0.277846
vt 0.286475 0.250045
vt 0.314010 0.263844
vt 0.306870 0.270845
vt 0.294227 0.243728
vt 0.314010 0.263844
vt 0.286475 0.250045
vt 0.294227 0.243728
vt 0.331701 0.246498
vt 0.314010 0.263844
vt 0.313435 0.228078
vt 0.331701 0.246498
vt 0.294227 0.243728
vt 0.282039 0.295192
vt 0.299730 0.277846
vt 0.306464 0.316211
vt 0.299730 0.277846
vt 0.322545 0.297363
vt 0.306464 0.316211
vt 0.299730 0.277846
vt 0.306870 0.270845
vt 0.322545 0.297363
vt 0.306870 0.270845
vt 0.329035 0.289755
vt 0.322545 0.297363
vt 0.306870 0.270845
vt 0.335525 0.282147
vt 0.329035 0.289755
vt 0.314010 0.263844
vt 0.335525 0.282147
vt 0.306870 0.270845
vt 0.314010 0.263844
vt 0.351606 0.263299
vt 0.335525 0.282147
vt 0.331701 0.246498
vt 0.351606 0.263299
vt 0.314010 0.263844
vt 0.306464 0.316211
vt 0.322545 0.297363
vt 0.332629 0.335113
vt 0.322545 0.297363
vt 0.347060 0.314974
vt 0.332629 0.335113
vt 0.322545 0.297363
vt 0.329035 0.289755
vt 0.347060 0.314974
vt 0.329035 0.289755
vt 0.352885 0.306845
vt 0.347060 0.314974
vt 0.329035 0.289755
vt 0.358710 0.298716
vt 0.352885 0.306845
vt 0.335525 0.282147
vt 0.358710 0.298716
vt 0.329035 0.289755
vt 0.335525 0.282147
vt 0.373141 0.278577
vt 0.358710 0.298716
vt 0.351606 0.263299
vt 0.373141 0.278577
vt 0.335525 0.282147
vt 0.332629 0.335113
vt 0.347060 0.314974
vt 0.339498 0.339065
vt 0.347060 0.314974
vt 0.350824 0.317029
vt 0.339498 0.339065
vt 0.347060 0.314974
vt 0.352885 0.306845
vt 0.350824 0.317029
vt 0.352885 0.306845
vt 0.355395 0.308135
vt 0.350824 0.317029
vt 0.352885 0.306845
vt 0.359966 0.299241
vt 0.355395 0.308135
vt 0.358710 0.298716
vt 0.359966 0.299241
vt 0.352885 0.306845
vt 0.358710 0.298716
vt 0.371292 0.277205
vt 0.359966 0.299241
vt 0.373141 0.278577
vt 0.371292 0.277205
vt 0.358710 0.298716
vt 0.339498 0.339065
vt 0.350824 0.317029
vt 0.347266 0.342072
vt 0.350824 0.317029
vt 0.355024 0.318542
vt 0.347266 0.342072
vt 0.350824 0.317029
vt 0.355395 0.308135
vt 0.355024 0.318542
vt 0.355395 0.308135
vt 0.358155 0.309045
vt 0.355024 0.318542
vt 0.355395 0.308135
vt 0.361286 0.299548
vt 0.358155 0.309045
vt 0.359966 0.299241
vt 0.361286 0.299548
vt 0.355395 0.308135
vt 0.359966 0.299241
vt 0.369044 0.276018
vt 0.361286 0.299548
vt 0.371292 0.277205
vt 0.369044 0.276018
vt 0.359966 0.299241
vt 0.347266 0.342072
vt 0.355024 0.318542
vt 0.352693 0.343517
vt 0.355024 0.318542
vt 0.358633 0.319463
vt 0.352693 0.343517
vt 0.355024 0.318542
vt 0.358155 0.309045
vt 0.358633 0.319463
vt 0.358155 0.309045
vt 0.361030 0.309755
vt 0.358633 0.319463
vt 0.358155 0.309045
vt 0.363427 0.300047
vt 0.361030 0.309755
vt 0.361286 0.299548
vt 0.363427 0.300047
vt 0.358155 0.309045
vt 0.361286 0.299548
vt 0.369367 0.275993
vt 0.363427 0.300047
vt 0.369044 0.276018
vt 0.369367 0.275993
vt 0.361286 0.299548
vt 0.352693 0.343517
vt 0.358633 0.319463
vt 0.355660 0.344239
vt 0.358633 0.319463
vt 0.361520 0.320166
vt 0.355660 0.344239
vt 0.358633 0.319463
vt 0.361030 0.309755
vt 0.361520 0.320166
vt 0.361030 0.309755
vt 0.363885 0.310450
vt 0.361520 0.320166
vt 0.361030 0.309755
vt 0.366250 0.300734
vt 0.363885 0.310450
vt 0.363427 0.300047
vt 0.366250 0.300734
vt 0.361030 0.309755
vt 0.363427 0.300047
vt 0.372110 0.276661
vt 0.366250 0.300734
vt 0.369367 0.275993
vt 0.372110 0.276661
vt 0.363427 0.300047
vt 0.355660 0.344239
vt 0.361520 0.320166
vt 0.375674 0.343171
vt 0.361520 0.320166
vt 0.367628 0.319738
vt 0.375674 0.343171
vt 0.361520 0.320166
vt 0.363885 0.310450
vt 0.367628 0.319738
vt 0.363885 0.310450
vt 0.364380 0.310280
vt 0.367628 0.319738
vt 0.363885 0.310450
vt 0.361132 0.300822
vt 0.364380 0.310280
vt 0.366250 0.300734
vt 0.361132 0.300822
vt 0.363885 0.310450
vt 0.366250 0.300734
vt 0.353086 0.277389
vt 0.361132 0.300822
vt 0.372110 0.276661
vt 0.353086 0.277389
vt 0.366250 0.300734
vt 0.375674 0.343171
vt 0.367628 0.319738
vt 0.387664 0.336124
vt 0.367628 0.319738
vt 0.371528 0.317323
vt 0.387664 0.336124
vt 0.367628 0.319738
vt 0.364380 0.310280
vt 0.371528 0.317323
vt 0.364380 0.310280
vt 0.365015 0.309735
vt 0.371528 0.317323
vt 0.364380 0.310280
vt 0.358502 0.302147
vt 0.365015 0.309735
vt 0.361132 0.300822
vt 0.358502 0.302147
vt 0.364380 0.310280
vt 0.361132 0.300822
vt 0.342366 0.283346
vt 0.358502 0.302147
vt 0.353086 0.277389
vt 0.342366 0.283346
vt 0.361132 0.300822
vt 0.387664 0.336124
vt 0.371528 0.317323
vt 0.392983 0.330422
vt 0.371528 0.317323
vt 0.373449 0.315181
vt 0.392983 0.330422
vt 0.371528 0.317323
vt 0.365015 0.309735
vt 0.373449 0.315181
vt 0.365015 0.309735
vt 0.365565 0.309030
vt 0.373449 0.315181
vt 0.365015 0.309735
vt 0.357681 0.302879
vt 0.365565 0.309030
vt 0.358502 0.302147
vt 0.357681 0.302879
vt 0.365015 0.309735
vt 0.358502 0.302147
vt 0.338147 0.287638
vt 0.357681 0.302879
vt 0.342366 0.283346
vt 0.338147 0.287638
vt 0.358502 0.302147
vt 0.392983 0.330422
vt 0.373449 0.315181
vt 0.398504 0.320203
vt 0.373449 0.315181
vt 0.375204 0.311780
vt 0.398504 0.320203
vt 0.373449 0.315181
vt 0.365565 0.309030
vt 0.375204 0.311780
vt 0.365565 0.309030
vt 0.365800 0.308380
vt 0.375204 0.311780
vt 0.365565 0.309030
vt 0.356396 0.304980
vt 0.365800 0.308380
vt 0.357681 0.302879
vt 0.356396 0.304980
vt 0.365565 0.309030
vt 0.357681 0.302879
vt 0.333096 0.296557
vt 0.356396 0.304980
vt 0.338147 0.287638
vt 0.333096 0.296557
vt 0.357681 0.302879
vt 0.398504 0.320203
vt 0.375204 0.311780
vt 0.400553 0.306439
vt 0.375204 0.311780
vt 0.375779 0.306778
vt 0.400553 0.306439
vt 0.375204 0.311780
vt 0.365800 0.308380
vt 0.375779 0.306778
vt 0.365800 0.308380
vt 0.365780 0.306915
vt 0.375779 0.306778
vt 0.365800 0.308380
vt 0.355781 0.307052
vt 0.365780 0.306915
vt 0.356396 0.304980
vt 0.355781 0.307052
vt 0.365800 0.308380
vt 0.356396 0.304980
vt 0.331007 0.307391
vt 0.355781 0.307052
vt 0.333096 0.296557
vt 0.331007 0.307391
vt 0.356396 0.304980
vt 0.400553 0.306439
vt 0.375779 0.306778
vt 0.400337 0.302745
vt 0.375779 0.306778
vt 0.375635 0.304658
vt 0.400337 0.302745
vt 0.375779 0.306778
vt 0.365780 0.306915
vt 0.375635 0.304658
vt 0.365780 0.306915
vt 0.365665 0.305430
vt 0.375635 0.304658
vt 0.365780 0.306915
vt 0.355695 0.306202
vt 0.365665 0.305430
vt 0.355781 0.307052
vt 0.355695 0.306202
vt 0.365780 0.306915
vt 0.355781 0.307052
vt 0.330993 0.308114
vt 0.355695 0.306202
vt 0.331007 0.307391
vt 0.330993 0.308114
vt 0.355781 0.307052
vt 0.400337 0.302745
vt 0.375635 0.304658
vt 0.399513 0.297318
vt 0.375635 0.304658
vt 0.375199 0.302078
vt 0.399513 0.297318
vt 0.375635 0.304658
vt 0.365665 0.305430
vt 0.375199 0.302078
vt 0.365665 0.305430
vt 0.365385 0.304000
vt 0.375199 0.302078
vt 0.365665 0.305430
vt 0.355571 0.305922
vt 0.365385 0.304000
vt 0.355695 0.306202
vt 0.355571 0.305922
vt 0.365665 0.305430
vt 0.355695 0.306202
vt 0.331257 0.310682
vt 0.355571 0.305922
vt 0.330993 0.308114
vt 0.331257 0.310682
vt 0.355695 0.306202
vt 0.399513 0.297318
vt 0.375199 0.302078
vt 0.397201 0.289891
vt 0.375199 0.302078
vt 0.374167 0.299017
vt 0.397201 0.289891
vt 0.375199 0.302078
vt 0.365385 0.304000
vt 0.374167 0.299017
vt 0.365385 0.304000
vt 0.364870 0.302700
vt 0.374167 0.299017
vt 0.365385 0.304000
vt 0.355573 0.306383
vt 0.364870 0.302700
vt 0.355571 0.305922
vt 0.355573 0.306383
vt 0.365385 0.304000
vt 0.355571 0.305922
vt 0.332539 0.315509
vt 0.355573 0.306383
vt 0.331257 0.310682
vt 0.332539 0.315509
vt 0.355571 0.305922
vt 0.397201 0.289891
vt 0.374167 0.299017
vt 0.392016 0.279942
vt 0.374167 0.299017
vt 0.370346 0.291952
vt 0.392016 0.279942
vt 0.374167 0.299017
vt 0.364870 0.302700
vt 0.370346 0.291952
vt 0.364870 0.302700
vt 0.361600 0.296800
vt 0.370346 0.291952
vt 0.364870 0.302700
vt 0.352854 0.301648
vt 0.361600 0.296800
vt 0.355573 0.306383
vt 0.352854 0.301648
vt 0.364870 0.302700
vt 0.355573 0.306383
vt 0.331183 0.313658
vt 0.352854 0.301648
vt 0.332539 0.315509
vt 0.331183 0.313658
vt 0.355573 0.306383
vt 0.392016 0.279942
vt 0.370346 0.291952
vt 0.388396 0.273630
vt 0.370346 0.291952
vt 0.366911 0.285970
vt 0.388396 0.273630
vt 0.370346 0.291952
vt 0.361600 0.296800
vt 0.366911 0.285970
vt 0.361600 0.296800
vt 0.358240 0.290950
vt 0.366911 0.285970
vt 0.361600 0.296800
vt 0.349568 0.295930
vt 0.358240 0.290950
vt 0.352854 0.301648
vt 0.349568 0.295930
vt 0.361600 0.296800
vt 0.352854 0.301648
vt 0.328084 0.308270
vt 0.349568 0.295930
vt 0.331183 0.313658
vt 0.328084 0.308270
vt 0.352854 0.301648
vt 0.388396 0.273630
vt 0.366911 0.285970
vt 0.385151 0.267915
vt 0.366911 0.285970
vt 0.363606 0.280148
vt 0.385151 0.267915
vt 0.366911 0.285970
vt 0.358240 0.290950
vt 0.363606 0.280148
vt 0.358240 0.290950
vt 0.354910 0.285085
vt 0.363606 0.280148
vt 0.358240 0.290950
vt 0.346214 0.290022
vt 0.354910 0.285085
vt 0.349568 0.295930
vt 0.346214 0.290022
vt 0.358240 0.290950
vt 0.349568 0.295930
vt 0.324669 0.302255
vt 0.346214 0.290022
vt 0.328084 0.308270
vt 0.324669 0.302255
vt 0.349568 0.295930
vt 0.385151 0.267915
vt 0.363606 0.280148
vt 0.382373 0.262711
vt 0.363606 0.280148
vt 0.360538 0.274419
vt 0.382373 0.262711
vt 0.363606 0.280148
vt 0.354910 0.285085
vt 0.360538 0.274419
vt 0.354910 0.285085
vt 0.351725 0.279145
vt 0.360538 0.274419
vt 0.354910 0.285085
vt 0.342912 0.283871
vt 0.351725 0.279145
vt 0.346214 0.290022
vt 0.342912 0.283871
vt 0.354910 0.285085
vt 0.346214 0.290022
vt 0.321077 0.295579
vt 0.342912 0.283871
vt 0.324669 0.302255
vt 0.321077 0.295579
vt 0.346214 0.290022
vt 0.382373 0.262711
vt 0.360538 0.274419
vt 0.375133 0.248595
vt 0.360538 0.274419
vt 0.353091 0.259908
vt 0.375133 0.248595
vt 0.360538 0.274419
vt 0.351725 0.279145
vt 0.353091 0.259908
vt 0.351725 0.279145
vt 0.344195 0.264475
vt 0.353091 0.259908
vt 0.351725 0.279145
vt 0.335298 0.269041
vt 0.344195 0.264475
vt 0.342912 0.283871
vt 0.335298 0.269041
vt 0.351725 0.279145
vt 0.342912 0.283871
vt 0.313257 0.280355
vt 0.335298 0.269041
vt 0.321077 0.295579
vt 0.313257 0.280355
vt 0.342912 0.283871
vt 0.375133 0.248595
vt 0.353091 0.259908
vt 0.367686 0.233989
vt 0.353091 0.259908
vt 0.345614 0.245243
vt 0.367686 0.233989
vt 0.353091 0.259908
vt 0.344195 0.264475
vt 0.345614 0.245243
vt 0.344195 0.264475
vt 0.336705 0.249785
vt 0.345614 0.245243
vt 0.344195 0.264475
vt 0.327796 0.254327
vt 0.336705 0.249785
vt 0.335298 0.269041
vt 0.327796 0.254327
vt 0.344195 0.264475
vt 0.335298 0.269041
vt 0.305724 0.265581
vt 0.327796 0.254327
vt 0.313257 0.280355
vt 0.305724 0.265581
vt 0.335298 0.269041
vt 0.367686 0.233989
vt 0.345614 0.245243
vt 0.360444 0.219491
vt 0.345614 0.245243
vt 0.338280 0.230565
vt 0.360444 0.219491
vt 0.345614 0.245243
vt 0.336705 0.249785
vt 0.338280 0.230565
vt 0.336705 0.249785
vt 0.329335 0.235035
vt 0.338280 0.230565
vt 0.336705 0.249785
vt 0.320389 0.239505
vt 0.329335 0.235035
vt 0.327796 0.254327
vt 0.320389 0.239505
vt 0.336705 0.249785
vt 0.327796 0.254327
vt 0.298226 0.250579
vt 0.320389 0.239505
vt 0.305724 0.265581
vt 0.298226 0.250579
vt 0.327796 0.254327
vt 0.360444 0.219491
vt 0.338280 0.230565
vt 0.353498 0.205082
vt 0.338280 0.230565
vt 0.331182 0.215846
vt 0.353498 0.205082
vt 0.338280 0.230565
vt 0.329335 0.235035
vt 0.331182 0.215846
vt 0.329335 0.235035
vt 0.322175 0.220190
vt 0.331182 0.215846
vt 0.329335 0.235035
vt 0.313168 0.224534
vt 0.322175 0.220190
vt 0.320389 0.239505
vt 0.313168 0.224534
vt 0.329335 0.235035
vt 0.320389 0.239505
vt 0.290852 0.235298
vt 0.313168 0.224534
vt 0.298226 0.250579
vt 0.290852 0.235298
vt 0.320389 0.239505
vt 0.353498 0.205082
vt 0.331182 0.215846
vt 0.346555 0.187629
vt 0.331182 0.215846
vt 0.323572 0.196881
vt 0.346555 0.187629
vt 0.331182 0.215846
vt 0.322175 0.220190
vt 0.323572 0.196881
vt 0.322175 0.220190
vt 0.314295 0.200615
vt 0.323572 0.196881
vt 0.322175 0.220190
vt 0.305018 0.204349
vt 0.314295 0.200615
vt 0.313168 0.224534
vt 0.305018 0.204349
vt 0.322175 0.220190
vt 0.313168 0.224534
vt 0.282035 0.213601
vt 0.305018 0.204349
vt 0.290852 0.235298
vt 0.282035 0.213601
vt 0.313168 0.224534
vt 0.346555 0.187629
vt 0.323572 0.196881
vt 0.342496 0.171496
vt 0.323572 0.196881
vt 0.318564 0.177907
vt 0.342496 0.171496
vt 0.323572 0.196881
vt 0.314295 0.200615
vt 0.318564 0.177907
vt 0.314295 0.200615
vt 0.308905 0.180495
vt 0.318564 0.177907
vt 0.314295 0.200615
vt 0.299246 0.183083
vt 0.308905 0.180495
vt 0.305018 0.204349
vt 0.299246 0.183083
vt 0.314295 0.200615
vt 0.305018 0.204349
vt 0.275314 0.189494
vt 0.299246 0.183083
vt 0.282035 0.213601
vt 0.275314 0.189494
vt 0.305018 0.204349
vt 0.342496 0.171496
vt 0.318564 0.177907
vt 0.340523 0.155115
vt 0.318564 0.177907
vt 0.315977 0.158485
vt 0.340523 0.155115
vt 0.318564 0.177907
vt 0.308905 0.180495
vt 0.315977 0.158485
vt 0.308905 0.180495
vt 0.306070 0.159845
vt 0.315977 0.158485
vt 0.308905 0.180495
vt 0.296163 0.161205
vt 0.306070 0.159845
vt 0.299246 0.183083
vt 0.296163 0.161205
vt 0.308905 0.180495
vt 0.299246 0.183083
vt 0.271617 0.164575
vt 0.296163 0.161205
vt 0.275314 0.189494
vt 0.271617 0.164575
vt 0.299246 0.183083
vt 0.340523 0.155115
vt 0.315977 0.158485
vt 0.340634 0.138330
vt 0.315977 0.158485
vt 0.315859 0.138576
vt 0.340634 0.138330
vt 0.315977 0.158485
vt 0.306070 0.159845
vt 0.315859 0.138576
vt 0.306070 0.159845
vt 0.305860 0.138675
vt 0.315859 0.138576
vt 0.306070 0.159845
vt 0.295860 0.138774
vt 0.305860 0.138675
vt 0.296163 0.161205
vt 0.295860 0.138774
vt 0.306070 0.159845
vt 0.296163 0.161205
vt 0.271086 0.139020
vt 0.295860 0.138774
vt 0.271617 0.164575
vt 0.271086 0.139020
vt 0.296163 0.161205
vt 0.340634 0.138330
vt 0.315859 0.138576
vt 0.340770 0.136507
vt 0.315859 0.138576
vt 0.316020 0.135383
vt 0.340770 0.136507
vt 0.315859 0.138576
vt 0.305860 0.138675
vt 0.316020 0.135383
vt 0.305860 0.138675
vt 0.306030 0.134930
vt 0.316020 0.135383
vt 0.305860 0.138675
vt 0.296040 0.134477
vt 0.306030 0.134930
vt 0.295860 0.138774
vt 0.296040 0.134477
vt 0.305860 0.138675
vt 0.295860 0.138774
vt 0.271290 0.133353
vt 0.296040 0.134477
vt 0.271086 0.139020
vt 0.271290 0.133353
vt 0.295860 0.138774
vt 0.340770 0.136507
vt 0.316020 0.135383
vt 0.340908 0.132299
vt 0.316020 0.135383
vt 0.316145 0.131505
vt 0.340908 0.132299
vt 0.316020 0.135383
vt 0.306030 0.134930
vt 0.316145 0.131505
vt 0.306030 0.134930
vt 0.306150 0.131185
vt 0.316145 0.131505
vt 0.306030 0.134930
vt 0.296155 0.130865
vt 0.306150 0.131185
vt 0.296040 0.134477
vt 0.296155 0.130865
vt 0.306030 0.134930
vt 0.296040 0.134477
vt 0.271392 0.130071
vt 0.296155 0.130865
vt 0.271290 0.133353
vt 0.271392 0.130071
vt 0.296040 0.134477
vt 0.340908 0.132299
vt 0.316145 0.131505
vt 0.340994 0.128130
vt 0.316145 0.131505
vt 0.316223 0.127635
vt 0.340994 0.128130
vt 0.316145 0.131505
vt 0.306150 0.131185
vt 0.316223 0.127635
vt 0.306150 0.131185
vt 0.306225 0.127435
vt 0.316223 0.127635
vt 0.306150 0.131185
vt 0.296227 0.127235
vt 0.306225 0.127435
vt 0.296155 0.130865
vt 0.296227 0.127235
vt 0.306150 0.131185
vt 0.296155 0.130865
vt 0.271456 0.126739
vt 0.296227 0.127235
vt 0.271392 0.130071
vt 0.271456 0.126739
vt 0.296155 0.130865
vt 0.340994 0.128130
vt 0.316223 0.127635
vt 0.341043 0.124102
vt 0.316223 0.127635
vt 0.316269 0.123805
vt 0.341043 0.124102
vt 0.316223 0.127635
vt 0.306225 0.127435
vt 0.316269 0.123805
vt 0.306225 0.127435
vt 0.306270 0.123685
vt 0.316269 0.123805
vt 0.306225 0.127435
vt 0.296271 0.123565
vt 0.306270 0.123685
vt 0.296227 0.127235
vt 0.296271 0.123565
vt 0.306225 0.127435
vt 0.296227 0.127235
vt 0.271497 0.123268
vt 0.296271 0.123565
vt 0.271456 0.126739
vt 0.271497 0.123268
vt 0.296227 0.127235
vt 0.341043 0.124102
vt 0.316269 0.123805
vt 0.339769 0.113512
vt 0.316269 0.123805
vt 0.315390 0.117928
vt 0.339769 0.113512
vt 0.316269 0.123805
vt 0.306270 0.123685
vt 0.315390 0.117928
vt 0.306270 0.123685
vt 0.305550 0.119710
vt 0.315390 0.117928
vt 0.306270 0.123685
vt 0.295710 0.121492
vt 0.305550 0.119710
vt 0.296271 0.123565
vt 0.295710 0.121492
vt 0.306270 0.123685
vt 0.296271 0.123565
vt 0.271331 0.125908
vt 0.295710 0.121492
vt 0.271497 0.123268
vt 0.271331 0.125908
vt 0.296271 0.123565
vt 0.339769 0.113512
vt 0.315390 0.117928
vt 0.328301 0.093151
vt 0.315390 0.117928
vt 0.310286 0.110160
vt 0.328301 0.093151
vt 0.315390 0.117928
vt 0.305550 0.119710
vt 0.310286 0.110160
vt 0.305550 0.119710
vt 0.303015 0.117025
vt 0.310286 0.110160
vt 0.305550 0.119710
vt 0.295744 0.123890
vt 0.303015 0.117025
vt 0.295710 0.121492
vt 0.295744 0.123890
vt 0.305550 0.119710
vt 0.295710 0.121492
vt 0.277729 0.140899
vt 0.295744 0.123890
vt 0.271331 0.125908
vt 0.277729 0.140899
vt 0.295710 0.121492
vt 0.293165 0.914540
vt 0.301078 0.921866
vt 0.311639 0.944278
vt 0.293165 0.914540
vt 0.296815 0.912820
vt 0.301078 0.921866
vt 0.293165 0.914540
vt 0.292552 0.903774
vt 0.296815 0.912820
vt 0.293165 0.914540
vt 0.281991 0.881362
vt 0.292552 0.903774
vt 0.311639 0.944278
vt 0.301078 0.921866
vt 0.321077 0.938095
vt 0.301078 0.921866
vt 0.306221 0.918268
vt 0.321077 0.938095
vt 0.301078 0.921866
vt 0.296815 0.912820
vt 0.306221 0.918268
vt 0.296815 0.912820
vt 0.300225 0.910265
vt 0.306221 0.918268
vt 0.296815 0.912820
vt 0.294229 0.902262
vt 0.300225 0.910265
vt 0.292552 0.903774
vt 0.294229 0.902262
vt 0.296815 0.912820
vt 0.292552 0.903774
vt 0.279373 0.882435
vt 0.294229 0.902262
vt 0.281991 0.881362
vt 0.279373 0.882435
vt 0.292552 0.903774
vt 0.321077 0.938095
vt 0.306221 0.918268
vt 0.329736 0.929198
vt 0.306221 0.918268
vt 0.310759 0.913269
vt 0.329736 0.929198
vt 0.306221 0.918268
vt 0.300225 0.910265
vt 0.310759 0.913269
vt 0.300225 0.910265
vt 0.303100 0.906840
vt 0.310759 0.913269
vt 0.300225 0.910265
vt 0.295441 0.900411
vt 0.303100 0.906840
vt 0.294229 0.902262
vt 0.295441 0.900411
vt 0.300225 0.910265
vt 0.294229 0.902262
vt 0.276464 0.884482
vt 0.295441 0.900411
vt 0.279373 0.882435
vt 0.276464 0.884482
vt 0.294229 0.902262
vt 0.329736 0.929198
vt 0.310759 0.913269
vt 0.335813 0.920062
vt 0.310759 0.913269
vt 0.314744 0.907027
vt 0.335813 0.920062
vt 0.310759 0.913269
vt 0.303100 0.906840
vt 0.314744 0.907027
vt 0.303100 0.906840
vt 0.306240 0.901765
vt 0.314744 0.907027
vt 0.303100 0.906840
vt 0.297736 0.896503
vt 0.306240 0.901765
vt 0.295441 0.900411
vt 0.297736 0.896503
vt 0.303100 0.906840
vt 0.295441 0.900411
vt 0.276667 0.883467
vt 0.297736 0.896503
vt 0.276464 0.884482
vt 0.276667 0.883467
vt 0.295441 0.900411
vt 0.335813 0.920062
vt 0.314744 0.907027
vt 0.339495 0.913567
vt 0.314744 0.907027
vt 0.317890 0.901440
vt 0.339495 0.913567
vt 0.314744 0.907027
vt 0.306240 0.901765
vt 0.317890 0.901440
vt 0.306240 0.901765
vt 0.309170 0.896545
vt 0.317890 0.901440
vt 0.306240 0.901765
vt 0.300450 0.891650
vt 0.309170 0.896545
vt 0.297736 0.896503
vt 0.300450 0.891650
vt 0.306240 0.901765
vt 0.297736 0.896503
vt 0.278845 0.879523
vt 0.300450 0.891650
vt 0.276667 0.883467
vt 0.278845 0.879523
vt 0.297736 0.896503
vt 0.339495 0.913567
vt 0.317890 0.901440
vt 0.342924 0.906834
vt 0.317890 0.901440
vt 0.320793 0.895696
vt 0.342924 0.906834
vt 0.317890 0.901440
vt 0.309170 0.896545
vt 0.320793 0.895696
vt 0.309170 0.896545
vt 0.311860 0.891200
vt 0.320793 0.895696
vt 0.309170 0.896545
vt 0.302927 0.886704
vt 0.311860 0.891200
vt 0.300450 0.891650
vt 0.302927 0.886704
vt 0.309170 0.896545
vt 0.300450 0.891650
vt 0.280796 0.875566
vt 0.302927 0.886704
vt 0.278845 0.879523
vt 0.280796 0.875566
vt 0.300450 0.891650
vt 0.342924 0.906834
vt 0.320793 0.895696
vt 0.346074 0.899823
vt 0.320793 0.895696
vt 0.323419 0.889793
vt 0.346074 0.899823
vt 0.320793 0.895696
vt 0.311860 0.891200
vt 0.323419 0.889793
vt 0.311860 0.891200
vt 0.314275 0.885745
vt 0.323419 0.889793
vt 0.311860 0.891200
vt 0.305131 0.881697
vt 0.314275 0.885745
vt 0.302927 0.886704
vt 0.305131 0.881697
vt 0.311860 0.891200
vt 0.302927 0.886704
vt 0.282476 0.871667
vt 0.305131 0.881697
vt 0.280796 0.875566
vt 0.282476 0.871667
vt 0.302927 0.886704
vt 0.346074 0.899823
vt 0.323419 0.889793
vt 0.352427 0.884232
vt 0.323419 0.889793
vt 0.329474 0.874905
vt 0.352427 0.884232
vt 0.323419 0.889793
vt 0.314275 0.885745
vt 0.329474 0.874905
vt 0.314275 0.885745
vt 0.320210 0.871140
vt 0.329474 0.874905
vt 0.314275 0.885745
vt 0.310946 0.867375
vt 0.320210 0.871140
vt 0.305131 0.881697
vt 0.310946 0.867375
vt 0.314275 0.885745
vt 0.305131 0.881697
vt 0.287993 0.858048
vt 0.310946 0.867375
vt 0.282476 0.871667
vt 0.287993 0.858048
vt 0.305131 0.881697
vt 0.352427 0.884232
vt 0.329474 0.874905
vt 0.358348 0.869301
vt 0.329474 0.874905
vt 0.335316 0.860170
vt 0.358348 0.869301
vt 0.329474 0.874905
vt 0.320210 0.871140
vt 0.335316 0.860170
vt 0.320210 0.871140
vt 0.326020 0.856485
vt 0.335316 0.860170
vt 0.320210 0.871140
vt 0.316724 0.852800
vt 0.326020 0.856485
vt 0.310946 0.867375
vt 0.316724 0.852800
vt 0.320210 0.871140
vt 0.310946 0.867375
vt 0.293692 0.843669
vt 0.316724 0.852800
vt 0.287993 0.858048
vt 0.293692 0.843669
vt 0.310946 0.867375
vt 0.358348 0.869301
vt 0.335316 0.860170
vt 0.364146 0.854413
vt 0.335316 0.860170
vt 0.341058 0.845423
vt 0.364146 0.854413
vt 0.335316 0.860170
vt 0.326020 0.856485
vt 0.341058 0.845423
vt 0.326020 0.856485
vt 0.331740 0.841795
vt 0.341058 0.845423
vt 0.326020 0.856485
vt 0.322421 0.838167
vt 0.331740 0.841795
vt 0.316724 0.852800
vt 0.322421 0.838167
vt 0.326020 0.856485
vt 0.316724 0.852800
vt 0.299334 0.829177
vt 0.322421 0.838167
vt 0.293692 0.843669
vt 0.299334 0.829177
vt 0.316724 0.852800
vt 0.364146 0.854413
vt 0.341058 0.845423
vt 0.369859 0.839574
vt 0.341058 0.845423
vt 0.346737 0.830673
vt 0.369859 0.839574
vt 0.341058 0.845423
vt 0.331740 0.841795
vt 0.346737 0.830673
vt 0.331740 0.841795
vt 0.337405 0.827080
vt 0.346737 0.830673
vt 0.331740 0.841795
vt 0.328073 0.823487
vt 0.337405 0.827080
vt 0.322421 0.838167
vt 0.328073 0.823487
vt 0.331740 0.841795
vt 0.322421 0.838167
vt 0.304951 0.814586
vt 0.328073 0.823487
vt 0.299334 0.829177
vt 0.304951 0.814586
vt 0.322421 0.838167
vt 0.369859 0.839574
vt 0.346737 0.830673
vt 0.378460 0.817062
vt 0.346737 0.830673
vt 0.355316 0.808219
vt 0.378460 0.817062
vt 0.346737 0.830673
vt 0.337405 0.827080
vt 0.355316 0.808219
vt 0.337405 0.827080
vt 0.345975 0.804650
vt 0.355316 0.808219
vt 0.337405 0.827080
vt 0.336634 0.801081
vt 0.345975 0.804650
vt 0.328073 0.823487
vt 0.336634 0.801081
vt 0.337405 0.827080
vt 0.328073 0.823487
vt 0.313490 0.792238
vt 0.336634 0.801081
vt 0.304951 0.814586
vt 0.313490 0.792238
vt 0.328073 0.823487
vt 0.378460 0.817062
vt 0.355316 0.808219
vt 0.387011 0.794545
vt 0.355316 0.808219
vt 0.363849 0.785750
vt 0.387011 0.794545
vt 0.355316 0.808219
vt 0.345975 0.804650
vt 0.363849 0.785750
vt 0.345975 0.804650
vt 0.354500 0.782200
vt 0.363849 0.785750
vt 0.345975 0.804650
vt 0.345151 0.778650
vt 0.354500 0.782200
vt 0.336634 0.801081
vt 0.345151 0.778650
vt 0.345975 0.804650
vt 0.336634 0.801081
vt 0.321989 0.769855
vt 0.345151 0.778650
vt 0.313490 0.792238
vt 0.321989 0.769855
vt 0.336634 0.801081
vt 0.387011 0.794545
vt 0.363849 0.785750
vt 0.395519 0.772036
vt 0.363849 0.785750
vt 0.372344 0.763276
vt 0.395519 0.772036
vt 0.363849 0.785750
vt 0.354500 0.782200
vt 0.372344 0.763276
vt 0.354500 0.782200
vt 0.362990 0.759740
vt 0.372344 0.763276
vt 0.354500 0.782200
vt 0.353636 0.756204
vt 0.362990 0.759740
vt 0.345151 0.778650
vt 0.353636 0.756204
vt 0.354500 0.782200
vt 0.345151 0.778650
vt 0.330461 0.747444
vt 0.353636 0.756204
vt 0.321989 0.769855
vt 0.330461 0.747444
vt 0.345151 0.778650
vt 0.395519 0.772036
vt 0.372344 0.763276
vt 0.404001 0.749536
vt 0.372344 0.763276
vt 0.380817 0.740797
vt 0.404001 0.749536
vt 0.372344 0.763276
vt 0.362990 0.759740
vt 0.380817 0.740797
vt 0.362990 0.759740
vt 0.371460 0.737270
vt 0.380817 0.740797
vt 0.362990 0.759740
vt 0.362103 0.733743
vt 0.371460 0.737270
vt 0.353636 0.756204
vt 0.362103 0.733743
vt 0.362990 0.759740
vt 0.353636 0.756204
vt 0.338919 0.725004
vt 0.362103 0.733743
vt 0.330461 0.747444
vt 0.338919 0.725004
vt 0.353636 0.756204
vt 0.404001 0.749536
vt 0.380817 0.740797
vt 0.406298 0.735516
vt 0.380817 0.740797
vt 0.381531 0.734831
vt 0.406298 0.735516
vt 0.380817 0.740797
vt 0.371460 0.737270
vt 0.381531 0.734831
vt 0.371460 0.737270
vt 0.371535 0.734555
vt 0.381531 0.734831
vt 0.371460 0.737270
vt 0.361539 0.734279
vt 0.371535 0.734555
vt 0.362103 0.733743
vt 0.361539 0.734279
vt 0.371460 0.737270
vt 0.362103 0.733743
vt 0.336772 0.733594
vt 0.361539 0.734279
vt 0.338919 0.725004
vt 0.336772 0.733594
vt 0.362103 0.733743
vt 0.406298 0.735516
vt 0.381531 0.734831
vt 0.400059 0.714456
vt 0.381531 0.734831
vt 0.378701 0.727012
vt 0.400059 0.714456
vt 0.381531 0.734831
vt 0.371535 0.734555
vt 0.378701 0.727012
vt 0.371535 0.734555
vt 0.370080 0.732080
vt 0.378701 0.727012
vt 0.371535 0.734555
vt 0.361459 0.737148
vt 0.370080 0.732080
vt 0.361539 0.734279
vt 0.361459 0.737148
vt 0.371535 0.734555
vt 0.361539 0.734279
vt 0.340101 0.749704
vt 0.361459 0.737148
vt 0.336772 0.733594
vt 0.340101 0.749704
vt 0.361539 0.734279
vt 0.400059 0.714456
vt 0.378701 0.727012
vt 0.387612 0.701894
vt 0.378701 0.727012
vt 0.373355 0.722157
vt 0.387612 0.701894
vt 0.378701 0.727012
vt 0.370080 0.732080
vt 0.373355 0.722157
vt 0.370080 0.732080
vt 0.367600 0.730335
vt 0.373355 0.722157
vt 0.370080 0.732080
vt 0.361845 0.738513
vt 0.367600 0.730335
vt 0.361459 0.737148
vt 0.361845 0.738513
vt 0.370080 0.732080
vt 0.361459 0.737148
vt 0.347588 0.758776
vt 0.361845 0.738513
vt 0.340101 0.749704
vt 0.347588 0.758776
vt 0.361459 0.737148
vt 0.387612 0.701894
vt 0.373355 0.722157
vt 0.370539 0.695550
vt 0.373355 0.722157
vt 0.366308 0.719962
vt 0.370539 0.695550
vt 0.373355 0.722157
vt 0.367600 0.730335
vt 0.366308 0.719962
vt 0.367600 0.730335
vt 0.364600 0.729815
vt 0.366308 0.719962
vt 0.367600 0.730335
vt 0.362892 0.739668
vt 0.364600 0.729815
vt 0.361845 0.738513
vt 0.362892 0.739668
vt 0.367600 0.730335
vt 0.361845 0.738513
vt 0.358661 0.764080
vt 0.362892 0.739668
vt 0.347588 0.758776
vt 0.358661 0.764080
vt 0.361845 0.738513
vt 0.370539 0.695550
vt 0.366308 0.719962
vt 0.361479 0.695147
vt 0.366308 0.719962
vt 0.362634 0.719896
vt 0.361479 0.695147
vt 0.366308 0.719962
vt 0.364600 0.729815
vt 0.362634 0.719896
vt 0.364600 0.729815
vt 0.363100 0.729885
vt 0.362634 0.719896
vt 0.364600 0.729815
vt 0.363566 0.739874
vt 0.363100 0.729885
vt 0.362892 0.739668
vt 0.363566 0.739874
vt 0.364600 0.729815
vt 0.362892 0.739668
vt 0.364721 0.764623
vt 0.363566 0.739874
vt 0.358661 0.764080
vt 0.364721 0.764623
vt 0.362892 0.739668
vt 0.361479 0.695147
vt 0.362634 0.719896
vt 0.360898 0.695146
vt 0.362634 0.719896
vt 0.361391 0.719917
vt 0.360898 0.695146
vt 0.362634 0.719896
vt 0.363100 0.729885
vt 0.361391 0.719917
vt 0.363100 0.729885
vt 0.361590 0.729915
vt 0.361391 0.719917
vt 0.363100 0.729885
vt 0.361789 0.739913
vt 0.361590 0.729915
vt 0.363566 0.739874
vt 0.361789 0.739913
vt 0.363100 0.729885
vt 0.363566 0.739874
vt 0.362282 0.764684
vt 0.361789 0.739913
vt 0.364721 0.764623
vt 0.362282 0.764684
vt 0.363566 0.739874
vt 0.360898 0.695146
vt 0.361391 0.719917
vt 0.358004 0.695292
vt 0.361391 0.719917
vt 0.359497 0.720023
vt 0.358004 0.695292
vt 0.361391 0.719917
vt 0.361590 0.729915
vt 0.359497 0.720023
vt 0.361590 0.729915
vt 0.360100 0.730005
vt 0.359497 0.720023
vt 0.361590 0.729915
vt 0.360703 0.739987
vt 0.360100 0.730005
vt 0.361789 0.739913
vt 0.360703 0.739987
vt 0.361590 0.729915
vt 0.361789 0.739913
vt 0.362196 0.764718
vt 0.360703 0.739987
vt 0.362282 0.764684
vt 0.362196 0.764718
vt 0.361789 0.739913
vt 0.358004 0.695292
vt 0.359497 0.720023
vt 0.352741 0.695985
vt 0.359497 0.720023
vt 0.356951 0.720400
vt 0.352741 0.695985
vt 0.359497 0.720023
vt 0.360100 0.730005
vt 0.356951 0.720400
vt 0.360100 0.730005
vt 0.358650 0.730255
vt 0.356951 0.720400
vt 0.360100 0.730005
vt 0.360349 0.740110
vt 0.358650 0.730255
vt 0.360703 0.739987
vt 0.360349 0.740110
vt 0.360100 0.730005
vt 0.360703 0.739987
vt 0.364559 0.764525
vt 0.360349 0.740110
vt 0.362196 0.764718
vt 0.364559 0.764525
vt 0.360703 0.739987
vt 0.352741 0.695985
vt 0.356951 0.720400
vt 0.345969 0.697563
vt 0.356951 0.720400
vt 0.351894 0.721620
vt 0.345969 0.697563
vt 0.356951 0.720400
vt 0.358650 0.730255
vt 0.351894 0.721620
vt 0.358650 0.730255
vt 0.354285 0.731330
vt 0.351894 0.721620
vt 0.358650 0.730255
vt 0.356676 0.741040
vt 0.354285 0.731330
vt 0.360349 0.740110
vt 0.356676 0.741040
vt 0.358650 0.730255
vt 0.360349 0.740110
vt 0.362601 0.765097
vt 0.356676 0.741040
vt 0.364559 0.764525
vt 0.362601 0.765097
vt 0.360349 0.740110
vt 0.345969 0.697563
vt 0.351894 0.721620
vt 0.341462 0.698692
vt 0.351894 0.721620
vt 0.347484 0.722725
vt 0.341462 0.698692
vt 0.351894 0.721620
vt 0.354285 0.731330
vt 0.347484 0.722725
vt 0.354285 0.731330
vt 0.349915 0.732425
vt 0.347484 0.722725
vt 0.354285 0.731330
vt 0.352346 0.742125
vt 0.349915 0.732425
vt 0.356676 0.741040
vt 0.352346 0.742125
vt 0.354285 0.731330
vt 0.356676 0.741040
vt 0.358368 0.766158
vt 0.352346 0.742125
vt 0.362601 0.765097
vt 0.358368 0.766158
vt 0.356676 0.741040
vt 0.341462 0.698692
vt 0.347484 0.722725
vt 0.335913 0.700278
vt 0.347484 0.722725
vt 0.342822 0.724072
vt 0.335913 0.700278
vt 0.347484 0.722725
vt 0.349915 0.732425
vt 0.342822 0.724072
vt 0.349915 0.732425
vt 0.345610 0.733675
vt 0.342822 0.724072
vt 0.349915 0.732425
vt 0.348398 0.743278
vt 0.345610 0.733675
vt 0.352346 0.742125
vt 0.348398 0.743278
vt 0.349915 0.732425
vt 0.352346 0.742125
vt 0.355307 0.767072
vt 0.348398 0.743278
vt 0.358368 0.766158
vt 0.355307 0.767072
vt 0.352346 0.742125
vt 0.335913 0.700278
vt 0.342822 0.724072
vt 0.329297 0.702641
vt 0.342822 0.724072
vt 0.337945 0.725859
vt 0.329297 0.702641
vt 0.342822 0.724072
vt 0.345610 0.733675
vt 0.337945 0.725859
vt 0.345610 0.733675
vt 0.341435 0.735230
vt 0.337945 0.725859
vt 0.345610 0.733675
vt 0.344925 0.744601
vt 0.341435 0.735230
vt 0.348398 0.743278
vt 0.344925 0.744601
vt 0.345610 0.733675
vt 0.348398 0.743278
vt 0.353573 0.767819
vt 0.344925 0.744601
vt 0.355307 0.767072
vt 0.353573 0.767819
vt 0.348398 0.743278
vt 0.329297 0.702641
vt 0.337945 0.725859
vt 0.295550 0.720177
vt 0.337945 0.725859
vt 0.307145 0.742073
vt 0.295550 0.720177
vt 0.337945 0.725859
vt 0.341435 0.735230
vt 0.307145 0.742073
vt 0.341435 0.735230
vt 0.311825 0.750910
vt 0.307145 0.742073
vt 0.341435 0.735230
vt 0.316505 0.759747
vt 0.311825 0.750910
vt 0.344925 0.744601
vt 0.316505 0.759747
vt 0.341435 0.735230
vt 0.344925 0.744601
vt 0.328099 0.781643
vt 0.316505 0.759747
vt 0.353573 0.767819
vt 0.328099 0.781643
vt 0.344925 0.744601
vt 0.295550 0.720177
vt 0.307145 0.742073
vt 0.264822 0.743408
vt 0.307145 0.742073
vt 0.280031 0.762966
vt 0.264822 0.743408
vt 0.307145 0.742073
vt 0.311825 0.750910
vt 0.280031 0.762966
vt 0.311825 0.750910
vt 0.286170 0.770860
vt 0.280031 0.762966
vt 0.311825 0.750910
vt 0.292309 0.778754
vt 0.286170 0.770860
vt 0.316505 0.759747
vt 0.292309 0.778754
vt 0.311825 0.750910
vt 0.316505 0.759747
vt 0.307518 0.798312
vt 0.292309 0.778754
vt 0.328099 0.781643
vt 0.307518 0.798312
vt 0.316505 0.759747
vt 0.264822 0.743408
vt 0.280031 0.762966
vt 0.238586 0.771895
vt 0.280031 0.762966
vt 0.257052 0.788413
vt 0.238586 0.771895
vt 0.280031 0.762966
vt 0.286170 0.770860
vt 0.257052 0.788413
vt 0.286170 0.770860
vt 0.264505 0.795080
vt 0.257052 0.788413
vt 0.286170 0.770860
vt 0.271958 0.801747
vt 0.264505 0.795080
vt 0.292309 0.778754
vt 0.271958 0.801747
vt 0.286170 0.770860
vt 0.292309 0.778754
vt 0.290424 0.818265
vt 0.271958 0.801747
vt 0.307518 0.798312
vt 0.290424 0.818265
vt 0.292309 0.778754
vt 0.238586 0.771895
vt 0.257052 0.788413
vt 0.217294 0.805248
vt 0.257052 0.788413
vt 0.238355 0.818298
vt 0.217294 0.805248
vt 0.257052 0.788413
vt 0.264505 0.795080
vt 0.238355 0.818298
vt 0.264505 0.795080
vt 0.246855 0.823565
vt 0.238355 0.818298
vt 0.264505 0.795080
vt 0.255355 0.828832
vt 0.246855 0.823565
vt 0.271958 0.801747
vt 0.255355 0.828832
vt 0.264505 0.795080
vt 0.271958 0.801747
vt 0.276416 0.841882
vt 0.255355 0.828832
vt 0.290424 0.818265
vt 0.276416 0.841882
vt 0.271958 0.801747
vt 0.217294 0.805248
vt 0.238355 0.818298
vt 0.210556 0.819224
vt 0.238355 0.818298
vt 0.233051 0.829609
vt 0.210556 0.819224
vt 0.238355 0.818298
vt 0.246855 0.823565
vt 0.233051 0.829609
vt 0.246855 0.823565
vt 0.242130 0.833800
vt 0.233051 0.829609
vt 0.246855 0.823565
vt 0.251209 0.837991
vt 0.242130 0.833800
vt 0.255355 0.828832
vt 0.251209 0.837991
vt 0.246855 0.823565
vt 0.255355 0.828832
vt 0.273704 0.848376
vt 0.251209 0.837991
vt 0.276416 0.841882
vt 0.273704 0.848376
vt 0.255355 0.828832
vt 0.210556 0.819224
vt 0.233051 0.829609
vt 0.205616 0.833022
vt 0.233051 0.829609
vt 0.229040 0.841092
vt 0.205616 0.833022
vt 0.233051 0.829609
vt 0.242130 0.833800
vt 0.229040 0.841092
vt 0.242130 0.833800
vt 0.238495 0.844350
vt 0.229040 0.841092
vt 0.242130 0.833800
vt 0.247949 0.847608
vt 0.238495 0.844350
vt 0.251209 0.837991
vt 0.247949 0.847608
vt 0.242130 0.833800
vt 0.251209 0.837991
vt 0.271374 0.855678
vt 0.247949 0.847608
vt 0.273704 0.848376
vt 0.271374 0.855678
vt 0.251209 0.837991
vt 0.205616 0.833022
vt 0.229040 0.841092
vt 0.202192 0.848359
vt 0.229040 0.841092
vt 0.226471 0.853297
vt 0.202192 0.848359
vt 0.229040 0.841092
vt 0.238495 0.844350
vt 0.226471 0.853297
vt 0.238495 0.844350
vt 0.236270 0.855290
vt 0.226471 0.853297
vt 0.238495 0.844350
vt 0.246069 0.857283
vt 0.236270 0.855290
vt 0.247949 0.847608
vt 0.246069 0.857283
vt 0.238495 0.844350
vt 0.247949 0.847608
vt 0.270348 0.862221
vt 0.246069 0.857283
vt 0.271374 0.855678
vt 0.270348 0.862221
vt 0.247949 0.847608
vt 0.202192 0.848359
vt 0.226471 0.853297
vt 0.201036 0.865214
vt 0.226471 0.853297
vt 0.225789 0.866276
vt 0.201036 0.865214
vt 0.226471 0.853297
vt 0.236270 0.855290
vt 0.225789 0.866276
vt 0.236270 0.855290
vt 0.235780 0.866705
vt 0.225789 0.866276
vt 0.236270 0.855290
vt 0.245771 0.867134
vt 0.235780 0.866705
vt 0.246069 0.857283
vt 0.245771 0.867134
vt 0.236270 0.855290
vt 0.246069 0.857283
vt 0.270524 0.868196
vt 0.245771 0.867134
vt 0.270348 0.862221
vt 0.270524 0.868196
vt 0.246069 0.857283
vt 0.201036 0.865214
vt 0.225789 0.866276
vt 0.202582 0.880581
vt 0.225789 0.866276
vt 0.227128 0.877214
vt 0.202582 0.880581
vt 0.225789 0.866276
vt 0.235780 0.866705
vt 0.227128 0.877214
vt 0.235780 0.866705
vt 0.237035 0.875855
vt 0.227128 0.877214
vt 0.235780 0.866705
vt 0.246942 0.874496
vt 0.237035 0.875855
vt 0.245771 0.867134
vt 0.246942 0.874496
vt 0.235780 0.866705
vt 0.245771 0.867134
vt 0.271488 0.871129
vt 0.246942 0.874496
vt 0.270524 0.868196
vt 0.271488 0.871129
vt 0.245771 0.867134
vt 0.202582 0.880581
vt 0.227128 0.877214
vt 0.207164 0.895726
vt 0.227128 0.877214
vt 0.230533 0.887497
vt 0.207164 0.895726
vt 0.227128 0.877214
vt 0.237035 0.875855
vt 0.230533 0.887497
vt 0.237035 0.875855
vt 0.239965 0.884175
vt 0.230533 0.887497
vt 0.237035 0.875855
vt 0.249397 0.880853
vt 0.239965 0.884175
vt 0.246942 0.874496
vt 0.249397 0.880853
vt 0.237035 0.875855
vt 0.246942 0.874496
vt 0.272766 0.872624
vt 0.249397 0.880853
vt 0.271488 0.871129
vt 0.272766 0.872624
vt 0.246942 0.874496
vt 0.207164 0.895726
vt 0.230533 0.887497
vt 0.214672 0.909610
vt 0.230533 0.887497
vt 0.235916 0.896861
vt 0.214672 0.909610
vt 0.230533 0.887497
vt 0.239965 0.884175
vt 0.235916 0.896861
vt 0.239965 0.884175
vt 0.244490 0.891715
vt 0.235916 0.896861
vt 0.239965 0.884175
vt 0.253064 0.886569
vt 0.244490 0.891715
vt 0.249397 0.880853
vt 0.253064 0.886569
vt 0.239965 0.884175
vt 0.249397 0.880853
vt 0.274308 0.873820
vt 0.253064 0.886569
vt 0.272766 0.872624
vt 0.274308 0.873820
vt 0.249397 0.880853
vt 0.214672 0.909610
vt 0.235916 0.896861
vt 0.224565 0.921637
vt 0.235916 0.896861
vt 0.243074 0.905167
vt 0.224565 0.921637
vt 0.235916 0.896861
vt 0.244490 0.891715
vt 0.243074 0.905167
vt 0.244490 0.891715
vt 0.250545 0.898520
vt 0.243074 0.905167
vt 0.244490 0.891715
vt 0.258016 0.891873
vt 0.250545 0.898520
vt 0.253064 0.886569
vt 0.258016 0.891873
vt 0.244490 0.891715
vt 0.253064 0.886569
vt 0.276525 0.875403
vt 0.258016 0.891873
vt 0.274308 0.873820
vt 0.276525 0.875403
vt 0.253064 0.886569
vt 0.224565 0.921637
vt 0.243074 0.905167
vt 0.235681 0.931242
vt 0.243074 0.905167
vt 0.251290 0.912001
vt 0.235681 0.931242
vt 0.243074 0.905167
vt 0.250545 0.898520
vt 0.251290 0.912001
vt 0.250545 0.898520
vt 0.257590 0.904235
vt 0.251290 0.912001
vt 0.250545 0.898520
vt 0.263890 0.896469
vt 0.257590 0.904235
vt 0.258016 0.891873
vt 0.263890 0.896469
vt 0.250545 0.898520
vt 0.258016 0.891873
vt 0.279499 0.877228
vt 0.263890 0.896469
vt 0.276525 0.875403
vt 0.279499 0.877228
vt 0.258016 0.891873
vt 0.235681 0.931242
vt 0.251290 0.912001
vt 0.247457 0.938685
vt 0.251290 0.912001
vt 0.260151 0.917408
vt 0.247457 0.938685
vt 0.251290 0.912001
vt 0.257590 0.904235
vt 0.260151 0.917408
vt 0.257590 0.904235
vt 0.265275 0.908820
vt 0.260151 0.917408
vt 0.257590 0.904235
vt 0.270398 0.900232
vt 0.265275 0.908820
vt 0.263890 0.896469
vt 0.270398 0.900232
vt 0.257590 0.904235
vt 0.263890 0.896469
vt 0.283092 0.878955
vt 0.270398 0.900232
vt 0.279499 0.877228
vt 0.283092 0.878955
vt 0.263890 0.896469
vt 0.247457 0.938685
vt 0.260151 0.917408
vt 0.259292 0.944232
vt 0.260151 0.917408
vt 0.269390 0.921607
vt 0.259292 0.944232
vt 0.260151 0.917408
vt 0.265275 0.908820
vt 0.269390 0.921607
vt 0.265275 0.908820
vt 0.273465 0.912475
vt 0.269390 0.921607
vt 0.265275 0.908820
vt 0.277540 0.903343
vt 0.273465 0.912475
vt 0.270398 0.900232
vt 0.277540 0.903343
vt 0.265275 0.908820
vt 0.270398 0.900232
vt 0.287638 0.880718
vt 0.277540 0.903343
vt 0.283092 0.878955
vt 0.287638 0.880718
vt 0.270398 0.900232
vt 0.259292 0.944232
vt 0.269390 0.921607
vt 0.270791 0.948310
vt 0.269390 0.921607
vt 0.278798 0.924863
vt 0.270791 0.948310
vt 0.269390 0.921607
vt 0.273465 0.912475
vt 0.278798 0.924863
vt 0.273465 0.912475
vt 0.282030 0.915400
vt 0.278798 0.924863
vt 0.273465 0.912475
vt 0.285262 0.905937
vt 0.282030 0.915400
vt 0.277540 0.903343
vt 0.285262 0.905937
vt 0.273465 0.912475
vt 0.277540 0.903343
vt 0.293269 0.882490
vt 0.285262 0.905937
vt 0.287638 0.880718
vt 0.293269 0.882490
vt 0.277540 0.903343
vt 0.270791 0.948310
vt 0.278798 0.924863
vt 0.277662 0.949932
vt 0.278798 0.924863
vt 0.281803 0.925504
vt 0.277662 0.949932
vt 0.278798 0.924863
vt 0.282030 0.915400
vt 0.281803 0.925504
vt 0.282030 0.915400
vt 0.283475 0.915645
vt 0.281803 0.925504
vt 0.282030 0.915400
vt 0.285147 0.905786
vt 0.283475 0.915645
vt 0.285262 0.905937
vt 0.285147 0.905786
vt 0.282030 0.915400
vt 0.285262 0.905937
vt 0.289288 0.881358
vt 0.285147 0.905786
vt 0.293269 0.882490
vt 0.289288 0.881358
vt 0.285262 0.905937
vt 0.277662 0.949932
vt 0.281803 0.925504
vt 0.285140 0.950421
vt 0.281803 0.925504
vt 0.285140 0.925645
vt 0.285140 0.950421
vt 0.281803 0.925504
vt 0.283475 0.915645
vt 0.285140 0.925645
vt 0.283475 0.915645
vt 0.285140 0.915645
vt 0.285140 0.925645
vt 0.283475 0.915645
vt 0.285140 0.905645
vt 0.285140 0.915645
vt 0.285147 0.905786
vt 0.285140 0.905645
vt 0.283475 0.915645
vt 0.285147 0.905786
vt 0.285140 0.880869
vt 0.285140 0.905645
vt 0.289288 0.881358
vt 0.285140 0.880869
vt 0.285147 0.905786
vt 0.781880 0.086795
vt 0.764978 0.077417
vt 0.764057 0.052658
vt 0.781880 0.086795
vt 0.765350 0.087410
vt 0.764978 0.077417
vt 0.781880 0.086795
vt 0.765722 0.097403
vt 0.765350 0.087410
vt 0.781880 0.086795
vt 0.766643 0.122162
vt 0.765722 0.097403
vt 0.764057 0.052658
vt 0.764978 0.077417
vt 0.745836 0.054224
vt 0.764978 0.077417
vt 0.748019 0.078904
vt 0.745836 0.054224
vt 0.764978 0.077417
vt 0.765350 0.087410
vt 0.748019 0.078904
vt 0.765350 0.087410
vt 0.748900 0.088865
vt 0.748019 0.078904
vt 0.765350 0.087410
vt 0.749781 0.098826
vt 0.748900 0.088865
vt 0.765722 0.097403
vt 0.749781 0.098826
vt 0.765350 0.087410
vt 0.765722 0.097403
vt 0.751964 0.123506
vt 0.749781 0.098826
vt 0.766643 0.122162
vt 0.751964 0.123506
vt 0.765722 0.097403
vt 0.745836 0.054224
vt 0.748019 0.078904
vt 0.726133 0.057781
vt 0.748019 0.078904
vt 0.730740 0.082124
vt 0.726133 0.057781
vt 0.748019 0.078904
vt 0.748900 0.088865
vt 0.730740 0.082124
vt 0.748900 0.088865
vt 0.732600 0.091950
vt 0.730740 0.082124
vt 0.748900 0.088865
vt 0.734460 0.101776
vt 0.732600 0.091950
vt 0.749781 0.098826
vt 0.734460 0.101776
vt 0.748900 0.088865
vt 0.749781 0.098826
vt 0.739067 0.126119
vt 0.734460 0.101776
vt 0.751964 0.123506
vt 0.739067 0.126119
vt 0.749781 0.098826
vt 0.726133 0.057781
vt 0.730740 0.082124
vt 0.717530 0.059890
vt 0.730740 0.082124
vt 0.723603 0.083910
vt 0.717530 0.059890
vt 0.730740 0.082124
vt 0.732600 0.091950
vt 0.723603 0.083910
vt 0.732600 0.091950
vt 0.726055 0.093605
vt 0.723603 0.083910
vt 0.732600 0.091950
vt 0.728506 0.103300
vt 0.726055 0.093605
vt 0.734460 0.101776
vt 0.728506 0.103300
vt 0.732600 0.091950
vt 0.734460 0.101776
vt 0.734580 0.127320
vt 0.728506 0.103300
vt 0.739067 0.126119
vt 0.734580 0.127320
vt 0.734460 0.101776
vt 0.717530 0.059890
vt 0.723603 0.083910
vt 0.710912 0.061579
vt 0.723603 0.083910
vt 0.717038 0.085585
vt 0.710912 0.061579
vt 0.723603 0.083910
vt 0.726055 0.093605
vt 0.717038 0.085585
vt 0.726055 0.093605
vt 0.719510 0.095275
vt 0.717038 0.085585
vt 0.726055 0.093605
vt 0.721982 0.104965
vt 0.719510 0.095275
vt 0.728506 0.103300
vt 0.721982 0.104965
vt 0.726055 0.093605
vt 0.728506 0.103300
vt 0.728108 0.128971
vt 0.721982 0.104965
vt 0.734580 0.127320
vt 0.728108 0.128971
vt 0.728506 0.103300
vt 0.710912 0.061579
vt 0.717038 0.085585
vt 0.703804 0.063522
vt 0.717038 0.085585
vt 0.710356 0.087416
vt 0.703804 0.063522
vt 0.717038 0.085585
vt 0.719510 0.095275
vt 0.710356 0.087416
vt 0.719510 0.095275
vt 0.713000 0.097060
vt 0.710356 0.087416
vt 0.719510 0.095275
vt 0.715644 0.106704
vt 0.713000 0.097060
vt 0.721982 0.104965
vt 0.715644 0.106704
vt 0.719510 0.095275
vt 0.721982 0.104965
vt 0.722196 0.130598
vt 0.715644 0.106704
vt 0.728108 0.128971
vt 0.722196 0.130598
vt 0.721982 0.104965
vt 0.703804 0.063522
vt 0.710356 0.087416
vt 0.696269 0.065837
vt 0.710356 0.087416
vt 0.703601 0.089503
vt 0.696269 0.065837
vt 0.710356 0.087416
vt 0.713000 0.097060
vt 0.703601 0.089503
vt 0.713000 0.097060
vt 0.706560 0.099055
vt 0.703601 0.089503
vt 0.713000 0.097060
vt 0.709519 0.108607
vt 0.706560 0.099055
vt 0.715644 0.106704
vt 0.709519 0.108607
vt 0.713000 0.097060
vt 0.715644 0.106704
vt 0.716851 0.132273
vt 0.709519 0.108607
vt 0.722196 0.130598
vt 0.716851 0.132273
vt 0.715644 0.106704
vt 0.696269 0.065837
vt 0.703601 0.089503
vt 0.644630 0.097557
vt 0.703601 0.089503
vt 0.658038 0.118391
vt 0.644630 0.097557
vt 0.703601 0.089503
vt 0.706560 0.099055
vt 0.658038 0.118391
vt 0.706560 0.099055
vt 0.663450 0.126800
vt 0.658038 0.118391
vt 0.706560 0.099055
vt 0.668862 0.135209
vt 0.663450 0.126800
vt 0.709519 0.108607
vt 0.668862 0.135209
vt 0.706560 0.099055
vt 0.709519 0.108607
vt 0.682270 0.156043
vt 0.668862 0.135209
vt 0.716851 0.132273
vt 0.682270 0.156043
vt 0.709519 0.108607
vt 0.644630 0.097557
vt 0.658038 0.118391
vt 0.607951 0.153128
vt 0.658038 0.118391
vt 0.629377 0.165569
vt 0.607951 0.153128
vt 0.658038 0.118391
vt 0.663450 0.126800
vt 0.629377 0.165569
vt 0.663450 0.126800
vt 0.638025 0.170590
vt 0.629377 0.165569
vt 0.663450 0.126800
vt 0.646673 0.175611
vt 0.638025 0.170590
vt 0.668862 0.135209
vt 0.646673 0.175611
vt 0.663450 0.126800
vt 0.668862 0.135209
vt 0.668099 0.188051
vt 0.646673 0.175611
vt 0.682270 0.156043
vt 0.668099 0.188051
vt 0.668862 0.135209
vt 0.607951 0.153128
vt 0.629377 0.165569
vt 0.599988 0.219571
vt 0.629377 0.165569
vt 0.624711 0.221180
vt 0.599988 0.219571
vt 0.629377 0.165569
vt 0.638025 0.170590
vt 0.624711 0.221180
vt 0.638025 0.170590
vt 0.634690 0.221830
vt 0.624711 0.221180
vt 0.638025 0.170590
vt 0.644669 0.222479
vt 0.634690 0.221830
vt 0.646673 0.175611
vt 0.644669 0.222479
vt 0.638025 0.170590
vt 0.646673 0.175611
vt 0.669392 0.224089
vt 0.644669 0.222479
vt 0.668099 0.188051
vt 0.669392 0.224089
vt 0.646673 0.175611
vt 0.599988 0.219571
vt 0.624711 0.221180
vt 0.626292 0.286513
vt 0.624711 0.221180
vt 0.648779 0.276113
vt 0.626292 0.286513
vt 0.624711 0.221180
vt 0.634690 0.221830
vt 0.648779 0.276113
vt 0.634690 0.221830
vt 0.657855 0.271915
vt 0.648779 0.276113
vt 0.634690 0.221830
vt 0.666931 0.267717
vt 0.657855 0.271915
vt 0.644669 0.222479
vt 0.666931 0.267717
vt 0.634690 0.221830
vt 0.644669 0.222479
vt 0.689418 0.257317
vt 0.666931 0.267717
vt 0.669392 0.224089
vt 0.689418 0.257317
vt 0.644669 0.222479
vt 0.626292 0.286513
vt 0.648779 0.276113
vt 0.631747 0.294936
vt 0.648779 0.276113
vt 0.651021 0.279368
vt 0.631747 0.294936
vt 0.648779 0.276113
vt 0.657855 0.271915
vt 0.651021 0.279368
vt 0.657855 0.271915
vt 0.658800 0.273085
vt 0.651021 0.279368
vt 0.657855 0.271915
vt 0.666579 0.266802
vt 0.658800 0.273085
vt 0.666931 0.267717
vt 0.666579 0.266802
vt 0.657855 0.271915
vt 0.666931 0.267717
vt 0.685853 0.251234
vt 0.666579 0.266802
vt 0.689418 0.257317
vt 0.685853 0.251234
vt 0.666931 0.267717
vt 0.631747 0.294936
vt 0.651021 0.279368
vt 0.632798 0.296226
vt 0.651021 0.279368
vt 0.652000 0.280569
vt 0.632798 0.296226
vt 0.651021 0.279368
vt 0.658800 0.273085
vt 0.652000 0.280569
vt 0.658800 0.273085
vt 0.659750 0.274250
vt 0.652000 0.280569
vt 0.658800 0.273085
vt 0.667500 0.267931
vt 0.659750 0.274250
vt 0.666579 0.266802
vt 0.667500 0.267931
vt 0.658800 0.273085
vt 0.666579 0.266802
vt 0.686702 0.252274
vt 0.667500 0.267931
vt 0.685853 0.251234
vt 0.686702 0.252274
vt 0.666579 0.266802
vt 0.632798 0.296226
vt 0.652000 0.280569
vt 0.634138 0.297822
vt 0.652000 0.280569
vt 0.653076 0.281848
vt 0.634138 0.297822
vt 0.652000 0.280569
vt 0.659750 0.274250
vt 0.653076 0.281848
vt 0.659750 0.274250
vt 0.660720 0.275400
vt 0.653076 0.281848
vt 0.659750 0.274250
vt 0.668364 0.268952
vt 0.660720 0.275400
vt 0.667500 0.267931
vt 0.668364 0.268952
vt 0.659750 0.274250
vt 0.667500 0.267931
vt 0.687302 0.252978
vt 0.668364 0.268952
vt 0.686702 0.252274
vt 0.687302 0.252978
vt 0.667500 0.267931
vt 0.634138 0.297822
vt 0.653076 0.281848
vt 0.635894 0.299798
vt 0.653076 0.281848
vt 0.654297 0.283210
vt 0.635894 0.299798
vt 0.653076 0.281848
vt 0.660720 0.275400
vt 0.654297 0.283210
vt 0.660720 0.275400
vt 0.661725 0.276515
vt 0.654297 0.283210
vt 0.660720 0.275400
vt 0.669153 0.269820
vt 0.661725 0.276515
vt 0.668364 0.268952
vt 0.669153 0.269820
vt 0.660720 0.275400
vt 0.668364 0.268952
vt 0.687556 0.253231
vt 0.669153 0.269820
vt 0.687302 0.252978
vt 0.687556 0.253231
vt 0.668364 0.268952
vt 0.635894 0.299798
vt 0.654297 0.283210
vt 0.649549 0.314030
vt 0.654297 0.283210
vt 0.667410 0.296860
vt 0.649549 0.314030
vt 0.654297 0.283210
vt 0.661725 0.276515
vt 0.667410 0.296860
vt 0.661725 0.276515
vt 0.674620 0.289930
vt 0.667410 0.296860
vt 0.661725 0.276515
vt 0.681829 0.283000
vt 0.674620 0.289930
vt 0.669153 0.269820
vt 0.681829 0.283000
vt 0.661725 0.276515
vt 0.669153 0.269820
vt 0.699691 0.265831
vt 0.681829 0.283000
vt 0.687556 0.253231
vt 0.699691 0.265831
vt 0.669153 0.269820
vt 0.649549 0.314030
vt 0.667410 0.296860
vt 0.666081 0.325036
vt 0.667410 0.296860
vt 0.678245 0.303452
vt 0.666081 0.325036
vt 0.667410 0.296860
vt 0.674620 0.289930
vt 0.678245 0.303452
vt 0.674620 0.289930
vt 0.683155 0.294740
vt 0.678245 0.303452
vt 0.674620 0.289930
vt 0.688065 0.286028
vt 0.683155 0.294740
vt 0.681829 0.283000
vt 0.688065 0.286028
vt 0.674620 0.289930
vt 0.681829 0.283000
vt 0.700229 0.264444
vt 0.688065 0.286028
vt 0.699691 0.265831
vt 0.700229 0.264444
vt 0.681829 0.283000
vt 0.666081 0.325036
vt 0.678245 0.303452
vt 0.707887 0.320939
vt 0.678245 0.303452
vt 0.696180 0.299103
vt 0.707887 0.320939
vt 0.678245 0.303452
vt 0.683155 0.294740
vt 0.696180 0.299103
vt 0.683155 0.294740
vt 0.691455 0.290290
vt 0.696180 0.299103
vt 0.683155 0.294740
vt 0.686730 0.281477
vt 0.691455 0.290290
vt 0.688065 0.286028
vt 0.686730 0.281477
vt 0.683155 0.294740
vt 0.688065 0.286028
vt 0.675023 0.259641
vt 0.686730 0.281477
vt 0.700229 0.264444
vt 0.675023 0.259641
vt 0.688065 0.286028
vt 0.707887 0.320939
vt 0.696180 0.299103
vt 0.730164 0.298416
vt 0.696180 0.299103
vt 0.711271 0.282389
vt 0.730164 0.298416
vt 0.696180 0.299103
vt 0.691455 0.290290
vt 0.711271 0.282389
vt 0.691455 0.290290
vt 0.703645 0.275920
vt 0.711271 0.282389
vt 0.691455 0.290290
vt 0.696019 0.269451
vt 0.703645 0.275920
vt 0.686730 0.281477
vt 0.696019 0.269451
vt 0.691455 0.290290
vt 0.686730 0.281477
vt 0.677126 0.253424
vt 0.696019 0.269451
vt 0.675023 0.259641
vt 0.677126 0.253424
vt 0.686730 0.281477
vt 0.730164 0.298416
vt 0.711271 0.282389
vt 0.764983 0.254436
vt 0.711271 0.282389
vt 0.745553 0.239064
vt 0.764983 0.254436
vt 0.711271 0.282389
vt 0.703645 0.275920
vt 0.745553 0.239064
vt 0.703645 0.275920
vt 0.737710 0.232860
vt 0.745553 0.239064
vt 0.703645 0.275920
vt 0.729867 0.226656
vt 0.737710 0.232860
vt 0.696019 0.269451
vt 0.729867 0.226656
vt 0.703645 0.275920
vt 0.696019 0.269451
vt 0.710437 0.211284
vt 0.729867 0.226656
vt 0.677126 0.253424
vt 0.710437 0.211284
vt 0.696019 0.269451
vt 0.764983 0.254436
vt 0.745553 0.239064
vt 0.799001 0.211241
vt 0.745553 0.239064
vt 0.779536 0.195912
vt 0.799001 0.211241
vt 0.745553 0.239064
vt 0.737710 0.232860
vt 0.779536 0.195912
vt 0.737710 0.232860
vt 0.771680 0.189725
vt 0.779536 0.195912
vt 0.737710 0.232860
vt 0.763824 0.183538
vt 0.771680 0.189725
vt 0.729867 0.226656
vt 0.763824 0.183538
vt 0.737710 0.232860
vt 0.729867 0.226656
vt 0.744359 0.168209
vt 0.763824 0.183538
vt 0.710437 0.211284
vt 0.744359 0.168209
vt 0.729867 0.226656
vt 0.799001 0.211241
vt 0.779536 0.195912
vt 0.832942 0.168032
vt 0.779536 0.195912
vt 0.813459 0.152727
vt 0.832942 0.168032
vt 0.779536 0.195912
vt 0.771680 0.189725
vt 0.813459 0.152727
vt 0.771680 0.189725
vt 0.805595 0.146550
vt 0.813459 0.152727
vt 0.771680 0.189725
vt 0.797731 0.140373
vt 0.805595 0.146550
vt 0.763824 0.183538
vt 0.797731 0.140373
vt 0.771680 0.189725
vt 0.763824 0.183538
vt 0.778248 0.125068
vt 0.797731 0.140373
vt 0.744359 0.168209
vt 0.778248 0.125068
vt 0.763824 0.183538
vt 0.832942 0.168032
vt 0.813459 0.152727
vt 0.866851 0.124832
vt 0.813459 0.152727
vt 0.847361 0.109534
vt 0.866851 0.124832
vt 0.813459 0.152727
vt 0.805595 0.146550
vt 0.847361 0.109534
vt 0.805595 0.146550
vt 0.839495 0.103360
vt 0.847361 0.109534
vt 0.805595 0.146550
vt 0.831629 0.097186
vt 0.839495 0.103360
vt 0.797731 0.140373
vt 0.831629 0.097186
vt 0.805595 0.146550
vt 0.797731 0.140373
vt 0.812139 0.081888
vt 0.831629 0.097186
vt 0.778248 0.125068
vt 0.812139 0.081888
vt 0.797731 0.140373
vt 0.866851 0.124832
vt 0.847361 0.109534
vt 0.869840 0.120748
vt 0.847361 0.109534
vt 0.849774 0.106216
vt 0.869840 0.120748
vt 0.847361 0.109534
vt 0.839495 0.103360
vt 0.849774 0.106216
vt 0.839495 0.103360
vt 0.841675 0.100350
vt 0.849774 0.106216
vt 0.839495 0.103360
vt 0.833576 0.094484
vt 0.841675 0.100350
vt 0.831629 0.097186
vt 0.833576 0.094484
vt 0.839495 0.103360
vt 0.831629 0.097186
vt 0.813510 0.079952
vt 0.833576 0.094484
vt 0.812139 0.081888
vt 0.813510 0.079952
vt 0.831629 0.097186
vt 0.869840 0.120748
vt 0.849774 0.106216
vt 0.872958 0.115992
vt 0.849774 0.106216
vt 0.852106 0.102611
vt 0.872958 0.115992
vt 0.849774 0.106216
vt 0.841675 0.100350
vt 0.852106 0.102611
vt 0.841675 0.100350
vt 0.843690 0.097210
vt 0.852106 0.102611
vt 0.841675 0.100350
vt 0.835274 0.091809
vt 0.843690 0.097210
vt 0.833576 0.094484
vt 0.835274 0.091809
vt 0.841675 0.100350
vt 0.833576 0.094484
vt 0.814422 0.078428
vt 0.835274 0.091809
vt 0.813510 0.079952
vt 0.814422 0.078428
vt 0.833576 0.094484
vt 0.872958 0.115992
vt 0.852106 0.102611
vt 0.875396 0.111979
vt 0.852106 0.102611
vt 0.854186 0.099173
vt 0.875396 0.111979
vt 0.852106 0.102611
vt 0.843690 0.097210
vt 0.854186 0.099173
vt 0.843690 0.097210
vt 0.845625 0.094005
vt 0.854186 0.099173
vt 0.843690 0.097210
vt 0.837064 0.088837
vt 0.845625 0.094005
vt 0.835274 0.091809
vt 0.837064 0.088837
vt 0.843690 0.097210
vt 0.835274 0.091809
vt 0.815854 0.076031
vt 0.837064 0.088837
vt 0.814422 0.078428
vt 0.815854 0.076031
vt 0.835274 0.091809
vt 0.875396 0.111979
vt 0.854186 0.099173
vt 0.877318 0.108799
vt 0.854186 0.099173
vt 0.856117 0.095979
vt 0.877318 0.108799
vt 0.854186 0.099173
vt 0.845625 0.094005
vt 0.856117 0.095979
vt 0.845625 0.094005
vt 0.847560 0.090805
vt 0.856117 0.095979
vt 0.845625 0.094005
vt 0.839003 0.085631
vt 0.847560 0.090805
vt 0.837064 0.088837
vt 0.839003 0.085631
vt 0.845625 0.094005
vt 0.837064 0.088837
vt 0.817802 0.072811
vt 0.839003 0.085631
vt 0.815854 0.076031
vt 0.817802 0.072811
vt 0.837064 0.088837
vt 0.877318 0.108799
vt 0.856117 0.095979
vt 0.882222 0.094193
vt 0.856117 0.095979
vt 0.857730 0.090450
vt 0.882222 0.094193
vt 0.856117 0.095979
vt 0.847560 0.090805
vt 0.857730 0.090450
vt 0.847560 0.090805
vt 0.847845 0.088940
vt 0.857730 0.090450
vt 0.847560 0.090805
vt 0.837960 0.087430
vt 0.847845 0.088940
vt 0.839003 0.085631
vt 0.837960 0.087430
vt 0.847560 0.090805
vt 0.839003 0.085631
vt 0.813468 0.083687
vt 0.837960 0.087430
vt 0.817802 0.072811
vt 0.813468 0.083687
vt 0.839003 0.085631
vt 0.882222 0.094193
vt 0.857730 0.090450
vt 0.879011 0.073350
vt 0.857730 0.090450
vt 0.856187 0.082989
vt 0.879011 0.073350
vt 0.857730 0.090450
vt 0.847845 0.088940
vt 0.856187 0.082989
vt 0.847845 0.088940
vt 0.846975 0.086880
vt 0.856187 0.082989
vt 0.847845 0.088940
vt 0.837763 0.090771
vt 0.846975 0.086880
vt 0.837960 0.087430
vt 0.837763 0.090771
vt 0.847845 0.088940
vt 0.837960 0.087430
vt 0.814939 0.100410
vt 0.837763 0.090771
vt 0.813468 0.083687
vt 0.814939 0.100410
vt 0.837960 0.087430
vt 0.879011 0.073350
vt 0.856187 0.082989
vt 0.870296 0.060972
vt 0.856187 0.082989
vt 0.852495 0.078205
vt 0.870296 0.060972
vt 0.856187 0.082989
vt 0.846975 0.086880
vt 0.852495 0.078205
vt 0.846975 0.086880
vt 0.845310 0.085160
vt 0.852495 0.078205
vt 0.846975 0.086880
vt 0.838125 0.092115
vt 0.845310 0.085160
vt 0.837763 0.090771
vt 0.838125 0.092115
vt 0.846975 0.086880
vt 0.837763 0.090771
vt 0.820324 0.109348
vt 0.838125 0.092115
vt 0.814939 0.100410
vt 0.820324 0.109348
vt 0.837763 0.090771
vt 0.870296 0.060972
vt 0.852495 0.078205
vt 0.856191 0.052053
vt 0.852495 0.078205
vt 0.846943 0.075038
vt 0.856191 0.052053
vt 0.852495 0.078205
vt 0.845310 0.085160
vt 0.846943 0.075038
vt 0.845310 0.085160
vt 0.843210 0.084315
vt 0.846943 0.075038
vt 0.845310 0.085160
vt 0.839477 0.093592
vt 0.843210 0.084315
vt 0.838125 0.092115
vt 0.839477 0.093592
vt 0.845310 0.085160
vt 0.838125 0.092115
vt 0.830228 0.116577
vt 0.839477 0.093592
vt 0.820324 0.109348
vt 0.830228 0.116577
vt 0.838125 0.092115
vt 0.856191 0.052053
vt 0.846943 0.075038
vt 0.844379 0.049431
vt 0.846943 0.075038
vt 0.841434 0.074031
vt 0.844379 0.049431
vt 0.846943 0.075038
vt 0.843210 0.084315
vt 0.841434 0.074031
vt 0.843210 0.084315
vt 0.840245 0.083960
vt 0.841434 0.074031
vt 0.843210 0.084315
vt 0.839056 0.093889
vt 0.840245 0.083960
vt 0.839477 0.093592
vt 0.839056 0.093889
vt 0.843210 0.084315
vt 0.839477 0.093592
vt 0.836111 0.118489
vt 0.839056 0.093889
vt 0.830228 0.116577
vt 0.836111 0.118489
vt 0.839477 0.093592
vt 0.844379 0.049431
vt 0.841434 0.074031
vt 0.841517 0.049079
vt 0.841434 0.074031
vt 0.838495 0.073670
vt 0.841517 0.049079
vt 0.841434 0.074031
vt 0.840245 0.083960
vt 0.838495 0.073670
vt 0.840245 0.083960
vt 0.837275 0.083595
vt 0.838495 0.073670
vt 0.840245 0.083960
vt 0.836055 0.093520
vt 0.837275 0.083595
vt 0.839056 0.093889
vt 0.836055 0.093520
vt 0.840245 0.083960
vt 0.839056 0.093889
vt 0.833033 0.118111
vt 0.836055 0.093520
vt 0.836111 0.118489
vt 0.833033 0.118111
vt 0.839056 0.093889
vt 0.841517 0.049079
vt 0.838495 0.073670
vt 0.837115 0.048693
vt 0.838495 0.073670
vt 0.835117 0.073388
vt 0.837115 0.048693
vt 0.838495 0.073670
vt 0.837275 0.083595
vt 0.835117 0.073388
vt 0.837275 0.083595
vt 0.834310 0.083355
vt 0.835117 0.073388
vt 0.837275 0.083595
vt 0.833503 0.093323
vt 0.834310 0.083355
vt 0.836055 0.093520
vt 0.833503 0.093323
vt 0.837275 0.083595
vt 0.836055 0.093520
vt 0.831504 0.118018
vt 0.833503 0.093323
vt 0.833033 0.118111
vt 0.831504 0.118018
vt 0.836055 0.093520
vt 0.837115 0.048693
vt 0.835117 0.073388
vt 0.831124 0.048600
vt 0.835117 0.073388
vt 0.831292 0.073375
vt 0.831124 0.048600
vt 0.835117 0.073388
vt 0.834310 0.083355
vt 0.831292 0.073375
vt 0.834310 0.083355
vt 0.831360 0.083375
vt 0.831292 0.073375
vt 0.834310 0.083355
vt 0.831428 0.093375
vt 0.831360 0.083375
vt 0.833503 0.093323
vt 0.831428 0.093375
vt 0.834310 0.083355
vt 0.833503 0.093323
vt 0.831596 0.118150
vt 0.831428 0.093375
vt 0.831504 0.118018
vt 0.831596 0.118150
vt 0.833503 0.093323
vt 0.831124 0.048600
vt 0.831292 0.073375
vt 0.820545 0.049304
vt 0.831292 0.073375
vt 0.822372 0.074012
vt 0.820545 0.049304
vt 0.831292 0.073375
vt 0.831360 0.083375
vt 0.822372 0.074012
vt 0.831360 0.083375
vt 0.823110 0.083985
vt 0.822372 0.074012
vt 0.831360 0.083375
vt 0.823847 0.093958
vt 0.823110 0.083985
vt 0.831428 0.093375
vt 0.823847 0.093958
vt 0.831360 0.083375
vt 0.831428 0.093375
vt 0.825674 0.118666
vt 0.823847 0.093958
vt 0.831596 0.118150
vt 0.825674 0.118666
vt 0.831428 0.093375
vt 0.820545 0.049304
vt 0.822372 0.074012
vt 0.811843 0.050061
vt 0.822372 0.074012
vt 0.813999 0.074743
vt 0.811843 0.050061
vt 0.822372 0.074012
vt 0.823110 0.083985
vt 0.813999 0.074743
vt 0.823110 0.083985
vt 0.814870 0.084705
vt 0.813999 0.074743
vt 0.823110 0.083985
vt 0.815740 0.094667
vt 0.814870 0.084705
vt 0.823847 0.093958
vt 0.815740 0.094667
vt 0.823110 0.083985
vt 0.823847 0.093958
vt 0.817897 0.119349
vt 0.815740 0.094667
vt 0.825674 0.118666
vt 0.817897 0.119349
vt 0.823847 0.093958
vt 0.651410 0.311390
vt 0.653908 0.296445
vt 0.674964 0.283387
vt 0.651410 0.311390
vt 0.645410 0.301715
vt 0.653908 0.296445
vt 0.651410 0.311390
vt 0.636912 0.306985
vt 0.645410 0.301715
vt 0.651410 0.311390
vt 0.615856 0.320043
vt 0.636912 0.306985
vt 0.674964 0.283387
vt 0.653908 0.296445
vt 0.664273 0.270428
vt 0.653908 0.296445
vt 0.645594 0.286705
vt 0.664273 0.270428
vt 0.653908 0.296445
vt 0.645410 0.301715
vt 0.645594 0.286705
vt 0.645410 0.301715
vt 0.638055 0.293275
vt 0.645594 0.286705
vt 0.645410 0.301715
vt 0.630516 0.299845
vt 0.638055 0.293275
vt 0.636912 0.306985
vt 0.630516 0.299845
vt 0.645410 0.301715
vt 0.636912 0.306985
vt 0.611837 0.316122
vt 0.630516 0.299845
vt 0.615856 0.320043
vt 0.611837 0.316122
vt 0.636912 0.306985
vt 0.664273 0.270428
vt 0.645594 0.286705
vt 0.652242 0.259571
vt 0.645594 0.286705
vt 0.636040 0.278315
vt 0.652242 0.259571
vt 0.645594 0.286705
vt 0.638055 0.293275
vt 0.636040 0.278315
vt 0.638055 0.293275
vt 0.629500 0.285880
vt 0.636040 0.278315
vt 0.638055 0.293275
vt 0.622961 0.293445
vt 0.629500 0.285880
vt 0.630516 0.299845
vt 0.622961 0.293445
vt 0.638055 0.293275
vt 0.630516 0.299845
vt 0.606758 0.312189
vt 0.622961 0.293445
vt 0.611837 0.316122
vt 0.606758 0.312189
vt 0.630516 0.299845
vt 0.652242 0.259571
vt 0.636040 0.278315
vt 0.629934 0.246008
vt 0.636040 0.278315
vt 0.617577 0.267482
vt 0.629934 0.246008
vt 0.636040 0.278315
vt 0.629500 0.285880
vt 0.617577 0.267482
vt 0.629500 0.285880
vt 0.612590 0.276150
vt 0.617577 0.267482
vt 0.629500 0.285880
vt 0.607603 0.284818
vt 0.612590 0.276150
vt 0.622961 0.293445
vt 0.607603 0.284818
vt 0.629500 0.285880
vt 0.622961 0.293445
vt 0.595246 0.306292
vt 0.607603 0.284818
vt 0.606758 0.312189
vt 0.595246 0.306292
vt 0.622961 0.293445
vt 0.629934 0.246008
vt 0.617577 0.267482
vt 0.603330 0.238005
vt 0.617577 0.267482
vt 0.597342 0.262046
vt 0.603330 0.238005
vt 0.617577 0.267482
vt 0.612590 0.276150
vt 0.597342 0.262046
vt 0.612590 0.276150
vt 0.594925 0.271750
vt 0.597342 0.262046
vt 0.612590 0.276150
vt 0.592508 0.281454
vt 0.594925 0.271750
vt 0.607603 0.284818
vt 0.592508 0.281454
vt 0.612590 0.276150
vt 0.607603 0.284818
vt 0.586520 0.305495
vt 0.592508 0.281454
vt 0.595246 0.306292
vt 0.586520 0.305495
vt 0.607603 0.284818
vt 0.603330 0.238005
vt 0.597342 0.262046
vt 0.575803 0.237472
vt 0.597342 0.262046
vt 0.576464 0.262239
vt 0.575803 0.237472
vt 0.597342 0.262046
vt 0.594925 0.271750
vt 0.576464 0.262239
vt 0.594925 0.271750
vt 0.576730 0.272235
vt 0.576464 0.262239
vt 0.594925 0.271750
vt 0.576997 0.282231
vt 0.576730 0.272235
vt 0.592508 0.281454
vt 0.576997 0.282231
vt 0.594925 0.271750
vt 0.592508 0.281454
vt 0.577657 0.306998
vt 0.576997 0.282231
vt 0.586520 0.305495
vt 0.577657 0.306998
vt 0.592508 0.281454
vt 0.575803 0.237472
vt 0.576464 0.262239
vt 0.549292 0.243547
vt 0.576464 0.262239
vt 0.555660 0.267491
vt 0.549292 0.243547
vt 0.576464 0.262239
vt 0.576730 0.272235
vt 0.555660 0.267491
vt 0.576730 0.272235
vt 0.558230 0.277155
vt 0.555660 0.267491
vt 0.576730 0.272235
vt 0.560800 0.286819
vt 0.558230 0.277155
vt 0.576997 0.282231
vt 0.560800 0.286819
vt 0.576730 0.272235
vt 0.576997 0.282231
vt 0.567168 0.310763
vt 0.560800 0.286819
vt 0.577657 0.306998
vt 0.567168 0.310763
vt 0.576997 0.282231
vt 0.549292 0.243547
vt 0.555660 0.267491
vt 0.519063 0.257479
vt 0.555660 0.267491
vt 0.529858 0.279779
vt 0.519063 0.257479
vt 0.555660 0.267491
vt 0.558230 0.277155
vt 0.529858 0.279779
vt 0.558230 0.277155
vt 0.534215 0.288780
vt 0.529858 0.279779
vt 0.558230 0.277155
vt 0.538572 0.297781
vt 0.534215 0.288780
vt 0.560800 0.286819
vt 0.538572 0.297781
vt 0.558230 0.277155
vt 0.560800 0.286819
vt 0.549367 0.320081
vt 0.538572 0.297781
vt 0.567168 0.310763
vt 0.549367 0.320081
vt 0.560800 0.286819
vt 0.519063 0.257479
vt 0.529858 0.279779
vt 0.492691 0.276428
vt 0.529858 0.279779
vt 0.507541 0.296260
vt 0.492691 0.276428
vt 0.529858 0.279779
vt 0.534215 0.288780
vt 0.507541 0.296260
vt 0.534215 0.288780
vt 0.513535 0.304265
vt 0.507541 0.296260
vt 0.534215 0.288780
vt 0.519529 0.312270
vt 0.513535 0.304265
vt 0.538572 0.297781
vt 0.519529 0.312270
vt 0.534215 0.288780
vt 0.538572 0.297781
vt 0.534379 0.332102
vt 0.519529 0.312270
vt 0.549367 0.320081
vt 0.534379 0.332102
vt 0.538572 0.297781
vt 0.492691 0.276428
vt 0.507541 0.296260
vt 0.470369 0.300222
vt 0.507541 0.296260
vt 0.488776 0.316806
vt 0.470369 0.300222
vt 0.507541 0.296260
vt 0.513535 0.304265
vt 0.488776 0.316806
vt 0.513535 0.304265
vt 0.496205 0.323500
vt 0.488776 0.316806
vt 0.513535 0.304265
vt 0.503634 0.330194
vt 0.496205 0.323500
vt 0.519529 0.312270
vt 0.503634 0.330194
vt 0.513535 0.304265
vt 0.519529 0.312270
vt 0.522041 0.346778
vt 0.503634 0.330194
vt 0.534379 0.332102
vt 0.522041 0.346778
vt 0.519529 0.312270
vt 0.470369 0.300222
vt 0.488776 0.316806
vt 0.452566 0.328248
vt 0.488776 0.316806
vt 0.473714 0.341155
vt 0.452566 0.328248
vt 0.488776 0.316806
vt 0.496205 0.323500
vt 0.473714 0.341155
vt 0.496205 0.323500
vt 0.482250 0.346365
vt 0.473714 0.341155
vt 0.496205 0.323500
vt 0.490786 0.351575
vt 0.482250 0.346365
vt 0.503634 0.330194
vt 0.490786 0.351575
vt 0.496205 0.323500
vt 0.503634 0.330194
vt 0.511934 0.364482
vt 0.490786 0.351575
vt 0.522041 0.346778
vt 0.511934 0.364482
vt 0.503634 0.330194
vt 0.452566 0.328248
vt 0.473714 0.341155
vt 0.443420 0.348142
vt 0.473714 0.341155
vt 0.466069 0.358186
vt 0.443420 0.348142
vt 0.473714 0.341155
vt 0.482250 0.346365
vt 0.466069 0.358186
vt 0.482250 0.346365
vt 0.475210 0.362240
vt 0.466069 0.358186
vt 0.482250 0.346365
vt 0.484351 0.366294
vt 0.475210 0.362240
vt 0.490786 0.351575
vt 0.484351 0.366294
vt 0.482250 0.346365
vt 0.490786 0.351575
vt 0.507000 0.376338
vt 0.484351 0.366294
vt 0.511934 0.364482
vt 0.507000 0.376338
vt 0.490786 0.351575
vt 0.443420 0.348142
vt 0.466069 0.358186
vt 0.436779 0.367588
vt 0.466069 0.358186
vt 0.460287 0.375412
vt 0.436779 0.367588
vt 0.466069 0.358186
vt 0.475210 0.362240
vt 0.460287 0.375412
vt 0.475210 0.362240
vt 0.469775 0.378570
vt 0.460287 0.375412
vt 0.475210 0.362240
vt 0.479263 0.381728
vt 0.469775 0.378570
vt 0.484351 0.366294
vt 0.479263 0.381728
vt 0.475210 0.362240
vt 0.484351 0.366294
vt 0.502771 0.389552
vt 0.479263 0.381728
vt 0.507000 0.376338
vt 0.502771 0.389552
vt 0.484351 0.366294
vt 0.436779 0.367588
vt 0.460287 0.375412
vt 0.432142 0.387994
vt 0.460287 0.375412
vt 0.456353 0.393253
vt 0.432142 0.387994
vt 0.460287 0.375412
vt 0.469775 0.378570
vt 0.456353 0.393253
vt 0.469775 0.378570
vt 0.466125 0.395375
vt 0.456353 0.393253
vt 0.469775 0.378570
vt 0.475897 0.397497
vt 0.466125 0.395375
vt 0.479263 0.381728
vt 0.475897 0.397497
vt 0.469775 0.378570
vt 0.479263 0.381728
vt 0.500109 0.402756
vt 0.475897 0.397497
vt 0.502771 0.389552
vt 0.500109 0.402756
vt 0.479263 0.381728
vt 0.432142 0.387994
vt 0.456353 0.393253
vt 0.429824 0.409276
vt 0.456353 0.393253
vt 0.454483 0.411687
vt 0.429824 0.409276
vt 0.456353 0.393253
vt 0.466125 0.395375
vt 0.454483 0.411687
vt 0.466125 0.395375
vt 0.464435 0.412660
vt 0.454483 0.411687
vt 0.466125 0.395375
vt 0.474388 0.413633
vt 0.464435 0.412660
vt 0.475897 0.397497
vt 0.474388 0.413633
vt 0.466125 0.395375
vt 0.475897 0.397497
vt 0.499046 0.416044
vt 0.474388 0.413633
vt 0.500109 0.402756
vt 0.499046 0.416044
vt 0.475897 0.397497
vt 0.429824 0.409276
vt 0.454483 0.411687
vt 0.429451 0.423261
vt 0.454483 0.411687
vt 0.454222 0.423734
vt 0.429451 0.423261
vt 0.454483 0.411687
vt 0.464435 0.412660
vt 0.454222 0.423734
vt 0.464435 0.412660
vt 0.464220 0.423925
vt 0.454222 0.423734
vt 0.464435 0.412660
vt 0.474218 0.424116
vt 0.464220 0.423925
vt 0.474388 0.413633
vt 0.474218 0.424116
vt 0.464435 0.412660
vt 0.474388 0.413633
vt 0.498990 0.424589
vt 0.474218 0.424116
vt 0.499046 0.416044
vt 0.498990 0.424589
vt 0.474388 0.413633
vt 0.429451 0.423261
vt 0.454222 0.423734
vt 0.429515 0.435416
vt 0.454222 0.423734
vt 0.454290 0.435262
vt 0.429515 0.435416
vt 0.454222 0.423734
vt 0.464220 0.423925
vt 0.454290 0.435262
vt 0.464220 0.423925
vt 0.464290 0.435200
vt 0.454290 0.435262
vt 0.464220 0.423925
vt 0.474290 0.435138
vt 0.464290 0.435200
vt 0.474218 0.424116
vt 0.474290 0.435138
vt 0.464220 0.423925
vt 0.474218 0.424116
vt 0.499065 0.434984
vt 0.474290 0.435138
vt 0.498990 0.424589
vt 0.499065 0.434984
vt 0.474218 0.424116
vt 0.429515 0.435416
vt 0.454290 0.435262
vt 0.429699 0.447035
vt 0.454290 0.435262
vt 0.454471 0.446640
vt 0.429699 0.447035
vt 0.454290 0.435262
vt 0.464290 0.435200
vt 0.454471 0.446640
vt 0.464290 0.435200
vt 0.464470 0.446480
vt 0.454471 0.446640
vt 0.464290 0.435200
vt 0.474469 0.446320
vt 0.464470 0.446480
vt 0.474290 0.435138
vt 0.474469 0.446320
vt 0.464290 0.435200
vt 0.474290 0.435138
vt 0.499241 0.445925
vt 0.474469 0.446320
vt 0.499065 0.434984
vt 0.499241 0.445925
vt 0.474290 0.435138
vt 0.429699 0.447035
vt 0.454471 0.446640
vt 0.429811 0.458115
vt 0.454471 0.446640
vt 0.454586 0.457862
vt 0.429811 0.458115
vt 0.454471 0.446640
vt 0.464470 0.446480
vt 0.454586 0.457862
vt 0.464470 0.446480
vt 0.464585 0.457760
vt 0.454586 0.457862
vt 0.464470 0.446480
vt 0.474585 0.457658
vt 0.464585 0.457760
vt 0.474469 0.446320
vt 0.474585 0.457658
vt 0.464470 0.446480
vt 0.474469 0.446320
vt 0.499359 0.457405
vt 0.474585 0.457658
vt 0.499241 0.445925
vt 0.499359 0.457405
vt 0.474469 0.446320
vt 0.429811 0.458115
vt 0.454586 0.457862
vt 0.429789 0.462852
vt 0.454586 0.457862
vt 0.454565 0.462947
vt 0.429789 0.462852
vt 0.454586 0.457862
vt 0.464585 0.457760
vt 0.454565 0.462947
vt 0.464585 0.457760
vt 0.464565 0.462985
vt 0.454565 0.462947
vt 0.464585 0.457760
vt 0.474565 0.463023
vt 0.464565 0.462985
vt 0.474585 0.457658
vt 0.474565 0.463023
vt 0.464585 0.457760
vt 0.474585 0.457658
vt 0.499341 0.463118
vt 0.474565 0.463023
vt 0.499359 0.457405
vt 0.499341 0.463118
vt 0.474585 0.457658
vt 0.429789 0.462852
vt 0.454565 0.462947
vt 0.429722 0.467744
vt 0.454565 0.462947
vt 0.454496 0.468076
vt 0.429722 0.467744
vt 0.454565 0.462947
vt 0.464565 0.462985
vt 0.454496 0.468076
vt 0.464565 0.462985
vt 0.464495 0.468210
vt 0.454496 0.468076
vt 0.464565 0.462985
vt 0.474494 0.468344
vt 0.464495 0.468210
vt 0.474565 0.463023
vt 0.474494 0.468344
vt 0.464565 0.462985
vt 0.474565 0.463023
vt 0.499268 0.468676
vt 0.474494 0.468344
vt 0.499341 0.463118
vt 0.499268 0.468676
vt 0.474565 0.463023
vt 0.429722 0.467744
vt 0.454496 0.468076
vt 0.429621 0.472737
vt 0.454496 0.468076
vt 0.454392 0.473234
vt 0.429621 0.472737
vt 0.454496 0.468076
vt 0.464495 0.468210
vt 0.454392 0.473234
vt 0.464495 0.468210
vt 0.464390 0.473435
vt 0.454392 0.473234
vt 0.464495 0.468210
vt 0.474388 0.473636
vt 0.464390 0.473435
vt 0.474494 0.468344
vt 0.474388 0.473636
vt 0.464495 0.468210
vt 0.474494 0.468344
vt 0.499159 0.474134
vt 0.474388 0.473636
vt 0.499268 0.468676
vt 0.499159 0.474134
vt 0.474494 0.468344
vt 0.429621 0.472737
vt 0.454392 0.473234
vt 0.429503 0.477862
vt 0.454392 0.473234
vt 0.454273 0.478430
vt 0.429503 0.477862
vt 0.454392 0.473234
vt 0.464390 0.473435
vt 0.454273 0.478430
vt 0.464390 0.473435
vt 0.464270 0.478660
vt 0.454273 0.478430
vt 0.464390 0.473435
vt 0.474267 0.478890
vt 0.464270 0.478660
vt 0.474388 0.473636
vt 0.474267 0.478890
vt 0.464390 0.473435
vt 0.474388 0.473636
vt 0.499037 0.479459
vt 0.474267 0.478890
vt 0.499159 0.474134
vt 0.499037 0.479459
vt 0.474388 0.473636
vt 0.429503 0.477862
vt 0.454273 0.478430
vt 0.431827 0.466004
vt 0.454273 0.478430
vt 0.454403 0.476211
vt 0.431827 0.466004
vt 0.454273 0.478430
vt 0.464270 0.478660
vt 0.454403 0.476211
vt 0.464270 0.478660
vt 0.463515 0.480330
vt 0.454403 0.476211
vt 0.464270 0.478660
vt 0.472627 0.484450
vt 0.463515 0.480330
vt 0.474267 0.478890
vt 0.472627 0.484450
vt 0.464270 0.478660
vt 0.474267 0.478890
vt 0.495203 0.494656
vt 0.472627 0.484450
vt 0.499037 0.479459
vt 0.495203 0.494656
vt 0.474267 0.478890
vt 0.431827 0.466004
vt 0.454403 0.476211
vt 0.439623 0.454955
vt 0.454403 0.476211
vt 0.455373 0.474081
vt 0.439623 0.454955
vt 0.454403 0.476211
vt 0.463515 0.480330
vt 0.455373 0.474081
vt 0.463515 0.480330
vt 0.461730 0.481800
vt 0.455373 0.474081
vt 0.463515 0.480330
vt 0.468087 0.489519
vt 0.461730 0.481800
vt 0.472627 0.484450
vt 0.468087 0.489519
vt 0.463515 0.480330
vt 0.472627 0.484450
vt 0.483837 0.508645
vt 0.468087 0.489519
vt 0.495203 0.494656
vt 0.483837 0.508645
vt 0.472627 0.484450
vt 0.439623 0.454955
vt 0.455373 0.474081
vt 0.446175 0.450603
vt 0.455373 0.474081
vt 0.455668 0.473488
vt 0.446175 0.450603
vt 0.455373 0.474081
vt 0.461730 0.481800
vt 0.455668 0.473488
vt 0.461730 0.481800
vt 0.459500 0.482725
vt 0.455668 0.473488
vt 0.461730 0.481800
vt 0.463332 0.491962
vt 0.459500 0.482725
vt 0.468087 0.489519
vt 0.463332 0.491962
vt 0.461730 0.481800
vt 0.468087 0.489519
vt 0.472825 0.514847
vt 0.463332 0.491962
vt 0.483837 0.508645
vt 0.472825 0.514847
vt 0.468087 0.489519
vt 0.446175 0.450603
vt 0.455668 0.473488
vt 0.456839 0.447989
vt 0.455668 0.473488
vt 0.457257 0.472762
vt 0.456839 0.447989
vt 0.455668 0.473488
vt 0.459500 0.482725
vt 0.457257 0.472762
vt 0.459500 0.482725
vt 0.457425 0.482760
vt 0.457257 0.472762
vt 0.459500 0.482725
vt 0.457594 0.492759
vt 0.457425 0.482760
vt 0.463332 0.491962
vt 0.457594 0.492759
vt 0.459500 0.482725
vt 0.463332 0.491962
vt 0.458011 0.517531
vt 0.457594 0.492759
vt 0.472825 0.514847
vt 0.458011 0.517531
vt 0.463332 0.491962
vt 0.456839 0.447989
vt 0.457257 0.472762
vt 0.433645 0.437108
vt 0.457257 0.472762
vt 0.425178 0.460392
vt 0.433645 0.437108
vt 0.457257 0.472762
vt 0.457425 0.482760
vt 0.425178 0.460392
vt 0.457425 0.482760
vt 0.421760 0.469790
vt 0.425178 0.460392
vt 0.457425 0.482760
vt 0.418342 0.479188
vt 0.421760 0.469790
vt 0.457594 0.492759
vt 0.418342 0.479188
vt 0.457425 0.482760
vt 0.457594 0.492759
vt 0.409875 0.502472
vt 0.418342 0.479188
vt 0.458011 0.517531
vt 0.409875 0.502472
vt 0.457594 0.492759
vt 0.433645 0.437108
vt 0.425178 0.460392
vt 0.405448 0.421619
vt 0.425178 0.460392
vt 0.393758 0.443463
vt 0.405448 0.421619
vt 0.425178 0.460392
vt 0.421760 0.469790
vt 0.393758 0.443463
vt 0.421760 0.469790
vt 0.389040 0.452280
vt 0.393758 0.443463
vt 0.421760 0.469790
vt 0.384322 0.461097
vt 0.389040 0.452280
vt 0.418342 0.479188
vt 0.384322 0.461097
vt 0.421760 0.469790
vt 0.418342 0.479188
vt 0.372632 0.482941
vt 0.384322 0.461097
vt 0.409875 0.502472
vt 0.372632 0.482941
vt 0.418342 0.479188
vt 0.405448 0.421619
vt 0.393758 0.443463
vt 0.380515 0.402167
vt 0.393758 0.443463
vt 0.365543 0.421908
vt 0.380515 0.402167
vt 0.393758 0.443463
vt 0.389040 0.452280
vt 0.365543 0.421908
vt 0.389040 0.452280
vt 0.359500 0.429875
vt 0.365543 0.421908
vt 0.389040 0.452280
vt 0.353457 0.437843
vt 0.359500 0.429875
vt 0.384322 0.461097
vt 0.353457 0.437843
vt 0.389040 0.452280
vt 0.384322 0.461097
vt 0.338485 0.457583
vt 0.353457 0.437843
vt 0.372632 0.482941
vt 0.338485 0.457583
vt 0.384322 0.461097
vt 0.380515 0.402167
vt 0.365543 0.421908
vt 0.358664 0.378339
vt 0.365543 0.421908
vt 0.340651 0.395349
vt 0.358664 0.378339
vt 0.365543 0.421908
vt 0.359500 0.429875
vt 0.340651 0.395349
vt 0.359500 0.429875
vt 0.333380 0.402215
vt 0.340651 0.395349
vt 0.359500 0.429875
vt 0.326110 0.409081
vt 0.333380 0.402215
vt 0.353457 0.437843
vt 0.326110 0.409081
vt 0.359500 0.429875
vt 0.353457 0.437843
vt 0.308096 0.426091
vt 0.326110 0.409081
vt 0.338485 0.457583
vt 0.308096 0.426091
vt 0.353457 0.437843
vt 0.358664 0.378339
vt 0.340651 0.395349
vt 0.359626 0.379289
vt 0.340651 0.395349
vt 0.339951 0.394347
vt 0.359626 0.379289
vt 0.340651 0.395349
vt 0.333380 0.402215
vt 0.339951 0.394347
vt 0.333380 0.402215
vt 0.332010 0.400425
vt 0.339951 0.394347
vt 0.333380 0.402215
vt 0.324069 0.406503
vt 0.332010 0.400425
vt 0.326110 0.409081
vt 0.324069 0.406503
vt 0.333380 0.402215
vt 0.326110 0.409081
vt 0.304394 0.421561
vt 0.324069 0.406503
vt 0.308096 0.426091
vt 0.304394 0.421561
vt 0.326110 0.409081
vt 0.359626 0.379289
vt 0.339951 0.394347
vt 0.359362 0.378829
vt 0.339951 0.394347
vt 0.338960 0.392886
vt 0.359362 0.378829
vt 0.339951 0.394347
vt 0.332010 0.400425
vt 0.338960 0.392886
vt 0.332010 0.400425
vt 0.330725 0.398560
vt 0.338960 0.392886
vt 0.332010 0.400425
vt 0.322491 0.404234
vt 0.330725 0.398560
vt 0.324069 0.406503
vt 0.322491 0.404234
vt 0.332010 0.400425
vt 0.324069 0.406503
vt 0.302089 0.418291
vt 0.322491 0.404234
vt 0.304394 0.421561
vt 0.302089 0.418291
vt 0.324069 0.406503
vt 0.359362 0.378829
vt 0.338960 0.392886
vt 0.359392 0.378745
vt 0.338960 0.392886
vt 0.338142 0.391483
vt 0.359392 0.378745
vt 0.338960 0.392886
vt 0.330725 0.398560
vt 0.338142 0.391483
vt 0.330725 0.398560
vt 0.329565 0.396625
vt 0.338142 0.391483
vt 0.330725 0.398560
vt 0.320988 0.401767
vt 0.329565 0.396625
vt 0.322491 0.404234
vt 0.320988 0.401767
vt 0.330725 0.398560
vt 0.322491 0.404234
vt 0.299738 0.414506
vt 0.320988 0.401767
vt 0.302089 0.418291
vt 0.299738 0.414506
vt 0.322491 0.404234
vt 0.359392 0.378745
vt 0.338142 0.391483
vt 0.359757 0.379224
vt 0.338142 0.391483
vt 0.337542 0.390193
vt 0.359757 0.379224
vt 0.338142 0.391483
vt 0.329565 0.396625
vt 0.337542 0.390193
vt 0.329565 0.396625
vt 0.328575 0.394620
vt 0.337542 0.390193
vt 0.329565 0.396625
vt 0.319609 0.399047
vt 0.328575 0.394620
vt 0.320988 0.401767
vt 0.319609 0.399047
vt 0.329565 0.396625
vt 0.320988 0.401767
vt 0.297393 0.410016
vt 0.319609 0.399047
vt 0.299738 0.414506
vt 0.297393 0.410016
vt 0.320988 0.401767
vt 0.359757 0.379224
vt 0.337542 0.390193
vt 0.362348 0.386254
vt 0.337542 0.390193
vt 0.338119 0.391431
vt 0.362348 0.386254
vt 0.337542 0.390193
vt 0.328575 0.394620
vt 0.338119 0.391431
vt 0.328575 0.394620
vt 0.328340 0.393520
vt 0.338119 0.391431
vt 0.328575 0.394620
vt 0.318561 0.395609
vt 0.328340 0.393520
vt 0.319609 0.399047
vt 0.318561 0.395609
vt 0.328575 0.394620
vt 0.319609 0.399047
vt 0.294332 0.400786
vt 0.318561 0.395609
vt 0.297393 0.410016
vt 0.294332 0.400786
vt 0.319609 0.399047
vt 0.362348 0.386254
vt 0.338119 0.391431
vt 0.363116 0.394767
vt 0.338119 0.391431
vt 0.338404 0.392988
vt 0.363116 0.394767
vt 0.338119 0.391431
vt 0.328340 0.393520
vt 0.338404 0.392988
vt 0.328340 0.393520
vt 0.328430 0.392270
vt 0.338404 0.392988
vt 0.328340 0.393520
vt 0.318456 0.391552
vt 0.328430 0.392270
vt 0.318561 0.395609
vt 0.318456 0.391552
vt 0.328340 0.393520
vt 0.318561 0.395609
vt 0.293744 0.389773
vt 0.318456 0.391552
vt 0.294332 0.400786
vt 0.293744 0.389773
vt 0.318561 0.395609
vt 0.363116 0.394767
vt 0.338404 0.392988
vt 0.362609 0.398824
vt 0.338404 0.392988
vt 0.338472 0.393232
vt 0.362609 0.398824
vt 0.338404 0.392988
vt 0.328430 0.392270
vt 0.338472 0.393232
vt 0.328430 0.392270
vt 0.328730 0.390975
vt 0.338472 0.393232
vt 0.328430 0.392270
vt 0.318988 0.388718
vt 0.328730 0.390975
vt 0.318456 0.391552
vt 0.318988 0.388718
vt 0.328430 0.392270
vt 0.318456 0.391552
vt 0.294852 0.383126
vt 0.318988 0.388718
vt 0.293744 0.389773
vt 0.294852 0.383126
vt 0.318456 0.391552
vt 0.362609 0.398824
vt 0.338472 0.393232
vt 0.362223 0.400422
vt 0.338472 0.393232
vt 0.338643 0.392819
vt 0.362223 0.400422
vt 0.338472 0.393232
vt 0.328730 0.390975
vt 0.338643 0.392819
vt 0.328730 0.390975
vt 0.329125 0.389750
vt 0.338643 0.392819
vt 0.328730 0.390975
vt 0.319608 0.386681
vt 0.329125 0.389750
vt 0.318988 0.388718
vt 0.319608 0.386681
vt 0.328730 0.390975
vt 0.318988 0.388718
vt 0.296027 0.379078
vt 0.319608 0.386681
vt 0.294852 0.383126
vt 0.296027 0.379078
vt 0.318988 0.388718
vt 0.362223 0.400422
vt 0.338643 0.392819
vt 0.355130 0.412847
vt 0.338643 0.392819
vt 0.336884 0.396085
vt 0.355130 0.412847
vt 0.338643 0.392819
vt 0.329125 0.389750
vt 0.336884 0.396085
vt 0.329125 0.389750
vt 0.329520 0.389320
vt 0.336884 0.396085
vt 0.329125 0.389750
vt 0.322156 0.382555
vt 0.329520 0.389320
vt 0.319608 0.386681
vt 0.322156 0.382555
vt 0.329125 0.389750
vt 0.319608 0.386681
vt 0.303910 0.365793
vt 0.322156 0.382555
vt 0.296027 0.379078
vt 0.303910 0.365793
vt 0.319608 0.386681
vt 0.355130 0.412847
vt 0.336884 0.396085
vt 0.345618 0.420156
vt 0.336884 0.396085
vt 0.334662 0.397934
vt 0.345618 0.420156
vt 0.336884 0.396085
vt 0.329520 0.389320
vt 0.334662 0.397934
vt 0.329520 0.389320
vt 0.330240 0.388965
vt 0.334662 0.397934
vt 0.329520 0.389320
vt 0.325818 0.379996
vt 0.330240 0.388965
vt 0.322156 0.382555
vt 0.325818 0.379996
vt 0.329520 0.389320
vt 0.322156 0.382555
vt 0.314862 0.357774
vt 0.325818 0.379996
vt 0.303910 0.365793
vt 0.314862 0.357774
vt 0.322156 0.382555
vt 0.345618 0.420156
vt 0.334662 0.397934
vt 0.339452 0.422509
vt 0.334662 0.397934
vt 0.333477 0.398465
vt 0.339452 0.422509
vt 0.334662 0.397934
vt 0.330240 0.388965
vt 0.333477 0.398465
vt 0.330240 0.388965
vt 0.331065 0.388760
vt 0.333477 0.398465
vt 0.330240 0.388965
vt 0.328653 0.379055
vt 0.331065 0.388760
vt 0.325818 0.379996
vt 0.328653 0.379055
vt 0.330240 0.388965
vt 0.325818 0.379996
vt 0.322678 0.355011
vt 0.328653 0.379055
vt 0.314862 0.357774
vt 0.322678 0.355011
vt 0.325818 0.379996
vt 0.339452 0.422509
vt 0.333477 0.398465
vt 0.330549 0.423539
vt 0.333477 0.398465
vt 0.331423 0.398779
vt 0.330549 0.423539
vt 0.333477 0.398465
vt 0.331065 0.388760
vt 0.331423 0.398779
vt 0.331065 0.388760
vt 0.331775 0.388785
vt 0.331423 0.398779
vt 0.331065 0.388760
vt 0.332128 0.378791
vt 0.331775 0.388785
vt 0.328653 0.379055
vt 0.332128 0.378791
vt 0.331065 0.388760
vt 0.328653 0.379055
vt 0.333001 0.354031
vt 0.332128 0.378791
vt 0.322678 0.355011
vt 0.333001 0.354031
vt 0.328653 0.379055
vt 0.330549 0.423539
vt 0.331423 0.398779
vt 0.328542 0.424060
vt 0.331423 0.398779
vt 0.335455 0.400268
vt 0.328542 0.424060
vt 0.331423 0.398779
vt 0.331775 0.388785
vt 0.335455 0.400268
vt 0.331775 0.388785
vt 0.338245 0.390665
vt 0.335455 0.400268
vt 0.331775 0.388785
vt 0.341035 0.381062
vt 0.338245 0.390665
vt 0.332128 0.378791
vt 0.341035 0.381062
vt 0.331775 0.388785
vt 0.332128 0.378791
vt 0.347949 0.357270
vt 0.341035 0.381062
vt 0.333001 0.354031
vt 0.347949 0.357270
vt 0.332128 0.378791
vt 0.328542 0.424060
vt 0.335455 0.400268
vt 0.334917 0.425932
vt 0.335455 0.400268
vt 0.341897 0.402160
vt 0.334917 0.425932
vt 0.335455 0.400268
vt 0.338245 0.390665
vt 0.341897 0.402160
vt 0.338245 0.390665
vt 0.344715 0.392565
vt 0.341897 0.402160
vt 0.338245 0.390665
vt 0.347533 0.382970
vt 0.344715 0.392565
vt 0.341035 0.381062
vt 0.347533 0.382970
vt 0.338245 0.390665
vt 0.341035 0.381062
vt 0.354514 0.359198
vt 0.347533 0.382970
vt 0.347949 0.357270
vt 0.354514 0.359198
vt 0.341035 0.381062
vt 0.334917 0.425932
vt 0.341897 0.402160
vt 0.340888 0.427781
vt 0.341897 0.402160
vt 0.348203 0.404109
vt 0.340888 0.427781
vt 0.341897 0.402160
vt 0.344715 0.392565
vt 0.348203 0.404109
vt 0.344715 0.392565
vt 0.351155 0.394555
vt 0.348203 0.404109
vt 0.344715 0.392565
vt 0.354107 0.385001
vt 0.351155 0.394555
vt 0.347533 0.382970
vt 0.354107 0.385001
vt 0.344715 0.392565
vt 0.347533 0.382970
vt 0.361422 0.361329
vt 0.354107 0.385001
vt 0.354514 0.359198
vt 0.361422 0.361329
vt 0.347533 0.382970
vt 0.340888 0.427781
vt 0.348203 0.404109
vt 0.346466 0.429665
vt 0.348203 0.404109
vt 0.354356 0.406179
vt 0.346466 0.429665
vt 0.348203 0.404109
vt 0.351155 0.394555
vt 0.354356 0.406179
vt 0.351155 0.394555
vt 0.357540 0.396700
vt 0.354356 0.406179
vt 0.351155 0.394555
vt 0.360725 0.387221
vt 0.357540 0.396700
vt 0.354107 0.385001
vt 0.360725 0.387221
vt 0.351155 0.394555
vt 0.354107 0.385001
vt 0.368615 0.363735
vt 0.360725 0.387221
vt 0.361422 0.361329
vt 0.368615 0.363735
vt 0.354107 0.385001
vt 0.346466 0.429665
vt 0.354356 0.406179
vt 0.359181 0.434254
vt 0.354356 0.406179
vt 0.367577 0.410943
vt 0.359181 0.434254
vt 0.354356 0.406179
vt 0.357540 0.396700
vt 0.367577 0.410943
vt 0.357540 0.396700
vt 0.370965 0.401535
vt 0.367577 0.410943
vt 0.357540 0.396700
vt 0.374354 0.392127
vt 0.370965 0.401535
vt 0.360725 0.387221
vt 0.374354 0.392127
vt 0.357540 0.396700
vt 0.360725 0.387221
vt 0.382749 0.368816
vt 0.374354 0.392127
vt 0.368615 0.363735
vt 0.382749 0.368816
vt 0.360725 0.387221
vt 0.359181 0.434254
vt 0.367577 0.410943
vt 0.372359 0.439100
vt 0.367577 0.410943
vt 0.380909 0.415846
vt 0.372359 0.439100
vt 0.367577 0.410943
vt 0.370965 0.401535
vt 0.380909 0.415846
vt 0.370965 0.401535
vt 0.384360 0.406460
vt 0.380909 0.415846
vt 0.370965 0.401535
vt 0.387811 0.397074
vt 0.384360 0.406460
vt 0.374354 0.392127
vt 0.387811 0.397074
vt 0.370965 0.401535
vt 0.374354 0.392127
vt 0.396361 0.373820
vt 0.387811 0.397074
vt 0.382749 0.368816
vt 0.396361 0.373820
vt 0.374354 0.392127
vt 0.372359 0.439100
vt 0.380909 0.415846
vt 0.385765 0.444024
vt 0.380909 0.415846
vt 0.394307 0.420767
vt 0.385765 0.444024
vt 0.380909 0.415846
vt 0.384360 0.406460
vt 0.394307 0.420767
vt 0.384360 0.406460
vt 0.397755 0.411380
vt 0.394307 0.420767
vt 0.384360 0.406460
vt 0.401203 0.401993
vt 0.397755 0.411380
vt 0.387811 0.397074
vt 0.401203 0.401993
vt 0.384360 0.406460
vt 0.387811 0.397074
vt 0.409745 0.378736
vt 0.401203 0.401993
vt 0.396361 0.373820
vt 0.409745 0.378736
vt 0.387811 0.397074
vt 0.385765 0.444024
vt 0.394307 0.420767
vt 0.399438 0.448932
vt 0.394307 0.420767
vt 0.407807 0.425612
vt 0.399438 0.448932
vt 0.394307 0.420767
vt 0.397755 0.411380
vt 0.407807 0.425612
vt 0.397755 0.411380
vt 0.411185 0.416200
vt 0.407807 0.425612
vt 0.397755 0.411380
vt 0.414563 0.406788
vt 0.411185 0.416200
vt 0.401203 0.401993
vt 0.414563 0.406788
vt 0.397755 0.411380
vt 0.401203 0.401993
vt 0.422932 0.383468
vt 0.414563 0.406788
vt 0.409745 0.378736
vt 0.422932 0.383468
vt 0.401203 0.401993
vt 0.399438 0.448932
vt 0.407807 0.425612
vt 0.404923 0.450697
vt 0.407807 0.425612
vt 0.412416 0.427082
vt 0.404923 0.450697
vt 0.407807 0.425612
vt 0.411185 0.416200
vt 0.412416 0.427082
vt 0.411185 0.416200
vt 0.415440 0.417550
vt 0.412416 0.427082
vt 0.411185 0.416200
vt 0.418464 0.408018
vt 0.415440 0.417550
vt 0.414563 0.406788
vt 0.418464 0.408018
vt 0.411185 0.416200
vt 0.414563 0.406788
vt 0.425957 0.384403
vt 0.418464 0.408018
vt 0.422932 0.383468
vt 0.425957 0.384403
vt 0.414563 0.406788
vt 0.404923 0.450697
vt 0.412416 0.427082
vt 0.413298 0.452540
vt 0.412416 0.427082
vt 0.417920 0.428199
vt 0.413298 0.452540
vt 0.412416 0.427082
vt 0.415440 0.417550
vt 0.417920 0.428199
vt 0.415440 0.417550
vt 0.419785 0.418375
vt 0.417920 0.428199
vt 0.415440 0.417550
vt 0.421650 0.408551
vt 0.419785 0.418375
vt 0.418464 0.408018
vt 0.421650 0.408551
vt 0.415440 0.417550
vt 0.418464 0.408018
vt 0.426272 0.384210
vt 0.421650 0.408551
vt 0.425957 0.384403
vt 0.426272 0.384210
vt 0.418464 0.408018
vt 0.413298 0.452540
vt 0.417920 0.428199
vt 0.424838 0.453065
vt 0.417920 0.428199
vt 0.424391 0.428293
vt 0.424838 0.453065
vt 0.417920 0.428199
vt 0.419785 0.418375
vt 0.424391 0.428293
vt 0.419785 0.418375
vt 0.424210 0.418295
vt 0.424391 0.428293
vt 0.419785 0.418375
vt 0.424029 0.408297
vt 0.424210 0.418295
vt 0.421650 0.408551
vt 0.424029 0.408297
vt 0.419785 0.418375
vt 0.421650 0.408551
vt 0.423582 0.383525
vt 0.424029 0.408297
vt 0.426272 0.384210
vt 0.423582 0.383525
vt 0.421650 0.408551
vt 0.424838 0.453065
vt 0.424391 0.428293
vt 0.438883 0.450172
vt 0.424391 0.428293
vt 0.431628 0.426482
vt 0.438883 0.450172
vt 0.424391 0.428293
vt 0.424210 0.418295
vt 0.431628 0.426482
vt 0.424210 0.418295
vt 0.428700 0.416920
vt 0.431628 0.426482
vt 0.424210 0.418295
vt 0.425772 0.407358
vt 0.428700 0.416920
vt 0.424029 0.408297
vt 0.425772 0.407358
vt 0.424210 0.418295
vt 0.424029 0.408297
vt 0.418517 0.383668
vt 0.425772 0.407358
vt 0.423582 0.383525
vt 0.418517 0.383668
vt 0.424029 0.408297
vt 0.438883 0.450172
vt 0.431628 0.426482
vt 0.447680 0.446105
vt 0.431628 0.426482
vt 0.435148 0.424732
vt 0.447680 0.446105
vt 0.431628 0.426482
vt 0.428700 0.416920
vt 0.435148 0.424732
vt 0.428700 0.416920
vt 0.430090 0.416105
vt 0.435148 0.424732
vt 0.428700 0.416920
vt 0.425032 0.407478
vt 0.430090 0.416105
vt 0.425772 0.407358
vt 0.425032 0.407478
vt 0.428700 0.416920
vt 0.425772 0.407358
vt 0.412501 0.386106
vt 0.425032 0.407478
vt 0.418517 0.383668
vt 0.412501 0.386106
vt 0.425772 0.407358
vt 0.447680 0.446105
vt 0.435148 0.424732
vt 0.456016 0.439324
vt 0.435148 0.424732
vt 0.438229 0.422077
vt 0.456016 0.439324
vt 0.435148 0.424732
vt 0.430090 0.416105
vt 0.438229 0.422077
vt 0.430090 0.416105
vt 0.431050 0.415115
vt 0.438229 0.422077
vt 0.430090 0.416105
vt 0.423871 0.408154
vt 0.431050 0.415115
vt 0.425032 0.407478
vt 0.423871 0.408154
vt 0.430090 0.416105
vt 0.425032 0.407478
vt 0.406085 0.390906
vt 0.423871 0.408154
vt 0.412501 0.386106
vt 0.406085 0.390906
vt 0.425032 0.407478
vt 0.456016 0.439324
vt 0.438229 0.422077
vt 0.463990 0.426347
vt 0.438229 0.422077
vt 0.440868 0.417447
vt 0.463990 0.426347
vt 0.438229 0.422077
vt 0.431050 0.415115
vt 0.440868 0.417447
vt 0.431050 0.415115
vt 0.431535 0.413855
vt 0.440868 0.417447
vt 0.431050 0.415115
vt 0.422203 0.410263
vt 0.431535 0.413855
vt 0.423871 0.408154
vt 0.422203 0.410263
vt 0.431050 0.415115
vt 0.423871 0.408154
vt 0.399080 0.401363
vt 0.422203 0.410263
vt 0.406085 0.390906
vt 0.399080 0.401363
vt 0.423871 0.408154
vt 0.463990 0.426347
vt 0.440868 0.417447
vt 0.466275 0.411595
vt 0.440868 0.417447
vt 0.441503 0.412055
vt 0.466275 0.411595
vt 0.440868 0.417447
vt 0.431535 0.413855
vt 0.441503 0.412055
vt 0.431535 0.413855
vt 0.431505 0.412240
vt 0.441503 0.412055
vt 0.431535 0.413855
vt 0.421507 0.412426
vt 0.431505 0.412240
vt 0.422203 0.410263
vt 0.421507 0.412426
vt 0.431535 0.413855
vt 0.422203 0.410263
vt 0.396735 0.412885
vt 0.421507 0.412426
vt 0.399080 0.401363
vt 0.396735 0.412885
vt 0.422203 0.410263
vt 0.466275 0.411595
vt 0.441503 0.412055
vt 0.465966 0.407508
vt 0.441503 0.412055
vt 0.441354 0.410356
vt 0.465966 0.407508
vt 0.441503 0.412055
vt 0.431505 0.412240
vt 0.441354 0.410356
vt 0.431505 0.412240
vt 0.431420 0.411505
vt 0.441354 0.410356
vt 0.431505 0.412240
vt 0.421486 0.412654
vt 0.431420 0.411505
vt 0.421507 0.412426
vt 0.421486 0.412654
vt 0.431505 0.412240
vt 0.421507 0.412426
vt 0.396875 0.415502
vt 0.421486 0.412654
vt 0.396735 0.412885
vt 0.396875 0.415502
vt 0.421507 0.412426
vt 0.465966 0.407508
vt 0.441354 0.410356
vt 0.466025 0.407982
vt 0.441354 0.410356
vt 0.441328 0.409958
vt 0.466025 0.407982
vt 0.441354 0.410356
vt 0.431420 0.411505
vt 0.441328 0.409958
vt 0.431420 0.411505
vt 0.431360 0.410755
vt 0.441328 0.409958
vt 0.431420 0.411505
vt 0.421392 0.411553
vt 0.431360 0.410755
vt 0.421486 0.412654
vt 0.421392 0.411553
vt 0.431420 0.411505
vt 0.421486 0.412654
vt 0.396695 0.413528
vt 0.421392 0.411553
vt 0.396875 0.415502
vt 0.396695 0.413528
vt 0.421486 0.412654
vt 0.466025 0.407982
vt 0.441328 0.409958
vt 0.465627 0.404784
vt 0.441328 0.409958
vt 0.441136 0.408525
vt 0.465627 0.404784
vt 0.441328 0.409958
vt 0.431360 0.410755
vt 0.441136 0.408525
vt 0.431360 0.410755
vt 0.431250 0.410035
vt 0.441136 0.408525
vt 0.431360 0.410755
vt 0.421365 0.411545
vt 0.431250 0.410035
vt 0.421392 0.411553
vt 0.421365 0.411545
vt 0.431360 0.410755
vt 0.421392 0.411553
vt 0.396873 0.415286
vt 0.421365 0.411545
vt 0.396695 0.413528
vt 0.396873 0.415286
vt 0.421392 0.411553
vt 0.465627 0.404784
vt 0.441136 0.408525
vt 0.463748 0.397637
vt 0.441136 0.408525
vt 0.440428 0.406003
vt 0.463748 0.397637
vt 0.441136 0.408525
vt 0.431250 0.410035
vt 0.440428 0.406003
vt 0.431250 0.410035
vt 0.431015 0.409380
vt 0.440428 0.406003
vt 0.431250 0.410035
vt 0.421603 0.412757
vt 0.431015 0.409380
vt 0.421365 0.411545
vt 0.421603 0.412757
vt 0.431250 0.410035
vt 0.421365 0.411545
vt 0.398282 0.421123
vt 0.421603 0.412757
vt 0.396873 0.415286
vt 0.398282 0.421123
vt 0.421365 0.411545
vt 0.463748 0.397637
vt 0.440428 0.406003
vt 0.451343 0.375820
vt 0.440428 0.406003
vt 0.430153 0.388658
vt 0.451343 0.375820
vt 0.440428 0.406003
vt 0.431015 0.409380
vt 0.430153 0.388658
vt 0.431015 0.409380
vt 0.421600 0.393840
vt 0.430153 0.388658
vt 0.431015 0.409380
vt 0.413047 0.399022
vt 0.421600 0.393840
vt 0.421603 0.412757
vt 0.413047 0.399022
vt 0.431015 0.409380
vt 0.421603 0.412757
vt 0.391857 0.411860
vt 0.413047 0.399022
vt 0.398282 0.421123
vt 0.391857 0.411860
vt 0.421603 0.412757
vt 0.451343 0.375820
vt 0.430153 0.388658
vt 0.437920 0.358316
vt 0.430153 0.388658
vt 0.418435 0.373619
vt 0.437920 0.358316
vt 0.430153 0.388658
vt 0.421600 0.393840
vt 0.418435 0.373619
vt 0.421600 0.393840
vt 0.410570 0.379795
vt 0.418435 0.373619
vt 0.421600 0.393840
vt 0.402706 0.385971
vt 0.410570 0.379795
vt 0.413047 0.399022
vt 0.402706 0.385971
vt 0.421600 0.393840
vt 0.413047 0.399022
vt 0.383220 0.401274
vt 0.402706 0.385971
vt 0.391857 0.411860
vt 0.383220 0.401274
vt 0.413047 0.399022
vt 0.437920 0.358316
vt 0.418435 0.373619
vt 0.421663 0.342322
vt 0.418435 0.373619
vt 0.404566 0.360253
vt 0.421663 0.342322
vt 0.418435 0.373619
vt 0.410570 0.379795
vt 0.404566 0.360253
vt 0.410570 0.379795
vt 0.397665 0.367490
vt 0.404566 0.360253
vt 0.410570 0.379795
vt 0.390764 0.374727
vt 0.397665 0.367490
vt 0.402706 0.385971
vt 0.390764 0.374727
vt 0.410570 0.379795
vt 0.402706 0.385971
vt 0.373667 0.392658
vt 0.390764 0.374727
vt 0.383220 0.401274
vt 0.373667 0.392658
vt 0.402706 0.385971
vt 0.421663 0.342322
vt 0.404566 0.360253
vt 0.402288 0.328497
vt 0.404566 0.360253
vt 0.388279 0.348932
vt 0.402288 0.328497
vt 0.404566 0.360253
vt 0.397665 0.367490
vt 0.388279 0.348932
vt 0.397665 0.367490
vt 0.382625 0.357180
vt 0.388279 0.348932
vt 0.397665 0.367490
vt 0.376971 0.365428
vt 0.382625 0.357180
vt 0.390764 0.374727
vt 0.376971 0.365428
vt 0.397665 0.367490
vt 0.390764 0.374727
vt 0.362963 0.385864
vt 0.376971 0.365428
vt 0.373667 0.392658
vt 0.362963 0.385864
vt 0.390764 0.374727
vt 0.402288 0.328497
vt 0.388279 0.348932
vt 0.364203 0.307601
vt 0.388279 0.348932
vt 0.352378 0.329372
vt 0.364203 0.307601
vt 0.388279 0.348932
vt 0.382625 0.357180
vt 0.352378 0.329372
vt 0.382625 0.357180
vt 0.347605 0.338160
vt 0.352378 0.329372
vt 0.382625 0.357180
vt 0.342833 0.346948
vt 0.347605 0.338160
vt 0.376971 0.365428
vt 0.342833 0.346948
vt 0.382625 0.357180
vt 0.376971 0.365428
vt 0.331008 0.368720
vt 0.342833 0.346948
vt 0.362963 0.385864
vt 0.331008 0.368720
vt 0.376971 0.365428
vt 0.364203 0.307601
vt 0.352378 0.329372
vt 0.327217 0.289409
vt 0.352378 0.329372
vt 0.316297 0.311649
vt 0.327217 0.289409
vt 0.352378 0.329372
vt 0.347605 0.338160
vt 0.316297 0.311649
vt 0.347605 0.338160
vt 0.311890 0.320625
vt 0.316297 0.311649
vt 0.347605 0.338160
vt 0.307483 0.329601
vt 0.311890 0.320625
vt 0.342833 0.346948
vt 0.307483 0.329601
vt 0.347605 0.338160
vt 0.342833 0.346948
vt 0.296564 0.351841
vt 0.307483 0.329601
vt 0.331008 0.368720
vt 0.296564 0.351841
vt 0.342833 0.346948
vt 0.327217 0.289409
vt 0.316297 0.311649
vt 0.289553 0.272732
vt 0.316297 0.311649
vt 0.279538 0.295393
vt 0.289553 0.272732
vt 0.316297 0.311649
vt 0.311890 0.320625
vt 0.279538 0.295393
vt 0.311890 0.320625
vt 0.275495 0.304540
vt 0.279538 0.295393
vt 0.311890 0.320625
vt 0.271453 0.313687
vt 0.275495 0.304540
vt 0.307483 0.329601
vt 0.271453 0.313687
vt 0.311890 0.320625
vt 0.307483 0.329601
vt 0.261438 0.336348
vt 0.271453 0.313687
vt 0.296564 0.351841
vt 0.261438 0.336348
vt 0.307483 0.329601
vt 0.289553 0.272732
vt 0.279538 0.295393
vt 0.251235 0.257535
vt 0.279538 0.295393
vt 0.242116 0.280572
vt 0.251235 0.257535
vt 0.279538 0.295393
vt 0.275495 0.304540
vt 0.242116 0.280572
vt 0.275495 0.304540
vt 0.238435 0.289870
vt 0.242116 0.280572
vt 0.275495 0.304540
vt 0.234755 0.299168
vt 0.238435 0.289870
vt 0.271453 0.313687
vt 0.234755 0.299168
vt 0.275495 0.304540
vt 0.271453 0.313687
vt 0.225636 0.322205
vt 0.234755 0.299168
vt 0.261438 0.336348
vt 0.225636 0.322205
vt 0.271453 0.313687
vt 0.251235 0.257535
vt 0.242116 0.280572
vt 0.234501 0.252690
vt 0.242116 0.280572
vt 0.227878 0.276564
vt 0.234501 0.252690
vt 0.242116 0.280572
vt 0.238435 0.289870
vt 0.227878 0.276564
vt 0.238435 0.289870
vt 0.225205 0.286200
vt 0.227878 0.276564
vt 0.238435 0.289870
vt 0.222532 0.295836
vt 0.225205 0.286200
vt 0.234755 0.299168
vt 0.222532 0.295836
vt 0.238435 0.289870
vt 0.234755 0.299168
vt 0.215909 0.319710
vt 0.222532 0.295836
vt 0.225636 0.322205
vt 0.215909 0.319710
vt 0.234755 0.299168
vt 0.234501 0.252690
vt 0.227878 0.276564
vt 0.215745 0.250146
vt 0.227878 0.276564
vt 0.212984 0.274767
vt 0.215745 0.250146
vt 0.227878 0.276564
vt 0.225205 0.286200
vt 0.212984 0.274767
vt 0.225205 0.286200
vt 0.211870 0.284705
vt 0.212984 0.274767
vt 0.225205 0.286200
vt 0.210756 0.294643
vt 0.211870 0.284705
vt 0.222532 0.295836
vt 0.210756 0.294643
vt 0.225205 0.286200
vt 0.222532 0.295836
vt 0.207996 0.319264
vt 0.210756 0.294643
vt 0.215909 0.319710
vt 0.207996 0.319264
vt 0.222532 0.295836
vt 0.215745 0.250146
vt 0.212984 0.274767
vt 0.197964 0.250128
vt 0.212984 0.274767
vt 0.198325 0.274901
vt 0.197964 0.250128
vt 0.212984 0.274767
vt 0.211870 0.284705
vt 0.198325 0.274901
vt 0.211870 0.284705
vt 0.198470 0.284900
vt 0.198325 0.274901
vt 0.211870 0.284705
vt 0.198616 0.294899
vt 0.198470 0.284900
vt 0.210756 0.294643
vt 0.198616 0.294899
vt 0.211870 0.284705
vt 0.210756 0.294643
vt 0.198976 0.319672
vt 0.198616 0.294899
vt 0.207996 0.319264
vt 0.198976 0.319672
vt 0.210756 0.294643
vt 0.197964 0.250128
vt 0.198325 0.274901
vt 0.181422 0.251718
vt 0.198325 0.274901
vt 0.184000 0.276359
vt 0.181422 0.251718
vt 0.198325 0.274901
vt 0.198470 0.284900
vt 0.184000 0.276359
vt 0.198470 0.284900
vt 0.185040 0.286305
vt 0.184000 0.276359
vt 0.198470 0.284900
vt 0.186081 0.296251
vt 0.185040 0.286305
vt 0.198616 0.294899
vt 0.186081 0.296251
vt 0.198470 0.284900
vt 0.198616 0.294899
vt 0.188659 0.320892
vt 0.186081 0.296251
vt 0.198976 0.319672
vt 0.188659 0.320892
vt 0.198616 0.294899
vt 0.181422 0.251718
vt 0.184000 0.276359
vt 0.167442 0.255149
vt 0.184000 0.276359
vt 0.174202 0.278984
vt 0.167442 0.255149
vt 0.184000 0.276359
vt 0.185040 0.286305
vt 0.174202 0.278984
vt 0.185040 0.286305
vt 0.176930 0.288605
vt 0.174202 0.278984
vt 0.185040 0.286305
vt 0.179659 0.298226
vt 0.176930 0.288605
vt 0.186081 0.296251
vt 0.179659 0.298226
vt 0.185040 0.286305
vt 0.186081 0.296251
vt 0.186418 0.322061
vt 0.179659 0.298226
vt 0.188659 0.320892
vt 0.186418 0.322061
vt 0.186081 0.296251
vt 0.167442 0.255149
vt 0.174202 0.278984
vt 0.151766 0.263269
vt 0.174202 0.278984
vt 0.164775 0.284354
vt 0.151766 0.263269
vt 0.174202 0.278984
vt 0.176930 0.288605
vt 0.164775 0.284354
vt 0.176930 0.288605
vt 0.170025 0.292865
vt 0.164775 0.284354
vt 0.176930 0.288605
vt 0.175276 0.301376
vt 0.170025 0.292865
vt 0.179659 0.298226
vt 0.175276 0.301376
vt 0.176930 0.288605
vt 0.179659 0.298226
vt 0.188285 0.322461
vt 0.175276 0.301376
vt 0.186418 0.322061
vt 0.188285 0.322461
vt 0.179659 0.298226
vt 0.151766 0.263269
vt 0.164775 0.284354
vt 0.139388 0.274487
vt 0.164775 0.284354
vt 0.157147 0.291762
vt 0.139388 0.274487
vt 0.164775 0.284354
vt 0.170025 0.292865
vt 0.157147 0.291762
vt 0.170025 0.292865
vt 0.164315 0.298735
vt 0.157147 0.291762
vt 0.170025 0.292865
vt 0.171483 0.305708
vt 0.164315 0.298735
vt 0.175276 0.301376
vt 0.171483 0.305708
vt 0.170025 0.292865
vt 0.175276 0.301376
vt 0.189243 0.322983
vt 0.171483 0.305708
vt 0.188285 0.322461
vt 0.189243 0.322983
vt 0.175276 0.301376
vt 0.139388 0.274487
vt 0.157147 0.291762
vt 0.130443 0.287187
vt 0.157147 0.291762
vt 0.151344 0.300490
vt 0.130443 0.287187
vt 0.157147 0.291762
vt 0.164315 0.298735
vt 0.151344 0.300490
vt 0.164315 0.298735
vt 0.159780 0.305860
vt 0.151344 0.300490
vt 0.164315 0.298735
vt 0.168216 0.311230
vt 0.159780 0.305860
vt 0.171483 0.305708
vt 0.168216 0.311230
vt 0.164315 0.298735
vt 0.171483 0.305708
vt 0.189118 0.324533
vt 0.168216 0.311230
vt 0.189243 0.322983
vt 0.189118 0.324533
vt 0.171483 0.305708
vt 0.130443 0.287187
vt 0.151344 0.300490
vt 0.119438 0.311799
vt 0.151344 0.300490
vt 0.142227 0.321521
vt 0.119438 0.311799
vt 0.151344 0.300490
vt 0.159780 0.305860
vt 0.142227 0.321521
vt 0.159780 0.305860
vt 0.151425 0.325445
vt 0.142227 0.321521
vt 0.159780 0.305860
vt 0.160623 0.329369
vt 0.151425 0.325445
vt 0.168216 0.311230
vt 0.160623 0.329369
vt 0.159780 0.305860
vt 0.168216 0.311230
vt 0.183412 0.339091
vt 0.160623 0.329369
vt 0.189118 0.324533
vt 0.183412 0.339091
vt 0.168216 0.311230
vt 0.119438 0.311799
vt 0.142227 0.321521
vt 0.112802 0.337447
vt 0.142227 0.321521
vt 0.136899 0.343206
vt 0.112802 0.337447
vt 0.142227 0.321521
vt 0.151425 0.325445
vt 0.136899 0.343206
vt 0.151425 0.325445
vt 0.146625 0.345530
vt 0.136899 0.343206
vt 0.151425 0.325445
vt 0.156351 0.347854
vt 0.146625 0.345530
vt 0.160623 0.329369
vt 0.156351 0.347854
vt 0.151425 0.325445
vt 0.160623 0.329369
vt 0.180449 0.353613
vt 0.156351 0.347854
vt 0.183412 0.339091
vt 0.180449 0.353613
vt 0.160623 0.329369
vt 0.112802 0.337447
vt 0.136899 0.343206
vt 0.111015 0.364692
vt 0.136899 0.343206
vt 0.135769 0.365731
vt 0.111015 0.364692
vt 0.136899 0.343206
vt 0.146625 0.345530
vt 0.135769 0.365731
vt 0.146625 0.345530
vt 0.145760 0.366150
vt 0.135769 0.365731
vt 0.146625 0.345530
vt 0.155751 0.366569
vt 0.145760 0.366150
vt 0.156351 0.347854
vt 0.155751 0.366569
vt 0.146625 0.345530
vt 0.156351 0.347854
vt 0.180506 0.367608
vt 0.155751 0.366569
vt 0.180449 0.353613
vt 0.180506 0.367608
vt 0.156351 0.347854
vt 0.111015 0.364692
vt 0.135769 0.365731
vt 0.114892 0.392940
vt 0.135769 0.365731
vt 0.139345 0.388954
vt 0.114892 0.392940
vt 0.135769 0.365731
vt 0.145760 0.366150
vt 0.139345 0.388954
vt 0.145760 0.366150
vt 0.149215 0.387345
vt 0.139345 0.388954
vt 0.145760 0.366150
vt 0.159085 0.385736
vt 0.149215 0.387345
vt 0.155751 0.366569
vt 0.159085 0.385736
vt 0.145760 0.366150
vt 0.155751 0.366569
vt 0.183538 0.381750
vt 0.159085 0.385736
vt 0.180506 0.367608
vt 0.183538 0.381750
vt 0.155751 0.366569
vt 0.114892 0.392940
vt 0.139345 0.388954
vt 0.118381 0.405792
vt 0.139345 0.388954
vt 0.142158 0.398830
vt 0.118381 0.405792
vt 0.139345 0.388954
vt 0.149215 0.387345
vt 0.142158 0.398830
vt 0.149215 0.387345
vt 0.151755 0.396020
vt 0.142158 0.398830
vt 0.149215 0.387345
vt 0.161352 0.393210
vt 0.151755 0.396020
vt 0.159085 0.385736
vt 0.161352 0.393210
vt 0.149215 0.387345
vt 0.159085 0.385736
vt 0.185130 0.386248
vt 0.161352 0.393210
vt 0.183538 0.381750
vt 0.185130 0.386248
vt 0.159085 0.385736
vt 0.118381 0.405792
vt 0.142158 0.398830
vt 0.121863 0.415939
vt 0.142158 0.398830
vt 0.145265 0.407804
vt 0.121863 0.415939
vt 0.142158 0.398830
vt 0.151755 0.396020
vt 0.145265 0.407804
vt 0.151755 0.396020
vt 0.154710 0.404520
vt 0.145265 0.407804
vt 0.151755 0.396020
vt 0.164156 0.401236
vt 0.154710 0.404520
vt 0.161352 0.393210
vt 0.164156 0.401236
vt 0.151755 0.396020
vt 0.161352 0.393210
vt 0.187558 0.393101
vt 0.164156 0.401236
vt 0.185130 0.386248
vt 0.187558 0.393101
vt 0.161352 0.393210
vt 0.121863 0.415939
vt 0.145265 0.407804
vt 0.125890 0.425959
vt 0.145265 0.407804
vt 0.148838 0.416619
vt 0.125890 0.425959
vt 0.145265 0.407804
vt 0.154710 0.404520
vt 0.148838 0.416619
vt 0.154710 0.404520
vt 0.158100 0.412850
vt 0.148838 0.416619
vt 0.154710 0.404520
vt 0.167363 0.409081
vt 0.158100 0.412850
vt 0.164156 0.401236
vt 0.167363 0.409081
vt 0.154710 0.404520
vt 0.164156 0.401236
vt 0.190311 0.399741
vt 0.167363 0.409081
vt 0.187558 0.393101
vt 0.190311 0.399741
vt 0.164156 0.401236
vt 0.125890 0.425959
vt 0.148838 0.416619
vt 0.130483 0.435831
vt 0.148838 0.416619
vt 0.152898 0.425275
vt 0.130483 0.435831
vt 0.148838 0.416619
vt 0.158100 0.412850
vt 0.152898 0.425275
vt 0.158100 0.412850
vt 0.161945 0.421015
vt 0.152898 0.425275
vt 0.158100 0.412850
vt 0.170992 0.416755
vt 0.161945 0.421015
vt 0.167363 0.409081
vt 0.170992 0.416755
vt 0.158100 0.412850
vt 0.167363 0.409081
vt 0.193407 0.406199
vt 0.170992 0.416755
vt 0.190311 0.399741
vt 0.193407 0.406199
vt 0.167363 0.409081
vt 0.130483 0.435831
vt 0.152898 0.425275
vt 0.133648 0.442105
vt 0.152898 0.425275
vt 0.155746 0.430902
vt 0.133648 0.442105
vt 0.152898 0.425275
vt 0.161945 0.421015
vt 0.155746 0.430902
vt 0.161945 0.421015
vt 0.164665 0.426380
vt 0.155746 0.430902
vt 0.161945 0.421015
vt 0.173584 0.421858
vt 0.164665 0.426380
vt 0.170992 0.416755
vt 0.173584 0.421858
vt 0.161945 0.421015
vt 0.170992 0.416755
vt 0.195682 0.410655
vt 0.173584 0.421858
vt 0.193407 0.406199
vt 0.195682 0.410655
vt 0.170992 0.416755
vt 0.133648 0.442105
vt 0.155746 0.430902
vt 0.136290 0.447365
vt 0.155746 0.430902
vt 0.158429 0.436244
vt 0.136290 0.447365
vt 0.155746 0.430902
vt 0.164665 0.426380
vt 0.158429 0.436244
vt 0.164665 0.426380
vt 0.167365 0.431755
vt 0.158429 0.436244
vt 0.164665 0.426380
vt 0.176301 0.427266
vt 0.167365 0.431755
vt 0.173584 0.421858
vt 0.176301 0.427266
vt 0.164665 0.426380
vt 0.173584 0.421858
vt 0.198441 0.416145
vt 0.176301 0.427266
vt 0.195682 0.410655
vt 0.198441 0.416145
vt 0.173584 0.421858
vt 0.136290 0.447365
vt 0.158429 0.436244
vt 0.138687 0.452323
vt 0.158429 0.436244
vt 0.160985 0.441524
vt 0.138687 0.452323
vt 0.158429 0.436244
vt 0.167365 0.431755
vt 0.160985 0.441524
vt 0.167365 0.431755
vt 0.169985 0.437165
vt 0.160985 0.441524
vt 0.167365 0.431755
vt 0.178985 0.432806
vt 0.169985 0.437165
vt 0.176301 0.427266
vt 0.178985 0.432806
vt 0.167365 0.431755
vt 0.176301 0.427266
vt 0.201284 0.422007
vt 0.178985 0.432806
vt 0.198441 0.416145
vt 0.201284 0.422007
vt 0.176301 0.427266
vt 0.138687 0.452323
vt 0.160985 0.441524
vt 0.140808 0.457019
vt 0.160985 0.441524
vt 0.163366 0.446771
vt 0.140808 0.457019
vt 0.160985 0.441524
vt 0.169985 0.437165
vt 0.163366 0.446771
vt 0.169985 0.437165
vt 0.172470 0.442635
vt 0.163366 0.446771
vt 0.169985 0.437165
vt 0.181575 0.438499
vt 0.172470 0.442635
vt 0.178985 0.432806
vt 0.181575 0.438499
vt 0.169985 0.437165
vt 0.178985 0.432806
vt 0.204132 0.428251
vt 0.181575 0.438499
vt 0.201284 0.422007
vt 0.204132 0.428251
vt 0.178985 0.432806
vt 0.140808 0.457019
vt 0.163366 0.446771
vt 0.146952 0.476742
vt 0.163366 0.446771
vt 0.170526 0.469117
vt 0.146952 0.476742
vt 0.163366 0.446771
vt 0.172470 0.442635
vt 0.170526 0.469117
vt 0.172470 0.442635
vt 0.180040 0.466040
vt 0.170526 0.469117
vt 0.172470 0.442635
vt 0.189555 0.462963
vt 0.180040 0.466040
vt 0.181575 0.438499
vt 0.189555 0.462963
vt 0.172470 0.442635
vt 0.181575 0.438499
vt 0.213128 0.455338
vt 0.189555 0.462963
vt 0.204132 0.428251
vt 0.213128 0.455338
vt 0.181575 0.438499
vt 0.146952 0.476742
vt 0.170526 0.469117
vt 0.147647 0.492646
vt 0.170526 0.469117
vt 0.172311 0.490291
vt 0.147647 0.492646
vt 0.170526 0.469117
vt 0.180040 0.466040
vt 0.172311 0.490291
vt 0.180040 0.466040
vt 0.182265 0.489340
vt 0.172311 0.490291
vt 0.180040 0.466040
vt 0.192220 0.488389
vt 0.182265 0.489340
vt 0.189555 0.462963
vt 0.192220 0.488389
vt 0.180040 0.466040
vt 0.189555 0.462963
vt 0.216884 0.486034
vt 0.192220 0.488389
vt 0.213128 0.455338
vt 0.216884 0.486034
vt 0.189555 0.462963
vt 0.147647 0.492646
vt 0.172311 0.490291
vt 0.144596 0.507716
vt 0.172311 0.490291
vt 0.169136 0.511131
vt 0.144596 0.507716
vt 0.172311 0.490291
vt 0.182265 0.489340
vt 0.169136 0.511131
vt 0.182265 0.489340
vt 0.179040 0.512510
vt 0.169136 0.511131
vt 0.182265 0.489340
vt 0.188945 0.513889
vt 0.179040 0.512510
vt 0.192220 0.488389
vt 0.188945 0.513889
vt 0.182265 0.489340
vt 0.192220 0.488389
vt 0.213484 0.517304
vt 0.188945 0.513889
vt 0.216884 0.486034
vt 0.213484 0.517304
vt 0.192220 0.488389
vt 0.144596 0.507716
vt 0.169136 0.511131
vt 0.137772 0.523129
vt 0.169136 0.511131
vt 0.160922 0.531957
vt 0.137772 0.523129
vt 0.169136 0.511131
vt 0.179040 0.512510
vt 0.160922 0.531957
vt 0.179040 0.512510
vt 0.170265 0.535520
vt 0.160922 0.531957
vt 0.179040 0.512510
vt 0.179609 0.539083
vt 0.170265 0.535520
vt 0.188945 0.513889
vt 0.179609 0.539083
vt 0.179040 0.512510
vt 0.188945 0.513889
vt 0.202758 0.547911
vt 0.179609 0.539083
vt 0.213484 0.517304
vt 0.202758 0.547911
vt 0.188945 0.513889
vt 0.137772 0.523129
vt 0.160922 0.531957
vt 0.135274 0.527375
vt 0.160922 0.531957
vt 0.157222 0.538870
vt 0.135274 0.527375
vt 0.160922 0.531957
vt 0.170265 0.535520
vt 0.157222 0.538870
vt 0.170265 0.535520
vt 0.166080 0.543510
vt 0.157222 0.538870
vt 0.170265 0.535520
vt 0.174939 0.548150
vt 0.166080 0.543510
vt 0.179609 0.539083
vt 0.174939 0.548150
vt 0.170265 0.535520
vt 0.179609 0.539083
vt 0.196886 0.559646
vt 0.174939 0.548150
vt 0.202758 0.547911
vt 0.196886 0.559646
vt 0.179609 0.539083
vt 0.135274 0.527375
vt 0.157222 0.538870
vt 0.131238 0.534750
vt 0.157222 0.538870
vt 0.152980 0.546630
vt 0.131238 0.534750
vt 0.157222 0.538870
vt 0.166080 0.543510
vt 0.152980 0.546630
vt 0.166080 0.543510
vt 0.161755 0.551425
vt 0.152980 0.546630
vt 0.166080 0.543510
vt 0.170531 0.556220
vt 0.161755 0.551425
vt 0.174939 0.548150
vt 0.170531 0.556220
vt 0.166080 0.543510
vt 0.174939 0.548150
vt 0.192272 0.568100
vt 0.170531 0.556220
vt 0.196886 0.559646
vt 0.192272 0.568100
vt 0.174939 0.548150
vt 0.131238 0.534750
vt 0.152980 0.546630
vt 0.126916 0.542650
vt 0.152980 0.546630
vt 0.148652 0.554541
vt 0.126916 0.542650
vt 0.152980 0.546630
vt 0.161755 0.551425
vt 0.148652 0.554541
vt 0.161755 0.551425
vt 0.157425 0.559340
vt 0.148652 0.554541
vt 0.161755 0.551425
vt 0.166198 0.564139
vt 0.157425 0.559340
vt 0.170531 0.556220
vt 0.166198 0.564139
vt 0.161755 0.551425
vt 0.170531 0.556220
vt 0.187934 0.576030
vt 0.166198 0.564139
vt 0.192272 0.568100
vt 0.187934 0.576030
vt 0.170531 0.556220
vt 0.126916 0.542650
vt 0.148652 0.554541
vt 0.122441 0.551166
vt 0.148652 0.554541
vt 0.144380 0.562678
vt 0.122441 0.551166
vt 0.148652 0.554541
vt 0.157425 0.559340
vt 0.144380 0.562678
vt 0.157425 0.559340
vt 0.153235 0.567325
vt 0.144380 0.562678
vt 0.157425 0.559340
vt 0.162090 0.571971
vt 0.153235 0.567325
vt 0.166198 0.564139
vt 0.162090 0.571971
vt 0.157425 0.559340
vt 0.166198 0.564139
vt 0.184029 0.583484
vt 0.162090 0.571971
vt 0.187934 0.576030
vt 0.184029 0.583484
vt 0.166198 0.564139
vt 0.122441 0.551166
vt 0.144380 0.562678
vt 0.117804 0.561368
vt 0.144380 0.562678
vt 0.140422 0.571482
vt 0.117804 0.561368
vt 0.144380 0.562678
vt 0.153235 0.567325
vt 0.140422 0.571482
vt 0.153235 0.567325
vt 0.149550 0.575565
vt 0.140422 0.571482
vt 0.153235 0.567325
vt 0.158679 0.579647
vt 0.149550 0.575565
vt 0.162090 0.571971
vt 0.158679 0.579647
vt 0.153235 0.567325
vt 0.162090 0.571971
vt 0.181296 0.589762
vt 0.158679 0.579647
vt 0.184029 0.583484
vt 0.181296 0.589762
vt 0.162090 0.571971
vt 0.117804 0.561368
vt 0.140422 0.571482
vt 0.113715 0.573307
vt 0.140422 0.571482
vt 0.137276 0.580972
vt 0.113715 0.573307
vt 0.140422 0.571482
vt 0.149550 0.575565
vt 0.137276 0.580972
vt 0.149550 0.575565
vt 0.146785 0.584065
vt 0.137276 0.580972
vt 0.149550 0.575565
vt 0.156295 0.587158
vt 0.146785 0.584065
vt 0.158679 0.579647
vt 0.156295 0.587158
vt 0.149550 0.575565
vt 0.158679 0.579647
vt 0.179855 0.594823
vt 0.156295 0.587158
vt 0.181296 0.589762
vt 0.179855 0.594823
vt 0.158679 0.579647
vt 0.113715 0.573307
vt 0.137276 0.580972
vt 0.110926 0.586000
vt 0.137276 0.580972
vt 0.135216 0.590880
vt 0.110926 0.586000
vt 0.137276 0.580972
vt 0.146785 0.584065
vt 0.135216 0.590880
vt 0.146785 0.584065
vt 0.145020 0.592850
vt 0.135216 0.590880
vt 0.146785 0.584065
vt 0.154824 0.594820
vt 0.145020 0.592850
vt 0.156295 0.587158
vt 0.154824 0.594820
vt 0.146785 0.584065
vt 0.156295 0.587158
vt 0.179115 0.599700
vt 0.154824 0.594820
vt 0.179855 0.594823
vt 0.179115 0.599700
vt 0.156295 0.587158
vt 0.110926 0.586000
vt 0.135216 0.590880
vt 0.109661 0.599352
vt 0.135216 0.590880
vt 0.134368 0.601199
vt 0.109661 0.599352
vt 0.135216 0.590880
vt 0.145020 0.592850
vt 0.134368 0.601199
vt 0.145020 0.592850
vt 0.144340 0.601945
vt 0.134368 0.601199
vt 0.145020 0.592850
vt 0.154312 0.602691
vt 0.144340 0.601945
vt 0.154824 0.594820
vt 0.154312 0.602691
vt 0.145020 0.592850
vt 0.154824 0.594820
vt 0.179019 0.604538
vt 0.154312 0.602691
vt 0.179115 0.599700
vt 0.179019 0.604538
vt 0.154824 0.594820
vt 0.109661 0.599352
vt 0.134368 0.601199
vt 0.111471 0.621872
vt 0.134368 0.601199
vt 0.136110 0.619277
vt 0.111471 0.621872
vt 0.134368 0.601199
vt 0.144340 0.601945
vt 0.136110 0.619277
vt 0.144340 0.601945
vt 0.146055 0.618230
vt 0.136110 0.619277
vt 0.144340 0.601945
vt 0.156000 0.617183
vt 0.146055 0.618230
vt 0.154312 0.602691
vt 0.156000 0.617183
vt 0.144340 0.601945
vt 0.154312 0.602691
vt 0.180640 0.614588
vt 0.156000 0.617183
vt 0.179019 0.604538
vt 0.180640 0.614588
vt 0.154312 0.602691
vt 0.111471 0.621872
vt 0.136110 0.619277
vt 0.119133 0.644969
vt 0.136110 0.619277
vt 0.142228 0.636000
vt 0.119133 0.644969
vt 0.136110 0.619277
vt 0.146055 0.618230
vt 0.142228 0.636000
vt 0.146055 0.618230
vt 0.151550 0.632380
vt 0.142228 0.636000
vt 0.146055 0.618230
vt 0.160872 0.628760
vt 0.151550 0.632380
vt 0.156000 0.617183
vt 0.160872 0.628760
vt 0.146055 0.618230
vt 0.156000 0.617183
vt 0.183967 0.619791
vt 0.160872 0.628760
vt 0.180640 0.614588
vt 0.183967 0.619791
vt 0.156000 0.617183
vt 0.119133 0.644969
vt 0.142228 0.636000
vt 0.133025 0.665487
vt 0.142228 0.636000
vt 0.152756 0.650503
vt 0.133025 0.665487
vt 0.142228 0.636000
vt 0.151550 0.632380
vt 0.152756 0.650503
vt 0.151550 0.632380
vt 0.160720 0.644455
vt 0.152756 0.650503
vt 0.151550 0.632380
vt 0.168684 0.638407
vt 0.160720 0.644455
vt 0.160872 0.628760
vt 0.168684 0.638407
vt 0.151550 0.632380
vt 0.160872 0.628760
vt 0.188415 0.623423
vt 0.168684 0.638407
vt 0.183967 0.619791
vt 0.188415 0.623423
vt 0.160872 0.628760
vt 0.133025 0.665487
vt 0.152756 0.650503
vt 0.151885 0.681803
vt 0.152756 0.650503
vt 0.167253 0.662369
vt 0.151885 0.681803
vt 0.152756 0.650503
vt 0.160720 0.644455
vt 0.167253 0.662369
vt 0.160720 0.644455
vt 0.173455 0.654525
vt 0.167253 0.662369
vt 0.160720 0.644455
vt 0.179658 0.646681
vt 0.173455 0.654525
vt 0.168684 0.638407
vt 0.179658 0.646681
vt 0.160720 0.644455
vt 0.168684 0.638407
vt 0.195025 0.627247
vt 0.179658 0.646681
vt 0.188415 0.623423
vt 0.195025 0.627247
vt 0.168684 0.638407
vt 0.151885 0.681803
vt 0.167253 0.662369
vt 0.166372 0.690434
vt 0.167253 0.662369
vt 0.178507 0.668833
vt 0.166372 0.690434
vt 0.167253 0.662369
vt 0.173455 0.654525
vt 0.178507 0.668833
vt 0.173455 0.654525
vt 0.183405 0.660115
vt 0.178507 0.668833
vt 0.173455 0.654525
vt 0.188303 0.651397
vt 0.183405 0.660115
vt 0.179658 0.646681
vt 0.188303 0.651397
vt 0.173455 0.654525
vt 0.179658 0.646681
vt 0.200439 0.629796
vt 0.188303 0.651397
vt 0.195025 0.627247
vt 0.200439 0.629796
vt 0.179658 0.646681
vt 0.166372 0.690434
vt 0.178507 0.668833
vt 0.180156 0.696544
vt 0.178507 0.668833
vt 0.189891 0.673761
vt 0.180156 0.696544
vt 0.178507 0.668833
vt 0.183405 0.660115
vt 0.189891 0.673761
vt 0.183405 0.660115
vt 0.193820 0.664565
vt 0.189891 0.673761
vt 0.183405 0.660115
vt 0.197749 0.655369
vt 0.193820 0.664565
vt 0.188303 0.651397
vt 0.197749 0.655369
vt 0.183405 0.660115
vt 0.188303 0.651397
vt 0.207484 0.632586
vt 0.197749 0.655369
vt 0.200439 0.629796
vt 0.207484 0.632586
vt 0.188303 0.651397
vt 0.180156 0.696544
vt 0.189891 0.673761
vt 0.195112 0.701086
vt 0.189891 0.673761
vt 0.201886 0.677254
vt 0.195112 0.701086
vt 0.189891 0.673761
vt 0.193820 0.664565
vt 0.201886 0.677254
vt 0.193820 0.664565
vt 0.204620 0.667635
vt 0.201886 0.677254
vt 0.193820 0.664565
vt 0.207354 0.658016
vt 0.204620 0.667635
vt 0.197749 0.655369
vt 0.207354 0.658016
vt 0.193820 0.664565
vt 0.197749 0.655369
vt 0.214129 0.634184
vt 0.207354 0.658016
vt 0.207484 0.632586
vt 0.214129 0.634184
vt 0.197749 0.655369
vt 0.195112 0.701086
vt 0.201886 0.677254
vt 0.211262 0.703559
vt 0.201886 0.677254
vt 0.214438 0.678987
vt 0.211262 0.703559
vt 0.201886 0.677254
vt 0.204620 0.667635
vt 0.214438 0.678987
vt 0.204620 0.667635
vt 0.215720 0.669070
vt 0.214438 0.678987
vt 0.204620 0.667635
vt 0.217002 0.659152
vt 0.215720 0.669070
vt 0.207354 0.658016
vt 0.217002 0.659152
vt 0.204620 0.667635
vt 0.207354 0.658016
vt 0.220179 0.634581
vt 0.217002 0.659152
vt 0.214129 0.634184
vt 0.220179 0.634581
vt 0.207354 0.658016
vt 0.211262 0.703559
vt 0.214438 0.678987
vt 0.245389 0.706852
vt 0.214438 0.678987
vt 0.247755 0.682189
vt 0.245389 0.706852
vt 0.214438 0.678987
vt 0.215720 0.669070
vt 0.247755 0.682189
vt 0.215720 0.669070
vt 0.248710 0.672235
vt 0.247755 0.682189
vt 0.215720 0.669070
vt 0.249665 0.662281
vt 0.248710 0.672235
vt 0.217002 0.659152
vt 0.249665 0.662281
vt 0.215720 0.669070
vt 0.217002 0.659152
vt 0.252031 0.637618
vt 0.249665 0.662281
vt 0.220179 0.634581
vt 0.252031 0.637618
vt 0.217002 0.659152
vt 0.245389 0.706852
vt 0.247755 0.682189
vt 0.275478 0.712025
vt 0.247755 0.682189
vt 0.279605 0.687595
vt 0.275478 0.712025
vt 0.247755 0.682189
vt 0.248710 0.672235
vt 0.279605 0.687595
vt 0.248710 0.672235
vt 0.281270 0.677735
vt 0.279605 0.687595
vt 0.248710 0.672235
vt 0.282936 0.667875
vt 0.281270 0.677735
vt 0.249665 0.662281
vt 0.282936 0.667875
vt 0.248710 0.672235
vt 0.249665 0.662281
vt 0.287062 0.643445
vt 0.282936 0.667875
vt 0.252031 0.637618
vt 0.287062 0.643445
vt 0.249665 0.662281
vt 0.275478 0.712025
vt 0.279605 0.687595
vt 0.306644 0.718433
vt 0.279605 0.687595
vt 0.311618 0.694161
vt 0.306644 0.718433
vt 0.279605 0.687595
vt 0.281270 0.677735
vt 0.311618 0.694161
vt 0.281270 0.677735
vt 0.313625 0.684365
vt 0.311618 0.694161
vt 0.281270 0.677735
vt 0.315633 0.674568
vt 0.313625 0.684365
vt 0.282936 0.667875
vt 0.315633 0.674568
vt 0.281270 0.677735
vt 0.282936 0.667875
vt 0.320606 0.650297
vt 0.315633 0.674568
vt 0.287062 0.643445
vt 0.320606 0.650297
vt 0.282936 0.667875
vt 0.306644 0.718433
vt 0.311618 0.694161
vt 0.339088 0.725008
vt 0.311618 0.694161
vt 0.344009 0.700726
vt 0.339088 0.725008
vt 0.311618 0.694161
vt 0.313625 0.684365
vt 0.344009 0.700726
vt 0.313625 0.684365
vt 0.345995 0.690925
vt 0.344009 0.700726
vt 0.313625 0.684365
vt 0.347981 0.681124
vt 0.345995 0.690925
vt 0.315633 0.674568
vt 0.347981 0.681124
vt 0.313625 0.684365
vt 0.315633 0.674568
vt 0.352902 0.656842
vt 0.347981 0.681124
vt 0.320606 0.650297
vt 0.352902 0.656842
vt 0.315633 0.674568
vt 0.339088 0.725008
vt 0.344009 0.700726
vt 0.354055 0.727640
vt 0.344009 0.700726
vt 0.358326 0.703235
vt 0.354055 0.727640
vt 0.344009 0.700726
vt 0.345995 0.690925
vt 0.358326 0.703235
vt 0.345995 0.690925
vt 0.360050 0.693385
vt 0.358326 0.703235
vt 0.345995 0.690925
vt 0.361774 0.683535
vt 0.360050 0.693385
vt 0.347981 0.681124
vt 0.361774 0.683535
vt 0.345995 0.690925
vt 0.347981 0.681124
vt 0.366046 0.659130
vt 0.361774 0.683535
vt 0.352902 0.656842
vt 0.366046 0.659130
vt 0.347981 0.681124
vt 0.354055 0.727640
vt 0.358326 0.703235
vt 0.368922 0.729914
vt 0.358326 0.703235
vt 0.372654 0.705421
vt 0.368922 0.729914
vt 0.358326 0.703235
vt 0.360050 0.693385
vt 0.372654 0.705421
vt 0.360050 0.693385
vt 0.374160 0.695535
vt 0.372654 0.705421
vt 0.360050 0.693385
vt 0.375667 0.685649
vt 0.374160 0.695535
vt 0.361774 0.683535
vt 0.375667 0.685649
vt 0.360050 0.693385
vt 0.361774 0.683535
vt 0.379399 0.661156
vt 0.375667 0.685649
vt 0.366046 0.659130
vt 0.379399 0.661156
vt 0.361774 0.683535
vt 0.368922 0.729914
vt 0.372654 0.705421
vt 0.383622 0.731918
vt 0.372654 0.705421
vt 0.386962 0.707369
vt 0.383622 0.731918
vt 0.372654 0.705421
vt 0.374160 0.695535
vt 0.386962 0.707369
vt 0.374160 0.695535
vt 0.388310 0.697460
vt 0.386962 0.707369
vt 0.374160 0.695535
vt 0.389658 0.687551
vt 0.388310 0.697460
vt 0.375667 0.685649
vt 0.389658 0.687551
vt 0.374160 0.695535
vt 0.375667 0.685649
vt 0.392998 0.663002
vt 0.389658 0.687551
vt 0.379399 0.661156
vt 0.392998 0.663002
vt 0.375667 0.685649
vt 0.383622 0.731918
vt 0.386962 0.707369
vt 0.398127 0.733748
vt 0.386962 0.707369
vt 0.401225 0.709166
vt 0.398127 0.733748
vt 0.386962 0.707369
vt 0.388310 0.697460
vt 0.401225 0.709166
vt 0.388310 0.697460
vt 0.402475 0.699245
vt 0.401225 0.709166
vt 0.388310 0.697460
vt 0.403725 0.689323
vt 0.402475 0.699245
vt 0.389658 0.687551
vt 0.403725 0.689323
vt 0.388310 0.697460
vt 0.389658 0.687551
vt 0.406823 0.664742
vt 0.403725 0.689323
vt 0.392998 0.663002
vt 0.406823 0.664742
vt 0.389658 0.687551
vt 0.398127 0.733748
vt 0.401225 0.709166
vt 0.405236 0.734297
vt 0.401225 0.709166
vt 0.406956 0.709581
vt 0.405236 0.734297
vt 0.401225 0.709166
vt 0.402475 0.699245
vt 0.406956 0.709581
vt 0.402475 0.699245
vt 0.407650 0.699605
vt 0.406956 0.709581
vt 0.402475 0.699245
vt 0.408344 0.689629
vt 0.407650 0.699605
vt 0.403725 0.689323
vt 0.408344 0.689629
vt 0.402475 0.699245
vt 0.403725 0.689323
vt 0.410064 0.664913
vt 0.408344 0.689629
vt 0.406823 0.664742
vt 0.410064 0.664913
vt 0.403725 0.689323
vt 0.405236 0.734297
vt 0.406956 0.709581
vt 0.413280 0.734318
vt 0.406956 0.709581
vt 0.412995 0.709544
vt 0.413280 0.734318
vt 0.406956 0.709581
vt 0.407650 0.699605
vt 0.412995 0.709544
vt 0.407650 0.699605
vt 0.412880 0.699545
vt 0.412995 0.709544
vt 0.407650 0.699605
vt 0.412765 0.689546
vt 0.412880 0.699545
vt 0.408344 0.689629
vt 0.412765 0.689546
vt 0.407650 0.699605
vt 0.408344 0.689629
vt 0.412481 0.664771
vt 0.412765 0.689546
vt 0.410064 0.664913
vt 0.412481 0.664771
vt 0.408344 0.689629
vt 0.413280 0.734318
vt 0.412995 0.709544
vt 0.420114 0.733964
vt 0.412995 0.709544
vt 0.418701 0.709229
vt 0.420114 0.733964
vt 0.412995 0.709544
vt 0.412880 0.699545
vt 0.418701 0.709229
vt 0.412880 0.699545
vt 0.418130 0.699245
vt 0.418701 0.709229
vt 0.412880 0.699545
vt 0.417560 0.689261
vt 0.418130 0.699245
vt 0.412765 0.689546
vt 0.417560 0.689261
vt 0.412880 0.699545
vt 0.412765 0.689546
vt 0.416146 0.664526
vt 0.417560 0.689261
vt 0.412481 0.664771
vt 0.416146 0.664526
vt 0.412765 0.689546
vt 0.420114 0.733964
vt 0.418701 0.709229
vt 0.425784 0.733572
vt 0.418701 0.709229
vt 0.424061 0.708856
vt 0.425784 0.733572
vt 0.418701 0.709229
vt 0.418130 0.699245
vt 0.424061 0.708856
vt 0.418130 0.699245
vt 0.423365 0.698880
vt 0.424061 0.708856
vt 0.418130 0.699245
vt 0.422670 0.688904
vt 0.423365 0.698880
vt 0.417560 0.689261
vt 0.422670 0.688904
vt 0.418130 0.699245
vt 0.417560 0.689261
vt 0.420946 0.664188
vt 0.422670 0.688904
vt 0.416146 0.664526
vt 0.420946 0.664188
vt 0.417560 0.689261
vt 0.425784 0.733572
vt 0.424061 0.708856
vt 0.436032 0.731354
vt 0.424061 0.708856
vt 0.428621 0.707712
vt 0.436032 0.731354
vt 0.424061 0.708856
vt 0.423365 0.698880
vt 0.428621 0.707712
vt 0.423365 0.698880
vt 0.425630 0.698170
vt 0.428621 0.707712
vt 0.423365 0.698880
vt 0.422639 0.688628
vt 0.425630 0.698170
vt 0.422670 0.688904
vt 0.422639 0.688628
vt 0.423365 0.698880
vt 0.422670 0.688904
vt 0.415228 0.664986
vt 0.422639 0.688628
vt 0.420946 0.664188
vt 0.415228 0.664986
vt 0.422670 0.688904
vt 0.436032 0.731354
vt 0.428621 0.707712
vt 0.451940 0.721014
vt 0.428621 0.707712
vt 0.434279 0.703638
vt 0.451940 0.721014
vt 0.428621 0.707712
vt 0.425630 0.698170
vt 0.434279 0.703638
vt 0.425630 0.698170
vt 0.427150 0.696625
vt 0.434279 0.703638
vt 0.425630 0.698170
vt 0.420022 0.689612
vt 0.427150 0.696625
vt 0.422639 0.688628
vt 0.420022 0.689612
vt 0.425630 0.698170
vt 0.422639 0.688628
vt 0.402360 0.672236
vt 0.420022 0.689612
vt 0.415228 0.664986
vt 0.402360 0.672236
vt 0.422639 0.688628
vt 0.451940 0.721014
vt 0.434279 0.703638
vt 0.459961 0.708361
vt 0.434279 0.703638
vt 0.437208 0.698553
vt 0.459961 0.708361
vt 0.434279 0.703638
vt 0.427150 0.696625
vt 0.437208 0.698553
vt 0.427150 0.696625
vt 0.428025 0.694595
vt 0.437208 0.698553
vt 0.427150 0.696625
vt 0.418842 0.690637
vt 0.428025 0.694595
vt 0.420022 0.689612
vt 0.418842 0.690637
vt 0.427150 0.696625
vt 0.420022 0.689612
vt 0.396090 0.680829
vt 0.418842 0.690637
vt 0.402360 0.672236
vt 0.396090 0.680829
vt 0.420022 0.689612
vt 0.459961 0.708361
vt 0.437208 0.698553
vt 0.462734 0.697670
vt 0.437208 0.698553
vt 0.438241 0.693937
vt 0.462734 0.697670
vt 0.437208 0.698553
vt 0.428025 0.694595
vt 0.438241 0.693937
vt 0.428025 0.694595
vt 0.428355 0.692430
vt 0.438241 0.693937
vt 0.428025 0.694595
vt 0.418469 0.690923
vt 0.428355 0.692430
vt 0.418842 0.690637
vt 0.418469 0.690923
vt 0.428025 0.694595
vt 0.418842 0.690637
vt 0.393976 0.687190
vt 0.418469 0.690923
vt 0.396090 0.680829
vt 0.393976 0.687190
vt 0.418842 0.690637
vt 0.462734 0.697670
vt 0.438241 0.693937
vt 0.463079 0.689495
vt 0.438241 0.693937
vt 0.438308 0.689994
vt 0.463079 0.689495
vt 0.438241 0.693937
vt 0.428355 0.692430
vt 0.438308 0.689994
vt 0.428355 0.692430
vt 0.428310 0.690195
vt 0.438308 0.689994
vt 0.428355 0.692430
vt 0.418312 0.690396
vt 0.428310 0.690195
vt 0.418469 0.690923
vt 0.418312 0.690396
vt 0.428355 0.692430
vt 0.418469 0.690923
vt 0.393541 0.690895
vt 0.418312 0.690396
vt 0.393976 0.687190
vt 0.393541 0.690895
vt 0.418469 0.690923
vt 0.463079 0.689495
vt 0.438308 0.689994
vt 0.462368 0.682777
vt 0.438308 0.689994
vt 0.437858 0.686398
vt 0.462368 0.682777
vt 0.438308 0.689994
vt 0.428310 0.690195
vt 0.437858 0.686398
vt 0.428310 0.690195
vt 0.427965 0.687860
vt 0.437858 0.686398
vt 0.428310 0.690195
vt 0.418073 0.689322
vt 0.427965 0.687860
vt 0.418312 0.690396
vt 0.418073 0.689322
vt 0.428310 0.690195
vt 0.418312 0.690396
vt 0.393563 0.692943
vt 0.418073 0.689322
vt 0.393541 0.690895
vt 0.393563 0.692943
vt 0.418312 0.690396
vt 0.462368 0.682777
vt 0.437858 0.686398
vt 0.460204 0.674636
vt 0.437858 0.686398
vt 0.436733 0.682572
vt 0.460204 0.674636
vt 0.437858 0.686398
vt 0.427965 0.687860
vt 0.436733 0.682572
vt 0.427965 0.687860
vt 0.427260 0.685775
vt 0.436733 0.682572
vt 0.427965 0.687860
vt 0.417787 0.688978
vt 0.427260 0.685775
vt 0.418073 0.689322
vt 0.417787 0.688978
vt 0.427965 0.687860
vt 0.418073 0.689322
vt 0.394317 0.696914
vt 0.417787 0.688978
vt 0.393563 0.692943
vt 0.394317 0.696914
vt 0.418073 0.689322
vt 0.460204 0.674636
vt 0.436733 0.682572
vt 0.453839 0.663271
vt 0.436733 0.682572
vt 0.434098 0.678242
vt 0.453839 0.663271
vt 0.436733 0.682572
vt 0.427260 0.685775
vt 0.434098 0.678242
vt 0.427260 0.685775
vt 0.426130 0.684285
vt 0.434098 0.678242
vt 0.427260 0.685775
vt 0.418162 0.690328
vt 0.426130 0.684285
vt 0.417787 0.688978
vt 0.418162 0.690328
vt 0.427260 0.685775
vt 0.417787 0.688978
vt 0.398422 0.705299
vt 0.418162 0.690328
vt 0.394317 0.696914
vt 0.398422 0.705299
vt 0.417787 0.688978
vt 0.453839 0.663271
vt 0.434098 0.678242
vt 0.442964 0.653633
vt 0.434098 0.678242
vt 0.428819 0.673975
vt 0.442964 0.653633
vt 0.434098 0.678242
vt 0.426130 0.684285
vt 0.428819 0.673975
vt 0.426130 0.684285
vt 0.423110 0.682185
vt 0.428819 0.673975
vt 0.426130 0.684285
vt 0.417401 0.690395
vt 0.423110 0.682185
vt 0.418162 0.690328
vt 0.417401 0.690395
vt 0.426130 0.684285
vt 0.418162 0.690328
vt 0.403257 0.710737
vt 0.417401 0.690395
vt 0.398422 0.705299
vt 0.403257 0.710737
vt 0.418162 0.690328
vt 0.442964 0.653633
vt 0.428819 0.673975
vt 0.436767 0.649986
vt 0.428819 0.673975
vt 0.424715 0.671633
vt 0.436767 0.649986
vt 0.428819 0.673975
vt 0.423110 0.682185
vt 0.424715 0.671633
vt 0.423110 0.682185
vt 0.419850 0.680370
vt 0.424715 0.671633
vt 0.423110 0.682185
vt 0.414986 0.689107
vt 0.419850 0.680370
vt 0.417401 0.690395
vt 0.414986 0.689107
vt 0.423110 0.682185
vt 0.417401 0.690395
vt 0.402934 0.710754
vt 0.414986 0.689107
vt 0.403257 0.710737
vt 0.402934 0.710754
vt 0.417401 0.690395
vt 0.436767 0.649986
vt 0.424715 0.671633
vt 0.431159 0.647270
vt 0.424715 0.671633
vt 0.420676 0.669719
vt 0.431159 0.647270
vt 0.424715 0.671633
vt 0.419850 0.680370
vt 0.420676 0.669719
vt 0.419850 0.680370
vt 0.416445 0.678780
vt 0.420676 0.669719
vt 0.419850 0.680370
vt 0.412214 0.687841
vt 0.416445 0.678780
vt 0.414986 0.689107
vt 0.412214 0.687841
vt 0.419850 0.680370
vt 0.414986 0.689107
vt 0.401731 0.710289
vt 0.412214 0.687841
vt 0.402934 0.710754
vt 0.401731 0.710289
vt 0.414986 0.689107
vt 0.431159 0.647270
vt 0.420676 0.669719
vt 0.426328 0.645229
vt 0.420676 0.669719
vt 0.416826 0.668110
vt 0.426328 0.645229
vt 0.420676 0.669719
vt 0.416445 0.678780
vt 0.416826 0.668110
vt 0.416445 0.678780
vt 0.412990 0.677345
vt 0.416826 0.668110
vt 0.416445 0.678780
vt 0.409155 0.686580
vt 0.412990 0.677345
vt 0.412214 0.687841
vt 0.409155 0.686580
vt 0.416445 0.678780
vt 0.412214 0.687841
vt 0.399652 0.709461
vt 0.409155 0.686580
vt 0.401731 0.710289
vt 0.399652 0.709461
vt 0.412214 0.687841
vt 0.426328 0.645229
vt 0.416826 0.668110
vt 0.410421 0.638929
vt 0.416826 0.668110
vt 0.401305 0.661967
vt 0.410421 0.638929
vt 0.416826 0.668110
vt 0.412990 0.677345
vt 0.401305 0.661967
vt 0.412990 0.677345
vt 0.397625 0.671265
vt 0.401305 0.661967
vt 0.412990 0.677345
vt 0.393946 0.680563
vt 0.397625 0.671265
vt 0.409155 0.686580
vt 0.393946 0.680563
vt 0.412990 0.677345
vt 0.409155 0.686580
vt 0.384830 0.703601
vt 0.393946 0.680563
vt 0.399652 0.709461
vt 0.384830 0.703601
vt 0.409155 0.686580
vt 0.410421 0.638929
vt 0.401305 0.661967
vt 0.394904 0.632859
vt 0.401305 0.661967
vt 0.385878 0.655932
vt 0.394904 0.632859
vt 0.401305 0.661967
vt 0.397625 0.671265
vt 0.385878 0.655932
vt 0.397625 0.671265
vt 0.382235 0.665245
vt 0.385878 0.655932
vt 0.397625 0.671265
vt 0.378592 0.674558
vt 0.382235 0.665245
vt 0.393946 0.680563
vt 0.378592 0.674558
vt 0.397625 0.671265
vt 0.393946 0.680563
vt 0.369567 0.697631
vt 0.378592 0.674558
vt 0.384830 0.703601
vt 0.369567 0.697631
vt 0.393946 0.680563
vt 0.394904 0.632859
vt 0.385878 0.655932
vt 0.379478 0.626842
vt 0.385878 0.655932
vt 0.370474 0.649924
vt 0.379478 0.626842
vt 0.385878 0.655932
vt 0.382235 0.665245
vt 0.370474 0.649924
vt 0.382235 0.665245
vt 0.366840 0.659240
vt 0.370474 0.649924
vt 0.382235 0.665245
vt 0.363206 0.668556
vt 0.366840 0.659240
vt 0.378592 0.674558
vt 0.363206 0.668556
vt 0.382235 0.665245
vt 0.378592 0.674558
vt 0.354203 0.691638
vt 0.363206 0.668556
vt 0.369567 0.697631
vt 0.354203 0.691638
vt 0.378592 0.674558
vt 0.379478 0.626842
vt 0.370474 0.649924
vt 0.364145 0.620832
vt 0.370474 0.649924
vt 0.355104 0.643900
vt 0.364145 0.620832
vt 0.370474 0.649924
vt 0.366840 0.659240
vt 0.355104 0.643900
vt 0.366840 0.659240
vt 0.351455 0.653210
vt 0.355104 0.643900
vt 0.366840 0.659240
vt 0.347806 0.662520
vt 0.351455 0.653210
vt 0.363206 0.668556
vt 0.347806 0.662520
vt 0.366840 0.659240
vt 0.363206 0.668556
vt 0.338765 0.685588
vt 0.347806 0.662520
vt 0.354203 0.691638
vt 0.338765 0.685588
vt 0.363206 0.668556
vt 0.364145 0.620832
vt 0.355104 0.643900
vt 0.355128 0.617058
vt 0.355104 0.643900
vt 0.345583 0.639922
vt 0.355128 0.617058
vt 0.355104 0.643900
vt 0.351455 0.653210
vt 0.345583 0.639922
vt 0.351455 0.653210
vt 0.341730 0.649150
vt 0.345583 0.639922
vt 0.351455 0.653210
vt 0.337878 0.658378
vt 0.341730 0.649150
vt 0.347806 0.662520
vt 0.337878 0.658378
vt 0.351455 0.653210
vt 0.347806 0.662520
vt 0.328332 0.681241
vt 0.337878 0.658378
vt 0.338765 0.685588
vt 0.328332 0.681241
vt 0.347806 0.662520
vt 0.355128 0.617058
vt 0.345583 0.639922
vt 0.347169 0.613229
vt 0.345583 0.639922
vt 0.336529 0.635604
vt 0.347169 0.613229
vt 0.345583 0.639922
vt 0.341730 0.649150
vt 0.336529 0.635604
vt 0.341730 0.649150
vt 0.332235 0.644635
vt 0.336529 0.635604
vt 0.341730 0.649150
vt 0.327941 0.653666
vt 0.332235 0.644635
vt 0.337878 0.658378
vt 0.327941 0.653666
vt 0.341730 0.649150
vt 0.337878 0.658378
vt 0.317301 0.676041
vt 0.327941 0.653666
vt 0.328332 0.681241
vt 0.317301 0.676041
vt 0.337878 0.658378
vt 0.347169 0.613229
vt 0.336529 0.635604
vt 0.339795 0.609102
vt 0.336529 0.635604
vt 0.327851 0.630809
vt 0.339795 0.609102
vt 0.336529 0.635604
vt 0.332235 0.644635
vt 0.327851 0.630809
vt 0.332235 0.644635
vt 0.323030 0.639570
vt 0.327851 0.630809
vt 0.332235 0.644635
vt 0.318209 0.648331
vt 0.323030 0.639570
vt 0.327941 0.653666
vt 0.318209 0.648331
vt 0.332235 0.644635
vt 0.327941 0.653666
vt 0.306265 0.670038
vt 0.318209 0.648331
vt 0.317301 0.676041
vt 0.306265 0.670038
vt 0.327941 0.653666
vt 0.339795 0.609102
vt 0.327851 0.630809
vt 0.333022 0.604636
vt 0.327851 0.630809
vt 0.319598 0.625460
vt 0.333022 0.604636
vt 0.327851 0.630809
vt 0.323030 0.639570
vt 0.319598 0.625460
vt 0.323030 0.639570
vt 0.314180 0.633865
vt 0.319598 0.625460
vt 0.323030 0.639570
vt 0.308762 0.642270
vt 0.314180 0.633865
vt 0.318209 0.648331
vt 0.308762 0.642270
vt 0.323030 0.639570
vt 0.318209 0.648331
vt 0.295338 0.663094
vt 0.308762 0.642270
vt 0.306265 0.670038
vt 0.295338 0.663094
vt 0.318209 0.648331
vt 0.333022 0.604636
vt 0.319598 0.625460
vt 0.329530 0.602087
vt 0.319598 0.625460
vt 0.315114 0.622237
vt 0.329530 0.602087
vt 0.319598 0.625460
vt 0.314180 0.633865
vt 0.315114 0.622237
vt 0.314180 0.633865
vt 0.309295 0.630370
vt 0.315114 0.622237
vt 0.314180 0.633865
vt 0.303476 0.638503
vt 0.309295 0.630370
vt 0.308762 0.642270
vt 0.303476 0.638503
vt 0.314180 0.633865
vt 0.308762 0.642270
vt 0.289060 0.658653
vt 0.303476 0.638503
vt 0.295338 0.663094
vt 0.289060 0.658653
vt 0.308762 0.642270
vt 0.329530 0.602087
vt 0.315114 0.622237
vt 0.325527 0.599031
vt 0.315114 0.622237
vt 0.310547 0.618765
vt 0.325527 0.599031
vt 0.315114 0.622237
vt 0.309295 0.630370
vt 0.310547 0.618765
vt 0.309295 0.630370
vt 0.304500 0.626730
vt 0.310547 0.618765
vt 0.309295 0.630370
vt 0.298454 0.634695
vt 0.304500 0.626730
vt 0.303476 0.638503
vt 0.298454 0.634695
vt 0.309295 0.630370
vt 0.303476 0.638503
vt 0.283473 0.654429
vt 0.298454 0.634695
vt 0.289060 0.658653
vt 0.283473 0.654429
vt 0.303476 0.638503
vt 0.325527 0.599031
vt 0.310547 0.618765
vt 0.322000 0.596083
vt 0.310547 0.618765
vt 0.306230 0.615192
vt 0.322000 0.596083
vt 0.310547 0.618765
vt 0.304500 0.626730
vt 0.306230 0.615192
vt 0.304500 0.626730
vt 0.299865 0.622905
vt 0.306230 0.615192
vt 0.304500 0.626730
vt 0.293500 0.630618
vt 0.299865 0.622905
vt 0.298454 0.634695
vt 0.293500 0.630618
vt 0.304500 0.626730
vt 0.298454 0.634695
vt 0.277730 0.649727
vt 0.293500 0.630618
vt 0.283473 0.654429
vt 0.277730 0.649727
vt 0.298454 0.634695
vt 0.322000 0.596083
vt 0.306230 0.615192
vt 0.318978 0.593241
vt 0.306230 0.615192
vt 0.302219 0.611490
vt 0.318978 0.593241
vt 0.306230 0.615192
vt 0.299865 0.622905
vt 0.302219 0.611490
vt 0.299865 0.622905
vt 0.295455 0.618855
vt 0.302219 0.611490
vt 0.299865 0.622905
vt 0.288691 0.626220
vt 0.295455 0.618855
vt 0.293500 0.630618
vt 0.288691 0.626220
vt 0.299865 0.622905
vt 0.293500 0.630618
vt 0.271933 0.644468
vt 0.288691 0.626220
vt 0.277730 0.649727
vt 0.271933 0.644468
vt 0.293500 0.630618
vt 0.318978 0.593241
vt 0.302219 0.611490
vt 0.313493 0.586429
vt 0.302219 0.611490
vt 0.294654 0.602520
vt 0.313493 0.586429
vt 0.302219 0.611490
vt 0.295455 0.618855
vt 0.294654 0.602520
vt 0.295455 0.618855
vt 0.287050 0.609015
vt 0.294654 0.602520
vt 0.295455 0.618855
vt 0.279446 0.615510
vt 0.287050 0.609015
vt 0.288691 0.626220
vt 0.279446 0.615510
vt 0.295455 0.618855
vt 0.288691 0.626220
vt 0.260607 0.631601
vt 0.279446 0.615510
vt 0.271933 0.644468
vt 0.260607 0.631601
vt 0.288691 0.626220
vt 0.313493 0.586429
vt 0.294654 0.602520
vt 0.311240 0.581086
vt 0.294654 0.602520
vt 0.289646 0.593232
vt 0.311240 0.581086
vt 0.294654 0.602520
vt 0.287050 0.609015
vt 0.289646 0.593232
vt 0.287050 0.609015
vt 0.280930 0.598135
vt 0.289646 0.593232
vt 0.287050 0.609015
vt 0.272214 0.603037
vt 0.280930 0.598135
vt 0.279446 0.615510
vt 0.272214 0.603037
vt 0.287050 0.609015
vt 0.279446 0.615510
vt 0.250620 0.615184
vt 0.272214 0.603037
vt 0.260607 0.631601
vt 0.250620 0.615184
vt 0.279446 0.615510
vt 0.311240 0.581086
vt 0.289646 0.593232
vt 0.310304 0.575699
vt 0.289646 0.593232
vt 0.286684 0.583177
vt 0.310304 0.575699
vt 0.289646 0.593232
vt 0.280930 0.598135
vt 0.286684 0.583177
vt 0.280930 0.598135
vt 0.277150 0.586195
vt 0.286684 0.583177
vt 0.280930 0.598135
vt 0.267616 0.589213
vt 0.277150 0.586195
vt 0.272214 0.603037
vt 0.267616 0.589213
vt 0.280930 0.598135
vt 0.272214 0.603037
vt 0.243996 0.596691
vt 0.267616 0.589213
vt 0.250620 0.615184
vt 0.243996 0.596691
vt 0.272214 0.603037
vt 0.310304 0.575699
vt 0.286684 0.583177
vt 0.310339 0.569487
vt 0.286684 0.583177
vt 0.285704 0.572118
vt 0.310339 0.569487
vt 0.286684 0.583177
vt 0.277150 0.586195
vt 0.285704 0.572118
vt 0.277150 0.586195
vt 0.275760 0.573180
vt 0.285704 0.572118
vt 0.277150 0.586195
vt 0.265817 0.574242
vt 0.275760 0.573180
vt 0.267616 0.589213
vt 0.265817 0.574242
vt 0.277150 0.586195
vt 0.267616 0.589213
vt 0.241181 0.576873
vt 0.265817 0.574242
vt 0.243996 0.596691
vt 0.241181 0.576873
vt 0.267616 0.589213
vt 0.310339 0.569487
vt 0.285704 0.572118
vt 0.311155 0.560360
vt 0.285704 0.572118
vt 0.286405 0.559234
vt 0.311155 0.560360
vt 0.285704 0.572118
vt 0.275760 0.573180
vt 0.286405 0.559234
vt 0.275760 0.573180
vt 0.276415 0.558780
vt 0.286405 0.559234
vt 0.275760 0.573180
vt 0.266425 0.558326
vt 0.276415 0.558780
vt 0.265817 0.574242
vt 0.266425 0.558326
vt 0.275760 0.573180
vt 0.265817 0.574242
vt 0.241675 0.557200
vt 0.266425 0.558326
vt 0.241181 0.576873
vt 0.241675 0.557200
vt 0.265817 0.574242
vt 0.311155 0.560360
vt 0.286405 0.559234
vt 0.313097 0.550809
vt 0.286405 0.559234
vt 0.288687 0.546567
vt 0.313097 0.550809
vt 0.286405 0.559234
vt 0.276415 0.558780
vt 0.288687 0.546567
vt 0.276415 0.558780
vt 0.278835 0.544855
vt 0.288687 0.546567
vt 0.276415 0.558780
vt 0.268983 0.543143
vt 0.278835 0.544855
vt 0.266425 0.558326
vt 0.268983 0.543143
vt 0.276415 0.558780
vt 0.266425 0.558326
vt 0.244573 0.538900
vt 0.268983 0.543143
vt 0.241675 0.557200
vt 0.244573 0.538900
vt 0.266425 0.558326
vt 0.313097 0.550809
vt 0.288687 0.546567
vt 0.316255 0.541981
vt 0.288687 0.546567
vt 0.292652 0.534450
vt 0.316255 0.541981
vt 0.288687 0.546567
vt 0.278835 0.544855
vt 0.292652 0.534450
vt 0.278835 0.544855
vt 0.283125 0.531410
vt 0.292652 0.534450
vt 0.278835 0.544855
vt 0.273598 0.528370
vt 0.283125 0.531410
vt 0.268983 0.543143
vt 0.273598 0.528370
vt 0.278835 0.544855
vt 0.268983 0.543143
vt 0.249995 0.520839
vt 0.273598 0.528370
vt 0.244573 0.538900
vt 0.249995 0.520839
vt 0.268983 0.543143
vt 0.316255 0.541981
vt 0.292652 0.534450
vt 0.320700 0.533585
vt 0.292652 0.534450
vt 0.298393 0.522802
vt 0.320700 0.533585
vt 0.292652 0.534450
vt 0.283125 0.531410
vt 0.298393 0.522802
vt 0.283125 0.531410
vt 0.289390 0.518450
vt 0.298393 0.522802
vt 0.283125 0.531410
vt 0.280387 0.514098
vt 0.289390 0.518450
vt 0.273598 0.528370
vt 0.280387 0.514098
vt 0.283125 0.531410
vt 0.273598 0.528370
vt 0.258081 0.503315
vt 0.280387 0.514098
vt 0.249995 0.520839
vt 0.258081 0.503315
vt 0.273598 0.528370
vt 0.320700 0.533585
vt 0.298393 0.522802
vt 0.317318 0.539521
vt 0.298393 0.522802
vt 0.299288 0.522528
vt 0.317318 0.539521
vt 0.298393 0.522802
vt 0.289390 0.518450
vt 0.299288 0.522528
vt 0.289390 0.518450
vt 0.292010 0.515670
vt 0.299288 0.522528
vt 0.289390 0.518450
vt 0.284733 0.508811
vt 0.292010 0.515670
vt 0.280387 0.514098
vt 0.284733 0.508811
vt 0.289390 0.518450
vt 0.280387 0.514098
vt 0.266702 0.491819
vt 0.284733 0.508811
vt 0.258081 0.503315
vt 0.266702 0.491819
vt 0.280387 0.514098
vt 0.317318 0.539521
vt 0.299288 0.522528
vt 0.308668 0.546427
vt 0.299288 0.522528
vt 0.299279 0.523499
vt 0.308668 0.546427
vt 0.299288 0.522528
vt 0.292010 0.515670
vt 0.299279 0.523499
vt 0.292010 0.515670
vt 0.295490 0.514245
vt 0.299279 0.523499
vt 0.292010 0.515670
vt 0.291701 0.504991
vt 0.295490 0.514245
vt 0.284733 0.508811
vt 0.291701 0.504991
vt 0.292010 0.515670
vt 0.284733 0.508811
vt 0.282312 0.482063
vt 0.291701 0.504991
vt 0.266702 0.491819
vt 0.282312 0.482063
vt 0.284733 0.508811
vt 0.308668 0.546427
vt 0.299279 0.523499
vt 0.297971 0.549122
vt 0.299279 0.523499
vt 0.298790 0.524359
vt 0.297971 0.549122
vt 0.299279 0.523499
vt 0.295490 0.514245
vt 0.298790 0.524359
vt 0.295490 0.514245
vt 0.299120 0.514365
vt 0.298790 0.524359
vt 0.295490 0.514245
vt 0.299450 0.504370
vt 0.299120 0.514365
vt 0.291701 0.504991
vt 0.299450 0.504370
vt 0.295490 0.514245
vt 0.291701 0.504991
vt 0.300269 0.479608
vt 0.299450 0.504370
vt 0.282312 0.482063
vt 0.300269 0.479608
vt 0.291701 0.504991
vt 0.297971 0.549122
vt 0.298790 0.524359
vt 0.284188 0.545975
vt 0.298790 0.524359
vt 0.297006 0.524773
vt 0.284188 0.545975
vt 0.298790 0.524359
vt 0.299120 0.514365
vt 0.297006 0.524773
vt 0.299120 0.514365
vt 0.302180 0.516215
vt 0.297006 0.524773
vt 0.299120 0.514365
vt 0.307354 0.507657
vt 0.302180 0.516215
vt 0.299450 0.504370
vt 0.307354 0.507657
vt 0.299120 0.514365
vt 0.299450 0.504370
vt 0.320172 0.486455
vt 0.307354 0.507657
vt 0.300269 0.479608
vt 0.320172 0.486455
vt 0.299450 0.504370
vt 0.284188 0.545975
vt 0.297006 0.524773
vt 0.283450 0.547348
vt 0.297006 0.524773
vt 0.301824 0.530728
vt 0.283450 0.547348
vt 0.297006 0.524773
vt 0.302180 0.516215
vt 0.301824 0.530728
vt 0.302180 0.516215
vt 0.309240 0.524020
vt 0.301824 0.530728
vt 0.302180 0.516215
vt 0.316656 0.517312
vt 0.309240 0.524020
vt 0.307354 0.507657
vt 0.316656 0.517312
vt 0.302180 0.516215
vt 0.307354 0.507657
vt 0.335030 0.500691
vt 0.316656 0.517312
vt 0.320172 0.486455
vt 0.335030 0.500691
vt 0.307354 0.507657
vt 0.283450 0.547348
vt 0.301824 0.530728
vt 0.290291 0.555021
vt 0.301824 0.530728
vt 0.308782 0.538531
vt 0.290291 0.555021
vt 0.301824 0.530728
vt 0.309240 0.524020
vt 0.308782 0.538531
vt 0.309240 0.524020
vt 0.316245 0.531875
vt 0.308782 0.538531
vt 0.309240 0.524020
vt 0.323708 0.525219
vt 0.316245 0.531875
vt 0.316656 0.517312
vt 0.323708 0.525219
vt 0.309240 0.524020
vt 0.316656 0.517312
vt 0.342199 0.508729
vt 0.323708 0.525219
vt 0.335030 0.500691
vt 0.342199 0.508729
vt 0.316656 0.517312
vt 0.290291 0.555021
vt 0.308782 0.538531
vt 0.297241 0.562842
vt 0.308782 0.538531
vt 0.315760 0.546383
vt 0.297241 0.562842
vt 0.308782 0.538531
vt 0.316245 0.531875
vt 0.315760 0.546383
vt 0.316245 0.531875
vt 0.323235 0.539740
vt 0.315760 0.546383
vt 0.316245 0.531875
vt 0.330710 0.533097
vt 0.323235 0.539740
vt 0.323708 0.525219
vt 0.330710 0.533097
vt 0.316245 0.531875
vt 0.323708 0.525219
vt 0.349229 0.516638
vt 0.330710 0.533097
vt 0.342199 0.508729
vt 0.349229 0.516638
vt 0.323708 0.525219
vt 0.297241 0.562842
vt 0.315760 0.546383
vt 0.304368 0.570790
vt 0.315760 0.546383
vt 0.322815 0.554251
vt 0.304368 0.570790
vt 0.315760 0.546383
vt 0.323235 0.539740
vt 0.322815 0.554251
vt 0.323235 0.539740
vt 0.330260 0.547575
vt 0.322815 0.554251
vt 0.323235 0.539740
vt 0.337706 0.540899
vt 0.330260 0.547575
vt 0.330710 0.533097
vt 0.337706 0.540899
vt 0.323235 0.539740
vt 0.330710 0.533097
vt 0.356152 0.524360
vt 0.337706 0.540899
vt 0.349229 0.516638
vt 0.356152 0.524360
vt 0.330710 0.533097
vt 0.304368 0.570790
vt 0.322815 0.554251
vt 0.311915 0.579199
vt 0.322815 0.554251
vt 0.330353 0.562650
vt 0.311915 0.579199
vt 0.322815 0.554251
vt 0.330260 0.547575
vt 0.330353 0.562650
vt 0.330260 0.547575
vt 0.337795 0.555970
vt 0.330353 0.562650
vt 0.330260 0.547575
vt 0.345237 0.549290
vt 0.337795 0.555970
vt 0.337706 0.540899
vt 0.345237 0.549290
vt 0.330260 0.547575
vt 0.337706 0.540899
vt 0.363675 0.532741
vt 0.345237 0.549290
vt 0.356152 0.524360
vt 0.363675 0.532741
vt 0.337706 0.540899
vt 0.311915 0.579199
vt 0.330353 0.562650
vt 0.319463 0.587602
vt 0.330353 0.562650
vt 0.337895 0.571047
vt 0.319463 0.587602
vt 0.330353 0.562650
vt 0.337795 0.555970
vt 0.337895 0.571047
vt 0.337795 0.555970
vt 0.345335 0.564365
vt 0.337895 0.571047
vt 0.337795 0.555970
vt 0.352775 0.557683
vt 0.345335 0.564365
vt 0.345237 0.549290
vt 0.352775 0.557683
vt 0.337795 0.555970
vt 0.345237 0.549290
vt 0.371208 0.541128
vt 0.352775 0.557683
vt 0.363675 0.532741
vt 0.371208 0.541128
vt 0.345237 0.549290
vt 0.319463 0.587602
vt 0.337895 0.571047
vt 0.327383 0.596211
vt 0.337895 0.571047
vt 0.345612 0.579432
vt 0.327383 0.596211
vt 0.337895 0.571047
vt 0.345335 0.564365
vt 0.345612 0.579432
vt 0.345335 0.564365
vt 0.352970 0.572660
vt 0.345612 0.579432
vt 0.345335 0.564365
vt 0.360328 0.565888
vt 0.352970 0.572660
vt 0.352775 0.557683
vt 0.360328 0.565888
vt 0.345335 0.564365
vt 0.352775 0.557683
vt 0.378557 0.549109
vt 0.360328 0.565888
vt 0.371208 0.541128
vt 0.378557 0.549109
vt 0.352775 0.557683
vt 0.327383 0.596211
vt 0.345612 0.579432
vt 0.335777 0.604919
vt 0.345612 0.579432
vt 0.353601 0.587711
vt 0.335777 0.604919
vt 0.345612 0.579432
vt 0.352970 0.572660
vt 0.353601 0.587711
vt 0.352970 0.572660
vt 0.360795 0.580765
vt 0.353601 0.587711
vt 0.352970 0.572660
vt 0.367989 0.573819
vt 0.360795 0.580765
vt 0.360328 0.565888
vt 0.367989 0.573819
vt 0.352970 0.572660
vt 0.360328 0.565888
vt 0.385814 0.556611
vt 0.367989 0.573819
vt 0.378557 0.549109
vt 0.385814 0.556611
vt 0.360328 0.565888
vt 0.335777 0.604919
vt 0.353601 0.587711
vt 0.347469 0.615347
vt 0.353601 0.587711
vt 0.363820 0.596733
vt 0.347469 0.615347
vt 0.353601 0.587711
vt 0.360795 0.580765
vt 0.363820 0.596733
vt 0.360795 0.580765
vt 0.370420 0.589220
vt 0.363820 0.596733
vt 0.360795 0.580765
vt 0.377020 0.581707
vt 0.370420 0.589220
vt 0.367989 0.573819
vt 0.377020 0.581707
vt 0.360795 0.580765
vt 0.367989 0.573819
vt 0.393371 0.563093
vt 0.377020 0.581707
vt 0.385814 0.556611
vt 0.393371 0.563093
vt 0.367989 0.573819
vt 0.347469 0.615347
vt 0.363820 0.596733
vt 0.361734 0.625183
vt 0.363820 0.596733
vt 0.375421 0.604531
vt 0.361734 0.625183
vt 0.363820 0.596733
vt 0.370420 0.589220
vt 0.375421 0.604531
vt 0.370420 0.589220
vt 0.380945 0.596195
vt 0.375421 0.604531
vt 0.370420 0.589220
vt 0.386469 0.587859
vt 0.380945 0.596195
vt 0.377020 0.581707
vt 0.386469 0.587859
vt 0.370420 0.589220
vt 0.377020 0.581707
vt 0.400156 0.567207
vt 0.386469 0.587859
vt 0.393371 0.563093
vt 0.400156 0.567207
vt 0.377020 0.581707
vt 0.361734 0.625183
vt 0.375421 0.604531
vt 0.377243 0.633023
vt 0.375421 0.604531
vt 0.388013 0.610711
vt 0.377243 0.633023
vt 0.375421 0.604531
vt 0.380945 0.596195
vt 0.388013 0.610711
vt 0.380945 0.596195
vt 0.392360 0.601705
vt 0.388013 0.610711
vt 0.380945 0.596195
vt 0.396707 0.592699
vt 0.392360 0.601705
vt 0.386469 0.587859
vt 0.396707 0.592699
vt 0.380945 0.596195
vt 0.386469 0.587859
vt 0.407477 0.570387
vt 0.396707 0.592699
vt 0.400156 0.567207
vt 0.407477 0.570387
vt 0.386469 0.587859
vt 0.377243 0.633023
vt 0.388013 0.610711
vt 0.393760 0.638788
vt 0.388013 0.610711
vt 0.401526 0.615261
vt 0.393760 0.638788
vt 0.388013 0.610711
vt 0.392360 0.601705
vt 0.401526 0.615261
vt 0.392360 0.601705
vt 0.404660 0.605765
vt 0.401526 0.615261
vt 0.392360 0.601705
vt 0.407795 0.596269
vt 0.404660 0.605765
vt 0.396707 0.592699
vt 0.407795 0.596269
vt 0.392360 0.601705
vt 0.396707 0.592699
vt 0.415561 0.572742
vt 0.407795 0.596269
vt 0.407477 0.570387
vt 0.415561 0.572742
vt 0.396707 0.592699
vt 0.393760 0.638788
vt 0.401526 0.615261
vt 0.407177 0.641828
vt 0.401526 0.615261
vt 0.412270 0.617581
vt 0.407177 0.641828
vt 0.401526 0.615261
vt 0.404660 0.605765
vt 0.412270 0.617581
vt 0.404660 0.605765
vt 0.414325 0.607795
vt 0.412270 0.617581
vt 0.404660 0.605765
vt 0.416381 0.598009
vt 0.414325 0.607795
vt 0.407795 0.596269
vt 0.416381 0.598009
vt 0.404660 0.605765
vt 0.407795 0.596269
vt 0.421473 0.573762
vt 0.416381 0.598009
vt 0.415561 0.572742
vt 0.421473 0.573762
vt 0.407795 0.596269
vt 0.407177 0.641828
vt 0.412270 0.617581
vt 0.420628 0.643333
vt 0.412270 0.617581
vt 0.422988 0.618670
vt 0.420628 0.643333
vt 0.412270 0.617581
vt 0.414325 0.607795
vt 0.422988 0.618670
vt 0.414325 0.607795
vt 0.423940 0.608715
vt 0.422988 0.618670
vt 0.414325 0.607795
vt 0.424893 0.598760
vt 0.423940 0.608715
vt 0.416381 0.598009
vt 0.424893 0.598760
vt 0.414325 0.607795
vt 0.416381 0.598009
vt 0.427252 0.574097
vt 0.424893 0.598760
vt 0.421473 0.573762
vt 0.427252 0.574097
vt 0.416381 0.598009
vt 0.420628 0.643333
vt 0.422988 0.618670
vt 0.434720 0.643152
vt 0.422988 0.618670
vt 0.433897 0.618389
vt 0.434720 0.643152
vt 0.422988 0.618670
vt 0.423940 0.608715
vt 0.433897 0.618389
vt 0.423940 0.608715
vt 0.433565 0.608395
vt 0.433897 0.618389
vt 0.423940 0.608715
vt 0.433233 0.598401
vt 0.433565 0.608395
vt 0.424893 0.598760
vt 0.433233 0.598401
vt 0.423940 0.608715
vt 0.424893 0.598760
vt 0.432410 0.573638
vt 0.433233 0.598401
vt 0.427252 0.574097
vt 0.432410 0.573638
vt 0.424893 0.598760
vt 0.434720 0.643152
vt 0.433897 0.618389
vt 0.449228 0.640963
vt 0.433897 0.618389
vt 0.444969 0.616556
vt 0.449228 0.640963
vt 0.433897 0.618389
vt 0.433565 0.608395
vt 0.444969 0.616556
vt 0.433565 0.608395
vt 0.443250 0.606705
vt 0.444969 0.616556
vt 0.433565 0.608395
vt 0.441531 0.596854
vt 0.443250 0.606705
vt 0.433233 0.598401
vt 0.441531 0.596854
vt 0.433565 0.608395
vt 0.433233 0.598401
vt 0.437272 0.572447
vt 0.441531 0.596854
vt 0.432410 0.573638
vt 0.437272 0.572447
vt 0.433233 0.598401
vt 0.449228 0.640963
vt 0.444969 0.616556
vt 0.458194 0.638828
vt 0.444969 0.616556
vt 0.452228 0.614781
vt 0.458194 0.638828
vt 0.444969 0.616556
vt 0.443250 0.606705
vt 0.452228 0.614781
vt 0.443250 0.606705
vt 0.449820 0.605075
vt 0.452228 0.614781
vt 0.443250 0.606705
vt 0.447412 0.595369
vt 0.449820 0.605075
vt 0.441531 0.596854
vt 0.447412 0.595369
vt 0.443250 0.606705
vt 0.441531 0.596854
vt 0.441446 0.571322
vt 0.447412 0.595369
vt 0.437272 0.572447
vt 0.441446 0.571322
vt 0.441531 0.596854
vt 0.458194 0.638828
vt 0.452228 0.614781
vt 0.464519 0.637311
vt 0.452228 0.614781
vt 0.458738 0.613219
vt 0.464519 0.637311
vt 0.452228 0.614781
vt 0.449820 0.605075
vt 0.458738 0.613219
vt 0.449820 0.605075
vt 0.456405 0.603495
vt 0.458738 0.613219
vt 0.449820 0.605075
vt 0.454072 0.593771
vt 0.456405 0.603495
vt 0.447412 0.595369
vt 0.454072 0.593771
vt 0.449820 0.605075
vt 0.447412 0.595369
vt 0.448291 0.569679
vt 0.454072 0.593771
vt 0.441446 0.571322
vt 0.448291 0.569679
vt 0.447412 0.595369
vt 0.464519 0.637311
vt 0.458738 0.613219
vt 0.470614 0.635949
vt 0.458738 0.613219
vt 0.465197 0.611773
vt 0.470614 0.635949
vt 0.458738 0.613219
vt 0.456405 0.603495
vt 0.465197 0.611773
vt 0.456405 0.603495
vt 0.463010 0.602015
vt 0.465197 0.611773
vt 0.456405 0.603495
vt 0.460824 0.592257
vt 0.463010 0.602015
vt 0.454072 0.593771
vt 0.460824 0.592257
vt 0.456405 0.603495
vt 0.454072 0.593771
vt 0.455406 0.568081
vt 0.460824 0.592257
vt 0.448291 0.569679
vt 0.455406 0.568081
vt 0.454072 0.593771
vt 0.470614 0.635949
vt 0.465197 0.611773
vt 0.476455 0.634792
vt 0.465197 0.611773
vt 0.471600 0.610496
vt 0.476455 0.634792
vt 0.465197 0.611773
vt 0.463010 0.602015
vt 0.471600 0.610496
vt 0.463010 0.602015
vt 0.469640 0.600690
vt 0.471600 0.610496
vt 0.463010 0.602015
vt 0.467680 0.590884
vt 0.469640 0.600690
vt 0.460824 0.592257
vt 0.467680 0.590884
vt 0.463010 0.602015
vt 0.460824 0.592257
vt 0.462825 0.566588
vt 0.467680 0.590884
vt 0.455406 0.568081
vt 0.462825 0.566588
vt 0.460824 0.592257
vt 0.476455 0.634792
vt 0.471600 0.610496
vt 0.479562 0.635295
vt 0.471600 0.610496
vt 0.479122 0.610523
vt 0.479562 0.635295
vt 0.471600 0.610496
vt 0.469640 0.600690
vt 0.479122 0.610523
vt 0.469640 0.600690
vt 0.478945 0.600525
vt 0.479122 0.610523
vt 0.469640 0.600690
vt 0.478768 0.590527
vt 0.478945 0.600525
vt 0.467680 0.590884
vt 0.478768 0.590527
vt 0.469640 0.600690
vt 0.467680 0.590884
vt 0.478328 0.565755
vt 0.478768 0.590527
vt 0.462825 0.566588
vt 0.478328 0.565755
vt 0.467680 0.590884
vt 0.479562 0.635295
vt 0.479122 0.610523
vt 0.476713 0.636367
vt 0.479122 0.610523
vt 0.484373 0.612805
vt 0.476713 0.636367
vt 0.479122 0.610523
vt 0.478945 0.600525
vt 0.484373 0.612805
vt 0.478945 0.600525
vt 0.487465 0.603295
vt 0.484373 0.612805
vt 0.478945 0.600525
vt 0.490557 0.593785
vt 0.487465 0.603295
vt 0.478768 0.590527
vt 0.490557 0.593785
vt 0.478945 0.600525
vt 0.478768 0.590527
vt 0.498217 0.570223
vt 0.490557 0.593785
vt 0.478328 0.565755
vt 0.498217 0.570223
vt 0.478768 0.590527
vt 0.476713 0.636367
vt 0.484373 0.612805
vt 0.473128 0.636174
vt 0.484373 0.612805
vt 0.488294 0.616583
vt 0.473128 0.636174
vt 0.484373 0.612805
vt 0.487465 0.603295
vt 0.488294 0.616583
vt 0.487465 0.603295
vt 0.494415 0.608675
vt 0.488294 0.616583
vt 0.487465 0.603295
vt 0.500536 0.600767
vt 0.494415 0.608675
vt 0.490557 0.593785
vt 0.500536 0.600767
vt 0.487465 0.603295
vt 0.490557 0.593785
vt 0.515702 0.581176
vt 0.500536 0.600767
vt 0.498217 0.570223
vt 0.515702 0.581176
vt 0.490557 0.593785
vt 0.473128 0.636174
vt 0.488294 0.616583
vt 0.469212 0.634246
vt 0.488294 0.616583
vt 0.490445 0.621478
vt 0.469212 0.634246
vt 0.488294 0.616583
vt 0.494415 0.608675
vt 0.490445 0.621478
vt 0.494415 0.608675
vt 0.499015 0.616325
vt 0.490445 0.621478
vt 0.494415 0.608675
vt 0.507585 0.611172
vt 0.499015 0.616325
vt 0.500536 0.600767
vt 0.507585 0.611172
vt 0.494415 0.608675
vt 0.500536 0.600767
vt 0.528818 0.598404
vt 0.507585 0.611172
vt 0.515702 0.581176
vt 0.528818 0.598404
vt 0.500536 0.600767
vt 0.469212 0.634246
vt 0.490445 0.621478
vt 0.468387 0.634415
vt 0.490445 0.621478
vt 0.491893 0.626585
vt 0.468387 0.634415
vt 0.490445 0.621478
vt 0.499015 0.616325
vt 0.491893 0.626585
vt 0.499015 0.616325
vt 0.501380 0.623425
vt 0.491893 0.626585
vt 0.499015 0.616325
vt 0.510868 0.620265
vt 0.501380 0.623425
vt 0.507585 0.611172
vt 0.510868 0.620265
vt 0.499015 0.616325
vt 0.507585 0.611172
vt 0.534374 0.612435
vt 0.510868 0.620265
vt 0.528818 0.598404
vt 0.534374 0.612435
vt 0.507585 0.611172
vt 0.468387 0.634415
vt 0.491893 0.626585
vt 0.469966 0.640122
vt 0.491893 0.626585
vt 0.493804 0.633370
vt 0.469966 0.640122
vt 0.491893 0.626585
vt 0.501380 0.623425
vt 0.493804 0.633370
vt 0.501380 0.623425
vt 0.503425 0.630645
vt 0.493804 0.633370
vt 0.501380 0.623425
vt 0.513047 0.627920
vt 0.503425 0.630645
vt 0.510868 0.620265
vt 0.513047 0.627920
vt 0.501380 0.623425
vt 0.510868 0.620265
vt 0.536885 0.621168
vt 0.513047 0.627920
vt 0.534374 0.612435
vt 0.536885 0.621168
vt 0.510868 0.620265
vt 0.469966 0.640122
vt 0.493804 0.633370
vt 0.471536 0.646424
vt 0.493804 0.633370
vt 0.495563 0.640376
vt 0.471536 0.646424
vt 0.493804 0.633370
vt 0.503425 0.630645
vt 0.495563 0.640376
vt 0.503425 0.630645
vt 0.505260 0.637935
vt 0.495563 0.640376
vt 0.503425 0.630645
vt 0.514958 0.635494
vt 0.505260 0.637935
vt 0.513047 0.627920
vt 0.514958 0.635494
vt 0.503425 0.630645
vt 0.513047 0.627920
vt 0.538984 0.629446
vt 0.514958 0.635494
vt 0.536885 0.621168
vt 0.538984 0.629446
vt 0.513047 0.627920
vt 0.471536 0.646424
vt 0.495563 0.640376
vt 0.473160 0.653276
vt 0.495563 0.640376
vt 0.497266 0.647551
vt 0.473160 0.653276
vt 0.495563 0.640376
vt 0.505260 0.637935
vt 0.497266 0.647551
vt 0.505260 0.637935
vt 0.506995 0.645240
vt 0.497266 0.647551
vt 0.505260 0.637935
vt 0.516724 0.642929
vt 0.506995 0.645240
vt 0.514958 0.635494
vt 0.516724 0.642929
vt 0.505260 0.637935
vt 0.514958 0.635494
vt 0.540830 0.637204
vt 0.516724 0.642929
vt 0.538984 0.629446
vt 0.540830 0.637204
vt 0.514958 0.635494
vt 0.473160 0.653276
vt 0.497266 0.647551
vt 0.475951 0.665944
vt 0.497266 0.647551
vt 0.500145 0.660605
vt 0.475951 0.665944
vt 0.497266 0.647551
vt 0.506995 0.645240
vt 0.500145 0.660605
vt 0.506995 0.645240
vt 0.509910 0.658450
vt 0.500145 0.660605
vt 0.506995 0.645240
vt 0.519675 0.656295
vt 0.509910 0.658450
vt 0.516724 0.642929
vt 0.519675 0.656295
vt 0.506995 0.645240
vt 0.516724 0.642929
vt 0.543869 0.650956
vt 0.519675 0.656295
vt 0.540830 0.637204
vt 0.543869 0.650956
vt 0.516724 0.642929
vt 0.475951 0.665944
vt 0.500145 0.660605
vt 0.478617 0.678782
vt 0.500145 0.660605
vt 0.502874 0.673740
vt 0.478617 0.678782
vt 0.500145 0.660605
vt 0.509910 0.658450
vt 0.502874 0.673740
vt 0.509910 0.658450
vt 0.512665 0.671705
vt 0.502874 0.673740
vt 0.509910 0.658450
vt 0.522456 0.669670
vt 0.512665 0.671705
vt 0.519675 0.656295
vt 0.522456 0.669670
vt 0.509910 0.658450
vt 0.519675 0.656295
vt 0.546713 0.664628
vt 0.522456 0.669670
vt 0.543869 0.650956
vt 0.546713 0.664628
vt 0.519675 0.656295
vt 0.478617 0.678782
vt 0.502874 0.673740
vt 0.481646 0.692441
vt 0.502874 0.673740
vt 0.505833 0.687072
vt 0.481646 0.692441
vt 0.502874 0.673740
vt 0.512665 0.671705
vt 0.505833 0.687072
vt 0.512665 0.671705
vt 0.515595 0.684905
vt 0.505833 0.687072
vt 0.512665 0.671705
vt 0.525357 0.682738
vt 0.515595 0.684905
vt 0.522456 0.669670
vt 0.525357 0.682738
vt 0.512665 0.671705
vt 0.522456 0.669670
vt 0.549545 0.677369
vt 0.525357 0.682738
vt 0.546713 0.664628
vt 0.549545 0.677369
vt 0.522456 0.669670
vt 0.481646 0.692441
vt 0.505833 0.687072
vt 0.485400 0.706807
vt 0.505833 0.687072
vt 0.509360 0.700501
vt 0.485400 0.706807
vt 0.505833 0.687072
vt 0.515595 0.684905
vt 0.509360 0.700501
vt 0.515595 0.684905
vt 0.519030 0.697955
vt 0.509360 0.700501
vt 0.515595 0.684905
vt 0.528701 0.695410
vt 0.519030 0.697955
vt 0.525357 0.682738
vt 0.528701 0.695410
vt 0.515595 0.684905
vt 0.525357 0.682738
vt 0.552660 0.689103
vt 0.528701 0.695410
vt 0.549545 0.677369
vt 0.552660 0.689103
vt 0.525357 0.682738
vt 0.485400 0.706807
vt 0.509360 0.700501
vt 0.502966 0.753127
vt 0.509360 0.700501
vt 0.526095 0.744245
vt 0.502966 0.753127
vt 0.509360 0.700501
vt 0.519030 0.697955
vt 0.526095 0.744245
vt 0.519030 0.697955
vt 0.535430 0.740660
vt 0.526095 0.744245
vt 0.519030 0.697955
vt 0.544765 0.737075
vt 0.535430 0.740660
vt 0.528701 0.695410
vt 0.544765 0.737075
vt 0.519030 0.697955
vt 0.528701 0.695410
vt 0.567894 0.728193
vt 0.544765 0.737075
vt 0.552660 0.689103
vt 0.567894 0.728193
vt 0.528701 0.695410
vt 0.502966 0.753127
vt 0.526095 0.744245
vt 0.528559 0.796564
vt 0.526095 0.744245
vt 0.549769 0.783759
vt 0.528559 0.796564
vt 0.526095 0.744245
vt 0.535430 0.740660
vt 0.549769 0.783759
vt 0.535430 0.740660
vt 0.558330 0.778590
vt 0.549769 0.783759
vt 0.535430 0.740660
vt 0.566891 0.773422
vt 0.558330 0.778590
vt 0.544765 0.737075
vt 0.566891 0.773422
vt 0.535430 0.740660
vt 0.544765 0.737075
vt 0.588101 0.760616
vt 0.566891 0.773422
vt 0.567894 0.728193
vt 0.588101 0.760616
vt 0.544765 0.737075
vt 0.528559 0.796564
vt 0.549769 0.783759
vt 0.562056 0.834786
vt 0.549769 0.783759
vt 0.580490 0.818232
vt 0.562056 0.834786
vt 0.549769 0.783759
vt 0.558330 0.778590
vt 0.580490 0.818232
vt 0.558330 0.778590
vt 0.587930 0.811550
vt 0.580490 0.818232
vt 0.558330 0.778590
vt 0.595370 0.804868
vt 0.587930 0.811550
vt 0.566891 0.773422
vt 0.595370 0.804868
vt 0.558330 0.778590
vt 0.566891 0.773422
vt 0.613804 0.788314
vt 0.595370 0.804868
vt 0.588101 0.760616
vt 0.613804 0.788314
vt 0.566891 0.773422
vt 0.562056 0.834786
vt 0.580490 0.818232
vt 0.603369 0.867003
vt 0.580490 0.818232
vt 0.618374 0.847287
vt 0.603369 0.867003
vt 0.580490 0.818232
vt 0.587930 0.811550
vt 0.618374 0.847287
vt 0.587930 0.811550
vt 0.624430 0.839330
vt 0.618374 0.847287
vt 0.587930 0.811550
vt 0.630486 0.831373
vt 0.624430 0.839330
vt 0.595370 0.804868
vt 0.630486 0.831373
vt 0.587930 0.811550
vt 0.595370 0.804868
vt 0.645492 0.811657
vt 0.630486 0.831373
vt 0.613804 0.788314
vt 0.645492 0.811657
vt 0.595370 0.804868
vt 0.603369 0.867003
vt 0.618374 0.847287
vt 0.611571 0.872194
vt 0.618374 0.847287
vt 0.624391 0.850992
vt 0.611571 0.872194
vt 0.618374 0.847287
vt 0.624430 0.839330
vt 0.624391 0.850992
vt 0.624430 0.839330
vt 0.629565 0.842435
vt 0.624391 0.850992
vt 0.624430 0.839330
vt 0.634740 0.833878
vt 0.629565 0.842435
vt 0.630486 0.831373
vt 0.634740 0.833878
vt 0.624430 0.839330
vt 0.630486 0.831373
vt 0.647559 0.812677
vt 0.634740 0.833878
vt 0.645492 0.811657
vt 0.647559 0.812677
vt 0.630486 0.831373
vt 0.611571 0.872194
vt 0.624391 0.850992
vt 0.617828 0.875718
vt 0.624391 0.850992
vt 0.629927 0.854097
vt 0.617828 0.875718
vt 0.624391 0.850992
vt 0.629565 0.842435
vt 0.629927 0.854097
vt 0.629565 0.842435
vt 0.634810 0.845370
vt 0.629927 0.854097
vt 0.629565 0.842435
vt 0.639693 0.836644
vt 0.634810 0.845370
vt 0.634740 0.833878
vt 0.639693 0.836644
vt 0.629565 0.842435
vt 0.634740 0.833878
vt 0.651792 0.815023
vt 0.639693 0.836644
vt 0.647559 0.812677
vt 0.651792 0.815023
vt 0.634740 0.833878
vt 0.617828 0.875718
vt 0.629927 0.854097
vt 0.624206 0.879030
vt 0.629927 0.854097
vt 0.635565 0.857012
vt 0.624206 0.879030
vt 0.629927 0.854097
vt 0.634810 0.845370
vt 0.635565 0.857012
vt 0.634810 0.845370
vt 0.640150 0.848125
vt 0.635565 0.857012
vt 0.634810 0.845370
vt 0.644735 0.839238
vt 0.640150 0.848125
vt 0.639693 0.836644
vt 0.644735 0.839238
vt 0.634810 0.845370
vt 0.639693 0.836644
vt 0.656095 0.817220
vt 0.644735 0.839238
vt 0.651792 0.815023
vt 0.656095 0.817220
vt 0.639693 0.836644
vt 0.624206 0.879030
vt 0.635565 0.857012
vt 0.630694 0.882124
vt 0.635565 0.857012
vt 0.641292 0.859729
vt 0.630694 0.882124
vt 0.635565 0.857012
vt 0.640150 0.848125
vt 0.641292 0.859729
vt 0.640150 0.848125
vt 0.645570 0.850690
vt 0.641292 0.859729
vt 0.640150 0.848125
vt 0.649848 0.841651
vt 0.645570 0.850690
vt 0.644735 0.839238
vt 0.649848 0.841651
vt 0.640150 0.848125
vt 0.644735 0.839238
vt 0.660446 0.819257
vt 0.649848 0.841651
vt 0.656095 0.817220
vt 0.660446 0.819257
vt 0.644735 0.839238
vt 0.630694 0.882124
vt 0.641292 0.859729
vt 0.651097 0.889009
vt 0.641292 0.859729
vt 0.658697 0.865428
vt 0.651097 0.889009
vt 0.641292 0.859729
vt 0.645570 0.850690
vt 0.658697 0.865428
vt 0.645570 0.850690
vt 0.661765 0.855910
vt 0.658697 0.865428
vt 0.645570 0.850690
vt 0.664833 0.846392
vt 0.661765 0.855910
vt 0.649848 0.841651
vt 0.664833 0.846392
vt 0.645570 0.850690
vt 0.649848 0.841651
vt 0.672434 0.822811
vt 0.664833 0.846392
vt 0.660446 0.819257
vt 0.672434 0.822811
vt 0.649848 0.841651
vt 0.651097 0.889009
vt 0.658697 0.865428
vt 0.675615 0.891587
vt 0.658697 0.865428
vt 0.677111 0.866857
vt 0.675615 0.891587
vt 0.658697 0.865428
vt 0.661765 0.855910
vt 0.677111 0.866857
vt 0.661765 0.855910
vt 0.677715 0.856875
vt 0.677111 0.866857
vt 0.661765 0.855910
vt 0.678319 0.846893
vt 0.677715 0.856875
vt 0.664833 0.846392
vt 0.678319 0.846893
vt 0.661765 0.855910
vt 0.664833 0.846392
vt 0.679815 0.822163
vt 0.678319 0.846893
vt 0.672434 0.822811
vt 0.679815 0.822163
vt 0.664833 0.846392
vt 0.675615 0.891587
vt 0.677111 0.866857
vt 0.700387 0.887711
vt 0.677111 0.866857
vt 0.695388 0.863445
vt 0.700387 0.887711
vt 0.677111 0.866857
vt 0.677715 0.856875
vt 0.695388 0.863445
vt 0.677715 0.856875
vt 0.693370 0.853650
vt 0.695388 0.863445
vt 0.677715 0.856875
vt 0.691352 0.843856
vt 0.693370 0.853650
vt 0.678319 0.846893
vt 0.691352 0.843856
vt 0.677715 0.856875
vt 0.678319 0.846893
vt 0.686354 0.819589
vt 0.691352 0.843856
vt 0.679815 0.822163
vt 0.686354 0.819589
vt 0.678319 0.846893
vt 0.700387 0.887711
vt 0.695388 0.863445
vt 0.723724 0.877663
vt 0.695388 0.863445
vt 0.713013 0.855322
vt 0.723724 0.877663
vt 0.695388 0.863445
vt 0.693370 0.853650
vt 0.713013 0.855322
vt 0.693370 0.853650
vt 0.708690 0.846305
vt 0.713013 0.855322
vt 0.693370 0.853650
vt 0.704367 0.837288
vt 0.708690 0.846305
vt 0.691352 0.843856
vt 0.704367 0.837288
vt 0.693370 0.853650
vt 0.691352 0.843856
vt 0.693656 0.814947
vt 0.704367 0.837288
vt 0.686354 0.819589
vt 0.693656 0.814947
vt 0.691352 0.843856
vt 0.723724 0.877663
vt 0.713013 0.855322
vt 0.732153 0.872502
vt 0.713013 0.855322
vt 0.718558 0.851790
vt 0.732153 0.872502
vt 0.713013 0.855322
vt 0.708690 0.846305
vt 0.718558 0.851790
vt 0.708690 0.846305
vt 0.713070 0.843430
vt 0.718558 0.851790
vt 0.708690 0.846305
vt 0.707583 0.835070
vt 0.713070 0.843430
vt 0.704367 0.837288
vt 0.707583 0.835070
vt 0.708690 0.846305
vt 0.704367 0.837288
vt 0.693987 0.814358
vt 0.707583 0.835070
vt 0.693656 0.814947
vt 0.693987 0.814358
vt 0.704367 0.837288
vt 0.732153 0.872502
vt 0.718558 0.851790
vt 0.737824 0.868414
vt 0.718558 0.851790
vt 0.723213 0.848406
vt 0.737824 0.868414
vt 0.718558 0.851790
vt 0.713070 0.843430
vt 0.723213 0.848406
vt 0.713070 0.843430
vt 0.717315 0.840330
vt 0.723213 0.848406
vt 0.713070 0.843430
vt 0.711418 0.832254
vt 0.717315 0.840330
vt 0.707583 0.835070
vt 0.711418 0.832254
vt 0.713070 0.843430
vt 0.707583 0.835070
vt 0.696806 0.812246
vt 0.711418 0.832254
vt 0.693987 0.814358
vt 0.696806 0.812246
vt 0.707583 0.835070
vt 0.737824 0.868414
vt 0.723213 0.848406
vt 0.743106 0.864244
vt 0.723213 0.848406
vt 0.727663 0.844870
vt 0.743106 0.864244
vt 0.723213 0.848406
vt 0.717315 0.840330
vt 0.727663 0.844870
vt 0.717315 0.840330
vt 0.721430 0.837050
vt 0.727663 0.844870
vt 0.717315 0.840330
vt 0.715197 0.829230
vt 0.721430 0.837050
vt 0.711418 0.832254
vt 0.715197 0.829230
vt 0.717315 0.840330
vt 0.711418 0.832254
vt 0.699754 0.809856
vt 0.715197 0.829230
vt 0.696806 0.812246
vt 0.699754 0.809856
vt 0.711418 0.832254
vt 0.743106 0.864244
vt 0.727663 0.844870
vt 0.748075 0.860006
vt 0.727663 0.844870
vt 0.731927 0.841215
vt 0.748075 0.860006
vt 0.727663 0.844870
vt 0.721430 0.837050
vt 0.731927 0.841215
vt 0.721430 0.837050
vt 0.725410 0.833630
vt 0.731927 0.841215
vt 0.721430 0.837050
vt 0.718893 0.826046
vt 0.725410 0.833630
vt 0.715197 0.829230
vt 0.718893 0.826046
vt 0.721430 0.837050
vt 0.715197 0.829230
vt 0.702746 0.807254
vt 0.718893 0.826046
vt 0.699754 0.809856
vt 0.702746 0.807254
vt 0.715197 0.829230
vt 0.748075 0.860006
vt 0.731927 0.841215
vt 0.756810 0.850728
vt 0.731927 0.841215
vt 0.738397 0.834151
vt 0.756810 0.850728
vt 0.731927 0.841215
vt 0.725410 0.833630
vt 0.738397 0.834151
vt 0.725410 0.833630
vt 0.730965 0.827460
vt 0.738397 0.834151
vt 0.725410 0.833630
vt 0.723533 0.820769
vt 0.730965 0.827460
vt 0.718893 0.826046
vt 0.723533 0.820769
vt 0.725410 0.833630
vt 0.718893 0.826046
vt 0.705120 0.804192
vt 0.723533 0.820769
vt 0.702746 0.807254
vt 0.705120 0.804192
vt 0.718893 0.826046
vt 0.756810 0.850728
vt 0.738397 0.834151
vt 0.765612 0.834857
vt 0.738397 0.834151
vt 0.742816 0.825152
vt 0.765612 0.834857
vt 0.738397 0.834151
vt 0.730965 0.827460
vt 0.742816 0.825152
vt 0.730965 0.827460
vt 0.733615 0.821235
vt 0.742816 0.825152
vt 0.730965 0.827460
vt 0.724414 0.817318
vt 0.733615 0.821235
vt 0.723533 0.820769
vt 0.724414 0.817318
vt 0.730965 0.827460
vt 0.723533 0.820769
vt 0.701618 0.807614
vt 0.724414 0.817318
vt 0.705120 0.804192
vt 0.701618 0.807614
vt 0.723533 0.820769
vt 0.765612 0.834857
vt 0.742816 0.825152
vt 0.768330 0.814200
vt 0.742816 0.825152
vt 0.743555 0.814421
vt 0.768330 0.814200
vt 0.742816 0.825152
vt 0.733615 0.821235
vt 0.743555 0.814421
vt 0.733615 0.821235
vt 0.733555 0.814510
vt 0.743555 0.814421
vt 0.733615 0.821235
vt 0.723556 0.814599
vt 0.733555 0.814510
vt 0.724414 0.817318
vt 0.723556 0.814599
vt 0.733615 0.821235
vt 0.724414 0.817318
vt 0.698781 0.814820
vt 0.723556 0.814599
vt 0.701618 0.807614
vt 0.698781 0.814820
vt 0.724414 0.817318
vt 0.768330 0.814200
vt 0.743555 0.814421
vt 0.763948 0.795772
vt 0.743555 0.814421
vt 0.740460 0.803657
vt 0.763948 0.795772
vt 0.743555 0.814421
vt 0.733555 0.814510
vt 0.740460 0.803657
vt 0.733555 0.814510
vt 0.730980 0.806840
vt 0.740460 0.803657
vt 0.733555 0.814510
vt 0.721500 0.810023
vt 0.730980 0.806840
vt 0.723556 0.814599
vt 0.721500 0.810023
vt 0.733555 0.814510
vt 0.723556 0.814599
vt 0.698013 0.817908
vt 0.721500 0.810023
vt 0.698781 0.814820
vt 0.698013 0.817908
vt 0.723556 0.814599
vt 0.763948 0.795772
vt 0.740460 0.803657
vt 0.757050 0.781509
vt 0.740460 0.803657
vt 0.735025 0.792856
vt 0.757050 0.781509
vt 0.740460 0.803657
vt 0.730980 0.806840
vt 0.735025 0.792856
vt 0.730980 0.806840
vt 0.726135 0.797435
vt 0.735025 0.792856
vt 0.730980 0.806840
vt 0.717245 0.802015
vt 0.726135 0.797435
vt 0.721500 0.810023
vt 0.717245 0.802015
vt 0.730980 0.806840
vt 0.721500 0.810023
vt 0.695220 0.813361
vt 0.717245 0.802015
vt 0.698013 0.817908
vt 0.695220 0.813361
vt 0.721500 0.810023
vt 0.757050 0.781509
vt 0.735025 0.792856
vt 0.749852 0.769922
vt 0.735025 0.792856
vt 0.728944 0.783215
vt 0.749852 0.769922
vt 0.735025 0.792856
vt 0.726135 0.797435
vt 0.728944 0.783215
vt 0.726135 0.797435
vt 0.720505 0.788580
vt 0.728944 0.783215
vt 0.726135 0.797435
vt 0.712066 0.793945
vt 0.720505 0.788580
vt 0.717245 0.802015
vt 0.712066 0.793945
vt 0.726135 0.797435
vt 0.717245 0.802015
vt 0.691159 0.807239
vt 0.712066 0.793945
vt 0.695220 0.813361
vt 0.691159 0.807239
vt 0.717245 0.802015
vt 0.749852 0.769922
vt 0.728944 0.783215
vt 0.741976 0.759282
vt 0.728944 0.783215
vt 0.722184 0.774185
vt 0.741976 0.759282
vt 0.728944 0.783215
vt 0.720505 0.788580
vt 0.722184 0.774185
vt 0.720505 0.788580
vt 0.714195 0.780200
vt 0.722184 0.774185
vt 0.720505 0.788580
vt 0.706207 0.786215
vt 0.714195 0.780200
vt 0.712066 0.793945
vt 0.706207 0.786215
vt 0.720505 0.788580
vt 0.712066 0.793945
vt 0.686414 0.801118
vt 0.706207 0.786215
vt 0.691159 0.807239
vt 0.686414 0.801118
vt 0.712066 0.793945
vt 0.741976 0.759282
vt 0.722184 0.774185
vt 0.733654 0.749512
vt 0.722184 0.774185
vt 0.714889 0.765690
vt 0.733654 0.749512
vt 0.722184 0.774185
vt 0.714195 0.780200
vt 0.714889 0.765690
vt 0.714195 0.780200
vt 0.707315 0.772220
vt 0.714889 0.765690
vt 0.714195 0.780200
vt 0.699741 0.778750
vt 0.707315 0.772220
vt 0.706207 0.786215
vt 0.699741 0.778750
vt 0.714195 0.780200
vt 0.706207 0.786215
vt 0.680977 0.794928
vt 0.699741 0.778750
vt 0.686414 0.801118
vt 0.680977 0.794928
vt 0.706207 0.786215
vt 0.733654 0.749512
vt 0.714889 0.765690
vt 0.720277 0.734870
vt 0.714889 0.765690
vt 0.701998 0.751595
vt 0.720277 0.734870
vt 0.714889 0.765690
vt 0.707315 0.772220
vt 0.701998 0.751595
vt 0.707315 0.772220
vt 0.694620 0.758345
vt 0.701998 0.751595
vt 0.707315 0.772220
vt 0.687242 0.765095
vt 0.694620 0.758345
vt 0.699741 0.778750
vt 0.687242 0.765095
vt 0.707315 0.772220
vt 0.699741 0.778750
vt 0.668963 0.781820
vt 0.687242 0.765095
vt 0.680977 0.794928
vt 0.668963 0.781820
vt 0.699741 0.778750
vt 0.720277 0.734870
vt 0.701998 0.751595
vt 0.707527 0.720977
vt 0.701998 0.751595
vt 0.689273 0.737729
vt 0.707527 0.720977
vt 0.701998 0.751595
vt 0.694620 0.758345
vt 0.689273 0.737729
vt 0.694620 0.758345
vt 0.681905 0.744490
vt 0.689273 0.737729
vt 0.694620 0.758345
vt 0.674538 0.751252
vt 0.681905 0.744490
vt 0.687242 0.765095
vt 0.674538 0.751252
vt 0.694620 0.758345
vt 0.687242 0.765095
vt 0.656284 0.768004
vt 0.674538 0.751252
vt 0.668963 0.781820
vt 0.656284 0.768004
vt 0.687242 0.765095
vt 0.707527 0.720977
vt 0.689273 0.737729
vt 0.694771 0.707108
vt 0.689273 0.737729
vt 0.676535 0.723880
vt 0.694771 0.707108
vt 0.689273 0.737729
vt 0.681905 0.744490
vt 0.676535 0.723880
vt 0.681905 0.744490
vt 0.669175 0.730650
vt 0.676535 0.723880
vt 0.681905 0.744490
vt 0.661815 0.737420
vt 0.669175 0.730650
vt 0.674538 0.751252
vt 0.661815 0.737420
vt 0.681905 0.744490
vt 0.674538 0.751252
vt 0.643580 0.754192
vt 0.661815 0.737420
vt 0.656284 0.768004
vt 0.643580 0.754192
vt 0.674538 0.751252
vt 0.694771 0.707108
vt 0.676535 0.723880
vt 0.682017 0.693258
vt 0.676535 0.723880
vt 0.663791 0.710041
vt 0.682017 0.693258
vt 0.676535 0.723880
vt 0.669175 0.730650
vt 0.663791 0.710041
vt 0.669175 0.730650
vt 0.656435 0.716815
vt 0.663791 0.710041
vt 0.669175 0.730650
vt 0.649079 0.723589
vt 0.656435 0.716815
vt 0.661815 0.737420
vt 0.649079 0.723589
vt 0.669175 0.730650
vt 0.661815 0.737420
vt 0.630853 0.740372
vt 0.649079 0.723589
vt 0.643580 0.754192
vt 0.630853 0.740372
vt 0.661815 0.737420
vt 0.682017 0.693258
vt 0.663791 0.710041
vt 0.650923 0.659503
vt 0.663791 0.710041
vt 0.632700 0.676290
vt 0.650923 0.659503
vt 0.663791 0.710041
vt 0.656435 0.716815
vt 0.632700 0.676290
vt 0.656435 0.716815
vt 0.625345 0.683065
vt 0.632700 0.676290
vt 0.656435 0.716815
vt 0.617990 0.689840
vt 0.625345 0.683065
vt 0.649079 0.723589
vt 0.617990 0.689840
vt 0.656435 0.716815
vt 0.649079 0.723589
vt 0.599768 0.706627
vt 0.617990 0.689840
vt 0.630853 0.740372
vt 0.599768 0.706627
vt 0.649079 0.723589
vt 0.650923 0.659503
vt 0.632700 0.676290
vt 0.619824 0.625755
vt 0.632700 0.676290
vt 0.601604 0.642544
vt 0.619824 0.625755
vt 0.632700 0.676290
vt 0.625345 0.683065
vt 0.601604 0.642544
vt 0.625345 0.683065
vt 0.594250 0.649320
vt 0.601604 0.642544
vt 0.625345 0.683065
vt 0.586896 0.656096
vt 0.594250 0.649320
vt 0.617990 0.689840
vt 0.586896 0.656096
vt 0.625345 0.683065
vt 0.617990 0.689840
vt 0.568676 0.672886
vt 0.586896 0.656096
vt 0.599768 0.706627
vt 0.568676 0.672886
vt 0.617990 0.689840
vt 0.619824 0.625755
vt 0.601604 0.642544
vt 0.588729 0.592009
vt 0.601604 0.642544
vt 0.570509 0.608799
vt 0.588729 0.592009
vt 0.601604 0.642544
vt 0.594250 0.649320
vt 0.570509 0.608799
vt 0.594250 0.649320
vt 0.563155 0.615575
vt 0.570509 0.608799
vt 0.594250 0.649320
vt 0.555801 0.622352
vt 0.563155 0.615575
vt 0.586896 0.656096
vt 0.555801 0.622352
vt 0.594250 0.649320
vt 0.586896 0.656096
vt 0.537581 0.639141
vt 0.555801 0.622352
vt 0.568676 0.672886
vt 0.537581 0.639141
vt 0.586896 0.656096
vt 0.588729 0.592009
vt 0.570509 0.608799
vt 0.557634 0.558264
vt 0.570509 0.608799
vt 0.539414 0.575054
vt 0.557634 0.558264
vt 0.570509 0.608799
vt 0.563155 0.615575
vt 0.539414 0.575054
vt 0.563155 0.615575
vt 0.532060 0.581830
vt 0.539414 0.575054
vt 0.563155 0.615575
vt 0.524706 0.588606
vt 0.532060 0.581830
vt 0.555801 0.622352
vt 0.524706 0.588606
vt 0.563155 0.615575
vt 0.555801 0.622352
vt 0.506486 0.605396
vt 0.524706 0.588606
vt 0.537581 0.639141
vt 0.506486 0.605396
vt 0.555801 0.622352
vt 0.557634 0.558264
vt 0.539414 0.575054
vt 0.554948 0.555378
vt 0.539414 0.575054
vt 0.536814 0.572261
vt 0.554948 0.555378
vt 0.539414 0.575054
vt 0.532060 0.581830
vt 0.536814 0.572261
vt 0.532060 0.581830
vt 0.529495 0.579075
vt 0.536814 0.572261
vt 0.532060 0.581830
vt 0.522176 0.585889
vt 0.529495 0.579075
vt 0.524706 0.588606
vt 0.522176 0.585889
vt 0.532060 0.581830
vt 0.524706 0.588606
vt 0.504043 0.602772
vt 0.522176 0.585889
vt 0.506486 0.605396
vt 0.504043 0.602772
vt 0.524706 0.588606
vt 0.554948 0.555378
vt 0.536814 0.572261
vt 0.552333 0.552580
vt 0.536814 0.572261
vt 0.534231 0.569497
vt 0.552333 0.552580
vt 0.536814 0.572261
vt 0.529495 0.579075
vt 0.534231 0.569497
vt 0.529495 0.579075
vt 0.526925 0.576325
vt 0.534231 0.569497
vt 0.529495 0.579075
vt 0.519619 0.583153
vt 0.526925 0.576325
vt 0.522176 0.585889
vt 0.519619 0.583153
vt 0.529495 0.579075
vt 0.522176 0.585889
vt 0.501518 0.600070
vt 0.519619 0.583153
vt 0.504043 0.602772
vt 0.501518 0.600070
vt 0.522176 0.585889
vt 0.552333 0.552580
vt 0.534231 0.569497
vt 0.550038 0.550070
vt 0.534231 0.569497
vt 0.531762 0.566798
vt 0.550038 0.550070
vt 0.534231 0.569497
vt 0.526925 0.576325
vt 0.531762 0.566798
vt 0.526925 0.576325
vt 0.524385 0.573550
vt 0.531762 0.566798
vt 0.526925 0.576325
vt 0.517009 0.580302
vt 0.524385 0.573550
vt 0.519619 0.583153
vt 0.517009 0.580302
vt 0.526925 0.576325
vt 0.519619 0.583153
vt 0.498733 0.597030
vt 0.517009 0.580302
vt 0.501518 0.600070
vt 0.498733 0.597030
vt 0.519619 0.583153
vt 0.550038 0.550070
vt 0.531762 0.566798
vt 0.548087 0.547826
vt 0.531762 0.566798
vt 0.529438 0.564137
vt 0.548087 0.547826
vt 0.531762 0.566798
vt 0.524385 0.573550
vt 0.529438 0.564137
vt 0.524385 0.573550
vt 0.521910 0.570720
vt 0.529438 0.564137
vt 0.524385 0.573550
vt 0.514383 0.577303
vt 0.521910 0.570720
vt 0.517009 0.580302
vt 0.514383 0.577303
vt 0.524385 0.573550
vt 0.517009 0.580302
vt 0.495733 0.593614
vt 0.514383 0.577303
vt 0.498733 0.597030
vt 0.495733 0.593614
vt 0.517009 0.580302
vt 0.548087 0.547826
vt 0.529438 0.564137
vt 0.546115 0.545469
vt 0.529438 0.564137
vt 0.527146 0.561407
vt 0.546115 0.545469
vt 0.529438 0.564137
vt 0.521910 0.570720
vt 0.527146 0.561407
vt 0.521910 0.570720
vt 0.519490 0.567840
vt 0.527146 0.561407
vt 0.521910 0.570720
vt 0.511834 0.574273
vt 0.519490 0.567840
vt 0.514383 0.577303
vt 0.511834 0.574273
vt 0.521910 0.570720
vt 0.514383 0.577303
vt 0.492866 0.590212
vt 0.511834 0.574273
vt 0.495733 0.593614
vt 0.492866 0.590212
vt 0.514383 0.577303
vt 0.546115 0.545469
vt 0.527146 0.561407
vt 0.544122 0.543005
vt 0.527146 0.561407
vt 0.524885 0.558618
vt 0.544122 0.543005
vt 0.527146 0.561407
vt 0.519490 0.567840
vt 0.524885 0.558618
vt 0.519490 0.567840
vt 0.517120 0.564920
vt 0.524885 0.558618
vt 0.519490 0.567840
vt 0.509356 0.571222
vt 0.517120 0.564920
vt 0.511834 0.574273
vt 0.509356 0.571222
vt 0.519490 0.567840
vt 0.511834 0.574273
vt 0.490119 0.586836
vt 0.509356 0.571222
vt 0.492866 0.590212
vt 0.490119 0.586836
vt 0.511834 0.574273
vt 0.544122 0.543005
vt 0.524885 0.558618
vt 0.542377 0.540721
vt 0.524885 0.558618
vt 0.522748 0.555838
vt 0.542377 0.540721
vt 0.524885 0.558618
vt 0.517120 0.564920
vt 0.522748 0.555838
vt 0.517120 0.564920
vt 0.514825 0.561940
vt 0.522748 0.555838
vt 0.517120 0.564920
vt 0.506903 0.568042
vt 0.514825 0.561940
vt 0.509356 0.571222
vt 0.506903 0.568042
vt 0.517120 0.564920
vt 0.509356 0.571222
vt 0.487273 0.583159
vt 0.506903 0.568042
vt 0.490119 0.586836
vt 0.487273 0.583159
vt 0.509356 0.571222
vt 0.542377 0.540721
vt 0.522748 0.555838
vt 0.540953 0.538685
vt 0.522748 0.555838
vt 0.520785 0.553077
vt 0.540953 0.538685
vt 0.522748 0.555838
vt 0.514825 0.561940
vt 0.520785 0.553077
vt 0.514825 0.561940
vt 0.512645 0.558885
vt 0.520785 0.553077
vt 0.514825 0.561940
vt 0.504505 0.564694
vt 0.512645 0.558885
vt 0.506903 0.568042
vt 0.504505 0.564694
vt 0.514825 0.561940
vt 0.506903 0.568042
vt 0.484338 0.579085
vt 0.504505 0.564694
vt 0.487273 0.583159
vt 0.484338 0.579085
vt 0.506903 0.568042
vt 0.540953 0.538685
vt 0.520785 0.553077
vt 0.536205 0.528897
vt 0.520785 0.553077
vt 0.514251 0.540380
vt 0.536205 0.528897
vt 0.520785 0.553077
vt 0.512645 0.558885
vt 0.514251 0.540380
vt 0.512645 0.558885
vt 0.505390 0.545015
vt 0.514251 0.540380
vt 0.512645 0.558885
vt 0.496529 0.549650
vt 0.505390 0.545015
vt 0.504505 0.564694
vt 0.496529 0.549650
vt 0.512645 0.558885
vt 0.504505 0.564694
vt 0.474575 0.561134
vt 0.496529 0.549650
vt 0.484338 0.579085
vt 0.474575 0.561134
vt 0.504505 0.564694
vt 0.536205 0.528897
vt 0.514251 0.540380
vt 0.536643 0.524095
vt 0.514251 0.540380
vt 0.512357 0.529000
vt 0.536643 0.524095
vt 0.514251 0.540380
vt 0.505390 0.545015
vt 0.512357 0.529000
vt 0.505390 0.545015
vt 0.502555 0.530980
vt 0.512357 0.529000
vt 0.505390 0.545015
vt 0.492753 0.532960
vt 0.502555 0.530980
vt 0.496529 0.549650
vt 0.492753 0.532960
vt 0.505390 0.545015
vt 0.496529 0.549650
vt 0.468468 0.537866
vt 0.492753 0.532960
vt 0.474575 0.561134
vt 0.468468 0.537866
vt 0.496529 0.549650
vt 0.536643 0.524095
vt 0.512357 0.529000
vt 0.538856 0.521237
vt 0.512357 0.529000
vt 0.514280 0.518101
vt 0.538856 0.521237
vt 0.512357 0.529000
vt 0.502555 0.530980
vt 0.514280 0.518101
vt 0.502555 0.530980
vt 0.504360 0.516835
vt 0.514280 0.518101
vt 0.502555 0.530980
vt 0.494441 0.515569
vt 0.504360 0.516835
vt 0.492753 0.532960
vt 0.494441 0.515569
vt 0.502555 0.530980
vt 0.492753 0.532960
vt 0.469864 0.512433
vt 0.494441 0.515569
vt 0.468468 0.537866
vt 0.469864 0.512433
vt 0.492753 0.532960
vt 0.538856 0.521237
vt 0.514280 0.518101
vt 0.542509 0.517411
vt 0.514280 0.518101
vt 0.520082 0.506880
vt 0.542509 0.517411
vt 0.514280 0.518101
vt 0.504360 0.516835
vt 0.520082 0.506880
vt 0.504360 0.516835
vt 0.511030 0.502630
vt 0.520082 0.506880
vt 0.504360 0.516835
vt 0.501978 0.498380
vt 0.511030 0.502630
vt 0.494441 0.515569
vt 0.501978 0.498380
vt 0.504360 0.516835
vt 0.494441 0.515569
vt 0.479552 0.487849
vt 0.501978 0.498380
vt 0.469864 0.512433
vt 0.479552 0.487849
vt 0.494441 0.515569
vt 0.542509 0.517411
vt 0.520082 0.506880
vt 0.544075 0.515807
vt 0.520082 0.506880
vt 0.523514 0.501984
vt 0.544075 0.515807
vt 0.520082 0.506880
vt 0.511030 0.502630
vt 0.523514 0.501984
vt 0.511030 0.502630
vt 0.515215 0.496405
vt 0.523514 0.501984
vt 0.511030 0.502630
vt 0.506916 0.490826
vt 0.515215 0.496405
vt 0.501978 0.498380
vt 0.506916 0.490826
vt 0.511030 0.502630
vt 0.501978 0.498380
vt 0.486355 0.477003
vt 0.506916 0.490826
vt 0.479552 0.487849
vt 0.486355 0.477003
vt 0.501978 0.498380
vt 0.544075 0.515807
vt 0.523514 0.501984
vt 0.547812 0.510665
vt 0.523514 0.501984
vt 0.527723 0.496163
vt 0.547812 0.510665
vt 0.523514 0.501984
vt 0.515215 0.496405
vt 0.527723 0.496163
vt 0.515215 0.496405
vt 0.519615 0.490310
vt 0.527723 0.496163
vt 0.515215 0.496405
vt 0.511507 0.484457
vt 0.519615 0.490310
vt 0.506916 0.490826
vt 0.511507 0.484457
vt 0.515215 0.496405
vt 0.506916 0.490826
vt 0.491419 0.469955
vt 0.511507 0.484457
vt 0.486355 0.477003
vt 0.491419 0.469955
vt 0.506916 0.490826
vt 0.547812 0.510665
vt 0.527723 0.496163
vt 0.551799 0.505478
vt 0.527723 0.496163
vt 0.532126 0.490418
vt 0.551799 0.505478
vt 0.527723 0.496163
vt 0.519615 0.490310
vt 0.532126 0.490418
vt 0.519615 0.490310
vt 0.524185 0.484340
vt 0.532126 0.490418
vt 0.519615 0.490310
vt 0.516245 0.478262
vt 0.524185 0.484340
vt 0.511507 0.484457
vt 0.516245 0.478262
vt 0.519615 0.490310
vt 0.511507 0.484457
vt 0.496571 0.463202
vt 0.516245 0.478262
vt 0.491419 0.469955
vt 0.496571 0.463202
vt 0.511507 0.484457
vt 0.551799 0.505478
vt 0.532126 0.490418
vt 0.556013 0.500238
vt 0.532126 0.490418
vt 0.536686 0.484737
vt 0.556013 0.500238
vt 0.532126 0.490418
vt 0.524185 0.484340
vt 0.536686 0.484737
vt 0.524185 0.484340
vt 0.528885 0.478480
vt 0.536686 0.484737
vt 0.524185 0.484340
vt 0.521084 0.472223
vt 0.528885 0.478480
vt 0.516245 0.478262
vt 0.521084 0.472223
vt 0.524185 0.484340
vt 0.516245 0.478262
vt 0.501757 0.456722
vt 0.521084 0.472223
vt 0.496571 0.463202
vt 0.501757 0.456722
vt 0.516245 0.478262
vt 0.556013 0.500238
vt 0.536686 0.484737
vt 0.573423 0.479037
vt 0.536686 0.484737
vt 0.554274 0.463316
vt 0.573423 0.479037
vt 0.536686 0.484737
vt 0.528885 0.478480
vt 0.554274 0.463316
vt 0.528885 0.478480
vt 0.546545 0.456970
vt 0.554274 0.463316
vt 0.528885 0.478480
vt 0.538816 0.450625
vt 0.546545 0.456970
vt 0.521084 0.472223
vt 0.538816 0.450625
vt 0.528885 0.478480
vt 0.521084 0.472223
vt 0.519667 0.434903
vt 0.538816 0.450625
vt 0.501757 0.456722
vt 0.519667 0.434903
vt 0.521084 0.472223
vt 0.573423 0.479037
vt 0.554274 0.463316
vt 0.591081 0.457641
vt 0.554274 0.463316
vt 0.571973 0.441870
vt 0.591081 0.457641
vt 0.554274 0.463316
vt 0.546545 0.456970
vt 0.571973 0.441870
vt 0.546545 0.456970
vt 0.564260 0.435505
vt 0.571973 0.441870
vt 0.546545 0.456970
vt 0.556548 0.429140
vt 0.564260 0.435505
vt 0.538816 0.450625
vt 0.556548 0.429140
vt 0.546545 0.456970
vt 0.538816 0.450625
vt 0.537439 0.413370
vt 0.556548 0.429140
vt 0.519667 0.434903
vt 0.537439 0.413370
vt 0.538816 0.450625
vt 0.591081 0.457641
vt 0.571973 0.441870
vt 0.608794 0.436223
vt 0.571973 0.441870
vt 0.589701 0.420433
vt 0.608794 0.436223
vt 0.571973 0.441870
vt 0.564260 0.435505
vt 0.589701 0.420433
vt 0.564260 0.435505
vt 0.581995 0.414060
vt 0.589701 0.420433
vt 0.564260 0.435505
vt 0.574289 0.407687
vt 0.581995 0.414060
vt 0.556548 0.429140
vt 0.574289 0.407687
vt 0.564260 0.435505
vt 0.556548 0.429140
vt 0.555196 0.391897
vt 0.574289 0.407687
vt 0.537439 0.413370
vt 0.555196 0.391897
vt 0.556548 0.429140
vt 0.608794 0.436223
vt 0.589701 0.420433
vt 0.626530 0.414754
vt 0.589701 0.420433
vt 0.607430 0.398974
vt 0.626530 0.414754
vt 0.589701 0.420433
vt 0.581995 0.414060
vt 0.607430 0.398974
vt 0.581995 0.414060
vt 0.599720 0.392605
vt 0.607430 0.398974
vt 0.581995 0.414060
vt 0.592011 0.386236
vt 0.599720 0.392605
vt 0.574289 0.407687
vt 0.592011 0.386236
vt 0.581995 0.414060
vt 0.574289 0.407687
vt 0.572910 0.370456
vt 0.592011 0.386236
vt 0.555196 0.391897
vt 0.572910 0.370456
vt 0.574289 0.407687
vt 0.626530 0.414754
vt 0.607430 0.398974
vt 0.638033 0.400807
vt 0.607430 0.398974
vt 0.618920 0.385043
vt 0.638033 0.400807
vt 0.607430 0.398974
vt 0.599720 0.392605
vt 0.618920 0.385043
vt 0.599720 0.392605
vt 0.611205 0.378680
vt 0.618920 0.385043
vt 0.599720 0.392605
vt 0.603491 0.372317
vt 0.611205 0.378680
vt 0.592011 0.386236
vt 0.603491 0.372317
vt 0.599720 0.392605
vt 0.592011 0.386236
vt 0.584377 0.356553
vt 0.603491 0.372317
vt 0.572910 0.370456
vt 0.584377 0.356553
vt 0.592011 0.386236
vt 0.638033 0.400807
vt 0.618920 0.385043
vt 0.649526 0.386851
vt 0.618920 0.385043
vt 0.630400 0.371102
vt 0.649526 0.386851
vt 0.618920 0.385043
vt 0.611205 0.378680
vt 0.630400 0.371102
vt 0.611205 0.378680
vt 0.622680 0.364745
vt 0.630400 0.371102
vt 0.611205 0.378680
vt 0.614961 0.358388
vt 0.622680 0.364745
vt 0.603491 0.372317
vt 0.614961 0.358388
vt 0.611205 0.378680
vt 0.603491 0.372317
vt 0.595835 0.342639
vt 0.614961 0.358388
vt 0.584377 0.356553
vt 0.595835 0.342639
vt 0.603491 0.372317
vt 0.649526 0.386851
vt 0.630400 0.371102
vt 0.661015 0.372854
vt 0.630400 0.371102
vt 0.641865 0.357135
vt 0.661015 0.372854
vt 0.630400 0.371102
vt 0.622680 0.364745
vt 0.641865 0.357135
vt 0.622680 0.364745
vt 0.634135 0.350790
vt 0.641865 0.357135
vt 0.622680 0.364745
vt 0.626406 0.344445
vt 0.634135 0.350790
vt 0.614961 0.358388
vt 0.626406 0.344445
vt 0.622680 0.364745
vt 0.614961 0.358388
vt 0.607255 0.328726
vt 0.626406 0.344445
vt 0.595835 0.342639
vt 0.607255 0.328726
vt 0.614961 0.358388
vt 0.661015 0.372854
vt 0.641865 0.357135
vt 0.672491 0.358795
vt 0.641865 0.357135
vt 0.653297 0.343128
vt 0.672491 0.358795
vt 0.641865 0.357135
vt 0.634135 0.350790
vt 0.653297 0.343128
vt 0.634135 0.350790
vt 0.645550 0.336805
vt 0.653297 0.343128
vt 0.634135 0.350790
vt 0.637803 0.330482
vt 0.645550 0.336805
vt 0.626406 0.344445
vt 0.637803 0.330482
vt 0.634135 0.350790
vt 0.626406 0.344445
vt 0.618609 0.314815
vt 0.637803 0.330482
vt 0.607255 0.328726
vt 0.618609 0.314815
vt 0.626406 0.344445
vt 0.672491 0.358795
vt 0.653297 0.343128
vt 0.675771 0.354571
vt 0.653297 0.343128
vt 0.656168 0.339420
vt 0.675771 0.354571
vt 0.653297 0.343128
vt 0.645550 0.336805
vt 0.656168 0.339420
vt 0.645550 0.336805
vt 0.648255 0.333305
vt 0.656168 0.339420
vt 0.645550 0.336805
vt 0.640343 0.327190
vt 0.648255 0.333305
vt 0.637803 0.330482
vt 0.640343 0.327190
vt 0.645550 0.336805
vt 0.637803 0.330482
vt 0.620739 0.312039
vt 0.640343 0.327190
vt 0.618609 0.314815
vt 0.620739 0.312039
vt 0.637803 0.330482
vt 0.675771 0.354571
vt 0.656168 0.339420
vt 0.679075 0.350010
vt 0.656168 0.339420
vt 0.658956 0.335551
vt 0.679075 0.350010
vt 0.656168 0.339420
vt 0.648255 0.333305
vt 0.658956 0.335551
vt 0.648255 0.333305
vt 0.650835 0.329715
vt 0.658956 0.335551
vt 0.648255 0.333305
vt 0.642715 0.323879
vt 0.650835 0.329715
vt 0.640343 0.327190
vt 0.642715 0.323879
vt 0.648255 0.333305
vt 0.640343 0.327190
vt 0.622596 0.309420
vt 0.642715 0.323879
vt 0.620739 0.312039
vt 0.622596 0.309420
vt 0.640343 0.327190
f 1/1 3/1 2/1
f 1/1 6/1 3/1
f 1/1 4/1 6/1
f 1/1 5/1 4/1
f 2/1 3/1 7/1
f 3/1 8/1 7/1
f 3/1 6/1 8/1
f 6/1 11/1 8/1
f 6/1 9/1 11/1
f 4/1 9/1 6/1
f 4/1 10/1 9/1
f 5/1 10/1 4/1
f 7/1 8/1 12/1
f 8/1 13/1 12/1
f 8/1 11/1 13/1
f 11/1 16/1 13/1
f 11/1 14/1 16/1
f 9/1 14/1 11/1
f 9/1 15/1 14/1
f 10/1 15/1 9/1
f 12/1 13/1 17/1
f 13/1 18/1 17/1
f 13/1 16/1 18/1
f 16/1 21/1 18/1
f 16/1 19/1 21/1
f 14/1 19/1 16/1
f 14/1 20/1 19/1
f 15/1 20/1 14/1
f 17/1 18/1 22/1
f 18/1 23/1 22/1
f 18/1 21/1 23/1
f 21/1 26/1 23/1
f 21/1 24/1 26/1
f 19/1 24/1 21/1
f 19/1 25/1 24/1
f 20/1 25/1 19/1
f 22/1 23/1 27/1
f 23/1 28/1 27/1
f 23/1 26/1 28/1
f 26/1 31/1 28/1
f 26/1 29/1 31/1
f 24/1 29/1 26/1
f 24/1 30/1 29/1
f 25/1 30/1 24/1
f 27/1 28/1 32/1
f 28/1 33/1 32/1
f 28/1 31/1 33/1
f 31/1 36/1 33/1
f 31/1 34/1 36/1
f 29/1 34/1 31/1
f 29/1 35/1 34/1
f 30/1 35/1 29/1
f 32/1 33/1 37/1
f 33/1 38/1 37/1
f 33/1 36/1 38/1
f 36/1 41/1 38/1
f 36/1 39/1 41/1
f 34/1 39/1 36/1
f 34/1 40/1 39/1
f 35/1 40/1 34/1
f 37/1 38/1 42/1
f 38/1 43/1 42/1
f 38/1 41/1 43/1
f 41/1 46/1 43/1
f 41/1 44/1 46/1
f 39/1 44/1 41/1
f 39/1 45/1 44/1
f 40/1 45/1 39/1
f 42/1 43/1 47/1
f 43/1 48/1 47/1
f 43/1 46/1 48/1
f 46/1 51/1 48/1
f 46/1 49/1 51/1
f 44/1 49/1 46/1
f 44/1 50/1 49/1
f 45/1 50/1 44/1
f 47/1 48/1 52/1
f 48/1 53/1 52/1
f 48/1 51/1 53/1
f 51/1 56/1 53/1
f 51/1 54/1 56/1
f 49/1 54/1 51/1
f 49/1 55/1 54/1
f 50/1 55/1 49/1
f 52/1 53/1 57/1
f 53/1 58/1 57/1
f 53/1 56/1 58/1
f 56/1 61/1 58/1
f 56/1 59/1 61/1
f 54/1 59/1 56/1
f 54/1 60/1 59/1
f 55/1 60/1 54/1
f 57/1 58/1 62/1
f 58/1 63/1 62/1
f 58/1 61/1 63/1
f 61/1 66/1 63/1
f 61/1 64/1 66/1
f 59/1 64/1 61/1
f 59/1 65/1 64/1
f 60/1 65/1 59/1
f 62/1 63/1 67/1
f 63/1 68/1 67/1
f 63/1 66/1 68/1
f 66/1 71/1 68/1
f 66/1 69/1 71/1
f 64/1 69/1 66/1
f 64/1 70/1 69/1
f 65/1 70/1 64/1
f 67/1 68/1 72/1
f 68/1 73/1 72/1
f 68/1 71/1 73/1
f 71/1 76/1 73/1
f 71/1 74/1 76/1
f 69/1 74/1 71/1
f 69/1 75/1 74/1
f 70/1 75/1 69/1
f 72/1 73/1 77/1
f 73/1 78/1 77/1
f 73/1 76/1 78/1
f 76/1 81/1 78/1
f 76/1 79/1 81/1
f 74/1 79/1 76/1
f 74/1 80/1 79/1
f 75/1 80/1 74/1
f 77/1 78/1 82/1
f 78/1 83/1 82/1
f 78/1 81/1 83/1
f 81/1 86/1 83/1
f 81/1 84/1 86/1
f 79/1 84/1 81/1
f 79/1 85/1 84/1
f 80/1 85/1 79/1
f 82/1 83/1 87/1
f 83/1 88/1 87/1
f 83/1 86/1 88/1
f 86/1 91/1 88/1
f 86/1 89/1 91/1
f 84/1 89/1 86/1
f 84/1 90/1 89/1
f 85/1 90/1 84/1
f 87/1 88/1 92/1
f 88/1 93/1 92/1
f 88/1 91/1 93/1
f 91/1 96/1 93/1
f 91/1 94/1 96/1
f 89/1 94/1 91/1
f 89/1 95/1 94/1
f 90/1 95/1 89/1
f 92/1 93/1 97/1
f 93/1 98/1 97/1
f 93/1 96/1 98/1
f 96/1 101/1 98/1
f 96/1 99/1 101/1
f 94/1 99/1 96/1
f 94/1 100/1 99/1
f 95/1 100/1 94/1
f 97/1 98/1 102/1
f 98/1 103/1 102/1
f 98/1 101/1 103/1
f 101/1 106/1 103/1
f 101/1 104/1 106/1
f 99/1 104/1 101/1
f 99/1 105/1 104/1
f 100/1 105/1 99/1
f 102/1 103/1 107/1
f 103/1 108/1 107/1
f 103/1 106/1 108/1
f 106/1 111/1 108/1
f 106/1 109/1 111/1
f 104/1 109/1 106/1
f 104/1 110/1 109/1
f 105/1 110/1 104/1
f 107/1 108/1 112/1
f 108/1 113/1 112/1
f 108/1 111/1 113/1
f 111/1 116/1 113/1
f 111/1 114/1 116/1
f 109/1 114/1 111/1
f 109/1 115/1 114/1
f 110/1 115/1 109/1
f 112/1 113/1 117/1
f 113/1 118/1 117/1
f 113/1 116/1 118/1
f 116/1 121/1 118/1
f 116/1 119/1 121/1
f 114/1 119/1 116/1
f 114/1 120/1 119/1
f 115/1 120/1 114/1
f 117/1 118/1 122/1
f 118/1 123/1 122/1
f 118/1 121/1 123/1
f 121/1 126/1 123/1
f 121/1 124/1 126/1
f 119/1 124/1 121/1
f 119/1 125/1 124/1
f 120/1 125/1 119/1
f 122/1 123/1 127/1
f 123/1 128/1 127/1
f 123/1 126/1 128/1
f 126/1 131/1 128/1
f 126/1 129/1 131/1
f 124/1 129/1 126/1
f 124/1 130/1 129/1
f 125/1 130/1 124/1
f 127/1 128/1 132/1
f 128/1 133/1 132/1
f 128/1 131/1 133/1
f 131/1 136/1 133/1
f 131/1 134/1 136/1
f 129/1 134/1 131/1
f 129/1 135/1 134/1
f 130/1 135/1 129/1
f 132/1 133/1 137/1
f 133/1 138/1 137/1
f 133/1 136/1 138/1
f 136/1 141/1 138/1
f 136/1 139/1 141/1
f 134/1 139/1 136/1
f 134/1 140/1 139/1
f 135/1 140/1 134/1
f 137/1 138/1 142/1
f 138/1 143/1 142/1
f 138/1 141/1 143/1
f 141/1 146/1 143/1
f 141/1 144/1 146/1
f 139/1 144/1 141/1
f 139/1 145/1 144/1
f 140/1 145/1 139/1
f 142/1 143/1 147/1
f 143/1 148/1 147/1
f 143/1 146/1 148/1
f 146/1 151/1 148/1
f 146/1 149/1 151/1
f 144/1 149/1 146/1
f 144/1 150/1 149/1
f 145/1 150/1 144/1
f 147/1 148/1 152/1
f 148/1 153/1 152/1
f 148/1 151/1 153/1
f 151/1 156/1 153/1
f 151/1 154/1 156/1
f 149/1 154/1 151/1
f 149/1 155/1 154/1
f 150/1 155/1 149/1
f 152/1 153/1 157/1
f 153/1 158/1 157/1
f 153/1 156/1 158/1
f 156/1 161/1 158/1
f 156/1 159/1 161/1
f 154/1 159/1 156/1
f 154/1 160/1 159/1
f 155/1 160/1 154/1
f 157/1 158/1 162/1
f 158/1 163/1 162/1
f 158/1 161/1 163/1
f 161/1 166/1 163/1
f 161/1 164/1 166/1
f 159/1 164/1 161/1
f 159/1 165/1 164/1
f 160/1 165/1 159/1
f 162/1 163/1 167/1
f 163/1 168/1 167/1
f 163/1 166/1 168/1
f 166/1 171/1 168/1
f 166/1 169/1 171/1
f 164/1 169/1 166/1
f 164/1 170/1 169/1
f 165/1 170/1 164/1
f 167/1 168/1 172/1
f 168/1 173/1 172/1
f 168/1 171/1 173/1
f 171/1 176/1 173/1
f 171/1 174/1 176/1
f 169/1 174/1 171/1
f 169/1 175/1 174/1
f 170/1 175/1 169/1
f 172/1 173/1 177/1
f 173/1 178/1 177/1
f 173/1 176/1 178/1
f 176/1 181/1 178/1
f 176/1 179/1 181/1
f 174/1 179/1 176/1
f 174/1 180/1 179/1
f 175/1 180/1 174/1
f 177/1 178/1 182/1
f 178/1 183/1 182/1
f 178/1 181/1 183/1
f 181/1 186/1 183/1
f 181/1 184/1 186/1
f 179/1 184/1 181/1
f 179/1 185/1 184/1
f 180/1 185/1 179/1
f 182/1 183/1 187/1
f 183/1 188/1 187/1
f 183/1 186/1 188/1
f 186/1 191/1 188/1
f 186/1 189/1 191/1
f 184/1 189/1 186/1
f 184/1 190/1 189/1
f 185/1 190/1 184/1
f 187/1 188/1 192/1
f 188/1 193/1 192/1
f 188/1 191/1 193/1
f 191/1 196/1 193/1
f 191/1 194/1 196/1
f 189/1 194/1 191/1
f 189/1 195/1 194/1
f 190/1 195/1 189/1
f 192/1 193/1 197/1
f 193/1 198/1 197/1
f 193/1 196/1 198/1
f 196/1 201/1 198/1
f 196/1 199/1 201/1
f 194/1 199/1 196/1
f 194/1 200/1 199/1
f 195/1 200/1 194/1
f 197/1 198/1 202/1
f 198/1 203/1 202/1
f 198/1 201/1 203/1
f 201/1 206/1 203/1
f 201/1 204/1 206/1
f 199/1 204/1 201/1
f 199/1 205/1 204/1
f 200/1 205/1 199/1
f 202/1 203/1 207/1
f 203/1 208/1 207/1
f 203/1 206/1 208/1
f 206/1 211/1 208/1
f 206/1 209/1 211/1
f 204/1 209/1 206/1
f 204/1 210/1 209/1
f 205/1 210/1 204/1
f 207/1 208/1 212/1
f 208/1 213/1 212/1
f 208/1 211/1 213/1
f 211/1 216/1 213/1
f 211/1 214/1 216/1
f 209/1 214/1 211/1
f 209/1 215/1 214/1
f 210/1 215/1 209/1
f 212/1 213/1 217/1
f 213/1 218/1 217/1
f 213/1 216/1 218/1
f 216/1 221/1 218/1
f 216/1 219/1 221/1
f 214/1 219/1 216/1
f 214/1 220/1 219/1
f 215/1 220/1 214/1
f 217/1 218/1 222/1
f 218/1 223/1 222/1
f 218/1 221/1 223/1
f 221/1 226/1 223/1
f 221/1 224/1 226/1
f 219/1 224/1 221/1
f 219/1 225/1 224/1
f 220/1 225/1 219/1
f 222/1 223/1 227/1
f 223/1 228/1 227/1
f 223/1 226/1 228/1
f 226/1 231/1 228/1
f 226/1 229/1 231/1
f 224/1 229/1 226/1
f 224/1 230/1 229/1
f 225/1 230/1 224/1
f 227/1 228/1 232/1
f 228/1 233/1 232/1
f 228/1 231/1 233/1
f 231/1 236/1 233/1
f 231/1 234/1 236/1
f 229/1 234/1 231/1
f 229/1 235/1 234/1
f 230/1 235/1 229/1
f 232/1 233/1 237/1
f 233/1 238/1 237/1
f 233/1 236/1 238/1
f 236/1 241/1 238/1
f 236/1 239/1 241/1
f 234/1 239/1 236/1
f 234/1 240/1 239/1
f 235/1 240/1 234/1
f 237/1 238/1 242/1
f 238/1 243/1 242/1
f 238/1 241/1 243/1
f 241/1 246/1 243/1
f 241/1 244/1 246/1
f 239/1 244/1 241/1
f 239/1 245/1 244/1
f 240/1 245/1 239/1
f 247/1 249/1 248/1
f 247/1 252/1 249/1
f 247/1 250/1 252/1
f 247/1 251/1 250/1
f 248/1 249/1 253/1
f 249/1 254/1 253/1
f 249/1 252/1 254/1
f 252/1 257/1 254/1
f 252/1 255/1 257/1
f 250/1 255/1 252/1
f 250/1 256/1 255/1
f 251/1 256/1 250/1
f 253/1 254/1 258/1
f 254/1 259/1 258/1
f 254/1 257/1 259/1
f 257/1 262/1 259/1
f 257/1 260/1 262/1
f 255/1 260/1 257/1
f 255/1 261/1 260/1
f 256/1 261/1 255/1
f 258/1 259/1 263/1
f 259/1 264/1 263/1
f 259/1 262/1 264/1
f 262/1 267/1 264/1
f 262/1 265/1 267/1
f 260/1 265/1 262/1
f 260/1 266/1 265/1
f 261/1 266/1 260/1
f 263/1 264/1 268/1
f 264/1 269/1 268/1
f 264/1 267/1 269/1
f 267/1 272/1 269/1
f 267/1 270/1 272/1
f 265/1 270/1 267/1
f 265/1 271/1 270/1
f 266/1 271/1 265/1
f 268/1 269/1 273/1
f 269/1 274/1 273/1
f 269/1 272/1 274/1
f 272/1 277/1 274/1
f 272/1 275/1 277/1
f 270/1 275/1 272/1
f 270/1 276/1 275/1
f 271/1 276/1 270/1
f 273/1 274/1 278/1
f 274/1 279/1 278/1
f 274/1 277/1 279/1
f 277/1 282/1 279/1
f 277/1 280/1 282/1
f 275/1 280/1 277/1
f 275/1 281/1 280/1
f 276/1 281/1 275/1
f 278/1 279/1 283/1
f 279/1 284/1 283/1
f 279/1 282/1 284/1
f 282/1 287/1 284/1
f 282/1 285/1 287/1
f 280/1 285/1 282/1
f 280/1 286/1 285/1
f 281/1 286/1 280/1
f 283/1 284/1 288/1
f 284/1 289/1 288/1
f 284/1 287/1 289/1
f 287/1 292/1 289/1
f 287/1 290/1 292/1
f 285/1 290/1 287/1
f 285/1 291/1 290/1
f 286/1 291/1 285/1
f 288/1 289/1 293/1
f 289/1 294/1 293/1
f 289/1 292/1 294/1
f 292/1 297/1 294/1
f 292/1 295/1 297/1
f 290/1 295/1 292/1
f 290/1 296/1 295/1
f 291/1 296/1 290/1
f 293/1 294/1 298/1
f 294/1 299/1 298/1
f 294/1 297/1 299/1
f 297/1 302/1 299/1
f 297/1 300/1 302/1
f 295/1 300/1 297/1
f 295/1 301/1 300/1
f 296/1 301/1 295/1
f 298/1 299/1 303/1
f 299/1 304/1 303/1
f 299/1 302/1 304/1
f 302/1 307/1 304/1
f 302/1 305/1 307/1
f 300/1 305/1 302/1
f 300/1 306/1 305/1
f 301/1 306/1 300/1
f 303/1 304/1 308/1
f 304/1 309/1 308/1
f 304/1 307/1 309/1
f 307/1 312/1 309/1
f 307/1 310/1 312/1
f 305/1 310/1 307/1
f 305/1 311/1 310/1
f 306/1 311/1 305/1
f 308/1 309/1 313/1
f 309/1 314/1 313/1
f 309/1 312/1 314/1
f 312/1 317/1 314/1
f 312/1 315/1 317/1
f 310/1 315/1 312/1
f 310/1 316/1 315/1
f 311/1 316/1 310/1
f 313/1 314/1 318/1
f 314/1 319/1 318/1
f 314/1 317/1 319/1
f 317/1 322/1 319/1
f 317/1 320/1 322/1
f 315/1 320/1 317/1
f 315/1 321/1 320/1
f 316/1 321/1 315/1
f 318/1 319/1 323/1
f 319/1 324/1 323/1
f 319/1 322/1 324/1
f 322/1 327/1 324/1
f 322/1 325/1 327/1
f 320/1 325/1 322/1
f 320/1 326/1 325/1
f 321/1 326/1 320/1
f 323/1 324/1 328/1
f 324/1 329/1 328/1
f 324/1 327/1 329/1
f 327/1 332/1 329/1
f 327/1 330/1 332/1
f 325/1 330/1 327/1
f 325/1 331/1 330/1
f 326/1 331/1 325/1
f 328/1 329/1 333/1
f 329/1 334/1 333/1
f 329/1 332/1 334/1
f 332/1 337/1 334/1
f 332/1 335/1 337/1
f 330/1 335/1 332/1
f 330/1 336/1 335/1
f 331/1 336/1 330/1
f 333/1 334/1 338/1
f 334/1 339/1 338/1
f 334/1 337/1 339/1
f 337/1 342/1 339/1
f 337/1 340/1 342/1
f 335/1 340/1 337/1
f 335/1 341/1 340/1
f 336/1 341/1 335/1
f 338/1 339/1 343/1
f 339/1 344/1 343/1
f 339/1 342/1 344/1
f 342/1 347/1 344/1
f 342/1 345/1 347/1
f 340/1 345/1 342/1
f 340/1 346/1 345/1
f 341/1 346/1 340/1
f 343/1 344/1 348/1
f 344/1 349/1 348/1
f 344/1 347/1 349/1
f 347/1 352/1 349/1
f 347/1 350/1 352/1
f 345/1 350/1 347/1
f 345/1 351/1 350/1
f 346/1 351/1 345/1
f 348/1 349/1 353/1
f 349/1 354/1 353/1
f 349/1 352/1 354/1
f 352/1 357/1 354/1
f 352/1 355/1 357/1
f 350/1 355/1 352/1
f 350/1 356/1 355/1
f 351/1 356/1 350/1
f 353/1 354/1 358/1
f 354/1 359/1 358/1
f 354/1 357/1 359/1
f 357/1 362/1 359/1
f 357/1 360/1 362/1
f 355/1 360/1 357/1
f 355/1 361/1 360/1
f 356/1 361/1 355/1
f 358/1 359/1 363/1
f 359/1 364/1 363/1
f 359/1 362/1 364/1
f 362/1 367/1 364/1
f 362/1 365/1 367/1
f 360/1 365/1 362/1
f 360/1 366/1 365/1
f 361/1 366/1 360/1
f 363/1 364/1 368/1
f 364/1 369/1 368/1
f 364/1 367/1 369/1
f 367/1 372/1 369/1
f 367/1 370/1 372/1
f 365/1 370/1 367/1
f 365/1 371/1 370/1
f 366/1 371/1 365/1
f 368/1 369/1 373/1
f 369/1 374/1 373/1
f 369/1 372/1 374/1
f 372/1 377/1 374/1
f 372/1 375/1 377/1
f 370/1 375/1 372/1
f 370/1 376/1 375/1
f 371/1 376/1 370/1
f 373/1 374/1 378/1
f 374/1 379/1 378/1
f 374/1 377/1 379/1
f 377/1 382/1 379/1
f 377/1 380/1 382/1
f 375/1 380/1 377/1
f 375/1 381/1 380/1
f 376/1 381/1 375/1
f 378/1 379/1 383/1
f 379/1 384/1 383/1
f 379/1 382/1 384/1
f 382/1 387/1 384/1
f 382/1 385/1 387/1
f 380/1 385/1 382/1
f 380/1 386/1 385/1
f 381/1 386/1 380/1
f 383/1 384/1 388/1
f 384/1 389/1 388/1
f 384/1 387/1 389/1
f 387/1 392/1 389/1
f 387/1 390/1 392/1
f 385/1 390/1 387/1
f 385/1 391/1 390/1
f 386/1 391/1 385/1
f 388/1 389/1 393/1
f 389/1 394/1 393/1
f 389/1 392/1 394/1
f 392/1 397/1 394/1
f 392/1 395/1 397/1
f 390/1 395/1 392/1
f 390/1 396/1 395/1
f 391/1 396/1 390/1
f 393/1 394/1 398/1
f 394/1 399/1 398/1
f 394/1 397/1 399/1
f 397/1 402/1 399/1
f 397/1 400/1 402/1
f 395/1 400/1 397/1
f 395/1 401/1 400/1
f 396/1 401/1 395/1
f 398/1 399/1 403/1
f 399/1 404/1 403/1
f 399/1 402/1 404/1
f 402/1 407/1 404/1
f 402/1 405/1 407/1
f 400/1 405/1 402/1
f 400/1 406/1 405/1
f 401/1 406/1 400/1
f 403/1 404/1 408/1
f 404/1 409/1 408/1
f 404/1 407/1 409/1
f 407/1 412/1 409/1
f 407/1 410/1 412/1
f 405/1 410/1 407/1
f 405/1 411/1 410/1
f 406/1 411/1 405/1
f 408/1 409/1 413/1
f 409/1 414/1 413/1
f 409/1 412/1 414/1
f 412/1 417/1 414/1
f 412/1 415/1 417/1
f 410/1 415/1 412/1
f 410/1 416/1 415/1
f 411/1 416/1 410/1
f 413/1 414/1 418/1
f 414/1 419/1 418/1
f 414/1 417/1 419/1
f 417/1 422/1 419/1
f 417/1 420/1 422/1
f 415/1 420/1 417/1
f 415/1 421/1 420/1
f 416/1 421/1 415/1
f 418/1 419/1 423/1
f 419/1 424/1 423/1
f 419/1 422/1 424/1
f 422/1 427/1 424/1
f 422/1 425/1 427/1
f 420/1 425/1 422/1
f 420/1 426/1 425/1
f 421/1 426/1 420/1
f 423/1 424/1 428/1
f 424/1 429/1 428/1
f 424/1 427/1 429/1
f 427/1 432/1 429/1
f 427/1 430/1 432/1
f 425/1 430/1 427/1
f 425/1 431/1 430/1
f 426/1 431/1 425/1
f 428/1 429/1 433/1
f 429/1 434/1 433/1
f 429/1 432/1 434/1
f 432/1 437/1 434/1
f 432/1 435/1 437/1
f 430/1 435/1 432/1
f 430/1 436/1 435/1
f 431/1 436/1 430/1
f 433/1 434/1 438/1
f 434/1 439/1 438/1
f 434/1 437/1 439/1
f 437/1 442/1 439/1
f 437/1 440/1 442/1
f 435/1 440/1 437/1
f 435/1 441/1 440/1
f 436/1 441/1 435/1
f 438/1 439/1 443/1
f 439/1 444/1 443/1
f 439/1 442/1 444/1
f 442/1 447/1 444/1
f 442/1 445/1 447/1
f 440/1 445/1 442/1
f 440/1 446/1 445/1
f 441/1 446/1 440/1
f 443/1 444/1 448/1
f 444/1 449/1 448/1
f 444/1 447/1 449/1
f 447/1 452/1 449/1
f 447/1 450/1 452/1
f 445/1 450/1 447/1
f 445/1 451/1 450/1
f 446/1 451/1 445/1
f 448/1 449/1 453/1
f 449/1 454/1 453/1
f 449/1 452/1 454/1
f 452/1 457/1 454/1
f 452/1 455/1 457/1
f 450/1 455/1 452/1
f 450/1 456/1 455/1
f 451/1 456/1 450/1
f 453/1 454/1 458/1
f 454/1 459/1 458/1
f 454/1 457/1 459/1
f 457/1 462/1 459/1
f 457/1 460/1 462/1
f 455/1 460/1 457/1
f 455/1 461/1 460/1
f 456/1 461/1 455/1
f 458/1 459/1 463/1
f 459/1 464/1 463/1
f 459/1 462/1 464/1
f 462/1 467/1 464/1
f 462/1 465/1 467/1
f 460/1 465/1 462/1
f 460/1 466/1 465/1
f 461/1 466/1 460/1
f 463/1 464/1 468/1
f 464/1 469/1 468/1
f 464/1 467/1 469/1
f 467/1 472/1 469/1
f 467/1 470/1 472/1
f 465/1 470/1 467/1
f 465/1 471/1 470/1
f 466/1 471/1 465/1
f 473/1 475/1 474/1
f 473/1 478/1 475/1
f 473/1 476/1 478/1
f 473/1 477/1 476/1
f 474/1 475/1 479/1
f 475/1 480/1 479/1
f 475/1 478/1 480/1
f 478/1 483/1 480/1
f 478/1 481/1 483/1
f 476/1 481/1 478/1
f 476/1 482/1 481/1
f 477/1 482/1 476/1
f 479/1 480/1 484/1
f 480/1 485/1 484/1
f 480/1 483/1 485/1
f 483/1 488/1 485/1
f 483/1 486/1 488/1
f 481/1 486/1 483/1
f 481/1 487/1 486/1
f 482/1 487/1 481/1
f 484/1 485/1 489/1
f 485/1 490/1 489/1
f 485/1 488/1 490/1
f 488/1 493/1 490/1
f 488/1 491/1 493/1
f 486/1 491/1 488/1
f 486/1 492/1 491/1
f 487/1 492/1 486/1
f 489/1 490/1 494/1
f 490/1 495/1 494/1
f 490/1 493/1 495/1
f 493/1 498/1 495/1
f 493/1 496/1 498/1
f 491/1 496/1 493/1
f 491/1 497/1 496/1
f 492/1 497/1 491/1
f 494/1 495/1 499/1
f 495/1 500/1 499/1
f 495/1 498/1 500/1
f 498/1 503/1 500/1
f 498/1 501/1 503/1
f 496/1 501/1 498/1
f 496/1 502/1 501/1
f 497/1 502/1 496/1
f 499/1 500/1 504/1
f 500/1 505/1 504/1
f 500/1 503/1 505/1
f 503/1 508/1 505/1
f 503/1 506/1 508/1
f 501/1 506/1 503/1
f 501/1 507/1 506/1
f 502/1 507/1 501/1
f 504/1 505/1 509/1
f 505/1 510/1 509/1
f 505/1 508/1 510/1
f 508/1 513/1 510/1
f 508/1 511/1 513/1
f 506/1 511/1 508/1
f 506/1 512/1 511/1
f 507/1 512/1 506/1
f 509/1 510/1 514/1
f 510/1 515/1 514/1
f 510/1 513/1 515/1
f 513/1 518/1 515/1
f 513/1 516/1 518/1
f 511/1 516/1 513/1
f 511/1 517/1 516/1
f 512/1 517/1 511/1
f 514/1 515/1 519/1
f 515/1 520/1 519/1
f 515/1 518/1 520/1
f 518/1 523/1 520/1
f 518/1 521/1 523/1
f 516/1 521/1 518/1
f 516/1 522/1 521/1
f 517/1 522/1 516/1
f 519/1 520/1 524/1
f 520/1 525/1 524/1
f 520/1 523/1 525/1
f 523/1 528/1 525/1
f 523/1 526/1 528/1
f 521/1 526/1 523/1
f 521/1 527/1 526/1
f 522/1 527/1 521/1
f 524/1 525/1 529/1
f 525/1 530/1 529/1
f 525/1 528/1 530/1
f 528/1 533/1 530/1
f 528/1 531/1 533/1
f 526/1 531/1 528/1
f 526/1 532/1 531/1
f 527/1 532/1 526/1
f 529/1 530/1 534/1
f 530/1 535/1 534/1
f 530/1 533/1 535/1
f 533/1 538/1 535/1
f 533/1 536/1 538/1
f 531/1 536/1 533/1
f 531/1 537/1 536/1
f 532/1 537/1 531/1
f 534/1 535/1 539/1
f 535/1 540/1 539/1
f 535/1 538/1 540/1
f 538/1 543/1 540/1
f 538/1 541/1 543/1
f 536/1 541/1 538/1
f 536/1 542/1 541/1
f 537/1 542/1 536/1
f 539/1 540/1 544/1
f 540/1 545/1 544/1
f 540/1 543/1 545/1
f 543/1 548/1 545/1
f 543/1 546/1 548/1
f 541/1 546/1 543/1
f 541/1 547/1 546/1
f 542/1 547/1 541/1
f 544/1 545/1 549/1
f 545/1 550/1 549/1
f 545/1 548/1 550/1
f 548/1 553/1 550/1
f 548/1 551/1 553/1
f 546/1 551/1 548/1
f 546/1 552/1 551/1
f 547/1 552/1 546/1
f 549/1 550/1 554/1
f 550/1 555/1 554/1
f 550/1 553/1 555/1
f 553/1 558/1 555/1
f 553/1 556/1 558/1
f 551/1 556/1 553/1
f 551/1 557/1 556/1
f 552/1 557/1 551/1
f 554/1 555/1 559/1
f 555/1 560/1 559/1
f 555/1 558/1 560/1
f 558/1 563/1 560/1
f 558/1 561/1 563/1
f 556/1 561/1 558/1
f 556/1 562/1 561/1
f 557/1 562/1 556/1
f 559/1 560/1 564/1
f 560/1 565/1 564/1
f 560/1 563/1 565/1
f 563/1 568/1 565/1
f 563/1 566/1 568/1
f 561/1 566/1 563/1
f 561/1 567/1 566/1
f 562/1 567/1 561/1
f 564/1 565/1 569/1
f 565/1 570/1 569/1
f 565/1 568/1 570/1
f 568/1 573/1 570/1
f 568/1 571/1 573/1
f 566/1 571/1 568/1
f 566/1 572/1 571/1
f 567/1 572/1 566/1
f 569/1 570/1 574/1
f 570/1 575/1 574/1
f 570/1 573/1 575/1
f 573/1 578/1 575/1
f 573/1 576/1 578/1
f 571/1 576/1 573/1
f 571/1 577/1 576/1
f 572/1 577/1 571/1
f 574/1 575/1 579/1
f 575/1 580/1 579/1
f 575/1 578/1 580/1
f 578/1 583/1 580/1
f 578/1 581/1 583/1
f 576/1 581/1 578/1
f 576/1 582/1 581/1
f 577/1 582/1 576/1
f 579/1 580/1 584/1
f 580/1 585/1 584/1
f 580/1 583/1 585/1
f 583/1 588/1 585/1
f 583/1 586/1 588/1
f 581/1 586/1 583/1
f 581/1 587/1 586/1
f 582/1 587/1 581/1
f 584/1 585/1 589/1
f 585/1 590/1 589/1
f 585/1 588/1 590/1
f 588/1 593/1 590/1
f 588/1 591/1 593/1
f 586/1 591/1 588/1
f 586/1 592/1 591/1
f 587/1 592/1 586/1
f 589/1 590/1 594/1
f 590/1 595/1 594/1
f 590/1 593/1 595/1
f 593/1 598/1 595/1
f 593/1 596/1 598/1
f 591/1 596/1 593/1
f 591/1 597/1 596/1
f 592/1 597/1 591/1
f 594/1 595/1 599/1
f 595/1 600/1 599/1
f 595/1 598/1 600/1
f 598/1 603/1 600/1
f 598/1 601/1 603/1
f 596/1 601/1 598/1
f 596/1 602/1 601/1
f 597/1 602/1 596/1
f 599/1 600/1 604/1
f 600/1 605/1 604/1
f 600/1 603/1 605/1
f 603/1 608/1 605/1
f 603/1 606/1 608/1
f 601/1 606/1 603/1
f 601/1 607/1 606/1
f 602/1 607/1 601/1
f 604/1 605/1 609/1
f 605/1 610/1 609/1
f 605/1 608/1 610/1
f 608/1 613/1 610/1
f 608/1 611/1 613/1
f 606/1 611/1 608/1
f 606/1 612/1 611/1
f 607/1 612/1 606/1
f 609/1 610/1 614/1
f 610/1 615/1 614/1
f 610/1 613/1 615/1
f 613/1 618/1 615/1
f 613/1 616/1 618/1
f 611/1 616/1 613/1
f 611/1 617/1 616/1
f 612/1 617/1 611/1
f 614/1 615/1 619/1
f 615/1 620/1 619/1
f 615/1 618/1 620/1
f 618/1 623/1 620/1
f 618/1 621/1 623/1
f 616/1 621/1 618/1
f 616/1 622/1 621/1
f 617/1 622/1 616/1
f 619/1 620/1 624/1
f 620/1 625/1 624/1
f 620/1 623/1 625/1
f 623/1 628/1 625/1
f 623/1 626/1 628/1
f 621/1 626/1 623/1
f 621/1 627/1 626/1
f 622/1 627/1 621/1
f 624/1 625/1 629/1
f 625/1 630/1 629/1
f 625/1 628/1 630/1
f 628/1 633/1 630/1
f 628/1 631/1 633/1
f 626/1 631/1 628/1
f 626/1 632/1 631/1
f 627/1 632/1 626/1
f 629/1 630/1 634/1
f 630/1 635/1 634/1
f 630/1 633/1 635/1
f 633/1 638/1 635/1
f 633/1 636/1 638/1
f 631/1 636/1 633/1
f 631/1 637/1 636/1
f 632/1 637/1 631/1
f 634/1 635/1 639/1
f 635/1 640/1 639/1
f 635/1 638/1 640/1
f 638/1 643/1 640/1
f 638/1 641/1 643/1
f 636/1 641/1 638/1
f 636/1 642/1 641/1
f 637/1 642/1 636/1
f 639/1 640/1 644/1
f 640/1 645/1 644/1
f 640/1 643/1 645/1
f 643/1 648/1 645/1
f 643/1 646/1 648/1
f 641/1 646/1 643/1
f 641/1 647/1 646/1
f 642/1 647/1 641/1
f 644/1 645/1 649/1
f 645/1 650/1 649/1
f 645/1 648/1 650/1
f 648/1 653/1 650/1
f 648/1 651/1 653/1
f 646/1 651/1 648/1
f 646/1 652/1 651/1
f 647/1 652/1 646/1
f 649/1 650/1 654/1
f 650/1 655/1 654/1
f 650/1 653/1 655/1
f 653/1 658/1 655/1
f 653/1 656/1 658/1
f 651/1 656/1 653/1
f 651/1 657/1 656/1
f 652/1 657/1 651/1
f 659/1 661/1 660/1
f 659/1 664/1 661/1
f 659/1 662/1 664/1
f 659/1 663/1 662/1
f 660/1 661/1 665/1
f 661/1 666/1 665/1
f 661/1 664/1 666/1
f 664/1 669/1 666/1
f 664/1 667/1 669/1
f 662/1 667/1 664/1
f 662/1 668/1 667/1
f 663/1 668/1 662/1
f 665/1 666/1 670/1
f 666/1 671/1 670/1
f 666/1 669/1 671/1
f 669/1 674/1 671/1
f 669/1 672/1 674/1
f 667/1 672/1 669/1
f 667/1 673/1 672/1
f 668/1 673/1 667/1
f 670/1 671/1 675/1
f 671/1 676/1 675/1
f 671/1 674/1 676/1
f 674/1 679/1 676/1
f 674/1 677/1 679/1
f 672/1 677/1 674/1
f 672/1 678/1 677/1
f 673/1 678/1 672/1
f 675/1 676/1 680/1
f 676/1 681/1 680/1
f 676/1 679/1 681/1
f 679/1 684/1 681/1
f 679/1 682/1 684/1
f 677/1 682/1 679/1
f 677/1 683/1 682/1
f 678/1 683/1 677/1
f 680/1 681/1 685/1
f 681/1 686/1 685/1
f 681/1 684/1 686/1
f 684/1 689/1 686/1
f 684/1 687/1 689/1
f 682/1 687/1 684/1
f 682/1 688/1 687/1
f 683/1 688/1 682/1
f 685/1 686/1 690/1
f 686/1 691/1 690/1
f 686/1 689/1 691/1
f 689/1 694/1 691/1
f 689/1 692/1 694/1
f 687/1 692/1 689/1
f 687/1 693/1 692/1
f 688/1 693/1 687/1
f 690/1 691/1 695/1
f 691/1 696/1 695/1
f 691/1 694/1 696/1
f 694/1 699/1 696/1
f 694/1 697/1 699/1
f 692/1 697/1 694/1
f 692/1 698/1 697/1
f 693/1 698/1 692/1
f 695/1 696/1 700/1
f 696/1 701/1 700/1
f 696/1 699/1 701/1
f 699/1 704/1 701/1
f 699/1 702/1 704/1
f 697/1 702/1 699/1
f 697/1 703/1 702/1
f 698/1 703/1 697/1
f 700/1 701/1 705/1
f 701/1 706/1 705/1
f 701/1 704/1 706/1
f 704/1 709/1 706/1
f 704/1 707/1 709/1
f 702/1 707/1 704/1
f 702/1 708/1 707/1
f 703/1 708/1 702/1
f 705/1 706/1 710/1
f 706/1 711/1 710/1
f 706/1 709/1 711/1
f 709/1 714/1 711/1
f 709/1 712/1 714/1
f 707/1 712/1 709/1
f 707/1 713/1 712/1
f 708/1 713/1 707/1
f 710/1 711/1 715/1
f 711/1 716/1 715/1
f 711/1 714/1 716/1
f 714/1 719/1 716/1
f 714/1 717/1 719/1
f 712/1 717/1 714/1
f 712/1 718/1 717/1
f 713/1 718/1 712/1
f 715/1 716/1 720/1
f 716/1 721/1 720/1
f 716/1 719/1 721/1
f 719/1 724/1 721/1
f 719/1 722/1 724/1
f 717/1 722/1 719/1
f 717/1 723/1 722/1
f 718/1 723/1 717/1
f 720/1 721/1 725/1
f 721/1 726/1 725/1
f 721/1 724/1 726/1
f 724/1 729/1 726/1
f 724/1 727/1 729/1
f 722/1 727/1 724/1
f 722/1 728/1 727/1
f 723/1 728/1 722/1
f 725/1 726/1 730/1
f 726/1 731/1 730/1
f 726/1 729/1 731/1
f 729/1 734/1 731/1
f 729/1 732/1 734/1
f 727/1 732/1 729/1
f 727/1 733/1 732/1
f 728/1 733/1 727/1
f 730/1 731/1 735/1
f 731/1 736/1 735/1
f 731/1 734/1 736/1
f 734/1 739/1 736/1
f 734/1 737/1 739/1
f 732/1 737/1 734/1
f 732/1 738/1 737/1
f 733/1 738/1 732/1
f 735/1 736/1 740/1
f 736/1 741/1 740/1
f 736/1 739/1 741/1
f 739/1 744/1 741/1
f 739/1 742/1 744/1
f 737/1 742/1 739/1
f 737/1 743/1 742/1
f 738/1 743/1 737/1
f 740/1 741/1 745/1
f 741/1 746/1 745/1
f 741/1 744/1 746/1
f 744/1 749/1 746/1
f 744/1 747/1 749/1
f 742/1 747/1 744/1
f 742/1 748/1 747/1
f 743/1 748/1 742/1
f 745/1 746/1 750/1
f 746/1 751/1 750/1
f 746/1 749/1 751/1
f 749/1 754/1 751/1
f 749/1 752/1 754/1
f 747/1 752/1 749/1
f 747/1 753/1 752/1
f 748/1 753/1 747/1
f 750/1 751/1 755/1
f 751/1 756/1 755/1
f 751/1 754/1 756/1
f 754/1 759/1 756/1
f 754/1 757/1 759/1
f 752/1 757/1 754/1
f 752/1 758/1 757/1
f 753/1 758/1 752/1
f 755/1 756/1 760/1
f 756/1 761/1 760/1
f 756/1 759/1 761/1
f 759/1 764/1 761/1
f 759/1 762/1 764/1
f 757/1 762/1 759/1
f 757/1 763/1 762/1
f 758/1 763/1 757/1
f 760/1 761/1 765/1
f 761/1 766/1 765/1
f 761/1 764/1 766/1
f 764/1 769/1 766/1
f 764/1 767/1 769/1
f 762/1 767/1 764/1
f 762/1 768/1 767/1
f 763/1 768/1 762/1
f 765/1 766/1 770/1
f 766/1 771/1 770/1
f 766/1 769/1 771/1
f 769/1 774/1 771/1
f 769/1 772/1 774/1
f 767/1 772/1 769/1
f 767/1 773/1 772/1
f 768/1 773/1 767/1
f 770/1 771/1 775/1
f 771/1 776/1 775/1
f 771/1 774/1 776/1
f 774/1 779/1 776/1
f 774/1 777/1 779/1
f 772/1 777/1 774/1
f 772/1 778/1 777/1
f 773/1 778/1 772/1
f 775/1 776/1 780/1
f 776/1 781/1 780/1
f 776/1 779/1 781/1
f 779/1 784/1 781/1
f 779/1 782/1 784/1
f 777/1 782/1 779/1
f 777/1 783/1 782/1
f 778/1 783/1 777/1
f 780/1 781/1 785/1
f 781/1 786/1 785/1
f 781/1 784/1 786/1
f 784/1 789/1 786/1
f 784/1 787/1 789/1
f 782/1 787/1 784/1
f 782/1 788/1 787/1
f 783/1 788/1 782/1
f 785/1 786/1 790/1
f 786/1 791/1 790/1
f 786/1 789/1 791/1
f 789/1 794/1 791/1
f 789/1 792/1 794/1
f 787/1 792/1 789/1
f 787/1 793/1 792/1
f 788/1 793/1 787/1
f 790/1 791/1 795/1
f 791/1 796/1 795/1
f 791/1 794/1 796/1
f 794/1 799/1 796/1
f 794/1 797/1 799/1
f 792/1 797/1 794/1
f 792/1 798/1 797/1
f 793/1 798/1 792/1
f 795/1 796/1 800/1
f 796/1 801/1 800/1
f 796/1 799/1 801/1
f 799/1 804/1 801/1
f 799/1 802/1 804/1
f 797/1 802/1 799/1
f 797/1 803/1 802/1
f 798/1 803/1 797/1
f 800/1 801/1 805/1
f 801/1 806/1 805/1
f 801/1 804/1 806/1
f 804/1 809/1 806/1
f 804/1 807/1 809/1
f 802/1 807/1 804/1
f 802/1 808/1 807/1
f 803/1 808/1 802/1
f 805/1 806/1 810/1
f 806/1 811/1 810/1
f 806/1 809/1 811/1
f 809/1 814/1 811/1
f 809/1 812/1 814/1
f 807/1 812/1 809/1
f 807/1 813/1 812/1
f 808/1 813/1 807/1
f 810/1 811/1 815/1
f 811/1 816/1 815/1
f 811/1 814/1 816/1
f 814/1 819/1 816/1
f 814/1 817/1 819/1
f 812/1 817/1 814/1
f 812/1 818/1 817/1
f 813/1 818/1 812/1
f 815/1 816/1 820/1
f 816/1 821/1 820/1
f 816/1 819/1 821/1
f 819/1 824/1 821/1
f 819/1 822/1 824/1
f 817/1 822/1 819/1
f 817/1 823/1 822/1
f 818/1 823/1 817/1
f 820/1 821/1 825/1
f 821/1 826/1 825/1
f 821/1 824/1 826/1
f 824/1 829/1 826/1
f 824/1 827/1 829/1
f 822/1 827/1 824/1
f 822/1 828/1 827/1
f 823/1 828/1 822/1
f 825/1 826/1 830/1
f 826/1 831/1 830/1
f 826/1 829/1 831/1
f 829/1 834/1 831/1
f 829/1 832/1 834/1
f 827/1 832/1 829/1
f 827/1 833/1 832/1
f 828/1 833/1 827/1
f 830/1 831/1 835/1
f 831/1 836/1 835/1
f 831/1 834/1 836/1
f 834/1 839/1 836/1
f 834/1 837/1 839/1
f 832/1 837/1 834/1
f 832/1 838/1 837/1
f 833/1 838/1 832/1
f 835/1 836/1 840/1
f 836/1 841/1 840/1
f 836/1 839/1 841/1
f 839/1 844/1 841/1
f 839/1 842/1 844/1
f 837/1 842/1 839/1
f 837/1 843/1 842/1
f 838/1 843/1 837/1
f 840/1 841/1 845/1
f 841/1 846/1 845/1
f 841/1 844/1 846/1
f 844/1 849/1 846/1
f 844/1 847/1 849/1
f 842/1 847/1 844/1
f 842/1 848/1 847/1
f 843/1 848/1 842/1
f 845/1 846/1 850/1
f 846/1 851/1 850/1
f 846/1 849/1 851/1
f 849/1 854/1 851/1
f 849/1 852/1 854/1
f 847/1 852/1 849/1
f 847/1 853/1 852/1
f 848/1 853/1 847/1
f 850/1 851/1 855/1
f 851/1 856/1 855/1
f 851/1 854/1 856/1
f 854/1 859/1 856/1
f 854/1 857/1 859/1
f 852/1 857/1 854/1
f 852/1 858/1 857/1
f 853/1 858/1 852/1
f 855/1 856/1 860/1
f 856/1 861/1 860/1
f 856/1 859/1 861/1
f 859/1 864/1 861/1
f 859/1 862/1 864/1
f 857/1 862/1 859/1
f 857/1 863/1 862/1
f 858/1 863/1 857/1
f 860/1 861/1 865/1
f 861/1 866/1 865/1
f 861/1 864/1 866/1
f 864/1 869/1 866/1
f 864/1 867/1 869/1
f 862/1 867/1 864/1
f 862/1 868/1 867/1
f 863/1 868/1 862/1
f 865/1 866/1 870/1
f 866/1 871/1 870/1
f 866/1 869/1 871/1
f 869/1 874/1 871/1
f 869/1 872/1 874/1
f 867/1 872/1 869/1
f 867/1 873/1 872/1
f 868/1 873/1 867/1
f 870/1 871/1 875/1
f 871/1 876/1 875/1
f 871/1 874/1 876/1
f 874/1 879/1 876/1
f 874/1 877/1 879/1
f 872/1 877/1 874/1
f 872/1 878/1 877/1
f 873/1 878/1 872/1
f 875/1 876/1 880/1
f 876/1 881/1 880/1
f 876/1 879/1 881/1
f 879/1 884/1 881/1
f 879/1 882/1 884/1
f 877/1 882/1 879/1
f 877/1 883/1 882/1
f 878/1 883/1 877/1
f 880/1 881/1 885/1
f 881/1 886/1 885/1
f 881/1 884/1 886/1
f 884/1 889/1 886/1
f 884/1 887/1 889/1
f 882/1 887/1 884/1
f 882/1 888/1 887/1
f 883/1 888/1 882/1
f 885/1 886/1 890/1
f 886/1 891/1 890/1
f 886/1 889/1 891/1
f 889/1 894/1 891/1
f 889/1 892/1 894/1
f 887/1 892/1 889/1
f 887/1 893/1 892/1
f 888/1 893/1 887/1
f 890/1 891/1 895/1
f 891/1 896/1 895/1
f 891/1 894/1 896/1
f 894/1 899/1 896/1
f 894/1 897/1 899/1
f 892/1 897/1 894/1
f 892/1 898/1 897/1
f 893/1 898/1 892/1
f 895/1 896/1 900/1
f 896/1 901/1 900/1
f 896/1 899/1 901/1
f 899/1 904/1 901/1
f 899/1 902/1 904/1
f 897/1 902/1 899/1
f 897/1 903/1 902/1
f 898/1 903/1 897/1
f 900/1 901/1 905/1
f 901/1 906/1 905/1
f 901/1 904/1 906/1
f 904/1 909/1 906/1
f 904/1 907/1 909/1
f 902/1 907/1 904/1
f 902/1 908/1 907/1
f 903/1 908/1 902/1
f 905/1 906/1 910/1
f 906/1 911/1 910/1
f 906/1 909/1 911/1
f 909/1 914/1 911/1
f 909/1 912/1 914/1
f 907/1 912/1 909/1
f 907/1 913/1 912/1
f 908/1 913/1 907/1
f 910/1 911/1 915/1
f 911/1 916/1 915/1
f 911/1 914/1 916/1
f 914/1 919/1 916/1
f 914/1 917/1 919/1
f 912/1 917/1 914/1
f 912/1 918/1 917/1
f 913/1 918/1 912/1
f 915/1 916/1 920/1
f 916/1 921/1 920/1
f 916/1 919/1 921/1
f 919/1 924/1 921/1
f 919/1 922/1 924/1
f 917/1 922/1 919/1
f 917/1 923/1 922/1
f 918/1 923/1 917/1
f 920/1 921/1 925/1
f 921/1 926/1 925/1
f 921/1 924/1 926/1
f 924/1 929/1 926/1
f 924/1 927/1 929/1
f 922/1 927/1 924/1
f 922/1 928/1 927/1
f 923/1 928/1 922/1
f 925/1 926/1 930/1
f 926/1 931/1 930/1
f 926/1 929/1 931/1
f 929/1 934/1 931/1
f 929/1 932/1 934/1
f 927/1 932/1 929/1
f 927/1 933/1 932/1
f 928/1 933/1 927/1
f 930/1 931/1 935/1
f 931/1 936/1 935/1
f 931/1 934/1 936/1
f 934/1 939/1 936/1
f 934/1 937/1 939/1
f 932/1 937/1 934/1
f 932/1 938/1 937/1
f 933/1 938/1 932/1
f 935/1 936/1 940/1
f 936/1 941/1 940/1
f 936/1 939/1 941/1
f 939/1 944/1 941/1
f 939/1 942/1 944/1
f 937/1 942/1 939/1
f 937/1 943/1 942/1
f 938/1 943/1 937/1
f 940/1 941/1 945/1
f 941/1 946/1 945/1
f 941/1 944/1 946/1
f 944/1 949/1 946/1
f 944/1 947/1 949/1
f 942/1 947/1 944/1
f 942/1 948/1 947/1
f 943/1 948/1 942/1
f 945/1 946/1 950/1
f 946/1 951/1 950/1
f 946/1 949/1 951/1
f 949/1 954/1 951/1
f 949/1 952/1 954/1
f 947/1 952/1 949/1
f 947/1 953/1 952/1
f 948/1 953/1 947/1
f 950/1 951/1 955/1
f 951/1 956/1 955/1
f 951/1 954/1 956/1
f 954/1 959/1 956/1
f 954/1 957/1 959/1
f 952/1 957/1 954/1
f 952/1 958/1 957/1
f 953/1 958/1 952/1
f 955/1 956/1 960/1
f 956/1 961/1 960/1
f 956/1 959/1 961/1
f 959/1 964/1 961/1
f 959/1 962/1 964/1
f 957/1 962/1 959/1
f 957/1 963/1 962/1
f 958/1 963/1 957/1
f 960/1 961/1 965/1
f 961/1 966/1 965/1
f 961/1 964/1 966/1
f 964/1 969/1 966/1
f 964/1 967/1 969/1
f 962/1 967/1 964/1
f 962/1 968/1 967/1
f 963/1 968/1 962/1
f 965/1 966/1 970/1
f 966/1 971/1 970/1
f 966/1 969/1 971/1
f 969/1 974/1 971/1
f 969/1 972/1 974/1
f 967/1 972/1 969/1
f 967/1 973/1 972/1
f 968/1 973/1 967/1
f 970/1 971/1 975/1
f 971/1 976/1 975/1
f 971/1 974/1 976/1
f 974/1 979/1 976/1
f 974/1 977/1 979/1
f 972/1 977/1 974/1
f 972/1 978/1 977/1
f 973/1 978/1 972/1
f 975/1 976/1 980/1
f 976/1 981/1 980/1
f 976/1 979/1 981/1
f 979/1 984/1 981/1
f 979/1 982/1 984/1
f 977/1 982/1 979/1
f 977/1 983/1 982/1
f 978/1 983/1 977/1
f 980/1 981/1 985/1
f 981/1 986/1 985/1
f 981/1 984/1 986/1
f 984/1 989/1 986/1
f 984/1 987/1 989/1
f 982/1 987/1 984/1
f 982/1 988/1 987/1
f 983/1 988/1 982/1
f 985/1 986/1 990/1
f 986/1 991/1 990/1
f 986/1 989/1 991/1
f 989/1 994/1 991/1
f 989/1 992/1 994/1
f 987/1 992/1 989/1
f 987/1 993/1 992/1
f 988/1 993/1 987/1
f 990/1 991/1 995/1
f 991/1 996/1 995/1
f 991/1 994/1 996/1
f 994/1 999/1 996/1
f 994/1 997/1 999/1
f 992/1 997/1 994/1
f 992/1 998/1 997/1
f 993/1 998/1 992/1
f 995/1 996/1 1000/1
f 996/1 1001/1 1000/1
f 996/1 999/1 1001/1
f 999/1 1004/1 1001/1
f 999/1 1002/1 1004/1
f 997/1 1002/1 999/1
f 997/1 1003/1 1002/1
f 998/1 1003/1 997/1
f 1000/1 1001/1 1005/1
f 1001/1 1006/1 1005/1
f 1001/1 1004/1 1006/1
f 1004/1 1009/1 1006/1
f 1004/1 1007/1 1009/1
f 1002/1 1007/1 1004/1
f 1002/1 1008/1 1007/1
f 1003/1 1008/1 1002/1
f 1005/1 1006/1 1010/1
f 1006/1 1011/1 1010/1
f 1006/1 1009/1 1011/1
f 1009/1 1014/1 1011/1
f 1009/1 1012/1 1014/1
f 1007/1 1012/1 1009/1
f 1007/1 1013/1 1012/1
f 1008/1 1013/1 1007/1
f 1010/1 1011/1 1015/1
f 1011/1 1016/1 1015/1
f 1011/1 1014/1 1016/1
f 1014/1 1019/1 1016/1
f 1014/1 1017/1 1019/1
f 1012/1 1017/1 1014/1
f 1012/1 1018/1 1017/1
f 1013/1 1018/1 1012/1
f 1015/1 1016/1 1020/1
f 1016/1 1021/1 1020/1
f 1016/1 1019/1 1021/1
f 1019/1 1024/1 1021/1
f 1019/1 1022/1 1024/1
f 1017/1 1022/1 1019/1
f 1017/1 1023/1 1022/1
f 1018/1 1023/1 1017/1
f 1020/1 1021/1 1025/1
f 1021/1 1026/1 1025/1
f 1021/1 1024/1 1026/1
f 1024/1 1029/1 1026/1
f 1024/1 1027/1 1029/1
f 1022/1 1027/1 1024/1
f 1022/1 1028/1 1027/1
f 1023/1 1028/1 1022/1
f 1025/1 1026/1 1030/1
f 1026/1 1031/1 1030/1
f 1026/1 1029/1 1031/1
f 1029/1 1034/1 1031/1
f 1029/1 1032/1 1034/1
f 1027/1 1032/1 1029/1
f 1027/1 1033/1 1032/1
f 1028/1 1033/1 1027/1
f 1030/1 1031/1 1035/1
f 1031/1 1036/1 1035/1
f 1031/1 1034/1 1036/1
f 1034/1 1039/1 1036/1
f 1034/1 1037/1 1039/1
f 1032/1 1037/1 1034/1
f 1032/1 1038/1 1037/1
f 1033/1 1038/1 1032/1
f 1035/1 1036/1 1040/1
f 1036/1 1041/1 1040/1
f 1036/1 1039/1 1041/1
f 1039/1 1044/1 1041/1
f 1039/1 1042/1 1044/1
f 1037/1 1042/1 1039/1
f 1037/1 1043/1 1042/1
f 1038/1 1043/1 1037/1
f 1040/1 1041/1 1045/1
f 1041/1 1046/1 1045/1
f 1041/1 1044/1 1046/1
f 1044/1 1049/1 1046/1
f 1044/1 1047/1 1049/1
f 1042/1 1047/1 1044/1
f 1042/1 1048/1 1047/1
f 1043/1 1048/1 1042/1
f 1045/1 1046/1 1050/1
f 1046/1 1051/1 1050/1
f 1046/1 1049/1 1051/1
f 1049/1 1054/1 1051/1
f 1049/1 1052/1 1054/1
f 1047/1 1052/1 1049/1
f 1047/1 1053/1 1052/1
f 1048/1 1053/1 1047/1
f 1050/1 1051/1 1055/1
f 1051/1 1056/1 1055/1
f 1051/1 1054/1 1056/1
f 1054/1 1059/1 1056/1
f 1054/1 1057/1 1059/1
f 1052/1 1057/1 1054/1
f 1052/1 1058/1 1057/1
f 1053/1 1058/1 1052/1
f 1055/1 1056/1 1060/1
f 1056/1 1061/1 1060/1
f 1056/1 1059/1 1061/1
f 1059/1 1064/1 1061/1
f 1059/1 1062/1 1064/1
f 1057/1 1062/1 1059/1
f 1057/1 1063/1 1062/1
f 1058/1 1063/1 1057/1
f 1060/1 1061/1 1065/1
f 1061/1 1066/1 1065/1
f 1061/1 1064/1 1066/1
f 1064/1 1069/1 1066/1
f 1064/1 1067/1 1069/1
f 1062/1 1067/1 1064/1
f 1062/1 1068/1 1067/1
f 1063/1 1068/1 1062/1
f 1065/1 1066/1 1070/1
f 1066/1 1071/1 1070/1
f 1066/1 1069/1 1071/1
f 1069/1 1074/1 1071/1
f 1069/1 1072/1 1074/1
f 1067/1 1072/1 1069/1
f 1067/1 1073/1 1072/1
f 1068/1 1073/1 1067/1
f 1070/1 1071/1 1075/1
f 1071/1 1076/1 1075/1
f 1071/1 1074/1 1076/1
f 1074/1 1079/1 1076/1
f 1074/1 1077/1 1079/1
f 1072/1 1077/1 1074/1
f 1072/1 1078/1 1077/1
f 1073/1 1078/1 1072/1
f 1075/1 1076/1 1080/1
f 1076/1 1081/1 1080/1
f 1076/1 1079/1 1081/1
f 1079/1 1084/1 1081/1
f 1079/1 1082/1 1084/1
f 1077/1 1082/1 1079/1
f 1077/1 1083/1 1082/1
f 1078/1 1083/1 1077/1
f 1080/1 1081/1 1085/1
f 1081/1 1086/1 1085/1
f 1081/1 1084/1 1086/1
f 1084/1 1089/1 1086/1
f 1084/1 1087/1 1089/1
f 1082/1 1087/1 1084/1
f 1082/1 1088/1 1087/1
f 1083/1 1088/1 1082/1
f 1085/1 1086/1 1090/1
f 1086/1 1091/1 1090/1
f 1086/1 1089/1 1091/1
f 1089/1 1094/1 1091/1
f 1089/1 1092/1 1094/1
f 1087/1 1092/1 1089/1
f 1087/1 1093/1 1092/1
f 1088/1 1093/1 1087/1
f 1090/1 1091/1 1095/1
f 1091/1 1096/1 1095/1
f 1091/1 1094/1 1096/1
f 1094/1 1099/1 1096/1
f 1094/1 1097/1 1099/1
f 1092/1 1097/1 1094/1
f 1092/1 1098/1 1097/1
f 1093/1 1098/1 1092/1
f 1095/1 1096/1 1100/1
f 1096/1 1101/1 1100/1
f 1096/1 1099/1 1101/1
f 1099/1 1104/1 1101/1
f 1099/1 1102/1 1104/1
f 1097/1 1102/1 1099/1
f 1097/1 1103/1 1102/1
f 1098/1 1103/1 1097/1
f 1100/1 1101/1 1105/1
f 1101/1 1106/1 1105/1
f 1101/1 1104/1 1106/1
f 1104/1 1109/1 1106/1
f 1104/1 1107/1 1109/1
f 1102/1 1107/1 1104/1
f 1102/1 1108/1 1107/1
f 1103/1 1108/1 1102/1
f 1105/1 1106/1 1110/1
f 1106/1 1111/1 1110/1
f 1106/1 1109/1 1111/1
f 1109/1 1114/1 1111/1
f 1109/1 1112/1 1114/1
f 1107/1 1112/1 1109/1
f 1107/1 1113/1 1112/1
f 1108/1 1113/1 1107/1
f 1110/1 1111/1 1115/1
f 1111/1 1116/1 1115/1
f 1111/1 1114/1 1116/1
f 1114/1 1119/1 1116/1
f 1114/1 1117/1 1119/1
f 1112/1 1117/1 1114/1
f 1112/1 1118/1 1117/1
f 1113/1 1118/1 1112/1
f 1115/1 1116/1 1120/1
f 1116/1 1121/1 1120/1
f 1116/1 1119/1 1121/1
f 1119/1 1124/1 1121/1
f 1119/1 1122/1 1124/1
f 1117/1 1122/1 1119/1
f 1117/1 1123/1 1122/1
f 1118/1 1123/1 1117/1
f 1120/1 1121/1 1125/1
f 1121/1 1126/1 1125/1
f 1121/1 1124/1 1126/1
f 1124/1 1129/1 1126/1
f 1124/1 1127/1 1129/1
f 1122/1 1127/1 1124/1
f 1122/1 1128/1 1127/1
f 1123/1 1128/1 1122/1
f 1125/1 1126/1 1130/1
f 1126/1 1131/1 1130/1
f 1126/1 1129/1 1131/1
f 1129/1 1134/1 1131/1
f 1129/1 1132/1 1134/1
f 1127/1 1132/1 1129/1
f 1127/1 1133/1 1132/1
f 1128/1 1133/1 1127/1
f 1130/1 1131/1 1135/1
f 1131/1 1136/1 1135/1
f 1131/1 1134/1 1136/1
f 1134/1 1139/1 1136/1
f 1134/1 1137/1 1139/1
f 1132/1 1137/1 1134/1
f 1132/1 1138/1 1137/1
f 1133/1 1138/1 1132/1
f 1135/1 1136/1 1140/1
f 1136/1 1141/1 1140/1
f 1136/1 1139/1 1141/1
f 1139/1 1144/1 1141/1
f 1139/1 1142/1 1144/1
f 1137/1 1142/1 1139/1
f 1137/1 1143/1 1142/1
f 1138/1 1143/1 1137/1
f 1140/1 1141/1 1145/1
f 1141/1 1146/1 1145/1
f 1141/1 1144/1 1146/1
f 1144/1 1149/1 1146/1
f 1144/1 1147/1 1149/1
f 1142/1 1147/1 1144/1
f 1142/1 1148/1 1147/1
f 1143/1 1148/1 1142/1
f 1145/1 1146/1 1150/1
f 1146/1 1151/1 1150/1
f 1146/1 1149/1 1151/1
f 1149/1 1154/1 1151/1
f 1149/1 1152/1 1154/1
f 1147/1 1152/1 1149/1
f 1147/1 1153/1 1152/1
f 1148/1 1153/1 1147/1
f 1150/1 1151/1 1155/1
f 1151/1 1156/1 1155/1
f 1151/1 1154/1 1156/1
f 1154/1 1159/1 1156/1
f 1154/1 1157/1 1159/1
f 1152/1 1157/1 1154/1
f 1152/1 1158/1 1157/1
f 1153/1 1158/1 1152/1
f 1155/1 1156/1 1160/1
f 1156/1 1161/1 1160/1
f 1156/1 1159/1 1161/1
f 1159/1 1164/1 1161/1
f 1159/1 1162/1 1164/1
f 1157/1 1162/1 1159/1
f 1157/1 1163/1 1162/1
f 1158/1 1163/1 1157/1
f 1160/1 1161/1 1165/1
f 1161/1 1166/1 1165/1
f 1161/1 1164/1 1166/1
f 1164/1 1169/1 1166/1
f 1164/1 1167/1 1169/1
f 1162/1 1167/1 1164/1
f 1162/1 1168/1 1167/1
f 1163/1 1168/1 1162/1
f 1165/1 1166/1 1170/1
f 1166/1 1171/1 1170/1
f 1166/1 1169/1 1171/1
f 1169/1 1174/1 1171/1
f 1169/1 1172/1 1174/1
f 1167/1 1172/1 1169/1
f 1167/1 1173/1 1172/1
f 1168/1 1173/1 1167/1
f 1170/1 1171/1 1175/1
f 1171/1 1176/1 1175/1
f 1171/1 1174/1 1176/1
f 1174/1 1179/1 1176/1
f 1174/1 1177/1 1179/1
f 1172/1 1177/1 1174/1
f 1172/1 1178/1 1177/1
f 1173/1 1178/1 1172/1
f 1175/1 1176/1 1180/1
f 1176/1 1181/1 1180/1
f 1176/1 1179/1 1181/1
f 1179/1 1184/1 1181/1
f 1179/1 1182/1 1184/1
f 1177/1 1182/1 1179/1
f 1177/1 1183/1 1182/1
f 1178/1 1183/1 1177/1
f 1180/1 1181/1 1185/1
f 1181/1 1186/1 1185/1
f 1181/1 1184/1 1186/1
f 1184/1 1189/1 1186/1
f 1184/1 1187/1 1189/1
f 1182/1 1187/1 1184/1
f 1182/1 1188/1 1187/1
f 1183/1 1188/1 1182/1
f 1185/1 1186/1 1190/1
f 1186/1 1191/1 1190/1
f 1186/1 1189/1 1191/1
f 1189/1 1194/1 1191/1
f 1189/1 1192/1 1194/1
f 1187/1 1192/1 1189/1
f 1187/1 1193/1 1192/1
f 1188/1 1193/1 1187/1
f 1190/1 1191/1 1195/1
f 1191/1 1196/1 1195/1
f 1191/1 1194/1 1196/1
f 1194/1 1199/1 1196/1
f 1194/1 1197/1 1199/1
f 1192/1 1197/1 1194/1
f 1192/1 1198/1 1197/1
f 1193/1 1198/1 1192/1
f 1195/1 1196/1 1200/1
f 1196/1 1201/1 1200/1
f 1196/1 1199/1 1201/1
f 1199/1 1204/1 1201/1
f 1199/1 1202/1 1204/1
f 1197/1 1202/1 1199/1
f 1197/1 1203/1 1202/1
f 1198/1 1203/1 1197/1
f 1200/1 1201/1 1205/1
f 1201/1 1206/1 1205/1
f 1201/1 1204/1 1206/1
f 1204/1 1209/1 1206/1
f 1204/1 1207/1 1209/1
f 1202/1 1207/1 1204/1
f 1202/1 1208/1 1207/1
f 1203/1 1208/1 1202/1
f 1205/1 1206/1 1210/1
f 1206/1 1211/1 1210/1
f 1206/1 1209/1 1211/1
f 1209/1 1214/1 1211/1
f 1209/1 1212/1 1214/1
f 1207/1 1212/1 1209/1
f 1207/1 1213/1 1212/1
f 1208/1 1213/1 1207/1
f 1210/1 1211/1 1215/1
f 1211/1 1216/1 1215/1
f 1211/1 1214/1 1216/1
f 1214/1 1219/1 1216/1
f 1214/1 1217/1 1219/1
f 1212/1 1217/1 1214/1
f 1212/1 1218/1 1217/1
f 1213/1 1218/1 1212/1
f 1215/1 1216/1 1220/1
f 1216/1 1221/1 1220/1
f 1216/1 1219/1 1221/1
f 1219/1 1224/1 1221/1
f 1219/1 1222/1 1224/1
f 1217/1 1222/1 1219/1
f 1217/1 1223/1 1222/1
f 1218/1 1223/1 1217/1
f 1220/1 1221/1 1225/1
f 1221/1 1226/1 1225/1
f 1221/1 1224/1 1226/1
f 1224/1 1229/1 1226/1
f 1224/1 1227/1 1229/1
f 1222/1 1227/1 1224/1
f 1222/1 1228/1 1227/1
f 1223/1 1228/1 1222/1
f 1225/1 1226/1 1230/1
f 1226/1 1231/1 1230/1
f 1226/1 1229/1 1231/1
f 1229/1 1234/1 1231/1
f 1229/1 1232/1 1234/1
f 1227/1 1232/1 1229/1
f 1227/1 1233/1 1232/1
f 1228/1 1233/1 1227/1
f 1230/1 1231/1 1235/1
f 1231/1 1236/1 1235/1
f 1231/1 1234/1 1236/1
f 1234/1 1239/1 1236/1
f 1234/1 1237/1 1239/1
f 1232/1 1237/1 1234/1
f 1232/1 1238/1 1237/1
f 1233/1 1238/1 1232/1
f 1235/1 1236/1 1240/1
f 1236/1 1241/1 1240/1
f 1236/1 1239/1 1241/1
f 1239/1 1244/1 1241/1
f 1239/1 1242/1 1244/1
f 1237/1 1242/1 1239/1
f 1237/1 1243/1 1242/1
f 1238/1 1243/1 1237/1
f 1240/1 1241/1 1245/1
f 1241/1 1246/1 1245/1
f 1241/1 1244/1 1246/1
f 1244/1 1249/1 1246/1
f 1244/1 1247/1 1249/1
f 1242/1 1247/1 1244/1
f 1242/1 1248/1 1247/1
f 1243/1 1248/1 1242/1
f 1245/1 1246/1 1250/1
f 1246/1 1251/1 1250/1
f 1246/1 1249/1 1251/1
f 1249/1 1254/1 1251/1
f 1249/1 1252/1 1254/1
f 1247/1 1252/1 1249/1
f 1247/1 1253/1 1252/1
f 1248/1 1253/1 1247/1
f 1250/1 1251/1 1255/1
f 1251/1 1256/1 1255/1
f 1251/1 1254/1 1256/1
f 1254/1 1259/1 1256/1
f 1254/1 1257/1 1259/1
f 1252/1 1257/1 1254/1
f 1252/1 1258/1 1257/1
f 1253/1 1258/1 1252/1
f 1255/1 1256/1 1260/1
f 1256/1 1261/1 1260/1
f 1256/1 1259/1 1261/1
f 1259/1 1264/1 1261/1
f 1259/1 1262/1 1264/1
f 1257/1 1262/1 1259/1
f 1257/1 1263/1 1262/1
f 1258/1 1263/1 1257/1
f 1260/1 1261/1 1265/1
f 1261/1 1266/1 1265/1
f 1261/1 1264/1 1266/1
f 1264/1 1269/1 1266/1
f 1264/1 1267/1 1269/1
f 1262/1 1267/1 1264/1
f 1262/1 1268/1 1267/1
f 1263/1 1268/1 1262/1
f 1265/1 1266/1 1270/1
f 1266/1 1271/1 1270/1
f 1266/1 1269/1 1271/1
f 1269/1 1274/1 1271/1
f 1269/1 1272/1 1274/1
f 1267/1 1272/1 1269/1
f 1267/1 1273/1 1272/1
f 1268/1 1273/1 1267/1
f 1270/1 1271/1 1275/1
f 1271/1 1276/1 1275/1
f 1271/1 1274/1 1276/1
f 1274/1 1279/1 1276/1
f 1274/1 1277/1 1279/1
f 1272/1 1277/1 1274/1
f 1272/1 1278/1 1277/1
f 1273/1 1278/1 1272/1
f 1275/1 1276/1 1280/1
f 1276/1 1281/1 1280/1
f 1276/1 1279/1 1281/1
f 1279/1 1284/1 1281/1
f 1279/1 1282/1 1284/1
f 1277/1 1282/1 1279/1
f 1277/1 1283/1 1282/1
f 1278/1 1283/1 1277/1
f 1280/1 1281/1 1285/1
f 1281/1 1286/1 1285/1
f 1281/1 1284/1 1286/1
f 1284/1 1289/1 1286/1
f 1284/1 1287/1 1289/1
f 1282/1 1287/1 1284/1
f 1282/1 1288/1 1287/1
f 1283/1 1288/1 1282/1
f 1285/1 1286/1 1290/1
f 1286/1 1291/1 1290/1
f 1286/1 1289/1 1291/1
f 1289/1 1294/1 1291/1
f 1289/1 1292/1 1294/1
f 1287/1 1292/1 1289/1
f 1287/1 1293/1 1292/1
f 1288/1 1293/1 1287/1
f 1290/1 1291/1 1295/1
f 1291/1 1296/1 1295/1
f 1291/1 1294/1 1296/1
f 1294/1 1299/1 1296/1
f 1294/1 1297/1 1299/1
f 1292/1 1297/1 1294/1
f 1292/1 1298/1 1297/1
f 1293/1 1298/1 1292/1
f 1295/1 1296/1 1300/1
f 1296/1 1301/1 1300/1
f 1296/1 1299/1 1301/1
f 1299/1 1304/1 1301/1
f 1299/1 1302/1 1304/1
f 1297/1 1302/1 1299/1
f 1297/1 1303/1 1302/1
f 1298/1 1303/1 1297/1
f 1300/1 1301/1 1305/1
f 1301/1 1306/1 1305/1
f 1301/1 1304/1 1306/1
f 1304/1 1309/1 1306/1
f 1304/1 1307/1 1309/1
f 1302/1 1307/1 1304/1
f 1302/1 1308/1 1307/1
f 1303/1 1308/1 1302/1
f 1305/1 1306/1 1310/1
f 1306/1 1311/1 1310/1
f 1306/1 1309/1 1311/1
f 1309/1 1314/1 1311/1
f 1309/1 1312/1 1314/1
f 1307/1 1312/1 1309/1
f 1307/1 1313/1 1312/1
f 1308/1 1313/1 1307/1
f 1310/1 1311/1 1315/1
f 1311/1 1316/1 1315/1
f 1311/1 1314/1 1316/1
f 1314/1 1319/1 1316/1
f 1314/1 1317/1 1319/1
f 1312/1 1317/1 1314/1
f 1312/1 1318/1 1317/1
f 1313/1 1318/1 1312/1
f 1315/1 1316/1 1320/1
f 1316/1 1321/1 1320/1
f 1316/1 1319/1 1321/1
f 1319/1 1324/1 1321/1
f 1319/1 1322/1 1324/1
f 1317/1 1322/1 1319/1
f 1317/1 1323/1 1322/1
f 1318/1 1323/1 1317/1
f 1320/1 1321/1 1325/1
f 1321/1 1326/1 1325/1
f 1321/1 1324/1 1326/1
f 1324/1 1329/1 1326/1
f 1324/1 1327/1 1329/1
f 1322/1 1327/1 1324/1
f 1322/1 1328/1 1327/1
f 1323/1 1328/1 1322/1
f 1325/1 1326/1 1330/1
f 1326/1 1331/1 1330/1
f 1326/1 1329/1 1331/1
f 1329/1 1334/1 1331/1
f 1329/1 1332/1 1334/1
f 1327/1 1332/1 1329/1
f 1327/1 1333/1 1332/1
f 1328/1 1333/1 1327/1
f 1330/1 1331/1 1335/1
f 1331/1 1336/1 1335/1
f 1331/1 1334/1 1336/1
f 1334/1 1339/1 1336/1
f 1334/1 1337/1 1339/1
f 1332/1 1337/1 1334/1
f 1332/1 1338/1 1337/1
f 1333/1 1338/1 1332/1
f 1335/1 1336/1 1340/1
f 1336/1 1341/1 1340/1
f 1336/1 1339/1 1341/1
f 1339/1 1344/1 1341/1
f 1339/1 1342/1 1344/1
f 1337/1 1342/1 1339/1
f 1337/1 1343/1 1342/1
f 1338/1 1343/1 1337/1
f 1340/1 1341/1 1345/1
f 1341/1 1346/1 1345/1
f 1341/1 1344/1 1346/1
f 1344/1 1349/1 1346/1
f 1344/1 1347/1 1349/1
f 1342/1 1347/1 1344/1
f 1342/1 1348/1 1347/1
f 1343/1 1348/1 1342/1
f 1345/1 1346/1 1350/1
f 1346/1 1351/1 1350/1
f 1346/1 1349/1 1351/1
f 1349/1 1354/1 1351/1
f 1349/1 1352/1 1354/1
f 1347/1 1352/1 1349/1
f 1347/1 1353/1 1352/1
f 1348/1 1353/1 1347/1
f 1350/1 1351/1 1355/1
f 1351/1 1356/1 1355/1
f 1351/1 1354/1 1356/1
f 1354/1 1359/1 1356/1
f 1354/1 1357/1 1359/1
f 1352/1 1357/1 1354/1
f 1352/1 1358/1 1357/1
f 1353/1 1358/1 1352/1
f 1355/1 1356/1 1360/1
f 1356/1 1361/1 1360/1
f 1356/1 1359/1 1361/1
f 1359/1 1364/1 1361/1
f 1359/1 1362/1 1364/1
f 1357/1 1362/1 1359/1
f 1357/1 1363/1 1362/1
f 1358/1 1363/1 1357/1
f 1360/1 1361/1 1365/1
f 1361/1 1366/1 1365/1
f 1361/1 1364/1 1366/1
f 1364/1 1369/1 1366/1
f 1364/1 1367/1 1369/1
f 1362/1 1367/1 1364/1
f 1362/1 1368/1 1367/1
f 1363/1 1368/1 1362/1
f 1365/1 1366/1 1370/1
f 1366/1 1371/1 1370/1
f 1366/1 1369/1 1371/1
f 1369/1 1374/1 1371/1
f 1369/1 1372/1 1374/1
f 1367/1 1372/1 1369/1
f 1367/1 1373/1 1372/1
f 1368/1 1373/1 1367/1
f 1370/1 1371/1 1375/1
f 1371/1 1376/1 1375/1
f 1371/1 1374/1 1376/1
f 1374/1 1379/1 1376/1
f 1374/1 1377/1 1379/1
f 1372/1 1377/1 1374/1
f 1372/1 1378/1 1377/1
f 1373/1 1378/1 1372/1
f 1375/1 1376/1 1380/1
f 1376/1 1381/1 1380/1
f 1376/1 1379/1 1381/1
f 1379/1 1384/1 1381/1
f 1379/1 1382/1 1384/1
f 1377/1 1382/1 1379/1
f 1377/1 1383/1 1382/1
f 1378/1 1383/1 1377/1
f 1380/1 1381/1 1385/1
f 1381/1 1386/1 1385/1
f 1381/1 1384/1 1386/1
f 1384/1 1389/1 1386/1
f 1384/1 1387/1 1389/1
f 1382/1 1387/1 1384/1
f 1382/1 1388/1 1387/1
f 1383/1 1388/1 1382/1
f 1385/1 1386/1 1390/1
f 1386/1 1391/1 1390/1
f 1386/1 1389/1 1391/1
f 1389/1 1394/1 1391/1
f 1389/1 1392/1 1394/1
f 1387/1 1392/1 1389/1
f 1387/1 1393/1 1392/1
f 1388/1 1393/1 1387/1
f 1390/1 1391/1 1395/1
f 1391/1 1396/1 1395/1
f 1391/1 1394/1 1396/1
f 1394/1 1399/1 1396/1
f 1394/1 1397/1 1399/1
f 1392/1 1397/1 1394/1
f 1392/1 1398/1 1397/1
f 1393/1 1398/1 1392/1
f 1395/1 1396/1 1400/1
f 1396/1 1401/1 1400/1
f 1396/1 1399/1 1401/1
f 1399/1 1404/1 1401/1
f 1399/1 1402/1 1404/1
f 1397/1 1402/1 1399/1
f 1397/1 1403/1 1402/1
f 1398/1 1403/1 1397/1
f 1400/1 1401/1 1405/1
f 1401/1 1406/1 1405/1
f 1401/1 1404/1 1406/1
f 1404/1 1409/1 1406/1
f 1404/1 1407/1 1409/1
f 1402/1 1407/1 1404/1
f 1402/1 1408/1 1407/1
f 1403/1 1408/1 1402/1
f 1405/1 1406/1 1410/1
f 1406/1 1411/1 1410/1
f 1406/1 1409/1 1411/1
f 1409/1 1414/1 1411/1
f 1409/1 1412/1 1414/1
f 1407/1 1412/1 1409/1
f 1407/1 1413/1 1412/1
f 1408/1 1413/1 1407/1
f 1410/1 1411/1 1415/1
f 1411/1 1416/1 1415/1
f 1411/1 1414/1 1416/1
f 1414/1 1419/1 1416/1
f 1414/1 1417/1 1419/1
f 1412/1 1417/1 1414/1
f 1412/1 1418/1 1417/1
f 1413/1 1418/1 1412/1
f 1415/1 1416/1 1420/1
f 1416/1 1421/1 1420/1
f 1416/1 1419/1 1421/1
f 1419/1 1424/1 1421/1
f 1419/1 1422/1 1424/1
f 1417/1 1422/1 1419/1
f 1417/1 1423/1 1422/1
f 1418/1 1423/1 1417/1
f 1420/1 1421/1 1425/1
f 1421/1 1426/1 1425/1
f 1421/1 1424/1 1426/1
f 1424/1 1429/1 1426/1
f 1424/1 1427/1 1429/1
f 1422/1 1427/1 1424/1
f 1422/1 1428/1 1427/1
f 1423/1 1428/1 1422/1
f 1425/1 1426/1 1430/1
f 1426/1 1431/1 1430/1
f 1426/1 1429/1 1431/1
f 1429/1 1434/1 1431/1
f 1429/1 1432/1 1434/1
f 1427/1 1432/1 1429/1
f 1427/1 1433/1 1432/1
f 1428/1 1433/1 1427/1
f 1430/1 1431/1 1435/1
f 1431/1 1436/1 1435/1
f 1431/1 1434/1 1436/1
f 1434/1 1439/1 1436/1
f 1434/1 1437/1 1439/1
f 1432/1 1437/1 1434/1
f 1432/1 1438/1 1437/1
f 1433/1 1438/1 1432/1
f 1435/1 1436/1 1440/1
f 1436/1 1441/1 1440/1
f 1436/1 1439/1 1441/1
f 1439/1 1444/1 1441/1
f 1439/1 1442/1 1444/1
f 1437/1 1442/1 1439/1
f 1437/1 1443/1 1442/1
f 1438/1 1443/1 1437/1
f 1440/1 1441/1 1445/1
f 1441/1 1446/1 1445/1
f 1441/1 1444/1 1446/1
f 1444/1 1449/1 1446/1
f 1444/1 1447/1 1449/1
f 1442/1 1447/1 1444/1
f 1442/1 1448/1 1447/1
f 1443/1 1448/1 1442/1
f 1445/1 1446/1 1450/1
f 1446/1 1451/1 1450/1
f 1446/1 1449/1 1451/1
f 1449/1 1454/1 1451/1
f 1449/1 1452/1 1454/1
f 1447/1 1452/1 1449/1
f 1447/1 1453/1 1452/1
f 1448/1 1453/1 1447/1
f 1450/1 1451/1 1455/1
f 1451/1 1456/1 1455/1
f 1451/1 1454/1 1456/1
f 1454/1 1459/1 1456/1
f 1454/1 1457/1 1459/1
f 1452/1 1457/1 1454/1
f 1452/1 1458/1 1457/1
f 1453/1 1458/1 1452/1
f 1455/1 1456/1 1460/1
f 1456/1 1461/1 1460/1
f 1456/1 1459/1 1461/1
f 1459/1 1464/1 1461/1
f 1459/1 1462/1 1464/1
f 1457/1 1462/1 1459/1
f 1457/1 1463/1 1462/1
f 1458/1 1463/1 1457/1
f 1460/1 1461/1 1465/1
f 1461/1 1466/1 1465/1
f 1461/1 1464/1 1466/1
f 1464/1 1469/1 1466/1
f 1464/1 1467/1 1469/1
f 1462/1 1467/1 1464/1
f 1462/1 1468/1 1467/1
f 1463/1 1468/1 1462/1
f 1465/1 1466/1 1470/1
f 1466/1 1471/1 1470/1
f 1466/1 1469/1 1471/1
f 1469/1 1474/1 1471/1
f 1469/1 1472/1 1474/1
f 1467/1 1472/1 1469/1
f 1467/1 1473/1 1472/1
f 1468/1 1473/1 1467/1
f 1470/1 1471/1 1475/1
f 1471/1 1476/1 1475/1
f 1471/1 1474/1 1476/1
f 1474/1 1479/1 1476/1
f 1474/1 1477/1 1479/1
f 1472/1 1477/1 1474/1
f 1472/1 1478/1 1477/1
f 1473/1 1478/1 1472/1
f 1475/1 1476/1 1480/1
f 1476/1 1481/1 1480/1
f 1476/1 1479/1 1481/1
f 1479/1 1484/1 1481/1
f 1479/1 1482/1 1484/1
f 1477/1 1482/1 1479/1
f 1477/1 1483/1 1482/1
f 1478/1 1483/1 1477/1
f 1480/1 1481/1 1485/1
f 1481/1 1486/1 1485/1
f 1481/1 1484/1 1486/1
f 1484/1 1489/1 1486/1
f 1484/1 1487/1 1489/1
f 1482/1 1487/1 1484/1
f 1482/1 1488/1 1487/1
f 1483/1 1488/1 1482/1
f 1485/1 1486/1 1490/1
f 1486/1 1491/1 1490/1
f 1486/1 1489/1 1491/1
f 1489/1 1494/1 1491/1
f 1489/1 1492/1 1494/1
f 1487/1 1492/1 1489/1
f 1487/1 1493/1 1492/1
f 1488/1 1493/1 1487/1
f 1490/1 1491/1 1495/1
f 1491/1 1496/1 1495/1
f 1491/1 1494/1 1496/1
f 1494/1 1499/1 1496/1
f 1494/1 1497/1 1499/1
f 1492/1 1497/1 1494/1
f 1492/1 1498/1 1497/1
f 1493/1 1498/1 1492/1
f 1495/1 1496/1 1500/1
f 1496/1 1501/1 1500/1
f 1496/1 1499/1 1501/1
f 1499/1 1504/1 1501/1
f 1499/1 1502/1 1504/1
f 1497/1 1502/1 1499/1
f 1497/1 1503/1 1502/1
f 1498/1 1503/1 1497/1
f 1500/1 1501/1 1505/1
f 1501/1 1506/1 1505/1
f 1501/1 1504/1 1506/1
f 1504/1 1509/1 1506/1
f 1504/1 1507/1 1509/1
f 1502/1 1507/1 1504/1
f 1502/1 1508/1 1507/1
f 1503/1 1508/1 1502/1
f 1505/1 1506/1 1510/1
f 1506/1 1511/1 1510/1
f 1506/1 1509/1 1511/1
f 1509/1 1514/1 1511/1
f 1509/1 1512/1 1514/1
f 1507/1 1512/1 1509/1
f 1507/1 1513/1 1512/1
f 1508/1 1513/1 1507/1
f 1510/1 1511/1 1515/1
f 1511/1 1516/1 1515/1
f 1511/1 1514/1 1516/1
f 1514/1 1519/1 1516/1
f 1514/1 1517/1 1519/1
f 1512/1 1517/1 1514/1
f 1512/1 1518/1 1517/1
f 1513/1 1518/1 1512/1
f 1515/1 1516/1 1520/1
f 1516/1 1521/1 1520/1
f 1516/1 1519/1 1521/1
f 1519/1 1524/1 1521/1
f 1519/1 1522/1 1524/1
f 1517/1 1522/1 1519/1
f 1517/1 1523/1 1522/1
f 1518/1 1523/1 1517/1
f 1520/1 1521/1 1525/1
f 1521/1 1526/1 1525/1
f 1521/1 1524/1 1526/1
f 1524/1 1529/1 1526/1
f 1524/1 1527/1 1529/1
f 1522/1 1527/1 1524/1
f 1522/1 1528/1 1527/1
f 1523/1 1528/1 1522/1
f 1525/1 1526/1 1530/1
f 1526/1 1531/1 1530/1
f 1526/1 1529/1 1531/1
f 1529/1 1534/1 1531/1
f 1529/1 1532/1 1534/1
f 1527/1 1532/1 1529/1
f 1527/1 1533/1 1532/1
f 1528/1 1533/1 1527/1
f 1530/1 1531/1 1535/1
f 1531/1 1536/1 1535/1
f 1531/1 1534/1 1536/1
f 1534/1 1539/1 1536/1
f 1534/1 1537/1 1539/1
f 1532/1 1537/1 1534/1
f 1532/1 1538/1 1537/1
f 1533/1 1538/1 1532/1
f 1535/1 1536/1 1540/1
f 1536/1 1541/1 1540/1
f 1536/1 1539/1 1541/1
f 1539/1 1544/1 1541/1
f 1539/1 1542/1 1544/1
f 1537/1 1542/1 1539/1
f 1537/1 1543/1 1542/1
f 1538/1 1543/1 1537/1
f 1540/1 1541/1 1545/1
f 1541/1 1546/1 1545/1
f 1541/1 1544/1 1546/1
f 1544/1 1549/1 1546/1
f 1544/1 1547/1 1549/1
f 1542/1 1547/1 1544/1
f 1542/1 1548/1 1547/1
f 1543/1 1548/1 1542/1
f 1545/1 1546/1 1550/1
f 1546/1 1551/1 1550/1
f 1546/1 1549/1 1551/1
f 1549/1 1554/1 1551/1
f 1549/1 1552/1 1554/1
f 1547/1 1552/1 1549/1
f 1547/1 1553/1 1552/1
f 1548/1 1553/1 1547/1
f 1550/1 1551/1 1555/1
f 1551/1 1556/1 1555/1
f 1551/1 1554/1 1556/1
f 1554/1 1559/1 1556/1
f 1554/1 1557/1 1559/1
f 1552/1 1557/1 1554/1
f 1552/1 1558/1 1557/1
f 1553/1 1558/1 1552/1
f 1555/1 1556/1 1560/1
f 1556/1 1561/1 1560/1
f 1556/1 1559/1 1561/1
f 1559/1 1564/1 1561/1
f 1559/1 1562/1 1564/1
f 1557/1 1562/1 1559/1
f 1557/1 1563/1 1562/1
f 1558/1 1563/1 1557/1
f 1560/1 1561/1 1565/1
f 1561/1 1566/1 1565/1
f 1561/1 1564/1 1566/1
f 1564/1 1569/1 1566/1
f 1564/1 1567/1 1569/1
f 1562/1 1567/1 1564/1
f 1562/1 1568/1 1567/1
f 1563/1 1568/1 1562/1
f 1565/1 1566/1 1570/1
f 1566/1 1571/1 1570/1
f 1566/1 1569/1 1571/1
f 1569/1 1574/1 1571/1
f 1569/1 1572/1 1574/1
f 1567/1 1572/1 1569/1
f 1567/1 1573/1 1572/1
f 1568/1 1573/1 1567/1
f 1570/1 1571/1 1575/1
f 1571/1 1576/1 1575/1
f 1571/1 1574/1 1576/1
f 1574/1 1579/1 1576/1
f 1574/1 1577/1 1579/1
f 1572/1 1577/1 1574/1
f 1572/1 1578/1 1577/1
f 1573/1 1578/1 1572/1
f 1575/1 1576/1 1580/1
f 1576/1 1581/1 1580/1
f 1576/1 1579/1 1581/1
f 1579/1 1584/1 1581/1
f 1579/1 1582/1 1584/1
f 1577/1 1582/1 1579/1
f 1577/1 1583/1 1582/1
f 1578/1 1583/1 1577/1
f 1580/1 1581/1 1585/1
f 1581/1 1586/1 1585/1
f 1581/1 1584/1 1586/1
f 1584/1 1589/1 1586/1
f 1584/1 1587/1 1589/1
f 1582/1 1587/1 1584/1
f 1582/1 1588/1 1587/1
f 1583/1 1588/1 1582/1
f 1585/1 1586/1 1590/1
f 1586/1 1591/1 1590/1
f 1586/1 1589/1 1591/1
f 1589/1 1594/1 1591/1
f 1589/1 1592/1 1594/1
f 1587/1 1592/1 1589/1
f 1587/1 1593/1 1592/1
f 1588/1 1593/1 1587/1
f 1590/1 1591/1 1595/1
f 1591/1 1596/1 1595/1
f 1591/1 1594/1 1596/1
f 1594/1 1599/1 1596/1
f 1594/1 1597/1 1599/1
f 1592/1 1597/1 1594/1
f 1592/1 1598/1 1597/1
f 1593/1 1598/1 1592/1
f 1595/1 1596/1 1600/1
f 1596/1 1601/1 1600/1
f 1596/1 1599/1 1601/1
f 1599/1 1604/1 1601/1
f 1599/1 1602/1 1604/1
f 1597/1 1602/1 1599/1
f 1597/1 1603/1 1602/1
f 1598/1 1603/1 1597/1
f 1600/1 1601/1 1605/1
f 1601/1 1606/1 1605/1
f 1601/1 1604/1 1606/1
f 1604/1 1609/1 1606/1
f 1604/1 1607/1 1609/1
f 1602/1 1607/1 1604/1
f 1602/1 1608/1 1607/1
f 1603/1 1608/1 1602/1
f 1605/1 1606/1 1610/1
f 1606/1 1611/1 1610/1
f 1606/1 1609/1 1611/1
f 1609/1 1614/1 1611/1
f 1609/1 1612/1 1614/1
f 1607/1 1612/1 1609/1
f 1607/1 1613/1 1612/1
f 1608/1 1613/1 1607/1
f 1610/1 1611/1 1615/1
f 1611/1 1616/1 1615/1
f 1611/1 1614/1 1616/1
f 1614/1 1619/1 1616/1
f 1614/1 1617/1 1619/1
f 1612/1 1617/1 1614/1
f 1612/1 1618/1 1617/1
f 1613/1 1618/1 1612/1
f 1615/1 1616/1 1620/1
f 1616/1 1621/1 1620/1
f 1616/1 1619/1 1621/1
f 1619/1 1624/1 1621/1
f 1619/1 1622/1 1624/1
f 1617/1 1622/1 1619/1
f 1617/1 1623/1 1622/1
f 1618/1 1623/1 1617/1
f 1620/1 1621/1 1625/1
f 1621/1 1626/1 1625/1
f 1621/1 1624/1 1626/1
f 1624/1 1629/1 1626/1
f 1624/1 1627/1 1629/1
f 1622/1 1627/1 1624/1
f 1622/1 1628/1 1627/1
f 1623/1 1628/1 1622/1
f 1625/1 1626/1 1630/1
f 1626/1 1631/1 1630/1
f 1626/1 1629/1 1631/1
f 1629/1 1634/1 1631/1
f 1629/1 1632/1 1634/1
f 1627/1 1632/1 1629/1
f 1627/1 1633/1 1632/1
f 1628/1 1633/1 1627/1
f 1630/1 1631/1 1635/1
f 1631/1 1636/1 1635/1
f 1631/1 1634/1 1636/1
f 1634/1 1639/1 1636/1
f 1634/1 1637/1 1639/1
f 1632/1 1637/1 1634/1
f 1632/1 1638/1 1637/1
f 1633/1 1638/1 1632/1
f 1635/1 1636/1 1640/1
f 1636/1 1641/1 1640/1
f 1636/1 1639/1 1641/1
f 1639/1 1644/1 1641/1
f 1639/1 1642/1 1644/1
f 1637/1 1642/1 1639/1
f 1637/1 1643/1 1642/1
f 1638/1 1643/1 1637/1
f 1640/1 1641/1 1645/1
f 1641/1 1646/1 1645/1
f 1641/1 1644/1 1646/1
f 1644/1 1649/1 1646/1
f 1644/1 1647/1 1649/1
f 1642/1 1647/1 1644/1
f 1642/1 1648/1 1647/1
f 1643/1 1648/1 1642/1
f 1645/1 1646/1 1650/1
f 1646/1 1651/1 1650/1
f 1646/1 1649/1 1651/1
f 1649/1 1654/1 1651/1
f 1649/1 1652/1 1654/1
f 1647/1 1652/1 1649/1
f 1647/1 1653/1 1652/1
f 1648/1 1653/1 1647/1
f 1650/1 1651/1 1655/1
f 1651/1 1656/1 1655/1
f 1651/1 1654/1 1656/1
f 1654/1 1659/1 1656/1
f 1654/1 1657/1 1659/1
f 1652/1 1657/1 1654/1
f 1652/1 1658/1 1657/1
f 1653/1 1658/1 1652/1
f 1655/1 1656/1 1660/1
f 1656/1 1661/1 1660/1
f 1656/1 1659/1 1661/1
f 1659/1 1664/1 1661/1
f 1659/1 1662/1 1664/1
f 1657/1 1662/1 1659/1
f 1657/1 1663/1 1662/1
f 1658/1 1663/1 1657/1
f 1660/1 1661/1 1665/1
f 1661/1 1666/1 1665/1
f 1661/1 1664/1 1666/1
f 1664/1 1669/1 1666/1
f 1664/1 1667/1 1669/1
f 1662/1 1667/1 1664/1
f 1662/1 1668/1 1667/1
f 1663/1 1668/1 1662/1
f 1665/1 1666/1 1670/1
f 1666/1 1671/1 1670/1
f 1666/1 1669/1 1671/1
f 1669/1 1674/1 1671/1
f 1669/1 1672/1 1674/1
f 1667/1 1672/1 1669/1
f 1667/1 1673/1 1672/1
f 1668/1 1673/1 1667/1
f 1670/1 1671/1 1675/1
f 1671/1 1676/1 1675/1
f 1671/1 1674/1 1676/1
f 1674/1 1679/1 1676/1
f 1674/1 1677/1 1679/1
f 1672/1 1677/1 1674/1
f 1672/1 1678/1 1677/1
f 1673/1 1678/1 1672/1
f 1675/1 1676/1 1680/1
f 1676/1 1681/1 1680/1
f 1676/1 1679/1 1681/1
f 1679/1 1684/1 1681/1
f 1679/1 1682/1 1684/1
f 1677/1 1682/1 1679/1
f 1677/1 1683/1 1682/1
f 1678/1 1683/1 1677/1
f 1680/1 1681/1 1685/1
f 1681/1 1686/1 1685/1
f 1681/1 1684/1 1686/1
f 1684/1 1689/1 1686/1
f 1684/1 1687/1 1689/1
f 1682/1 1687/1 1684/1
f 1682/1 1688/1 1687/1
f 1683/1 1688/1 1682/1
f 1685/1 1686/1 1690/1
f 1686/1 1691/1 1690/1
f 1686/1 1689/1 1691/1
f 1689/1 1694/1 1691/1
f 1689/1 1692/1 1694/1
f 1687/1 1692/1 1689/1
f 1687/1 1693/1 1692/1
f 1688/1 1693/1 1687/1
f 1690/1 1691/1 1695/1
f 1691/1 1696/1 1695/1
f 1691/1 1694/1 1696/1
f 1694/1 1699/1 1696/1
f 1694/1 1697/1 1699/1
f 1692/1 1697/1 1694/1
f 1692/1 1698/1 1697/1
f 1693/1 1698/1 1692/1
f 1695/1 1696/1 1700/1
f 1696/1 1701/1 1700/1
f 1696/1 1699/1 1701/1
f 1699/1 1704/1 1701/1
f 1699/1 1702/1 1704/1
f 1697/1 1702/1 1699/1
f 1697/1 1703/1 1702/1
f 1698/1 1703/1 1697/1
f 1700/1 1701/1 1705/1
f 1701/1 1706/1 1705/1
f 1701/1 1704/1 1706/1
f 1704/1 1709/1 1706/1
f 1704/1 1707/1 1709/1
f 1702/1 1707/1 1704/1
f 1702/1 1708/1 1707/1
f 1703/1 1708/1 1702/1
f 1705/1 1706/1 1710/1
f 1706/1 1711/1 1710/1
f 1706/1 1709/1 1711/1
f 1709/1 1714/1 1711/1
f 1709/1 1712/1 1714/1
f 1707/1 1712/1 1709/1
f 1707/1 1713/1 1712/1
f 1708/1 1713/1 1707/1
f 1710/1 1711/1 1715/1
f 1711/1 1716/1 1715/1
f 1711/1 1714/1 1716/1
f 1714/1 1719/1 1716/1
f 1714/1 1717/1 1719/1
f 1712/1 1717/1 1714/1
f 1712/1 1718/1 1717/1
f 1713/1 1718/1 1712/1
f 1715/1 1716/1 1720/1
f 1716/1 1721/1 1720/1
f 1716/1 1719/1 1721/1
f 1719/1 1724/1 1721/1
f 1719/1 1722/1 1724/1
f 1717/1 1722/1 1719/1
f 1717/1 1723/1 1722/1
f 1718/1 1723/1 1717/1
f 1720/1 1721/1 1725/1
f 1721/1 1726/1 1725/1
f 1721/1 1724/1 1726/1
f 1724/1 1729/1 1726/1
f 1724/1 1727/1 1729/1
f 1722/1 1727/1 1724/1
f 1722/1 1728/1 1727/1
f 1723/1 1728/1 1722/1
f 1725/1 1726/1 1730/1
f 1726/1 1731/1 1730/1
f 1726/1 1729/1 1731/1
f 1729/1 1734/1 1731/1
f 1729/1 1732/1 1734/1
f 1727/1 1732/1 1729/1
f 1727/1 1733/1 1732/1
f 1728/1 1733/1 1727/1
f 1730/1 1731/1 1735/1
f 1731/1 1736/1 1735/1
f 1731/1 1734/1 1736/1
f 1734/1 1739/1 1736/1
f 1734/1 1737/1 1739/1
f 1732/1 1737/1 1734/1
f 1732/1 1738/1 1737/1
f 1733/1 1738/1 1732/1
f 1735/1 1736/1 1740/1
f 1736/1 1741/1 1740/1
f 1736/1 1739/1 1741/1
f 1739/1 1744/1 1741/1
f 1739/1 1742/1 1744/1
f 1737/1 1742/1 1739/1
f 1737/1 1743/1 1742/1
f 1738/1 1743/1 1737/1
f 1740/1 1741/1 1745/1
f 1741/1 1746/1 1745/1
f 1741/1 1744/1 1746/1
f 1744/1 1749/1 1746/1
f 1744/1 1747/1 1749/1
f 1742/1 1747/1 1744/1
f 1742/1 1748/1 1747/1
f 1743/1 1748/1 1742/1
f 1745/1 1746/1 1750/1
f 1746/1 1751/1 1750/1
f 1746/1 1749/1 1751/1
f 1749/1 1754/1 1751/1
f 1749/1 1752/1 1754/1
f 1747/1 1752/1 1749/1
f 1747/1 1753/1 1752/1
f 1748/1 1753/1 1747/1
f 1750/1 1751/1 1755/1
f 1751/1 1756/1 1755/1
f 1751/1 1754/1 1756/1
f 1754/1 1759/1 1756/1
f 1754/1 1757/1 1759/1
f 1752/1 1757/1 1754/1
f 1752/1 1758/1 1757/1
f 1753/1 1758/1 1752/1
f 1755/1 1756/1 1760/1
f 1756/1 1761/1 1760/1
f 1756/1 1759/1 1761/1
f 1759/1 1764/1 1761/1
f 1759/1 1762/1 1764/1
f 1757/1 1762/1 1759/1
f 1757/1 1763/1 1762/1
f 1758/1 1763/1 1757/1
f 1760/1 1761/1 1765/1
f 1761/1 1766/1 1765/1
f 1761/1 1764/1 1766/1
f 1764/1 1769/1 1766/1
f 1764/1 1767/1 1769/1
f 1762/1 1767/1 1764/1
f 1762/1 1768/1 1767/1
f 1763/1 1768/1 1762/1
f 1765/1 1766/1 1770/1
f 1766/1 1771/1 1770/1
f 1766/1 1769/1 1771/1
f 1769/1 1774/1 1771/1
f 1769/1 1772/1 1774/1
f 1767/1 1772/1 1769/1
f 1767/1 1773/1 1772/1
f 1768/1 1773/1 1767/1
f 1770/1 1771/1 1775/1
f 1771/1 1776/1 1775/1
f 1771/1 1774/1 1776/1
f 1774/1 1779/1 1776/1
f 1774/1 1777/1 1779/1
f 1772/1 1777/1 1774/1
f 1772/1 1778/1 1777/1
f 1773/1 1778/1 1772/1
f 1775/1 1776/1 1780/1
f 1776/1 1781/1 1780/1
f 1776/1 1779/1 1781/1
f 1779/1 1784/1 1781/1
f 1779/1 1782/1 1784/1
f 1777/1 1782/1 1779/1
f 1777/1 1783/1 1782/1
f 1778/1 1783/1 1777/1
f 1780/1 1781/1 1785/1
f 1781/1 1786/1 1785/1
f 1781/1 1784/1 1786/1
f 1784/1 1789/1 1786/1
f 1784/1 1787/1 1789/1
f 1782/1 1787/1 1784/1
f 1782/1 1788/1 1787/1
f 1783/1 1788/1 1782/1
f 1785/1 1786/1 1790/1
f 1786/1 1791/1 1790/1
f 1786/1 1789/1 1791/1
f 1789/1 1794/1 1791/1
f 1789/1 1792/1 1794/1
f 1787/1 1792/1 1789/1
f 1787/1 1793/1 1792/1
f 1788/1 1793/1 1787/1
f 1790/1 1791/1 1795/1
f 1791/1 1796/1 1795/1
f 1791/1 1794/1 1796/1
f 1794/1 1799/1 1796/1
f 1794/1 1797/1 1799/1
f 1792/1 1797/1 1794/1
f 1792/1 1798/1 1797/1
f 1793/1 1798/1 1792/1
f 1795/1 1796/1 1800/1
f 1796/1 1801/1 1800/1
f 1796/1 1799/1 1801/1
f 1799/1 1804/1 1801/1
f 1799/1 1802/1 1804/1
f 1797/1 1802/1 1799/1
f 1797/1 1803/1 1802/1
f 1798/1 1803/1 1797/1
f 1800/1 1801/1 1805/1
f 1801/1 1806/1 1805/1
f 1801/1 1804/1 1806/1
f 1804/1 1809/1 1806/1
f 1804/1 1807/1 1809/1
f 1802/1 1807/1 1804/1
f 1802/1 1808/1 1807/1
f 1803/1 1808/1 1802/1
f 1805/1 1806/1 1810/1
f 1806/1 1811/1 1810/1
f 1806/1 1809/1 1811/1
f 1809/1 1814/1 1811/1
f 1809/1 1812/1 1814/1
f 1807/1 1812/1 1809/1
f 1807/1 1813/1 1812/1
f 1808/1 1813/1 1807/1
f 1810/1 1811/1 1815/1
f 1811/1 1816/1 1815/1
f 1811/1 1814/1 1816/1
f 1814/1 1819/1 1816/1
f 1814/1 1817/1 1819/1
f 1812/1 1817/1 1814/1
f 1812/1 1818/1 1817/1
f 1813/1 1818/1 1812/1
f 1815/1 1816/1 1820/1
f 1816/1 1821/1 1820/1
f 1816/1 1819/1 1821/1
f 1819/1 1824/1 1821/1
f 1819/1 1822/1 1824/1
f 1817/1 1822/1 1819/1
f 1817/1 1823/1 1822/1
f 1818/1 1823/1 1817/1
f 1820/1 1821/1 1825/1
f 1821/1 1826/1 1825/1
f 1821/1 1824/1 1826/1
f 1824/1 1829/1 1826/1
f 1824/1 1827/1 1829/1
f 1822/1 1827/1 1824/1
f 1822/1 1828/1 1827/1
f 1823/1 1828/1 1822/1
f 1825/1 1826/1 1830/1
f 1826/1 1831/1 1830/1
f 1826/1 1829/1 1831/1
f 1829/1 1834/1 1831/1
f 1829/1 1832/1 1834/1
f 1827/1 1832/1 1829/1
f 1827/1 1833/1 1832/1
f 1828/1 1833/1 1827/1
f 1830/1 1831/1 1835/1
f 1831/1 1836/1 1835/1
f 1831/1 1834/1 1836/1
f 1834/1 1839/1 1836/1
f 1834/1 1837/1 1839/1
f 1832/1 1837/1 1834/1
f 1832/1 1838/1 1837/1
f 1833/1 1838/1 1832/1
f 1835/1 1836/1 1840/1
f 1836/1 1841/1 1840/1
f 1836/1 1839/1 1841/1
f 1839/1 1844/1 1841/1
f 1839/1 1842/1 1844/1
f 1837/1 1842/1 1839/1
f 1837/1 1843/1 1842/1
f 1838/1 1843/1 1837/1
f 1840/1 1841/1 1845/1
f 1841/1 1846/1 1845/1
f 1841/1 1844/1 1846/1
f 1844/1 1849/1 1846/1
f 1844/1 1847/1 1849/1
f 1842/1 1847/1 1844/1
f 1842/1 1848/1 1847/1
f 1843/1 1848/1 1842/1
f 1845/1 1846/1 1850/1
f 1846/1 1851/1 1850/1
f 1846/1 1849/1 1851/1
f 1849/1 1854/1 1851/1
f 1849/1 1852/1 1854/1
f 1847/1 1852/1 1849/1
f 1847/1 1853/1 1852/1
f 1848/1 1853/1 1847/1
f 1850/1 1851/1 1855/1
f 1851/1 1856/1 1855/1
f 1851/1 1854/1 1856/1
f 1854/1 1859/1 1856/1
f 1854/1 1857/1 1859/1
f 1852/1 1857/1 1854/1
f 1852/1 1858/1 1857/1
f 1853/1 1858/1 1852/1
f 1855/1 1856/1 1860/1
f 1856/1 1861/1 1860/1
f 1856/1 1859/1 1861/1
f 1859/1 1864/1 1861/1
f 1859/1 1862/1 1864/1
f 1857/1 1862/1 1859/1
f 1857/1 1863/1 1862/1
f 1858/1 1863/1 1857/1
f 1860/1 1861/1 1865/1
f 1861/1 1866/1 1865/1
f 1861/1 1864/1 1866/1
f 1864/1 1869/1 1866/1
f 1864/1 1867/1 1869/1
f 1862/1 1867/1 1864/1
f 1862/1 1868/1 1867/1
f 1863/1 1868/1 1862/1
f 1865/1 1866/1 1870/1
f 1866/1 1871/1 1870/1
f 1866/1 1869/1 1871/1
f 1869/1 1874/1 1871/1
f 1869/1 1872/1 1874/1
f 1867/1 1872/1 1869/1
f 1867/1 1873/1 1872/1
f 1868/1 1873/1 1867/1
f 1870/1 1871/1 1875/1
f 1871/1 1876/1 1875/1
f 1871/1 1874/1 1876/1
f 1874/1 1879/1 1876/1
f 1874/1 1877/1 1879/1
f 1872/1 1877/1 1874/1
f 1872/1 1878/1 1877/1
f 1873/1 1878/1 1872/1
f 1875/1 1876/1 1880/1
f 1876/1 1881/1 1880/1
f 1876/1 1879/1 1881/1
f 1879/1 1884/1 1881/1
f 1879/1 1882/1 1884/1
f 1877/1 1882/1 1879/1
f 1877/1 1883/1 1882/1
f 1878/1 1883/1 1877/1
f 1880/1 1881/1 1885/1
f 1881/1 1886/1 1885/1
f 1881/1 1884/1 1886/1
f 1884/1 1889/1 1886/1
f 1884/1 1887/1 1889/1
f 1882/1 1887/1 1884/1
f 1882/1 1888/1 1887/1
f 1883/1 1888/1 1882/1
f 1885/1 1886/1 1890/1
f 1886/1 1891/1 1890/1
f 1886/1 1889/1 1891/1
f 1889/1 1894/1 1891/1
f 1889/1 1892/1 1894/1
f 1887/1 1892/1 1889/1
f 1887/1 1893/1 1892/1
f 1888/1 1893/1 1887/1
f 1890/1 1891/1 1895/1
f 1891/1 1896/1 1895/1
f 1891/1 1894/1 1896/1
f 1894/1 1899/1 1896/1
f 1894/1 1897/1 1899/1
f 1892/1 1897/1 1894/1
f 1892/1 1898/1 1897/1
f 1893/1 1898/1 1892/1
f 1895/1 1896/1 1900/1
f 1896/1 1901/1 1900/1
f 1896/1 1899/1 1901/1
f 1899/1 1904/1 1901/1
f 1899/1 1902/1 1904/1
f 1897/1 1902/1 1899/1
f 1897/1 1903/1 1902/1
f 1898/1 1903/1 1897/1
f 1905/1 1907/1 1906/1
f 1905/1 1910/1 1907/1
f 1905/1 1908/1 1910/1
f 1905/1 1909/1 1908/1
f 1906/1 1907/1 1911/1
f 1907/1 1912/1 1911/1
f 1907/1 1910/1 1912/1
f 1910/1 1915/1 1912/1
f 1910/1 1913/1 1915/1
f 1908/1 1913/1 1910/1
f 1908/1 1914/1 1913/1
f 1909/1 1914/1 1908/1
f 1911/1 1912/1 1916/1
f 1912/1 1917/1 1916/1
f 1912/1 1915/1 1917/1
f 1915/1 1920/1 1917/1
f 1915/1 1918/1 1920/1
f 1913/1 1918/1 1915/1
f 1913/1 1919/1 1918/1
f 1914/1 1919/1 1913/1
f 1916/1 1917/1 1921/1
f 1917/1 1922/1 1921/1
f 1917/1 1920/1 1922/1
f 1920/1 1925/1 1922/1
f 1920/1 1923/1 1925/1
f 1918/1 1923/1 1920/1
f 1918/1 1924/1 1923/1
f 1919/1 1924/1 1918/1
f 1921/1 1922/1 1926/1
f 1922/1 1927/1 1926/1
f 1922/1 1925/1 1927/1
f 1925/1 1930/1 1927/1
f 1925/1 1928/1 1930/1
f 1923/1 1928/1 1925/1
f 1923/1 1929/1 1928/1
f 1924/1 1929/1 1923/1
f 1926/1 1927/1 1931/1
f 1927/1 1932/1 1931/1
f 1927/1 1930/1 1932/1
f 1930/1 1935/1 1932/1
f 1930/1 1933/1 1935/1
f 1928/1 1933/1 1930/1
f 1928/1 1934/1 1933/1
f 1929/1 1934/1 1928/1
f 1931/1 1932/1 1936/1
f 1932/1 1937/1 1936/1
f 1932/1 1935/1 1937/1
f 1935/1 1940/1 1937/1
f 1935/1 1938/1 1940/1
f 1933/1 1938/1 1935/1
f 1933/1 1939/1 1938/1
f 1934/1 1939/1 1933/1
f 1936/1 1937/1 1941/1
f 1937/1 1942/1 1941/1
f 1937/1 1940/1 1942/1
f 1940/1 1945/1 1942/1
f 1940/1 1943/1 1945/1
f 1938/1 1943/1 1940/1
f 1938/1 1944/1 1943/1
f 1939/1 1944/1 1938/1
f 1941/1 1942/1 1946/1
f 1942/1 1947/1 1946/1
f 1942/1 1945/1 1947/1
f 1945/1 1950/1 1947/1
f 1945/1 1948/1 1950/1
f 1943/1 1948/1 1945/1
f 1943/1 1949/1 1948/1
f 1944/1 1949/1 1943/1
f 1946/1 1947/1 1951/1
f 1947/1 1952/1 1951/1
f 1947/1 1950/1 1952/1
f 1950/1 1955/1 1952/1
f 1950/1 1953/1 1955/1
f 1948/1 1953/1 1950/1
f 1948/1 1954/1 1953/1
f 1949/1 1954/1 1948/1
f 1951/1 1952/1 1956/1
f 1952/1 1957/1 1956/1
f 1952/1 1955/1 1957/1
f 1955/1 1960/1 1957/1
f 1955/1 1958/1 1960/1
f 1953/1 1958/1 1955/1
f 1953/1 1959/1 1958/1
f 1954/1 1959/1 1953/1
f 1956/1 1957/1 1961/1
f 1957/1 1962/1 1961/1
f 1957/1 1960/1 1962/1
f 1960/1 1965/1 1962/1
f 1960/1 1963/1 1965/1
f 1958/1 1963/1 1960/1
f 1958/1 1964/1 1963/1
f 1959/1 1964/1 1958/1
f 1961/1 1962/1 1966/1
f 1962/1 1967/1 1966/1
f 1962/1 1965/1 1967/1
f 1965/1 1970/1 1967/1
f 1965/1 1968/1 1970/1
f 1963/1 1968/1 1965/1
f 1963/1 1969/1 1968/1
f 1964/1 1969/1 1963/1
f 1966/1 1967/1 1971/1
f 1967/1 1972/1 1971/1
f 1967/1 1970/1 1972/1
f 1970/1 1975/1 1972/1
f 1970/1 1973/1 1975/1
f 1968/1 1973/1 1970/1
f 1968/1 1974/1 1973/1
f 1969/1 1974/1 1968/1
f 1971/1 1972/1 1976/1
f 1972/1 1977/1 1976/1
f 1972/1 1975/1 1977/1
f 1975/1 1980/1 1977/1
f 1975/1 1978/1 1980/1
f 1973/1 1978/1 1975/1
f 1973/1 1979/1 1978/1
f 1974/1 1979/1 1973/1
f 1976/1 1977/1 1981/1
f 1977/1 1982/1 1981/1
f 1977/1 1980/1 1982/1
f 1980/1 1985/1 1982/1
f 1980/1 1983/1 1985/1
f 1978/1 1983/1 1980/1
f 1978/1 1984/1 1983/1
f 1979/1 1984/1 1978/1
f 1981/1 1982/1 1986/1
f 1982/1 1987/1 1986/1
f 1982/1 1985/1 1987/1
f 1985/1 1990/1 1987/1
f 1985/1 1988/1 1990/1
f 1983/1 1988/1 1985/1
f 1983/1 1989/1 1988/1
f 1984/1 1989/1 1983/1
f 1986/1 1987/1 1991/1
f 1987/1 1992/1 1991/1
f 1987/1 1990/1 1992/1
f 1990/1 1995/1 1992/1
f 1990/1 1993/1 1995/1
f 1988/1 1993/1 1990/1
f 1988/1 1994/1 1993/1
f 1989/1 1994/1 1988/1
f 1991/1 1992/1 1996/1
f 1992/1 1997/1 1996/1
f 1992/1 1995/1 1997/1
f 1995/1 2000/1 1997/1
f 1995/1 1998/1 2000/1
f 1993/1 1998/1 1995/1
f 1993/1 1999/1 1998/1
f 1994/1 1999/1 1993/1
f 1996/1 1997/1 2001/1
f 1997/1 2002/1 2001/1
f 1997/1 2000/1 2002/1
f 2000/1 2005/1 2002/1
f 2000/1 2003/1 2005/1
f 1998/1 2003/1 2000/1
f 1998/1 2004/1 2003/1
f 1999/1 2004/1 1998/1
f 2001/1 2002/1 2006/1
f 2002/1 2007/1 2006/1
f 2002/1 2005/1 2007/1
f 2005/1 2010/1 2007/1
f 2005/1 2008/1 2010/1
f 2003/1 2008/1 2005/1
f 2003/1 2009/1 2008/1
f 2004/1 2009/1 2003/1
f 2006/1 2007/1 2011/1
f 2007/1 2012/1 2011/1
f 2007/1 2010/1 2012/1
f 2010/1 2015/1 2012/1
f 2010/1 2013/1 2015/1
f 2008/1 2013/1 2010/1
f 2008/1 2014/1 2013/1
f 2009/1 2014/1 2008/1
f 2011/1 2012/1 2016/1
f 2012/1 2017/1 2016/1
f 2012/1 2015/1 2017/1
f 2015/1 2020/1 2017/1
f 2015/1 2018/1 2020/1
f 2013/1 2018/1 2015/1
f 2013/1 2019/1 2018/1
f 2014/1 2019/1 2013/1
f 2016/1 2017/1 2021/1
f 2017/1 2022/1 2021/1
f 2017/1 2020/1 2022/1
f 2020/1 2025/1 2022/1
f 2020/1 2023/1 2025/1
f 2018/1 2023/1 2020/1
f 2018/1 2024/1 2023/1
f 2019/1 2024/1 2018/1
f 2021/1 2022/1 2026/1
f 2022/1 2027/1 2026/1
f 2022/1 2025/1 2027/1
f 2025/1 2030/1 2027/1
f 2025/1 2028/1 2030/1
f 2023/1 2028/1 2025/1
f 2023/1 2029/1 2028/1
f 2024/1 2029/1 2023/1
f 2026/1 2027/1 2031/1
f 2027/1 2032/1 2031/1
f 2027/1 2030/1 2032/1
f 2030/1 2035/1 2032/1
f 2030/1 2033/1 2035/1
f 2028/1 2033/1 2030/1
f 2028/1 2034/1 2033/1
f 2029/1 2034/1 2028/1
f 2031/1 2032/1 2036/1
f 2032/1 2037/1 2036/1
f 2032/1 2035/1 2037/1
f 2035/1 2040/1 2037/1
f 2035/1 2038/1 2040/1
f 2033/1 2038/1 2035/1
f 2033/1 2039/1 2038/1
f 2034/1 2039/1 2033/1
f 2036/1 2037/1 2041/1
f 2037/1 2042/1 2041/1
f 2037/1 2040/1 2042/1
f 2040/1 2045/1 2042/1
f 2040/1 2043/1 2045/1
f 2038/1 2043/1 2040/1
f 2038/1 2044/1 2043/1
f 2039/1 2044/1 2038/1
f 2041/1 2042/1 2046/1
f 2042/1 2047/1 2046/1
f 2042/1 2045/1 2047/1
f 2045/1 2050/1 2047/1
f 2045/1 2048/1 2050/1
f 2043/1 2048/1 2045/1
f 2043/1 2049/1 2048/1
f 2044/1 2049/1 2043/1
f 2046/1 2047/1 2051/1
f 2047/1 2052/1 2051/1
f 2047/1 2050/1 2052/1
f 2050/1 2055/1 2052/1
f 2050/1 2053/1 2055/1
f 2048/1 2053/1 2050/1
f 2048/1 2054/1 2053/1
f 2049/1 2054/1 2048/1
f 2051/1 2052/1 2056/1
f 2052/1 2057/1 2056/1
f 2052/1 2055/1 2057/1
f 2055/1 2060/1 2057/1
f 2055/1 2058/1 2060/1
f 2053/1 2058/1 2055/1
f 2053/1 2059/1 2058/1
f 2054/1 2059/1 2053/1
f 2056/1 2057/1 2061/1
f 2057/1 2062/1 2061/1
f 2057/1 2060/1 2062/1
f 2060/1 2065/1 2062/1
f 2060/1 2063/1 2065/1
f 2058/1 2063/1 2060/1
f 2058/1 2064/1 2063/1
f 2059/1 2064/1 2058/1
f 2061/1 2062/1 2066/1
f 2062/1 2067/1 2066/1
f 2062/1 2065/1 2067/1
f 2065/1 2070/1 2067/1
f 2065/1 2068/1 2070/1
f 2063/1 2068/1 2065/1
f 2063/1 2069/1 2068/1
f 2064/1 2069/1 2063/1
f 2066/1 2067/1 2071/1
f 2067/1 2072/1 2071/1
f 2067/1 2070/1 2072/1
f 2070/1 2075/1 2072/1
f 2070/1 2073/1 2075/1
f 2068/1 2073/1 2070/1
f 2068/1 2074/1 2073/1
f 2069/1 2074/1 2068/1
f 2071/1 2072/1 2076/1
f 2072/1 2077/1 2076/1
f 2072/1 2075/1 2077/1
f 2075/1 2080/1 2077/1
f 2075/1 2078/1 2080/1
f 2073/1 2078/1 2075/1
f 2073/1 2079/1 2078/1
f 2074/1 2079/1 2073/1
f 2076/1 2077/1 2081/1
f 2077/1 2082/1 2081/1
f 2077/1 2080/1 2082/1
f 2080/1 2085/1 2082/1
f 2080/1 2083/1 2085/1
f 2078/1 2083/1 2080/1
f 2078/1 2084/1 2083/1
f 2079/1 2084/1 2078/1
f 2081/1 2082/1 2086/1
f 2082/1 2087/1 2086/1
f 2082/1 2085/1 2087/1
f 2085/1 2090/1 2087/1
f 2085/1 2088/1 2090/1
f 2083/1 2088/1 2085/1
f 2083/1 2089/1 2088/1
f 2084/1 2089/1 2083/1
f 2086/1 2087/1 2091/1
f 2087/1 2092/1 2091/1
f 2087/1 2090/1 2092/1
f 2090/1 2095/1 2092/1
f 2090/1 2093/1 2095/1
f 2088/1 2093/1 2090/1
f 2088/1 2094/1 2093/1
f 2089/1 2094/1 2088/1
f 2091/1 2092/1 2096/1
f 2092/1 2097/1 2096/1
f 2092/1 2095/1 2097/1
f 2095/1 2100/1 2097/1
f 2095/1 2098/1 2100/1
f 2093/1 2098/1 2095/1
f 2093/1 2099/1 2098/1
f 2094/1 2099/1 2093/1
f 2096/1 2097/1 2101/1
f 2097/1 2102/1 2101/1
f 2097/1 2100/1 2102/1
f 2100/1 2105/1 2102/1
f 2100/1 2103/1 2105/1
f 2098/1 2103/1 2100/1
f 2098/1 2104/1 2103/1
f 2099/1 2104/1 2098/1
f 2101/1 2102/1 2106/1
f 2102/1 2107/1 2106/1
f 2102/1 2105/1 2107/1
f 2105/1 2110/1 2107/1
f 2105/1 2108/1 2110/1
f 2103/1 2108/1 2105/1
f 2103/1 2109/1 2108/1
f 2104/1 2109/1 2103/1
f 2106/1 2107/1 2111/1
f 2107/1 2112/1 2111/1
f 2107/1 2110/1 2112/1
f 2110/1 2115/1 2112/1
f 2110/1 2113/1 2115/1
f 2108/1 2113/1 2110/1
f 2108/1 2114/1 2113/1
f 2109/1 2114/1 2108/1
f 2111/1 2112/1 2116/1
f 2112/1 2117/1 2116/1
f 2112/1 2115/1 2117/1
f 2115/1 2120/1 2117/1
f 2115/1 2118/1 2120/1
f 2113/1 2118/1 2115/1
f 2113/1 2119/1 2118/1
f 2114/1 2119/1 2113/1
f 2116/1 2117/1 2121/1
f 2117/1 2122/1 2121/1
f 2117/1 2120/1 2122/1
f 2120/1 2125/1 2122/1
f 2120/1 2123/1 2125/1
f 2118/1 2123/1 2120/1
f 2118/1 2124/1 2123/1
f 2119/1 2124/1 2118/1
f 2121/1 2122/1 2126/1
f 2122/1 2127/1 2126/1
f 2122/1 2125/1 2127/1
f 2125/1 2130/1 2127/1
f 2125/1 2128/1 2130/1
f 2123/1 2128/1 2125/1
f 2123/1 2129/1 2128/1
f 2124/1 2129/1 2123/1
f 2126/1 2127/1 2131/1
f 2127/1 2132/1 2131/1
f 2127/1 2130/1 2132/1
f 2130/1 2135/1 2132/1
f 2130/1 2133/1 2135/1
f 2128/1 2133/1 2130/1
f 2128/1 2134/1 2133/1
f 2129/1 2134/1 2128/1
f 2131/1 2132/1 2136/1
f 2132/1 2137/1 2136/1
f 2132/1 2135/1 2137/1
f 2135/1 2140/1 2137/1
f 2135/1 2138/1 2140/1
f 2133/1 2138/1 2135/1
f 2133/1 2139/1 2138/1
f 2134/1 2139/1 2133/1
f 2136/1 2137/1 2141/1
f 2137/1 2142/1 2141/1
f 2137/1 2140/1 2142/1
f 2140/1 2145/1 2142/1
f 2140/1 2143/1 2145/1
f 2138/1 2143/1 2140/1
f 2138/1 2144/1 2143/1
f 2139/1 2144/1 2138/1
f 2141/1 2142/1 2146/1
f 2142/1 2147/1 2146/1
f 2142/1 2145/1 2147/1
f 2145/1 2150/1 2147/1
f 2145/1 2148/1 2150/1
f 2143/1 2148/1 2145/1
f 2143/1 2149/1 2148/1
f 2144/1 2149/1 2143/1
f 2151/1 2153/1 2152/1
f 2151/1 2156/1 2153/1
f 2151/1 2154/1 2156/1
f 2151/1 2155/1 2154/1
f 2152/1 2153/1 2157/1
f 2153/1 2158/1 2157/1
f 2153/1 2156/1 2158/1
f 2156/1 2161/1 2158/1
f 2156/1 2159/1 2161/1
f 2154/1 2159/1 2156/1
f 2154/1 2160/1 2159/1
f 2155/1 2160/1 2154/1
f 2157/1 2158/1 2162/1
f 2158/1 2163/1 2162/1
f 2158/1 2161/1 2163/1
f 2161/1 2166/1 2163/1
f 2161/1 2164/1 2166/1
f 2159/1 2164/1 2161/1
f 2159/1 2165/1 2164/1
f 2160/1 2165/1 2159/1
f 2162/1 2163/1 2167/1
f 2163/1 2168/1 2167/1
f 2163/1 2166/1 2168/1
f 2166/1 2171/1 2168/1
f 2166/1 2169/1 2171/1
f 2164/1 2169/1 2166/1
f 2164/1 2170/1 2169/1
f 2165/1 2170/1 2164/1
f 2167/1 2168/1 2172/1
f 2168/1 2173/1 2172/1
f 2168/1 2171/1 2173/1
f 2171/1 2176/1 2173/1
f 2171/1 2174/1 2176/1
f 2169/1 2174/1 2171/1
f 2169/1 2175/1 2174/1
f 2170/1 2175/1 2169/1
f 2172/1 2173/1 2177/1
f 2173/1 2178/1 2177/1
f 2173/1 2176/1 2178/1
f 2176/1 2181/1 2178/1
f 2176/1 2179/1 2181/1
f 2174/1 2179/1 2176/1
f 2174/1 2180/1 2179/1
f 2175/1 2180/1 2174/1
f 2177/1 2178/1 2182/1
f 2178/1 2183/1 2182/1
f 2178/1 2181/1 2183/1
f 2181/1 2186/1 2183/1
f 2181/1 2184/1 2186/1
f 2179/1 2184/1 2181/1
f 2179/1 2185/1 2184/1
f 2180/1 2185/1 2179/1
f 2182/1 2183/1 2187/1
f 2183/1 2188/1 2187/1
f 2183/1 2186/1 2188/1
f 2186/1 2191/1 2188/1
f 2186/1 2189/1 2191/1
f 2184/1 2189/1 2186/1
f 2184/1 2190/1 2189/1
f 2185/1 2190/1 2184/1
f 2187/1 2188/1 2192/1
f 2188/1 2193/1 2192/1
f 2188/1 2191/1 2193/1
f 2191/1 2196/1 2193/1
f 2191/1 2194/1 2196/1
f 2189/1 2194/1 2191/1
f 2189/1 2195/1 2194/1
f 2190/1 2195/1 2189/1
f 2192/1 2193/1 2197/1
f 2193/1 2198/1 2197/1
f 2193/1 2196/1 2198/1
f 2196/1 2201/1 2198/1
f 2196/1 2199/1 2201/1
f 2194/1 2199/1 2196/1
f 2194/1 2200/1 2199/1
f 2195/1 2200/1 2194/1
f 2197/1 2198/1 2202/1
f 2198/1 2203/1 2202/1
f 2198/1 2201/1 2203/1
f 2201/1 2206/1 2203/1
f 2201/1 2204/1 2206/1
f 2199/1 2204/1 2201/1
f 2199/1 2205/1 2204/1
f 2200/1 2205/1 2199/1
f 2202/1 2203/1 2207/1
f 2203/1 2208/1 2207/1
f 2203/1 2206/1 2208/1
f 2206/1 2211/1 2208/1
f 2206/1 2209/1 2211/1
f 2204/1 2209/1 2206/1
f 2204/1 2210/1 2209/1
f 2205/1 2210/1 2204/1
f 2207/1 2208/1 2212/1
f 2208/1 2213/1 2212/1
f 2208/1 2211/1 2213/1
f 2211/1 2216/1 2213/1
f 2211/1 2214/1 2216/1
f 2209/1 2214/1 2211/1
f 2209/1 2215/1 2214/1
f 2210/1 2215/1 2209/1
f 2212/1 2213/1 2217/1
f 2213/1 2218/1 2217/1
f 2213/1 2216/1 2218/1
f 2216/1 2221/1 2218/1
f 2216/1 2219/1 2221/1
f 2214/1 2219/1 2216/1
f 2214/1 2220/1 2219/1
f 2215/1 2220/1 2214/1
f 2217/1 2218/1 2222/1
f 2218/1 2223/1 2222/1
f 2218/1 2221/1 2223/1
f 2221/1 2226/1 2223/1
f 2221/1 2224/1 2226/1
f 2219/1 2224/1 2221/1
f 2219/1 2225/1 2224/1
f 2220/1 2225/1 2219/1
f 2222/1 2223/1 2227/1
f 2223/1 2228/1 2227/1
f 2223/1 2226/1 2228/1
f 2226/1 2231/1 2228/1
f 2226/1 2229/1 2231/1
f 2224/1 2229/1 2226/1
f 2224/1 2230/1 2229/1
f 2225/1 2230/1 2224/1
f 2227/1 2228/1 2232/1
f 2228/1 2233/1 2232/1
f 2228/1 2231/1 2233/1
f 2231/1 2236/1 2233/1
f 2231/1 2234/1 2236/1
f 2229/1 2234/1 2231/1
f 2229/1 2235/1 2234/1
f 2230/1 2235/1 2229/1
f 2232/1 2233/1 2237/1
f 2233/1 2238/1 2237/1
f 2233/1 2236/1 2238/1
f 2236/1 2241/1 2238/1
f 2236/1 2239/1 2241/1
f 2234/1 2239/1 2236/1
f 2234/1 2240/1 2239/1
f 2235/1 2240/1 2234/1
f 2237/1 2238/1 2242/1
f 2238/1 2243/1 2242/1
f 2238/1 2241/1 2243/1
f 2241/1 2246/1 2243/1
f 2241/1 2244/1 2246/1
f 2239/1 2244/1 2241/1
f 2239/1 2245/1 2244/1
f 2240/1 2245/1 2239/1
f 2242/1 2243/1 2247/1
f 2243/1 2248/1 2247/1
f 2243/1 2246/1 2248/1
f 2246/1 2251/1 2248/1
f 2246/1 2249/1 2251/1
f 2244/1 2249/1 2246/1
f 2244/1 2250/1 2249/1
f 2245/1 2250/1 2244/1
f 2247/1 2248/1 2252/1
f 2248/1 2253/1 2252/1
f 2248/1 2251/1 2253/1
f 2251/1 2256/1 2253/1
f 2251/1 2254/1 2256/1
f 2249/1 2254/1 2251/1
f 2249/1 2255/1 2254/1
f 2250/1 2255/1 2249/1
f 2252/1 2253/1 2257/1
f 2253/1 2258/1 2257/1
f 2253/1 2256/1 2258/1
f 2256/1 2261/1 2258/1
f 2256/1 2259/1 2261/1
f 2254/1 2259/1 2256/1
f 2254/1 2260/1 2259/1
f 2255/1 2260/1 2254/1
f 2257/1 2258/1 2262/1
f 2258/1 2263/1 2262/1
f 2258/1 2261/1 2263/1
f 2261/1 2266/1 2263/1
f 2261/1 2264/1 2266/1
f 2259/1 2264/1 2261/1
f 2259/1 2265/1 2264/1
f 2260/1 2265/1 2259/1
f 2262/1 2263/1 2267/1
f 2263/1 2268/1 2267/1
f 2263/1 2266/1 2268/1
f 2266/1 2271/1 2268/1
f 2266/1 2269/1 2271/1
f 2264/1 2269/1 2266/1
f 2264/1 2270/1 2269/1
f 2265/1 2270/1 2264/1
f 2267/1 2268/1 2272/1
f 2268/1 2273/1 2272/1
f 2268/1 2271/1 2273/1
f 2271/1 2276/1 2273/1
f 2271/1 2274/1 2276/1
f 2269/1 2274/1 2271/1
f 2269/1 2275/1 2274/1
f 2270/1 2275/1 2269/1
f 2272/1 2273/1 2277/1
f 2273/1 2278/1 2277/1
f 2273/1 2276/1 2278/1
f 2276/1 2281/1 2278/1
f 2276/1 2279/1 2281/1
f 2274/1 2279/1 2276/1
f 2274/1 2280/1 2279/1
f 2275/1 2280/1 2274/1
f 2277/1 2278/1 2282/1
f 2278/1 2283/1 2282/1
f 2278/1 2281/1 2283/1
f 2281/1 2286/1 2283/1
f 2281/1 2284/1 2286/1
f 2279/1 2284/1 2281/1
f 2279/1 2285/1 2284/1
f 2280/1 2285/1 2279/1
f 2282/1 2283/1 2287/1
f 2283/1 2288/1 2287/1
f 2283/1 2286/1 2288/1
f 2286/1 2291/1 2288/1
f 2286/1 2289/1 2291/1
f 2284/1 2289/1 2286/1
f 2284/1 2290/1 2289/1
f 2285/1 2290/1 2284/1
f 2287/1 2288/1 2292/1
f 2288/1 2293/1 2292/1
f 2288/1 2291/1 2293/1
f 2291/1 2296/1 2293/1
f 2291/1 2294/1 2296/1
f 2289/1 2294/1 2291/1
f 2289/1 2295/1 2294/1
f 2290/1 2295/1 2289/1
f 2292/1 2293/1 2297/1
f 2293/1 2298/1 2297/1
f 2293/1 2296/1 2298/1
f 2296/1 2301/1 2298/1
f 2296/1 2299/1 2301/1
f 2294/1 2299/1 2296/1
f 2294/1 2300/1 2299/1
f 2295/1 2300/1 2294/1
f 2297/1 2298/1 2302/1
f 2298/1 2303/1 2302/1
f 2298/1 2301/1 2303/1
f 2301/1 2306/1 2303/1
f 2301/1 2304/1 2306/1
f 2299/1 2304/1 2301/1
f 2299/1 2305/1 2304/1
f 2300/1 2305/1 2299/1
f 2302/1 2303/1 2307/1
f 2303/1 2308/1 2307/1
f 2303/1 2306/1 2308/1
f 2306/1 2311/1 2308/1
f 2306/1 2309/1 2311/1
f 2304/1 2309/1 2306/1
f 2304/1 2310/1 2309/1
f 2305/1 2310/1 2304/1
f 2307/1 2308/1 2312/1
f 2308/1 2313/1 2312/1
f 2308/1 2311/1 2313/1
f 2311/1 2316/1 2313/1
f 2311/1 2314/1 2316/1
f 2309/1 2314/1 2311/1
f 2309/1 2315/1 2314/1
f 2310/1 2315/1 2309/1
f 2312/1 2313/1 2317/1
f 2313/1 2318/1 2317/1
f 2313/1 2316/1 2318/1
f 2316/1 2321/1 2318/1
f 2316/1 2319/1 2321/1
f 2314/1 2319/1 2316/1
f 2314/1 2320/1 2319/1
f 2315/1 2320/1 2314/1
f 2317/1 2318/1 2322/1
f 2318/1 2323/1 2322/1
f 2318/1 2321/1 2323/1
f 2321/1 2326/1 2323/1
f 2321/1 2324/1 2326/1
f 2319/1 2324/1 2321/1
f 2319/1 2325/1 2324/1
f 2320/1 2325/1 2319/1
f 2322/1 2323/1 2327/1
f 2323/1 2328/1 2327/1
f 2323/1 2326/1 2328/1
f 2326/1 2331/1 2328/1
f 2326/1 2329/1 2331/1
f 2324/1 2329/1 2326/1
f 2324/1 2330/1 2329/1
f 2325/1 2330/1 2324/1
f 2327/1 2328/1 2332/1
f 2328/1 2333/1 2332/1
f 2328/1 2331/1 2333/1
f 2331/1 2336/1 2333/1
f 2331/1 2334/1 2336/1
f 2329/1 2334/1 2331/1
f 2329/1 2335/1 2334/1
f 2330/1 2335/1 2329/1
f 2332/1 2333/1 2337/1
f 2333/1 2338/1 2337/1
f 2333/1 2336/1 2338/1
f 2336/1 2341/1 2338/1
f 2336/1 2339/1 2341/1
f 2334/1 2339/1 2336/1
f 2334/1 2340/1 2339/1
f 2335/1 2340/1 2334/1
f 2337/1 2338/1 2342/1
f 2338/1 2343/1 2342/1
f 2338/1 2341/1 2343/1
f 2341/1 2346/1 2343/1
f 2341/1 2344/1 2346/1
f 2339/1 2344/1 2341/1
f 2339/1 2345/1 2344/1
f 2340/1 2345/1 2339/1
f 2342/1 2343/1 2347/1
f 2343/1 2348/1 2347/1
f 2343/1 2346/1 2348/1
f 2346/1 2351/1 2348/1
f 2346/1 2349/1 2351/1
f 2344/1 2349/1 2346/1
f 2344/1 2350/1 2349/1
f 2345/1 2350/1 2344/1
f 2347/1 2348/1 2352/1
f 2348/1 2353/1 2352/1
f 2348/1 2351/1 2353/1
f 2351/1 2356/1 2353/1
f 2351/1 2354/1 2356/1
f 2349/1 2354/1 2351/1
f 2349/1 2355/1 2354/1
f 2350/1 2355/1 2349/1
f 2352/1 2353/1 2357/1
f 2353/1 2358/1 2357/1
f 2353/1 2356/1 2358/1
f 2356/1 2361/1 2358/1
f 2356/1 2359/1 2361/1
f 2354/1 2359/1 2356/1
f 2354/1 2360/1 2359/1
f 2355/1 2360/1 2354/1
f 2357/1 2358/1 2362/1
f 2358/1 2363/1 2362/1
f 2358/1 2361/1 2363/1
f 2361/1 2366/1 2363/1
f 2361/1 2364/1 2366/1
f 2359/1 2364/1 2361/1
f 2359/1 2365/1 2364/1
f 2360/1 2365/1 2359/1
f 2362/1 2363/1 2367/1
f 2363/1 2368/1 2367/1
f 2363/1 2366/1 2368/1
f 2366/1 2371/1 2368/1
f 2366/1 2369/1 2371/1
f 2364/1 2369/1 2366/1
f 2364/1 2370/1 2369/1
f 2365/1 2370/1 2364/1
f 2367/1 2368/1 2372/1
f 2368/1 2373/1 2372/1
f 2368/1 2371/1 2373/1
f 2371/1 2376/1 2373/1
f 2371/1 2374/1 2376/1
f 2369/1 2374/1 2371/1
f 2369/1 2375/1 2374/1
f 2370/1 2375/1 2369/1
f 2377/1 2379/1 2378/1
f 2377/1 2382/1 2379/1
f 2377/1 2380/1 2382/1
f 2377/1 2381/1 2380/1
f 2378/1 2379/1 2383/1
f 2379/1 2384/1 2383/1
f 2379/1 2382/1 2384/1
f 2382/1 2387/1 2384/1
f 2382/1 2385/1 2387/1
f 2380/1 2385/1 2382/1
f 2380/1 2386/1 2385/1
f 2381/1 2386/1 2380/1
f 2383/1 2384/1 2388/1
f 2384/1 2389/1 2388/1
f 2384/1 2387/1 2389/1
f 2387/1 2392/1 2389/1
f 2387/1 2390/1 2392/1
f 2385/1 2390/1 2387/1
f 2385/1 2391/1 2390/1
f 2386/1 2391/1 2385/1
f 2388/1 2389/1 2393/1
f 2389/1 2394/1 2393/1
f 2389/1 2392/1 2394/1
f 2392/1 2397/1 2394/1
f 2392/1 2395/1 2397/1
f 2390/1 2395/1 2392/1
f 2390/1 2396/1 2395/1
f 2391/1 2396/1 2390/1
f 2393/1 2394/1 2398/1
f 2394/1 2399/1 2398/1
f 2394/1 2397/1 2399/1
f 2397/1 2402/1 2399/1
f 2397/1 2400/1 2402/1
f 2395/1 2400/1 2397/1
f 2395/1 2401/1 2400/1
f 2396/1 2401/1 2395/1
f 2398/1 2399/1 2403/1
f 2399/1 2404/1 2403/1
f 2399/1 2402/1 2404/1
f 2402/1 2407/1 2404/1
f 2402/1 2405/1 2407/1
f 2400/1 2405/1 2402/1
f 2400/1 2406/1 2405/1
f 2401/1 2406/1 2400/1
f 2403/1 2404/1 2408/1
f 2404/1 2409/1 2408/1
f 2404/1 2407/1 2409/1
f 2407/1 2412/1 2409/1
f 2407/1 2410/1 2412/1
f 2405/1 2410/1 2407/1
f 2405/1 2411/1 2410/1
f 2406/1 2411/1 2405/1
f 2408/1 2409/1 2413/1
f 2409/1 2414/1 2413/1
f 2409/1 2412/1 2414/1
f 2412/1 2417/1 2414/1
f 2412/1 2415/1 2417/1
f 2410/1 2415/1 2412/1
f 2410/1 2416/1 2415/1
f 2411/1 2416/1 2410/1
f 2413/1 2414/1 2418/1
f 2414/1 2419/1 2418/1
f 2414/1 2417/1 2419/1
f 2417/1 2422/1 2419/1
f 2417/1 2420/1 2422/1
f 2415/1 2420/1 2417/1
f 2415/1 2421/1 2420/1
f 2416/1 2421/1 2415/1
f 2418/1 2419/1 2423/1
f 2419/1 2424/1 2423/1
f 2419/1 2422/1 2424/1
f 2422/1 2427/1 2424/1
f 2422/1 2425/1 2427/1
f 2420/1 2425/1 2422/1
f 2420/1 2426/1 2425/1
f 2421/1 2426/1 2420/1
f 2423/1 2424/1 2428/1
f 2424/1 2429/1 2428/1
f 2424/1 2427/1 2429/1
f 2427/1 2432/1 2429/1
f 2427/1 2430/1 2432/1
f 2425/1 2430/1 2427/1
f 2425/1 2431/1 2430/1
f 2426/1 2431/1 2425/1
f 2428/1 2429/1 2433/1
f 2429/1 2434/1 2433/1
f 2429/1 2432/1 2434/1
f 2432/1 2437/1 2434/1
f 2432/1 2435/1 2437/1
f 2430/1 2435/1 2432/1
f 2430/1 2436/1 2435/1
f 2431/1 2436/1 2430/1
f 2433/1 2434/1 2438/1
f 2434/1 2439/1 2438/1
f 2434/1 2437/1 2439/1
f 2437/1 2442/1 2439/1
f 2437/1 2440/1 2442/1
f 2435/1 2440/1 2437/1
f 2435/1 2441/1 2440/1
f 2436/1 2441/1 2435/1
f 2438/1 2439/1 2443/1
f 2439/1 2444/1 2443/1
f 2439/1 2442/1 2444/1
f 2442/1 2447/1 2444/1
f 2442/1 2445/1 2447/1
f 2440/1 2445/1 2442/1
f 2440/1 2446/1 2445/1
f 2441/1 2446/1 2440/1
f 2443/1 2444/1 2448/1
f 2444/1 2449/1 2448/1
f 2444/1 2447/1 2449/1
f 2447/1 2452/1 2449/1
f 2447/1 2450/1 2452/1
f 2445/1 2450/1 2447/1
f 2445/1 2451/1 2450/1
f 2446/1 2451/1 2445/1
f 2448/1 2449/1 2453/1
f 2449/1 2454/1 2453/1
f 2449/1 2452/1 2454/1
f 2452/1 2457/1 2454/1
f 2452/1 2455/1 2457/1
f 2450/1 2455/1 2452/1
f 2450/1 2456/1 2455/1
f 2451/1 2456/1 2450/1
f 2453/1 2454/1 2458/1
f 2454/1 2459/1 2458/1
f 2454/1 2457/1 2459/1
f 2457/1 2462/1 2459/1
f 2457/1 2460/1 2462/1
f 2455/1 2460/1 2457/1
f 2455/1 2461/1 2460/1
f 2456/1 2461/1 2455/1
f 2458/1 2459/1 2463/1
f 2459/1 2464/1 2463/1
f 2459/1 2462/1 2464/1
f 2462/1 2467/1 2464/1
f 2462/1 2465/1 2467/1
f 2460/1 2465/1 2462/1
f 2460/1 2466/1 2465/1
f 2461/1 2466/1 2460/1
f 2463/1 2464/1 2468/1
f 2464/1 2469/1 2468/1
f 2464/1 2467/1 2469/1
f 2467/1 2472/1 2469/1
f 2467/1 2470/1 2472/1
f 2465/1 2470/1 2467/1
f 2465/1 2471/1 2470/1
f 2466/1 2471/1 2465/1
f 2468/1 2469/1 2473/1
f 2469/1 2474/1 2473/1
f 2469/1 2472/1 2474/1
f 2472/1 2477/1 2474/1
f 2472/1 2475/1 2477/1
f 2470/1 2475/1 2472/1
f 2470/1 2476/1 2475/1
f 2471/1 2476/1 2470/1
f 2473/1 2474/1 2478/1
f 2474/1 2479/1 2478/1
f 2474/1 2477/1 2479/1
f 2477/1 2482/1 2479/1
f 2477/1 2480/1 2482/1
f 2475/1 2480/1 2477/1
f 2475/1 2481/1 2480/1
f 2476/1 2481/1 2475/1
f 2478/1 2479/1 2483/1
f 2479/1 2484/1 2483/1
f 2479/1 2482/1 2484/1
f 2482/1 2487/1 2484/1
f 2482/1 2485/1 2487/1
f 2480/1 2485/1 2482/1
f 2480/1 2486/1 2485/1
f 2481/1 2486/1 2480/1
f 2483/1 2484/1 2488/1
f 2484/1 2489/1 2488/1
f 2484/1 2487/1 2489/1
f 2487/1 2492/1 2489/1
f 2487/1 2490/1 2492/1
f 2485/1 2490/1 2487/1
f 2485/1 2491/1 2490/1
f 2486/1 2491/1 2485/1
f 2488/1 2489/1 2493/1
f 2489/1 2494/1 2493/1
f 2489/1 2492/1 2494/1
f 2492/1 2497/1 2494/1
f 2492/1 2495/1 2497/1
f 2490/1 2495/1 2492/1
f 2490/1 2496/1 2495/1
f 2491/1 2496/1 2490/1
f 2493/1 2494/1 2498/1
f 2494/1 2499/1 2498/1
f 2494/1 2497/1 2499/1
f 2497/1 2502/1 2499/1
f 2497/1 2500/1 2502/1
f 2495/1 2500/1 2497/1
f 2495/1 2501/1 2500/1
f 2496/1 2501/1 2495/1
f 2498/1 2499/1 2503/1
f 2499/1 2504/1 2503/1
f 2499/1 2502/1 2504/1
f 2502/1 2507/1 2504/1
f 2502/1 2505/1 2507/1
f 2500/1 2505/1 2502/1
f 2500/1 2506/1 2505/1
f 2501/1 2506/1 2500/1
f 2503/1 2504/1 2508/1
f 2504/1 2509/1 2508/1
f 2504/1 2507/1 2509/1
f 2507/1 2512/1 2509/1
f 2507/1 2510/1 2512/1
f 2505/1 2510/1 2507/1
f 2505/1 2511/1 2510/1
f 2506/1 2511/1 2505/1
f 2508/1 2509/1 2513/1
f 2509/1 2514/1 2513/1
f 2509/1 2512/1 2514/1
f 2512/1 2517/1 2514/1
f 2512/1 2515/1 2517/1
f 2510/1 2515/1 2512/1
f 2510/1 2516/1 2515/1
f 2511/1 2516/1 2510/1
f 2513/1 2514/1 2518/1
f 2514/1 2519/1 2518/1
f 2514/1 2517/1 2519/1
f 2517/1 2522/1 2519/1
f 2517/1 2520/1 2522/1
f 2515/1 2520/1 2517/1
f 2515/1 2521/1 2520/1
f 2516/1 2521/1 2515/1
f 2518/1 2519/1 2523/1
f 2519/1 2524/1 2523/1
f 2519/1 2522/1 2524/1
f 2522/1 2527/1 2524/1
f 2522/1 2525/1 2527/1
f 2520/1 2525/1 2522/1
f 2520/1 2526/1 2525/1
f 2521/1 2526/1 2520/1
f 2523/1 2524/1 2528/1
f 2524/1 2529/1 2528/1
f 2524/1 2527/1 2529/1
f 2527/1 2532/1 2529/1
f 2527/1 2530/1 2532/1
f 2525/1 2530/1 2527/1
f 2525/1 2531/1 2530/1
f 2526/1 2531/1 2525/1
f 2528/1 2529/1 2533/1
f 2529/1 2534/1 2533/1
f 2529/1 2532/1 2534/1
f 2532/1 2537/1 2534/1
f 2532/1 2535/1 2537/1
f 2530/1 2535/1 2532/1
f 2530/1 2536/1 2535/1
f 2531/1 2536/1 2530/1
f 2533/1 2534/1 2538/1
f 2534/1 2539/1 2538/1
f 2534/1 2537/1 2539/1
f 2537/1 2542/1 2539/1
f 2537/1 2540/1 2542/1
f 2535/1 2540/1 2537/1
f 2535/1 2541/1 2540/1
f 2536/1 2541/1 2535/1
f 2538/1 2539/1 2543/1
f 2539/1 2544/1 2543/1
f 2539/1 2542/1 2544/1
f 2542/1 2547/1 2544/1
f 2542/1 2545/1 2547/1
f 2540/1 2545/1 2542/1
f 2540/1 2546/1 2545/1
f 2541/1 2546/1 2540/1
f 2543/1 2544/1 2548/1
f 2544/1 2549/1 2548/1
f 2544/1 2547/1 2549/1
f 2547/1 2552/1 2549/1
f 2547/1 2550/1 2552/1
f 2545/1 2550/1 2547/1
f 2545/1 2551/1 2550/1
f 2546/1 2551/1 2545/1
f 2548/1 2549/1 2553/1
f 2549/1 2554/1 2553/1
f 2549/1 2552/1 2554/1
f 2552/1 2557/1 2554/1
f 2552/1 2555/1 2557/1
f 2550/1 2555/1 2552/1
f 2550/1 2556/1 2555/1
f 2551/1 2556/1 2550/1
f 2553/1 2554/1 2558/1
f 2554/1 2559/1 2558/1
f 2554/1 2557/1 2559/1
f 2557/1 2562/1 2559/1
f 2557/1 2560/1 2562/1
f 2555/1 2560/1 2557/1
f 2555/1 2561/1 2560/1
f 2556/1 2561/1 2555/1
f 2563/1 2565/1 2564/1
f 2563/1 2568/1 2565/1
f 2563/1 2566/1 2568/1
f 2563/1 2567/1 2566/1
f 2564/1 2565/1 2569/1
f 2565/1 2570/1 2569/1
f 2565/1 2568/1 2570/1
f 2568/1 2573/1 2570/1
f 2568/1 2571/1 2573/1
f 2566/1 2571/1 2568/1
f 2566/1 2572/1 2571/1
f 2567/1 2572/1 2566/1
f 2569/1 2570/1 2574/1
f 2570/1 2575/1 2574/1
f 2570/1 2573/1 2575/1
f 2573/1 2578/1 2575/1
f 2573/1 2576/1 2578/1
f 2571/1 2576/1 2573/1
f 2571/1 2577/1 2576/1
f 2572/1 2577/1 2571/1
f 2574/1 2575/1 2579/1
f 2575/1 2580/1 2579/1
f 2575/1 2578/1 2580/1
f 2578/1 2583/1 2580/1
f 2578/1 2581/1 2583/1
f 2576/1 2581/1 2578/1
f 2576/1 2582/1 2581/1
f 2577/1 2582/1 2576/1
f 2579/1 2580/1 2584/1
f 2580/1 2585/1 2584/1
f 2580/1 2583/1 2585/1
f 2583/1 2588/1 2585/1
f 2583/1 2586/1 2588/1
f 2581/1 2586/1 2583/1
f 2581/1 2587/1 2586/1
f 2582/1 2587/1 2581/1
f 2584/1 2585/1 2589/1
f 2585/1 2590/1 2589/1
f 2585/1 2588/1 2590/1
f 2588/1 2593/1 2590/1
f 2588/1 2591/1 2593/1
f 2586/1 2591/1 2588/1
f 2586/1 2592/1 2591/1
f 2587/1 2592/1 2586/1
f 2589/1 2590/1 2594/1
f 2590/1 2595/1 2594/1
f 2590/1 2593/1 2595/1
f 2593/1 2598/1 2595/1
f 2593/1 2596/1 2598/1
f 2591/1 2596/1 2593/1
f 2591/1 2597/1 2596/1
f 2592/1 2597/1 2591/1
f 2594/1 2595/1 2599/1
f 2595/1 2600/1 2599/1
f 2595/1 2598/1 2600/1
f 2598/1 2603/1 2600/1
f 2598/1 2601/1 2603/1
f 2596/1 2601/1 2598/1
f 2596/1 2602/1 2601/1
f 2597/1 2602/1 2596/1
f 2599/1 2600/1 2604/1
f 2600/1 2605/1 2604/1
f 2600/1 2603/1 2605/1
f 2603/1 2608/1 2605/1
f 2603/1 2606/1 2608/1
f 2601/1 2606/1 2603/1
f 2601/1 2607/1 2606/1
f 2602/1 2607/1 2601/1
f 2604/1 2605/1 2609/1
f 2605/1 2610/1 2609/1
f 2605/1 2608/1 2610/1
f 2608/1 2613/1 2610/1
f 2608/1 2611/1 2613/1
f 2606/1 2611/1 2608/1
f 2606/1 2612/1 2611/1
f 2607/1 2612/1 2606/1
f 2609/1 2610/1 2614/1
f 2610/1 2615/1 2614/1
f 2610/1 2613/1 2615/1
f 2613/1 2618/1 2615/1
f 2613/1 2616/1 2618/1
f 2611/1 2616/1 2613/1
f 2611/1 2617/1 2616/1
f 2612/1 2617/1 2611/1
f 2614/1 2615/1 2619/1
f 2615/1 2620/1 2619/1
f 2615/1 2618/1 2620/1
f 2618/1 2623/1 2620/1
f 2618/1 2621/1 2623/1
f 2616/1 2621/1 2618/1
f 2616/1 2622/1 2621/1
f 2617/1 2622/1 2616/1
f 2619/1 2620/1 2624/1
f 2620/1 2625/1 2624/1
f 2620/1 2623/1 2625/1
f 2623/1 2628/1 2625/1
f 2623/1 2626/1 2628/1
f 2621/1 2626/1 2623/1
f 2621/1 2627/1 2626/1
f 2622/1 2627/1 2621/1
f 2624/1 2625/1 2629/1
f 2625/1 2630/1 2629/1
f 2625/1 2628/1 2630/1
f 2628/1 2633/1 2630/1
f 2628/1 2631/1 2633/1
f 2626/1 2631/1 2628/1
f 2626/1 2632/1 2631/1
f 2627/1 2632/1 2626/1
f 2629/1 2630/1 2634/1
f 2630/1 2635/1 2634/1
f 2630/1 2633/1 2635/1
f 2633/1 2638/1 2635/1
f 2633/1 2636/1 2638/1
f 2631/1 2636/1 2633/1
f 2631/1 2637/1 2636/1
f 2632/1 2637/1 2631/1
f 2634/1 2635/1 2639/1
f 2635/1 2640/1 2639/1
f 2635/1 2638/1 2640/1
f 2638/1 2643/1 2640/1
f 2638/1 2641/1 2643/1
f 2636/1 2641/1 2638/1
f 2636/1 2642/1 2641/1
f 2637/1 2642/1 2636/1
f 2639/1 2640/1 2644/1
f 2640/1 2645/1 2644/1
f 2640/1 2643/1 2645/1
f 2643/1 2648/1 2645/1
f 2643/1 2646/1 2648/1
f 2641/1 2646/1 2643/1
f 2641/1 2647/1 2646/1
f 2642/1 2647/1 2641/1
f 2644/1 2645/1 2649/1
f 2645/1 2650/1 2649/1
f 2645/1 2648/1 2650/1
f 2648/1 2653/1 2650/1
f 2648/1 2651/1 2653/1
f 2646/1 2651/1 2648/1
f 2646/1 2652/1 2651/1
f 2647/1 2652/1 2646/1
f 2649/1 2650/1 2654/1
f 2650/1 2655/1 2654/1
f 2650/1 2653/1 2655/1
f 2653/1 2658/1 2655/1
f 2653/1 2656/1 2658/1
f 2651/1 2656/1 2653/1
f 2651/1 2657/1 2656/1
f 2652/1 2657/1 2651/1
f 2654/1 2655/1 2659/1
f 2655/1 2660/1 2659/1
f 2655/1 2658/1 2660/1
f 2658/1 2663/1 2660/1
f 2658/1 2661/1 2663/1
f 2656/1 2661/1 2658/1
f 2656/1 2662/1 2661/1
f 2657/1 2662/1 2656/1
f 2659/1 2660/1 2664/1
f 2660/1 2665/1 2664/1
f 2660/1 2663/1 2665/1
f 2663/1 2668/1 2665/1
f 2663/1 2666/1 2668/1
f 2661/1 2666/1 2663/1
f 2661/1 2667/1 2666/1
f 2662/1 2667/1 2661/1
f 2664/1 2665/1 2669/1
f 2665/1 2670/1 2669/1
f 2665/1 2668/1 2670/1
f 2668/1 2673/1 2670/1
f 2668/1 2671/1 2673/1
f 2666/1 2671/1 2668/1
f 2666/1 2672/1 2671/1
f 2667/1 2672/1 2666/1
f 2669/1 2670/1 2674/1
f 2670/1 2675/1 2674/1
f 2670/1 2673/1 2675/1
f 2673/1 2678/1 2675/1
f 2673/1 2676/1 2678/1
f 2671/1 2676/1 2673/1
f 2671/1 2677/1 2676/1
f 2672/1 2677/1 2671/1
f 2674/1 2675/1 2679/1
f 2675/1 2680/1 2679/1
f 2675/1 2678/1 2680/1
f 2678/1 2683/1 2680/1
f 2678/1 2681/1 2683/1
f 2676/1 2681/1 2678/1
f 2676/1 2682/1 2681/1
f 2677/1 2682/1 2676/1
f 2679/1 2680/1 2684/1
f 2680/1 2685/1 2684/1
f 2680/1 2683/1 2685/1
f 2683/1 2688/1 2685/1
f 2683/1 2686/1 2688/1
f 2681/1 2686/1 2683/1
f 2681/1 2687/1 2686/1
f 2682/1 2687/1 2681/1
f 2684/1 2685/1 2689/1
f 2685/1 2690/1 2689/1
f 2685/1 2688/1 2690/1
f 2688/1 2693/1 2690/1
f 2688/1 2691/1 2693/1
f 2686/1 2691/1 2688/1
f 2686/1 2692/1 2691/1
f 2687/1 2692/1 2686/1
f 2689/1 2690/1 2694/1
f 2690/1 2695/1 2694/1
f 2690/1 2693/1 2695/1
f 2693/1 2698/1 2695/1
f 2693/1 2696/1 2698/1
f 2691/1 2696/1 2693/1
f 2691/1 2697/1 2696/1
f 2692/1 2697/1 2691/1
f 2694/1 2695/1 2699/1
f 2695/1 2700/1 2699/1
f 2695/1 2698/1 2700/1
f 2698/1 2703/1 2700/1
f 2698/1 2701/1 2703/1
f 2696/1 2701/1 2698/1
f 2696/1 2702/1 2701/1
f 2697/1 2702/1 2696/1
f 2699/1 2700/1 2704/1
f 2700/1 2705/1 2704/1
f 2700/1 2703/1 2705/1
f 2703/1 2708/1 2705/1
f 2703/1 2706/1 2708/1
f 2701/1 2706/1 2703/1
f 2701/1 2707/1 2706/1
f 2702/1 2707/1 2701/1
f 2704/1 2705/1 2709/1
f 2705/1 2710/1 2709/1
f 2705/1 2708/1 2710/1
f 2708/1 2713/1 2710/1
f 2708/1 2711/1 2713/1
f 2706/1 2711/1 2708/1
f 2706/1 2712/1 2711/1
f 2707/1 2712/1 2706/1
f 2709/1 2710/1 2714/1
f 2710/1 2715/1 2714/1
f 2710/1 2713/1 2715/1
f 2713/1 2718/1 2715/1
f 2713/1 2716/1 2718/1
f 2711/1 2716/1 2713/1
f 2711/1 2717/1 2716/1
f 2712/1 2717/1 2711/1
f 2714/1 2715/1 2719/1
f 2715/1 2720/1 2719/1
f 2715/1 2718/1 2720/1
f 2718/1 2723/1 2720/1
f 2718/1 2721/1 2723/1
f 2716/1 2721/1 2718/1
f 2716/1 2722/1 2721/1
f 2717/1 2722/1 2716/1
f 2719/1 2720/1 2724/1
f 2720/1 2725/1 2724/1
f 2720/1 2723/1 2725/1
f 2723/1 2728/1 2725/1
f 2723/1 2726/1 2728/1
f 2721/1 2726/1 2723/1
f 2721/1 2727/1 2726/1
f 2722/1 2727/1 2721/1
f 2724/1 2725/1 2729/1
f 2725/1 2730/1 2729/1
f 2725/1 2728/1 2730/1
f 2728/1 2733/1 2730/1
f 2728/1 2731/1 2733/1
f 2726/1 2731/1 2728/1
f 2726/1 2732/1 2731/1
f 2727/1 2732/1 2726/1
f 2729/1 2730/1 2734/1
f 2730/1 2735/1 2734/1
f 2730/1 2733/1 2735/1
f 2733/1 2738/1 2735/1
f 2733/1 2736/1 2738/1
f 2731/1 2736/1 2733/1
f 2731/1 2737/1 2736/1
f 2732/1 2737/1 2731/1
f 2734/1 2735/1 2739/1
f 2735/1 2740/1 2739/1
f 2735/1 2738/1 2740/1
f 2738/1 2743/1 2740/1
f 2738/1 2741/1 2743/1
f 2736/1 2741/1 2738/1
f 2736/1 2742/1 2741/1
f 2737/1 2742/1 2736/1
f 2739/1 2740/1 2744/1
f 2740/1 2745/1 2744/1
f 2740/1 2743/1 2745/1
f 2743/1 2748/1 2745/1
f 2743/1 2746/1 2748/1
f 2741/1 2746/1 2743/1
f 2741/1 2747/1 2746/1
f 2742/1 2747/1 2741/1
f 2744/1 2745/1 2749/1
f 2745/1 2750/1 2749/1
f 2745/1 2748/1 2750/1
f 2748/1 2753/1 2750/1
f 2748/1 2751/1 2753/1
f 2746/1 2751/1 2748/1
f 2746/1 2752/1 2751/1
f 2747/1 2752/1 2746/1
f 2749/1 2750/1 2754/1
f 2750/1 2755/1 2754/1
f 2750/1 2753/1 2755/1
f 2753/1 2758/1 2755/1
f 2753/1 2756/1 2758/1
f 2751/1 2756/1 2753/1
f 2751/1 2757/1 2756/1
f 2752/1 2757/1 2751/1
f 2754/1 2755/1 2759/1
f 2755/1 2760/1 2759/1
f 2755/1 2758/1 2760/1
f 2758/1 2763/1 2760/1
f 2758/1 2761/1 2763/1
f 2756/1 2761/1 2758/1
f 2756/1 2762/1 2761/1
f 2757/1 2762/1 2756/1
f 2759/1 2760/1 2764/1
f 2760/1 2765/1 2764/1
f 2760/1 2763/1 2765/1
f 2763/1 2768/1 2765/1
f 2763/1 2766/1 2768/1
f 2761/1 2766/1 2763/1
f 2761/1 2767/1 2766/1
f 2762/1 2767/1 2761/1
f 2764/1 2765/1 2769/1
f 2765/1 2770/1 2769/1
f 2765/1 2768/1 2770/1
f 2768/1 2773/1 2770/1
f 2768/1 2771/1 2773/1
f 2766/1 2771/1 2768/1
f 2766/1 2772/1 2771/1
f 2767/1 2772/1 2766/1
f 2769/1 2770/1 2774/1
f 2770/1 2775/1 2774/1
f 2770/1 2773/1 2775/1
f 2773/1 2778/1 2775/1
f 2773/1 2776/1 2778/1
f 2771/1 2776/1 2773/1
f 2771/1 2777/1 2776/1
f 2772/1 2777/1 2771/1
f 2774/1 2775/1 2779/1
f 2775/1 2780/1 2779/1
f 2775/1 2778/1 2780/1
f 2778/1 2783/1 2780/1
f 2778/1 2781/1 2783/1
f 2776/1 2781/1 2778/1
f 2776/1 2782/1 2781/1
f 2777/1 2782/1 2776/1
f 2779/1 2780/1 2784/1
f 2780/1 2785/1 2784/1
f 2780/1 2783/1 2785/1
f 2783/1 2788/1 2785/1
f 2783/1 2786/1 2788/1
f 2781/1 2786/1 2783/1
f 2781/1 2787/1 2786/1
f 2782/1 2787/1 2781/1
f 2784/1 2785/1 2789/1
f 2785/1 2790/1 2789/1
f 2785/1 2788/1 2790/1
f 2788/1 2793/1 2790/1
f 2788/1 2791/1 2793/1
f 2786/1 2791/1 2788/1
f 2786/1 2792/1 2791/1
f 2787/1 2792/1 2786/1
f 2789/1 2790/1 2794/1
f 2790/1 2795/1 2794/1
f 2790/1 2793/1 2795/1
f 2793/1 2798/1 2795/1
f 2793/1 2796/1 2798/1
f 2791/1 2796/1 2793/1
f 2791/1 2797/1 2796/1
f 2792/1 2797/1 2791/1
f 2794/1 2795/1 2799/1
f 2795/1 2800/1 2799/1
f 2795/1 2798/1 2800/1
f 2798/1 2803/1 2800/1
f 2798/1 2801/1 2803/1
f 2796/1 2801/1 2798/1
f 2796/1 2802/1 2801/1
f 2797/1 2802/1 2796/1
f 2799/1 2800/1 2804/1
f 2800/1 2805/1 2804/1
f 2800/1 2803/1 2805/1
f 2803/1 2808/1 2805/1
f 2803/1 2806/1 2808/1
f 2801/1 2806/1 2803/1
f 2801/1 2807/1 2806/1
f 2802/1 2807/1 2801/1
f 2804/1 2805/1 2809/1
f 2805/1 2810/1 2809/1
f 2805/1 2808/1 2810/1
f 2808/1 2813/1 2810/1
f 2808/1 2811/1 2813/1
f 2806/1 2811/1 2808/1
f 2806/1 2812/1 2811/1
f 2807/1 2812/1 2806/1
f 2809/1 2810/1 2814/1
f 2810/1 2815/1 2814/1
f 2810/1 2813/1 2815/1
f 2813/1 2818/1 2815/1
f 2813/1 2816/1 2818/1
f 2811/1 2816/1 2813/1
f 2811/1 2817/1 2816/1
f 2812/1 2817/1 2811/1
f 2814/1 2815/1 2819/1
f 2815/1 2820/1 2819/1
f 2815/1 2818/1 2820/1
f 2818/1 2823/1 2820/1
f 2818/1 2821/1 2823/1
f 2816/1 2821/1 2818/1
f 2816/1 2822/1 2821/1
f 2817/1 2822/1 2816/1
f 2819/1 2820/1 2824/1
f 2820/1 2825/1 2824/1
f 2820/1 2823/1 2825/1
f 2823/1 2828/1 2825/1
f 2823/1 2826/1 2828/1
f 2821/1 2826/1 2823/1
f 2821/1 2827/1 2826/1
f 2822/1 2827/1 2821/1
f 2824/1 2825/1 2829/1
f 2825/1 2830/1 2829/1
f 2825/1 2828/1 2830/1
f 2828/1 2833/1 2830/1
f 2828/1 2831/1 2833/1
f 2826/1 2831/1 2828/1
f 2826/1 2832/1 2831/1
f 2827/1 2832/1 2826/1
f 2829/1 2830/1 2834/1
f 2830/1 2835/1 2834/1
f 2830/1 2833/1 2835/1
f 2833/1 2838/1 2835/1
f 2833/1 2836/1 2838/1
f 2831/1 2836/1 2833/1
f 2831/1 2837/1 2836/1
f 2832/1 2837/1 2831/1
f 2834/1 2835/1 2839/1
f 2835/1 2840/1 2839/1
f 2835/1 2838/1 2840/1
f 2838/1 2843/1 2840/1
f 2838/1 2841/1 2843/1
f 2836/1 2841/1 2838/1
f 2836/1 2842/1 2841/1
f 2837/1 2842/1 2836/1
f 2839/1 2840/1 2844/1
f 2840/1 2845/1 2844/1
f 2840/1 2843/1 2845/1
f 2843/1 2848/1 2845/1
f 2843/1 2846/1 2848/1
f 2841/1 2846/1 2843/1
f 2841/1 2847/1 2846/1
f 2842/1 2847/1 2841/1
f 2844/1 2845/1 2849/1
f 2845/1 2850/1 2849/1
f 2845/1 2848/1 2850/1
f 2848/1 2853/1 2850/1
f 2848/1 2851/1 2853/1
f 2846/1 2851/1 2848/1
f 2846/1 2852/1 2851/1
f 2847/1 2852/1 2846/1
f 2849/1 2850/1 2854/1
f 2850/1 2855/1 2854/1
f 2850/1 2853/1 2855/1
f 2853/1 2858/1 2855/1
f 2853/1 2856/1 2858/1
f 2851/1 2856/1 2853/1
f 2851/1 2857/1 2856/1
f 2852/1 2857/1 2851/1
f 2854/1 2855/1 2859/1
f 2855/1 2860/1 2859/1
f 2855/1 2858/1 2860/1
f 2858/1 2863/1 2860/1
f 2858/1 2861/1 2863/1
f 2856/1 2861/1 2858/1
f 2856/1 2862/1 2861/1
f 2857/1 2862/1 2856/1
f 2859/1 2860/1 2864/1
f 2860/1 2865/1 2864/1
f 2860/1 2863/1 2865/1
f 2863/1 2868/1 2865/1
f 2863/1 2866/1 2868/1
f 2861/1 2866/1 2863/1
f 2861/1 2867/1 2866/1
f 2862/1 2867/1 2861/1
f 2864/1 2865/1 2869/1
f 2865/1 2870/1 2869/1
f 2865/1 2868/1 2870/1
f 2868/1 2873/1 2870/1
f 2868/1 2871/1 2873/1
f 2866/1 2871/1 2868/1
f 2866/1 2872/1 2871/1
f 2867/1 2872/1 2866/1
f 2869/1 2870/1 2874/1
f 2870/1 2875/1 2874/1
f 2870/1 2873/1 2875/1
f 2873/1 2878/1 2875/1
f 2873/1 2876/1 2878/1
f 2871/1 2876/1 2873/1
f 2871/1 2877/1 2876/1
f 2872/1 2877/1 2871/1
f 2874/1 2875/1 2879/1
f 2875/1 2880/1 2879/1
f 2875/1 2878/1 2880/1
f 2878/1 2883/1 2880/1
f 2878/1 2881/1 2883/1
f 2876/1 2881/1 2878/1
f 2876/1 2882/1 2881/1
f 2877/1 2882/1 2876/1
f 2879/1 2880/1 2884/1
f 2880/1 2885/1 2884/1
f 2880/1 2883/1 2885/1
f 2883/1 2888/1 2885/1
f 2883/1 2886/1 2888/1
f 2881/1 2886/1 2883/1
f 2881/1 2887/1 2886/1
f 2882/1 2887/1 2881/1
f 2884/1 2885/1 2889/1
f 2885/1 2890/1 2889/1
f 2885/1 2888/1 2890/1
f 2888/1 2893/1 2890/1
f 2888/1 2891/1 2893/1
f 2886/1 2891/1 2888/1
f 2886/1 2892/1 2891/1
f 2887/1 2892/1 2886/1
f 2889/1 2890/1 2894/1
f 2890/1 2895/1 2894/1
f 2890/1 2893/1 2895/1
f 2893/1 2898/1 2895/1
f 2893/1 2896/1 2898/1
f 2891/1 2896/1 2893/1
f 2891/1 2897/1 2896/1
f 2892/1 2897/1 2891/1
f 2894/1 2895/1 2899/1
f 2895/1 2900/1 2899/1
f 2895/1 2898/1 2900/1
f 2898/1 2903/1 2900/1
f 2898/1 2901/1 2903/1
f 2896/1 2901/1 2898/1
f 2896/1 2902/1 2901/1
f 2897/1 2902/1 2896/1
f 2899/1 2900/1 2904/1
f 2900/1 2905/1 2904/1
f 2900/1 2903/1 2905/1
f 2903/1 2908/1 2905/1
f 2903/1 2906/1 2908/1
f 2901/1 2906/1 2903/1
f 2901/1 2907/1 2906/1
f 2902/1 2907/1 2901/1
f 2904/1 2905/1 2909/1
f 2905/1 2910/1 2909/1
f 2905/1 2908/1 2910/1
f 2908/1 2913/1 2910/1
f 2908/1 2911/1 2913/1
f 2906/1 2911/1 2908/1
f 2906/1 2912/1 2911/1
f 2907/1 2912/1 2906/1
f 2909/1 2910/1 2914/1
f 2910/1 2915/1 2914/1
f 2910/1 2913/1 2915/1
f 2913/1 2918/1 2915/1
f 2913/1 2916/1 2918/1
f 2911/1 2916/1 2913/1
f 2911/1 2917/1 2916/1
f 2912/1 2917/1 2911/1
f 2914/1 2915/1 2919/1
f 2915/1 2920/1 2919/1
f 2915/1 2918/1 2920/1
f 2918/1 2923/1 2920/1
f 2918/1 2921/1 2923/1
f 2916/1 2921/1 2918/1
f 2916/1 2922/1 2921/1
f 2917/1 2922/1 2916/1
f 2919/1 2920/1 2924/1
f 2920/1 2925/1 2924/1
f 2920/1 2923/1 2925/1
f 2923/1 2928/1 2925/1
f 2923/1 2926/1 2928/1
f 2921/1 2926/1 2923/1
f 2921/1 2927/1 2926/1
f 2922/1 2927/1 2921/1
f 2924/1 2925/1 2929/1
f 2925/1 2930/1 2929/1
f 2925/1 2928/1 2930/1
f 2928/1 2933/1 2930/1
f 2928/1 2931/1 2933/1
f 2926/1 2931/1 2928/1
f 2926/1 2932/1 2931/1
f 2927/1 2932/1 2926/1
f 2929/1 2930/1 2934/1
f 2930/1 2935/1 2934/1
f 2930/1 2933/1 2935/1
f 2933/1 2938/1 2935/1
f 2933/1 2936/1 2938/1
f 2931/1 2936/1 2933/1
f 2931/1 2937/1 2936/1
f 2932/1 2937/1 2931/1
f 2934/1 2935/1 2939/1
f 2935/1 2940/1 2939/1
f 2935/1 2938/1 2940/1
f 2938/1 2943/1 2940/1
f 2938/1 2941/1 2943/1
f 2936/1 2941/1 2938/1
f 2936/1 2942/1 2941/1
f 2937/1 2942/1 2936/1
f 2939/1 2940/1 2944/1
f 2940/1 2945/1 2944/1
f 2940/1 2943/1 2945/1
f 2943/1 2948/1 2945/1
f 2943/1 2946/1 2948/1
f 2941/1 2946/1 2943/1
f 2941/1 2947/1 2946/1
f 2942/1 2947/1 2941/1
f 2944/1 2945/1 2949/1
f 2945/1 2950/1 2949/1
f 2945/1 2948/1 2950/1
f 2948/1 2953/1 2950/1
f 2948/1 2951/1 2953/1
f 2946/1 2951/1 2948/1
f 2946/1 2952/1 2951/1
f 2947/1 2952/1 2946/1
f 2949/1 2950/1 2954/1
f 2950/1 2955/1 2954/1
f 2950/1 2953/1 2955/1
f 2953/1 2958/1 2955/1
f 2953/1 2956/1 2958/1
f 2951/1 2956/1 2953/1
f 2951/1 2957/1 2956/1
f 2952/1 2957/1 2951/1
f 2954/1 2955/1 2959/1
f 2955/1 2960/1 2959/1
f 2955/1 2958/1 2960/1
f 2958/1 2963/1 2960/1
f 2958/1 2961/1 2963/1
f 2956/1 2961/1 2958/1
f 2956/1 2962/1 2961/1
f 2957/1 2962/1 2956/1
f 2959/1 2960/1 2964/1
f 2960/1 2965/1 2964/1
f 2960/1 2963/1 2965/1
f 2963/1 2968/1 2965/1
f 2963/1 2966/1 2968/1
f 2961/1 2966/1 2963/1
f 2961/1 2967/1 2966/1
f 2962/1 2967/1 2961/1
f 2964/1 2965/1 2969/1
f 2965/1 2970/1 2969/1
f 2965/1 2968/1 2970/1
f 2968/1 2973/1 2970/1
f 2968/1 2971/1 2973/1
f 2966/1 2971/1 2968/1
f 2966/1 2972/1 2971/1
f 2967/1 2972/1 2966/1
f 2969/1 2970/1 2974/1
f 2970/1 2975/1 2974/1
f 2970/1 2973/1 2975/1
f 2973/1 2978/1 2975/1
f 2973/1 2976/1 2978/1
f 2971/1 2976/1 2973/1
f 2971/1 2977/1 2976/1
f 2972/1 2977/1 2971/1
f 2974/1 2975/1 2979/1
f 2975/1 2980/1 2979/1
f 2975/1 2978/1 2980/1
f 2978/1 2983/1 2980/1
f 2978/1 2981/1 2983/1
f 2976/1 2981/1 2978/1
f 2976/1 2982/1 2981/1
f 2977/1 2982/1 2976/1
f 2979/1 2980/1 2984/1
f 2980/1 2985/1 2984/1
f 2980/1 2983/1 2985/1
f 2983/1 2988/1 2985/1
f 2983/1 2986/1 2988/1
f 2981/1 2986/1 2983/1
f 2981/1 2987/1 2986/1
f 2982/1 2987/1 2981/1
f 2984/1 2985/1 2989/1
f 2985/1 2990/1 2989/1
f 2985/1 2988/1 2990/1
f 2988/1 2993/1 2990/1
f 2988/1 2991/1 2993/1
f 2986/1 2991/1 2988/1
f 2986/1 2992/1 2991/1
f 2987/1 2992/1 2986/1
f 2989/1 2990/1 2994/1
f 2990/1 2995/1 2994/1
f 2990/1 2993/1 2995/1
f 2993/1 2998/1 2995/1
f 2993/1 2996/1 2998/1
f 2991/1 2996/1 2993/1
f 2991/1 2997/1 2996/1
f 2992/1 2997/1 2991/1
f 2994/1 2995/1 2999/1
f 2995/1 3000/1 2999/1
f 2995/1 2998/1 3000/1
f 2998/1 3003/1 3000/1
f 2998/1 3001/1 3003/1
f 2996/1 3001/1 2998/1
f 2996/1 3002/1 3001/1
f 2997/1 3002/1 2996/1
f 2999/1 3000/1 3004/1
f 3000/1 3005/1 3004/1
f 3000/1 3003/1 3005/1
f 3003/1 3008/1 3005/1
f 3003/1 3006/1 3008/1
f 3001/1 3006/1 3003/1
f 3001/1 3007/1 3006/1
f 3002/1 3007/1 3001/1
f 3004/1 3005/1 3009/1
f 3005/1 3010/1 3009/1
f 3005/1 3008/1 3010/1
f 3008/1 3013/1 3010/1
f 3008/1 3011/1 3013/1
f 3006/1 3011/1 3008/1
f 3006/1 3012/1 3011/1
f 3007/1 3012/1 3006/1
f 3009/1 3010/1 3014/1
f 3010/1 3015/1 3014/1
f 3010/1 3013/1 3015/1
f 3013/1 3018/1 3015/1
f 3013/1 3016/1 3018/1
f 3011/1 3016/1 3013/1
f 3011/1 3017/1 3016/1
f 3012/1 3017/1 3011/1
f 3014/1 3015/1 3019/1
f 3015/1 3020/1 3019/1
f 3015/1 3018/1 3020/1
f 3018/1 3023/1 3020/1
f 3018/1 3021/1 3023/1
f 3016/1 3021/1 3018/1
f 3016/1 3022/1 3021/1
f 3017/1 3022/1 3016/1
f 3019/1 3020/1 3024/1
f 3020/1 3025/1 3024/1
f 3020/1 3023/1 3025/1
f 3023/1 3028/1 3025/1
f 3023/1 3026/1 3028/1
f 3021/1 3026/1 3023/1
f 3021/1 3027/1 3026/1
f 3022/1 3027/1 3021/1
f 3024/1 3025/1 3029/1
f 3025/1 3030/1 3029/1
f 3025/1 3028/1 3030/1
f 3028/1 3033/1 3030/1
f 3028/1 3031/1 3033/1
f 3026/1 3031/1 3028/1
f 3026/1 3032/1 3031/1
f 3027/1 3032/1 3026/1
f 3029/1 3030/1 3034/1
f 3030/1 3035/1 3034/1
f 3030/1 3033/1 3035/1
f 3033/1 3038/1 3035/1
f 3033/1 3036/1 3038/1
f 3031/1 3036/1 3033/1
f 3031/1 3037/1 3036/1
f 3032/1 3037/1 3031/1
f 3034/1 3035/1 3039/1
f 3035/1 3040/1 3039/1
f 3035/1 3038/1 3040/1
f 3038/1 3043/1 3040/1
f 3038/1 3041/1 3043/1
f 3036/1 3041/1 3038/1
f 3036/1 3042/1 3041/1
f 3037/1 3042/1 3036/1
f 3039/1 3040/1 3044/1
f 3040/1 3045/1 3044/1
f 3040/1 3043/1 3045/1
f 3043/1 3048/1 3045/1
f 3043/1 3046/1 3048/1
f 3041/1 3046/1 3043/1
f 3041/1 3047/1 3046/1
f 3042/1 3047/1 3041/1
f 3044/1 3045/1 3049/1
f 3045/1 3050/1 3049/1
f 3045/1 3048/1 3050/1
f 3048/1 3053/1 3050/1
f 3048/1 3051/1 3053/1
f 3046/1 3051/1 3048/1
f 3046/1 3052/1 3051/1
f 3047/1 3052/1 3046/1
f 3049/1 3050/1 3054/1
f 3050/1 3055/1 3054/1
f 3050/1 3053/1 3055/1
f 3053/1 3058/1 3055/1
f 3053/1 3056/1 3058/1
f 3051/1 3056/1 3053/1
f 3051/1 3057/1 3056/1
f 3052/1 3057/1 3051/1
f 3054/1 3055/1 3059/1
f 3055/1 3060/1 3059/1
f 3055/1 3058/1 3060/1
f 3058/1 3063/1 3060/1
f 3058/1 3061/1 3063/1
f 3056/1 3061/1 3058/1
f 3056/1 3062/1 3061/1
f 3057/1 3062/1 3056/1
f 3059/1 3060/1 3064/1
f 3060/1 3065/1 3064/1
f 3060/1 3063/1 3065/1
f 3063/1 3068/1 3065/1
f 3063/1 3066/1 3068/1
f 3061/1 3066/1 3063/1
f 3061/1 3067/1 3066/1
f 3062/1 3067/1 3061/1
f 3064/1 3065/1 3069/1
f 3065/1 3070/1 3069/1
f 3065/1 3068/1 3070/1
f 3068/1 3073/1 3070/1
f 3068/1 3071/1 3073/1
f 3066/1 3071/1 3068/1
f 3066/1 3072/1 3071/1
f 3067/1 3072/1 3066/1
f 3069/1 3070/1 3074/1
f 3070/1 3075/1 3074/1
f 3070/1 3073/1 3075/1
f 3073/1 3078/1 3075/1
f 3073/1 3076/1 3078/1
f 3071/1 3076/1 3073/1
f 3071/1 3077/1 3076/1
f 3072/1 3077/1 3071/1
f 3074/1 3075/1 3079/1
f 3075/1 3080/1 3079/1
f 3075/1 3078/1 3080/1
f 3078/1 3083/1 3080/1
f 3078/1 3081/1 3083/1
f 3076/1 3081/1 3078/1
f 3076/1 3082/1 3081/1
f 3077/1 3082/1 3076/1
f 3079/1 3080/1 3084/1
f 3080/1 3085/1 3084/1
f 3080/1 3083/1 3085/1
f 3083/1 3088/1 3085/1
f 3083/1 3086/1 3088/1
f 3081/1 3086/1 3083/1
f 3081/1 3087/1 3086/1
f 3082/1 3087/1 3081/1
f 3084/1 3085/1 3089/1
f 3085/1 3090/1 3089/1
f 3085/1 3088/1 3090/1
f 3088/1 3093/1 3090/1
f 3088/1 3091/1 3093/1
f 3086/1 3091/1 3088/1
f 3086/1 3092/1 3091/1
f 3087/1 3092/1 3086/1
f 3089/1 3090/1 3094/1
f 3090/1 3095/1 3094/1
f 3090/1 3093/1 3095/1
f 3093/1 3098/1 3095/1
f 3093/1 3096/1 3098/1
f 3091/1 3096/1 3093/1
f 3091/1 3097/1 3096/1
f 3092/1 3097/1 3091/1
f 3094/1 3095/1 3099/1
f 3095/1 3100/1 3099/1
f 3095/1 3098/1 3100/1
f 3098/1 3103/1 3100/1
f 3098/1 3101/1 3103/1
f 3096/1 3101/1 3098/1
f 3096/1 3102/1 3101/1
f 3097/1 3102/1 3096/1
f 3099/1 3100/1 3104/1
f 3100/1 3105/1 3104/1
f 3100/1 3103/1 3105/1
f 3103/1 3108/1 3105/1
f 3103/1 3106/1 3108/1
f 3101/1 3106/1 3103/1
f 3101/1 3107/1 3106/1
f 3102/1 3107/1 3101/1
f 3104/1 3105/1 3109/1
f 3105/1 3110/1 3109/1
f 3105/1 3108/1 3110/1
f 3108/1 3113/1 3110/1
f 3108/1 3111/1 3113/1
f 3106/1 3111/1 3108/1
f 3106/1 3112/1 3111/1
f 3107/1 3112/1 3106/1
f 3109/1 3110/1 3114/1
f 3110/1 3115/1 3114/1
f 3110/1 3113/1 3115/1
f 3113/1 3118/1 3115/1
f 3113/1 3116/1 3118/1
f 3111/1 3116/1 3113/1
f 3111/1 3117/1 3116/1
f 3112/1 3117/1 3111/1
f 3114/1 3115/1 3119/1
f 3115/1 3120/1 3119/1
f 3115/1 3118/1 3120/1
f 3118/1 3123/1 3120/1
f 3118/1 3121/1 3123/1
f 3116/1 3121/1 3118/1
f 3116/1 3122/1 3121/1
f 3117/1 3122/1 3116/1
f 3119/1 3120/1 3124/1
f 3120/1 3125/1 3124/1
f 3120/1 3123/1 3125/1
f 3123/1 3128/1 3125/1
f 3123/1 3126/1 3128/1
f 3121/1 3126/1 3123/1
f 3121/1 3127/1 3126/1
f 3122/1 3127/1 3121/1
f 3124/1 3125/1 3129/1
f 3125/1 3130/1 3129/1
f 3125/1 3128/1 3130/1
f 3128/1 3133/1 3130/1
f 3128/1 3131/1 3133/1
f 3126/1 3131/1 3128/1
f 3126/1 3132/1 3131/1
f 3127/1 3132/1 3126/1
f 3129/1 3130/1 3134/1
f 3130/1 3135/1 3134/1
f 3130/1 3133/1 3135/1
f 3133/1 3138/1 3135/1
f 3133/1 3136/1 3138/1
f 3131/1 3136/1 3133/1
f 3131/1 3137/1 3136/1
f 3132/1 3137/1 3131/1
f 3134/1 3135/1 3139/1
f 3135/1 3140/1 3139/1
f 3135/1 3138/1 3140/1
f 3138/1 3143/1 3140/1
f 3138/1 3141/1 3143/1
f 3136/1 3141/1 3138/1
f 3136/1 3142/1 3141/1
f 3137/1 3142/1 3136/1
f 3139/1 3140/1 3144/1
f 3140/1 3145/1 3144/1
f 3140/1 3143/1 3145/1
f 3143/1 3148/1 3145/1
f 3143/1 3146/1 3148/1
f 3141/1 3146/1 3143/1
f 3141/1 3147/1 3146/1
f 3142/1 3147/1 3141/1
f 3144/1 3145/1 3149/1
f 3145/1 3150/1 3149/1
f 3145/1 3148/1 3150/1
f 3148/1 3153/1 3150/1
f 3148/1 3151/1 3153/1
f 3146/1 3151/1 3148/1
f 3146/1 3152/1 3151/1
f 3147/1 3152/1 3146/1
f 3149/1 3150/1 3154/1
f 3150/1 3155/1 3154/1
f 3150/1 3153/1 3155/1
f 3153/1 3158/1 3155/1
f 3153/1 3156/1 3158/1
f 3151/1 3156/1 3153/1
f 3151/1 3157/1 3156/1
f 3152/1 3157/1 3151/1
f 3154/1 3155/1 3159/1
f 3155/1 3160/1 3159/1
f 3155/1 3158/1 3160/1
f 3158/1 3163/1 3160/1
f 3158/1 3161/1 3163/1
f 3156/1 3161/1 3158/1
f 3156/1 3162/1 3161/1
f 3157/1 3162/1 3156/1
f 3159/1 3160/1 3164/1
f 3160/1 3165/1 3164/1
f 3160/1 3163/1 3165/1
f 3163/1 3168/1 3165/1
f 3163/1 3166/1 3168/1
f 3161/1 3166/1 3163/1
f 3161/1 3167/1 3166/1
f 3162/1 3167/1 3161/1
f 3164/1 3165/1 3169/1
f 3165/1 3170/1 3169/1
f 3165/1 3168/1 3170/1
f 3168/1 3173/1 3170/1
f 3168/1 3171/1 3173/1
f 3166/1 3171/1 3168/1
f 3166/1 3172/1 3171/1
f 3167/1 3172/1 3166/1
f 3169/1 3170/1 3174/1
f 3170/1 3175/1 3174/1
f 3170/1 3173/1 3175/1
f 3173/1 3178/1 3175/1
f 3173/1 3176/1 3178/1
f 3171/1 3176/1 3173/1
f 3171/1 3177/1 3176/1
f 3172/1 3177/1 3171/1
f 3174/1 3175/1 3179/1
f 3175/1 3180/1 3179/1
f 3175/1 3178/1 3180/1
f 3178/1 3183/1 3180/1
f 3178/1 3181/1 3183/1
f 3176/1 3181/1 3178/1
f 3176/1 3182/1 3181/1
f 3177/1 3182/1 3176/1
f 3179/1 3180/1 3184/1
f 3180/1 3185/1 3184/1
f 3180/1 3183/1 3185/1
f 3183/1 3188/1 3185/1
f 3183/1 3186/1 3188/1
f 3181/1 3186/1 3183/1
f 3181/1 3187/1 3186/1
f 3182/1 3187/1 3181/1
f 3184/1 3185/1 3189/1
f 3185/1 3190/1 3189/1
f 3185/1 3188/1 3190/1
f 3188/1 3193/1 3190/1
f 3188/1 3191/1 3193/1
f 3186/1 3191/1 3188/1
f 3186/1 3192/1 3191/1
f 3187/1 3192/1 3186/1
f 3189/1 3190/1 3194/1
f 3190/1 3195/1 3194/1
f 3190/1 3193/1 3195/1
f 3193/1 3198/1 3195/1
f 3193/1 3196/1 3198/1
f 3191/1 3196/1 3193/1
f 3191/1 3197/1 3196/1
f 3192/1 3197/1 3191/1
f 3194/1 3195/1 3199/1
f 3195/1 3200/1 3199/1
f 3195/1 3198/1 3200/1
f 3198/1 3203/1 3200/1
f 3198/1 3201/1 3203/1
f 3196/1 3201/1 3198/1
f 3196/1 3202/1 3201/1
f 3197/1 3202/1 3196/1
f 3199/1 3200/1 3204/1
f 3200/1 3205/1 3204/1
f 3200/1 3203/1 3205/1
f 3203/1 3208/1 3205/1
f 3203/1 3206/1 3208/1
f 3201/1 3206/1 3203/1
f 3201/1 3207/1 3206/1
f 3202/1 3207/1 3201/1
f 3204/1 3205/1 3209/1
f 3205/1 3210/1 3209/1
f 3205/1 3208/1 3210/1
f 3208/1 3213/1 3210/1
f 3208/1 3211/1 3213/1
f 3206/1 3211/1 3208/1
f 3206/1 3212/1 3211/1
f 3207/1 3212/1 3206/1
f 3209/1 3210/1 3214/1
f 3210/1 3215/1 3214/1
f 3210/1 3213/1 3215/1
f 3213/1 3218/1 3215/1
f 3213/1 3216/1 3218/1
f 3211/1 3216/1 3213/1
f 3211/1 3217/1 3216/1
f 3212/1 3217/1 3211/1
f 3214/1 3215/1 3219/1
f 3215/1 3220/1 3219/1
f 3215/1 3218/1 3220/1
f 3218/1 3223/1 3220/1
f 3218/1 3221/1 3223/1
f 3216/1 3221/1 3218/1
f 3216/1 3222/1 3221/1
f 3217/1 3222/1 3216/1
f 3219/1 3220/1 3224/1
f 3220/1 3225/1 3224/1
f 3220/1 3223/1 3225/1
f 3223/1 3228/1 3225/1
f 3223/1 3226/1 3228/1
f 3221/1 3226/1 3223/1
f 3221/1 3227/1 3226/1
f 3222/1 3227/1 3221/1
f 3224/1 3225/1 3229/1
f 3225/1 3230/1 3229/1
f 3225/1 3228/1 3230/1
f 3228/1 3233/1 3230/1
f 3228/1 3231/1 3233/1
f 3226/1 3231/1 3228/1
f 3226/1 3232/1 3231/1
f 3227/1 3232/1 3226/1
f 3229/1 3230/1 3234/1
f 3230/1 3235/1 3234/1
f 3230/1 3233/1 3235/1
f 3233/1 3238/1 3235/1
f 3233/1 3236/1 3238/1
f 3231/1 3236/1 3233/1
f 3231/1 3237/1 3236/1
f 3232/1 3237/1 3231/1
f 3234/1 3235/1 3239/1
f 3235/1 3240/1 3239/1
f 3235/1 3238/1 3240/1
f 3238/1 3243/1 3240/1
f 3238/1 3241/1 3243/1
f 3236/1 3241/1 3238/1
f 3236/1 3242/1 3241/1
f 3237/1 3242/1 3236/1
f 3239/1 3240/1 3244/1
f 3240/1 3245/1 3244/1
f 3240/1 3243/1 3245/1
f 3243/1 3248/1 3245/1
f 3243/1 3246/1 3248/1
f 3241/1 3246/1 3243/1
f 3241/1 3247/1 3246/1
f 3242/1 3247/1 3241/1
f 3244/1 3245/1 3249/1
f 3245/1 3250/1 3249/1
f 3245/1 3248/1 3250/1
f 3248/1 3253/1 3250/1
f 3248/1 3251/1 3253/1
f 3246/1 3251/1 3248/1
f 3246/1 3252/1 3251/1
f 3247/1 3252/1 3246/1
f 3249/1 3250/1 3254/1
f 3250/1 3255/1 3254/1
f 3250/1 3253/1 3255/1
f 3253/1 3258/1 3255/1
f 3253/1 3256/1 3258/1
f 3251/1 3256/1 3253/1
f 3251/1 3257/1 3256/1
f 3252/1 3257/1 3251/1
f 3254/1 3255/1 3259/1
f 3255/1 3260/1 3259/1
f 3255/1 3258/1 3260/1
f 3258/1 3263/1 3260/1
f 3258/1 3261/1 3263/1
f 3256/1 3261/1 3258/1
f 3256/1 3262/1 3261/1
f 3257/1 3262/1 3256/1
f 3259/1 3260/1 3264/1
f 3260/1 3265/1 3264/1
f 3260/1 3263/1 3265/1
f 3263/1 3268/1 3265/1
f 3263/1 3266/1 3268/1
f 3261/1 3266/1 3263/1
f 3261/1 3267/1 3266/1
f 3262/1 3267/1 3261/1
f 3264/1 3265/1 3269/1
f 3265/1 3270/1 3269/1
f 3265/1 3268/1 3270/1
f 3268/1 3273/1 3270/1
f 3268/1 3271/1 3273/1
f 3266/1 3271/1 3268/1
f 3266/1 3272/1 3271/1
f 3267/1 3272/1 3266/1
f 3269/1 3270/1 3274/1
f 3270/1 3275/1 3274/1
f 3270/1 3273/1 3275/1
f 3273/1 3278/1 3275/1
f 3273/1 3276/1 3278/1
f 3271/1 3276/1 3273/1
f 3271/1 3277/1 3276/1
f 3272/1 3277/1 3271/1
f 3274/1 3275/1 3279/1
f 3275/1 3280/1 3279/1
f 3275/1 3278/1 3280/1
f 3278/1 3283/1 3280/1
f 3278/1 3281/1 3283/1
f 3276/1 3281/1 3278/1
f 3276/1 3282/1 3281/1
f 3277/1 3282/1 3276/1
f 3279/1 3280/1 3284/1
f 3280/1 3285/1 3284/1
f 3280/1 3283/1 3285/1
f 3283/1 3288/1 3285/1
f 3283/1 3286/1 3288/1
f 3281/1 3286/1 3283/1
f 3281/1 3287/1 3286/1
f 3282/1 3287/1 3281/1
f 3284/1 3285/1 3289/1
f 3285/1 3290/1 3289/1
f 3285/1 3288/1 3290/1
f 3288/1 3293/1 3290/1
f 3288/1 3291/1 3293/1
f 3286/1 3291/1 3288/1
f 3286/1 3292/1 3291/1
f 3287/1 3292/1 3286/1
f 3289/1 3290/1 3294/1
f 3290/1 3295/1 3294/1
f 3290/1 3293/1 3295/1
f 3293/1 3298/1 3295/1
f 3293/1 3296/1 3298/1
f 3291/1 3296/1 3293/1
f 3291/1 3297/1 3296/1
f 3292/1 3297/1 3291/1
f 3294/1 3295/1 3299/1
f 3295/1 3300/1 3299/1
f 3295/1 3298/1 3300/1
f 3298/1 3303/1 3300/1
f 3298/1 3301/1 3303/1
f 3296/1 3301/1 3298/1
f 3296/1 3302/1 3301/1
f 3297/1 3302/1 3296/1
f 3299/1 3300/1 3304/1
f 3300/1 3305/1 3304/1
f 3300/1 3303/1 3305/1
f 3303/1 3308/1 3305/1
f 3303/1 3306/1 3308/1
f 3301/1 3306/1 3303/1
f 3301/1 3307/1 3306/1
f 3302/1 3307/1 3301/1
f 3304/1 3305/1 3309/1
f 3305/1 3310/1 3309/1
f 3305/1 3308/1 3310/1
f 3308/1 3313/1 3310/1
f 3308/1 3311/1 3313/1
f 3306/1 3311/1 3308/1
f 3306/1 3312/1 3311/1
f 3307/1 3312/1 3306/1
f 3309/1 3310/1 3314/1
f 3310/1 3315/1 3314/1
f 3310/1 3313/1 3315/1
f 3313/1 3318/1 3315/1
f 3313/1 3316/1 3318/1
f 3311/1 3316/1 3313/1
f 3311/1 3317/1 3316/1
f 3312/1 3317/1 3311/1
f 3314/1 3315/1 3319/1
f 3315/1 3320/1 3319/1
f 3315/1 3318/1 3320/1
f 3318/1 3323/1 3320/1
f 3318/1 3321/1 3323/1
f 3316/1 3321/1 3318/1
f 3316/1 3322/1 3321/1
f 3317/1 3322/1 3316/1
f 3319/1 3320/1 3324/1
f 3320/1 3325/1 3324/1
f 3320/1 3323/1 3325/1
f 3323/1 3328/1 3325/1
f 3323/1 3326/1 3328/1
f 3321/1 3326/1 3323/1
f 3321/1 3327/1 3326/1
f 3322/1 3327/1 3321/1
f 3324/1 3325/1 3329/1
f 3325/1 3330/1 3329/1
f 3325/1 3328/1 3330/1
f 3328/1 3333/1 3330/1
f 3328/1 3331/1 3333/1
f 3326/1 3331/1 3328/1
f 3326/1 3332/1 3331/1
f 3327/1 3332/1 3326/1
f 3329/1 3330/1 3334/1
f 3330/1 3335/1 3334/1
f 3330/1 3333/1 3335/1
f 3333/1 3338/1 3335/1
f 3333/1 3336/1 3338/1
f 3331/1 3336/1 3333/1
f 3331/1 3337/1 3336/1
f 3332/1 3337/1 3331/1
f 3334/1 3335/1 3339/1
f 3335/1 3340/1 3339/1
f 3335/1 3338/1 3340/1
f 3338/1 3343/1 3340/1
f 3338/1 3341/1 3343/1
f 3336/1 3341/1 3338/1
f 3336/1 3342/1 3341/1
f 3337/1 3342/1 3336/1
f 3339/1 3340/1 3344/1
f 3340/1 3345/1 3344/1
f 3340/1 3343/1 3345/1
f 3343/1 3348/1 3345/1
f 3343/1 3346/1 3348/1
f 3341/1 3346/1 3343/1
f 3341/1 3347/1 3346/1
f 3342/1 3347/1 3341/1
f 3344/1 3345/1 3349/1
f 3345/1 3350/1 3349/1
f 3345/1 3348/1 3350/1
f 3348/1 3353/1 3350/1
f 3348/1 3351/1 3353/1
f 3346/1 3351/1 3348/1
f 3346/1 3352/1 3351/1
f 3347/1 3352/1 3346/1
f 3349/1 3350/1 3354/1
f 3350/1 3355/1 3354/1
f 3350/1 3353/1 3355/1
f 3353/1 3358/1 3355/1
f 3353/1 3356/1 3358/1
f 3351/1 3356/1 3353/1
f 3351/1 3357/1 3356/1
f 3352/1 3357/1 3351/1
f 3354/1 3355/1 3359/1
f 3355/1 3360/1 3359/1
f 3355/1 3358/1 3360/1
f 3358/1 3363/1 3360/1
f 3358/1 3361/1 3363/1
f 3356/1 3361/1 3358/1
f 3356/1 3362/1 3361/1
f 3357/1 3362/1 3356/1
f 3359/1 3360/1 3364/1
f 3360/1 3365/1 3364/1
f 3360/1 3363/1 3365/1
f 3363/1 3368/1 3365/1
f 3363/1 3366/1 3368/1
f 3361/1 3366/1 3363/1
f 3361/1 3367/1 3366/1
f 3362/1 3367/1 3361/1
f 3364/1 3365/1 3369/1
f 3365/1 3370/1 3369/1
f 3365/1 3368/1 3370/1
f 3368/1 3373/1 3370/1
f 3368/1 3371/1 3373/1
f 3366/1 3371/1 3368/1
f 3366/1 3372/1 3371/1
f 3367/1 3372/1 3366/1
f 3369/1 3370/1 3374/1
f 3370/1 3375/1 3374/1
f 3370/1 3373/1 3375/1
f 3373/1 3378/1 3375/1
f 3373/1 3376/1 3378/1
f 3371/1 3376/1 3373/1
f 3371/1 3377/1 3376/1
f 3372/1 3377/1 3371/1
f 3374/1 3375/1 3379/1
f 3375/1 3380/1 3379/1
f 3375/1 3378/1 3380/1
f 3378/1 3383/1 3380/1
f 3378/1 3381/1 3383/1
f 3376/1 3381/1 3378/1
f 3376/1 3382/1 3381/1
f 3377/1 3382/1 3376/1
f 3379/1 3380/1 3384/1
f 3380/1 3385/1 3384/1
f 3380/1 3383/1 3385/1
f 3383/1 3388/1 3385/1
f 3383/1 3386/1 3388/1
f 3381/1 3386/1 3383/1
f 3381/1 3387/1 3386/1
f 3382/1 3387/1 3381/1
f 3384/1 3385/1 3389/1
f 3385/1 3390/1 3389/1
f 3385/1 3388/1 3390/1
f 3388/1 3393/1 3390/1
f 3388/1 3391/1 3393/1
f 3386/1 3391/1 3388/1
f 3386/1 3392/1 3391/1
f 3387/1 3392/1 3386/1
f 3389/1 3390/1 3394/1
f 3390/1 3395/1 3394/1
f 3390/1 3393/1 3395/1
f 3393/1 3398/1 3395/1
f 3393/1 3396/1 3398/1
f 3391/1 3396/1 3393/1
f 3391/1 3397/1 3396/1
f 3392/1 3397/1 3391/1
f 3394/1 3395/1 3399/1
f 3395/1 3400/1 3399/1
f 3395/1 3398/1 3400/1
f 3398/1 3403/1 3400/1
f 3398/1 3401/1 3403/1
f 3396/1 3401/1 3398/1
f 3396/1 3402/1 3401/1
f 3397/1 3402/1 3396/1
f 3399/1 3400/1 3404/1
f 3400/1 3405/1 3404/1
f 3400/1 3403/1 3405/1
f 3403/1 3408/1 3405/1
f 3403/1 3406/1 3408/1
f 3401/1 3406/1 3403/1
f 3401/1 3407/1 3406/1
f 3402/1 3407/1 3401/1
f 3404/1 3405/1 3409/1
f 3405/1 3410/1 3409/1
f 3405/1 3408/1 3410/1
f 3408/1 3413/1 3410/1
f 3408/1 3411/1 3413/1
f 3406/1 3411/1 3408/1
f 3406/1 3412/1 3411/1
f 3407/1 3412/1 3406/1
f 3409/1 3410/1 3414/1
f 3410/1 3415/1 3414/1
f 3410/1 3413/1 3415/1
f 3413/1 3418/1 3415/1
f 3413/1 3416/1 3418/1
f 3411/1 3416/1 3413/1
f 3411/1 3417/1 3416/1
f 3412/1 3417/1 3411/1
f 3414/1 3415/1 3419/1
f 3415/1 3420/1 3419/1
f 3415/1 3418/1 3420/1
f 3418/1 3423/1 3420/1
f 3418/1 3421/1 3423/1
f 3416/1 3421/1 3418/1
f 3416/1 3422/1 3421/1
f 3417/1 3422/1 3416/1
f 3419/1 3420/1 3424/1
f 3420/1 3425/1 3424/1
f 3420/1 3423/1 3425/1
f 3423/1 3428/1 3425/1
f 3423/1 3426/1 3428/1
f 3421/1 3426/1 3423/1
f 3421/1 3427/1 3426/1
f 3422/1 3427/1 3421/1
f 3424/1 3425/1 3429/1
f 3425/1 3430/1 3429/1
f 3425/1 3428/1 3430/1
f 3428/1 3433/1 3430/1
f 3428/1 3431/1 3433/1
f 3426/1 3431/1 3428/1
f 3426/1 3432/1 3431/1
f 3427/1 3432/1 3426/1
f 3429/1 3430/1 3434/1
f 3430/1 3435/1 3434/1
f 3430/1 3433/1 3435/1
f 3433/1 3438/1 3435/1
f 3433/1 3436/1 3438/1
f 3431/1 3436/1 3433/1
f 3431/1 3437/1 3436/1
f 3432/1 3437/1 3431/1
f 3434/1 3435/1 3439/1
f 3435/1 3440/1 3439/1
f 3435/1 3438/1 3440/1
f 3438/1 3443/1 3440/1
f 3438/1 3441/1 3443/1
f 3436/1 3441/1 3438/1
f 3436/1 3442/1 3441/1
f 3437/1 3442/1 3436/1
f 3439/1 3440/1 3444/1
f 3440/1 3445/1 3444/1
f 3440/1 3443/1 3445/1
f 3443/1 3448/1 3445/1
f 3443/1 3446/1 3448/1
f 3441/1 3446/1 3443/1
f 3441/1 3447/1 3446/1
f 3442/1 3447/1 3441/1
f 3444/1 3445/1 3449/1
f 3445/1 3450/1 3449/1
f 3445/1 3448/1 3450/1
f 3448/1 3453/1 3450/1
f 3448/1 3451/1 3453/1
f 3446/1 3451/1 3448/1
f 3446/1 3452/1 3451/1
f 3447/1 3452/1 3446/1
f 3449/1 3450/1 3454/1
f 3450/1 3455/1 3454/1
f 3450/1 3453/1 3455/1
f 3453/1 3458/1 3455/1
f 3453/1 3456/1 3458/1
f 3451/1 3456/1 3453/1
f 3451/1 3457/1 3456/1
f 3452/1 3457/1 3451/1
f 3454/1 3455/1 3459/1
f 3455/1 3460/1 3459/1
f 3455/1 3458/1 3460/1
f 3458/1 3463/1 3460/1
f 3458/1 3461/1 3463/1
f 3456/1 3461/1 3458/1
f 3456/1 3462/1 3461/1
f 3457/1 3462/1 3456/1
f 3459/1 3460/1 3464/1
f 3460/1 3465/1 3464/1
f 3460/1 3463/1 3465/1
f 3463/1 3468/1 3465/1
f 3463/1 3466/1 3468/1
f 3461/1 3466/1 3463/1
f 3461/1 3467/1 3466/1
f 3462/1 3467/1 3461/1
f 3464/1 3465/1 3469/1
f 3465/1 3470/1 3469/1
f 3465/1 3468/1 3470/1
f 3468/1 3473/1 3470/1
f 3468/1 3471/1 3473/1
f 3466/1 3471/1 3468/1
f 3466/1 3472/1 3471/1
f 3467/1 3472/1 3466/1
f 3469/1 3470/1 3474/1
f 3470/1 3475/1 3474/1
f 3470/1 3473/1 3475/1
f 3473/1 3478/1 3475/1
f 3473/1 3476/1 3478/1
f 3471/1 3476/1 3473/1
f 3471/1 3477/1 3476/1
f 3472/1 3477/1 3471/1
f 3474/1 3475/1 3479/1
f 3475/1 3480/1 3479/1
f 3475/1 3478/1 3480/1
f 3478/1 3483/1 3480/1
f 3478/1 3481/1 3483/1
f 3476/1 3481/1 3478/1
f 3476/1 3482/1 3481/1
f 3477/1 3482/1 3476/1
f 3479/1 3480/1 3484/1
f 3480/1 3485/1 3484/1
f 3480/1 3483/1 3485/1
f 3483/1 3488/1 3485/1
f 3483/1 3486/1 3488/1
f 3481/1 3486/1 3483/1
f 3481/1 3487/1 3486/1
f 3482/1 3487/1 3481/1
f 3484/1 3485/1 3489/1
f 3485/1 3490/1 3489/1
f 3485/1 3488/1 3490/1
f 3488/1 3493/1 3490/1
f 3488/1 3491/1 3493/1
f 3486/1 3491/1 3488/1
f 3486/1 3492/1 3491/1
f 3487/1 3492/1 3486/1
f 3489/1 3490/1 3494/1
f 3490/1 3495/1 3494/1
f 3490/1 3493/1 3495/1
f 3493/1 3498/1 3495/1
f 3493/1 3496/1 3498/1
f 3491/1 3496/1 3493/1
f 3491/1 3497/1 3496/1
f 3492/1 3497/1 3491/1
f 3494/1 3495/1 3499/1
f 3495/1 3500/1 3499/1
f 3495/1 3498/1 3500/1
f 3498/1 3503/1 3500/1
f 3498/1 3501/1 3503/1
f 3496/1 3501/1 3498/1
f 3496/1 3502/1 3501/1
f 3497/1 3502/1 3496/1
f 3499/1 3500/1 3504/1
f 3500/1 3505/1 3504/1
f 3500/1 3503/1 3505/1
f 3503/1 3508/1 3505/1
f 3503/1 3506/1 3508/1
f 3501/1 3506/1 3503/1
f 3501/1 3507/1 3506/1
f 3502/1 3507/1 3501/1
f 3504/1 3505/1 3509/1
f 3505/1 3510/1 3509/1
f 3505/1 3508/1 3510/1
f 3508/1 3513/1 3510/1
f 3508/1 3511/1 3513/1
f 3506/1 3511/1 3508/1
f 3506/1 3512/1 3511/1
f 3507/1 3512/1 3506/1
f 3509/1 3510/1 3514/1
f 3510/1 3515/1 3514/1
f 3510/1 3513/1 3515/1
f 3513/1 3518/1 3515/1
f 3513/1 3516/1 3518/1
f 3511/1 3516/1 3513/1
f 3511/1 3517/1 3516/1
f 3512/1 3517/1 3511/1
f 3514/1 3515/1 3519/1
f 3515/1 3520/1 3519/1
f 3515/1 3518/1 3520/1
f 3518/1 3523/1 3520/1
f 3518/1 3521/1 3523/1
f 3516/1 3521/1 3518/1
f 3516/1 3522/1 3521/1
f 3517/1 3522/1 3516/1
f 3519/1 3520/1 3524/1
f 3520/1 3525/1 3524/1
f 3520/1 3523/1 3525/1
f 3523/1 3528/1 3525/1
f 3523/1 3526/1 3528/1
f 3521/1 3526/1 3523/1
f 3521/1 3527/1 3526/1
f 3522/1 3527/1 3521/1
f 3524/1 3525/1 3529/1
f 3525/1 3530/1 3529/1
f 3525/1 3528/1 3530/1
f 3528/1 3533/1 3530/1
f 3528/1 3531/1 3533/1
f 3526/1 3531/1 3528/1
f 3526/1 3532/1 3531/1
f 3527/1 3532/1 3526/1
f 3529/1 3530/1 3534/1
f 3530/1 3535/1 3534/1
f 3530/1 3533/1 3535/1
f 3533/1 3538/1 3535/1
f 3533/1 3536/1 3538/1
f 3531/1 3536/1 3533/1
f 3531/1 3537/1 3536/1
f 3532/1 3537/1 3531/1
f 3534/1 3535/1 3539/1
f 3535/1 3540/1 3539/1
f 3535/1 3538/1 3540/1
f 3538/1 3543/1 3540/1
f 3538/1 3541/1 3543/1
f 3536/1 3541/1 3538/1
f 3536/1 3542/1 3541/1
f 3537/1 3542/1 3536/1
f 3539/1 3540/1 3544/1
f 3540/1 3545/1 3544/1
f 3540/1 3543/1 3545/1
f 3543/1 3548/1 3545/1
f 3543/1 3546/1 3548/1
f 3541/1 3546/1 3543/1
f 3541/1 3547/1 3546/1
f 3542/1 3547/1 3541/1
f 3544/1 3545/1 3549/1
f 3545/1 3550/1 3549/1
f 3545/1 3548/1 3550/1
f 3548/1 3553/1 3550/1
f 3548/1 3551/1 3553/1
f 3546/1 3551/1 3548/1
f 3546/1 3552/1 3551/1
f 3547/1 3552/1 3546/1
f 3549/1 3550/1 3554/1
f 3550/1 3555/1 3554/1
f 3550/1 3553/1 3555/1
f 3553/1 3558/1 3555/1
f 3553/1 3556/1 3558/1
f 3551/1 3556/1 3553/1
f 3551/1 3557/1 3556/1
f 3552/1 3557/1 3551/1
f 3554/1 3555/1 3559/1
f 3555/1 3560/1 3559/1
f 3555/1 3558/1 3560/1
f 3558/1 3563/1 3560/1
f 3558/1 3561/1 3563/1
f 3556/1 3561/1 3558/1
f 3556/1 3562/1 3561/1
f 3557/1 3562/1 3556/1
f 3559/1 3560/1 3564/1
f 3560/1 3565/1 3564/1
f 3560/1 3563/1 3565/1
f 3563/1 3568/1 3565/1
f 3563/1 3566/1 3568/1
f 3561/1 3566/1 3563/1
f 3561/1 3567/1 3566/1
f 3562/1 3567/1 3561/1
f 3564/1 3565/1 3569/1
f 3565/1 3570/1 3569/1
f 3565/1 3568/1 3570/1
f 3568/1 3573/1 3570/1
f 3568/1 3571/1 3573/1
f 3566/1 3571/1 3568/1
f 3566/1 3572/1 3571/1
f 3567/1 3572/1 3566/1
f 3569/1 3570/1 3574/1
f 3570/1 3575/1 3574/1
f 3570/1 3573/1 3575/1
f 3573/1 3578/1 3575/1
f 3573/1 3576/1 3578/1
f 3571/1 3576/1 3573/1
f 3571/1 3577/1 3576/1
f 3572/1 3577/1 3571/1
f 3574/1 3575/1 3579/1
f 3575/1 3580/1 3579/1
f 3575/1 3578/1 3580/1
f 3578/1 3583/1 3580/1
f 3578/1 3581/1 3583/1
f 3576/1 3581/1 3578/1
f 3576/1 3582/1 3581/1
f 3577/1 3582/1 3576/1
f 3579/1 3580/1 3584/1
f 3580/1 3585/1 3584/1
f 3580/1 3583/1 3585/1
f 3583/1 3588/1 3585/1
f 3583/1 3586/1 3588/1
f 3581/1 3586/1 3583/1
f 3581/1 3587/1 3586/1
f 3582/1 3587/1 3581/1
f 3584/1 3585/1 3589/1
f 3585/1 3590/1 3589/1
f 3585/1 3588/1 3590/1
f 3588/1 3593/1 3590/1
f 3588/1 3591/1 3593/1
f 3586/1 3591/1 3588/1
f 3586/1 3592/1 3591/1
f 3587/1 3592/1 3586/1
f 3589/1 3590/1 3594/1
f 3590/1 3595/1 3594/1
f 3590/1 3593/1 3595/1
f 3593/1 3598/1 3595/1
f 3593/1 3596/1 3598/1
f 3591/1 3596/1 3593/1
f 3591/1 3597/1 3596/1
f 3592/1 3597/1 3591/1
f 3594/1 3595/1 3599/1
f 3595/1 3600/1 3599/1
f 3595/1 3598/1 3600/1
f 3598/1 3603/1 3600/1
f 3598/1 3601/1 3603/1
f 3596/1 3601/1 3598/1
f 3596/1 3602/1 3601/1
f 3597/1 3602/1 3596/1
f 3599/1 3600/1 3604/1
f 3600/1 3605/1 3604/1
f 3600/1 3603/1 3605/1
f 3603/1 3608/1 3605/1
f 3603/1 3606/1 3608/1
f 3601/1 3606/1 3603/1
f 3601/1 3607/1 3606/1
f 3602/1 3607/1 3601/1
f 3604/1 3605/1 3609/1
f 3605/1 3610/1 3609/1
f 3605/1 3608/1 3610/1
f 3608/1 3613/1 3610/1
f 3608/1 3611/1 3613/1
f 3606/1 3611/1 3608/1
f 3606/1 3612/1 3611/1
f 3607/1 3612/1 3606/1
f 3609/1 3610/1 3614/1
f 3610/1 3615/1 3614/1
f 3610/1 3613/1 3615/1
f 3613/1 3618/1 3615/1
f 3613/1 3616/1 3618/1
f 3611/1 3616/1 3613/1
f 3611/1 3617/1 3616/1
f 3612/1 3617/1 3611/1
f 3614/1 3615/1 3619/1
f 3615/1 3620/1 3619/1
f 3615/1 3618/1 3620/1
f 3618/1 3623/1 3620/1
f 3618/1 3621/1 3623/1
f 3616/1 3621/1 3618/1
f 3616/1 3622/1 3621/1
f 3617/1 3622/1 3616/1
f 3619/1 3620/1 3624/1
f 3620/1 3625/1 3624/1
f 3620/1 3623/1 3625/1
f 3623/1 3628/1 3625/1
f 3623/1 3626/1 3628/1
f 3621/1 3626/1 3623/1
f 3621/1 3627/1 3626/1
f 3622/1 3627/1 3621/1
f 3624/1 3625/1 3629/1
f 3625/1 3630/1 3629/1
f 3625/1 3628/1 3630/1
f 3628/1 3633/1 3630/1
f 3628/1 3631/1 3633/1
f 3626/1 3631/1 3628/1
f 3626/1 3632/1 3631/1
f 3627/1 3632/1 3626/1
f 3629/1 3630/1 3634/1
f 3630/1 3635/1 3634/1
f 3630/1 3633/1 3635/1
f 3633/1 3638/1 3635/1
f 3633/1 3636/1 3638/1
f 3631/1 3636/1 3633/1
f 3631/1 3637/1 3636/1
f 3632/1 3637/1 3631/1
f 3634/1 3635/1 3639/1
f 3635/1 3640/1 3639/1
f 3635/1 3638/1 3640/1
f 3638/1 3643/1 3640/1
f 3638/1 3641/1 3643/1
f 3636/1 3641/1 3638/1
f 3636/1 3642/1 3641/1
f 3637/1 3642/1 3636/1
f 3639/1 3640/1 3644/1
f 3640/1 3645/1 3644/1
f 3640/1 3643/1 3645/1
f 3643/1 3648/1 3645/1
f 3643/1 3646/1 3648/1
f 3641/1 3646/1 3643/1
f 3641/1 3647/1 3646/1
f 3642/1 3647/1 3641/1
f 3644/1 3645/1 3649/1
f 3645/1 3650/1 3649/1
f 3645/1 3648/1 3650/1
f 3648/1 3653/1 3650/1
f 3648/1 3651/1 3653/1
f 3646/1 3651/1 3648/1
f 3646/1 3652/1 3651/1
f 3647/1 3652/1 3646/1
f 3649/1 3650/1 3654/1
f 3650/1 3655/1 3654/1
f 3650/1 3653/1 3655/1
f 3653/1 3658/1 3655/1
f 3653/1 3656/1 3658/1
f 3651/1 3656/1 3653/1
f 3651/1 3657/1 3656/1
f 3652/1 3657/1 3651/1
f 3654/1 3655/1 3659/1
f 3655/1 3660/1 3659/1
f 3655/1 3658/1 3660/1
f 3658/1 3663/1 3660/1
f 3658/1 3661/1 3663/1
f 3656/1 3661/1 3658/1
f 3656/1 3662/1 3661/1
f 3657/1 3662/1 3656/1
f 3659/1 3660/1 3664/1
f 3660/1 3665/1 3664/1
f 3660/1 3663/1 3665/1
f 3663/1 3668/1 3665/1
f 3663/1 3666/1 3668/1
f 3661/1 3666/1 3663/1
f 3661/1 3667/1 3666/1
f 3662/1 3667/1 3661/1
f 3664/1 3665/1 3669/1
f 3665/1 3670/1 3669/1
f 3665/1 3668/1 3670/1
f 3668/1 3673/1 3670/1
f 3668/1 3671/1 3673/1
f 3666/1 3671/1 3668/1
f 3666/1 3672/1 3671/1
f 3667/1 3672/1 3666/1
f 3669/1 3670/1 3674/1
f 3670/1 3675/1 3674/1
f 3670/1 3673/1 3675/1
f 3673/1 3678/1 3675/1
f 3673/1 3676/1 3678/1
f 3671/1 3676/1 3673/1
f 3671/1 3677/1 3676/1
f 3672/1 3677/1 3671/1
f 3674/1 3675/1 3679/1
f 3675/1 3680/1 3679/1
f 3675/1 3678/1 3680/1
f 3678/1 3683/1 3680/1
f 3678/1 3681/1 3683/1
f 3676/1 3681/1 3678/1
f 3676/1 3682/1 3681/1
f 3677/1 3682/1 3676/1
f 3679/1 3680/1 3684/1
f 3680/1 3685/1 3684/1
f 3680/1 3683/1 3685/1
f 3683/1 3688/1 3685/1
f 3683/1 3686/1 3688/1
f 3681/1 3686/1 3683/1
f 3681/1 3687/1 3686/1
f 3682/1 3687/1 3681/1
f 3684/1 3685/1 3689/1
f 3685/1 3690/1 3689/1
f 3685/1 3688/1 3690/1
f 3688/1 3693/1 3690/1
f 3688/1 3691/1 3693/1
f 3686/1 3691/1 3688/1
f 3686/1 3692/1 3691/1
f 3687/1 3692/1 3686/1
f 3689/1 3690/1 3694/1
f 3690/1 3695/1 3694/1
f 3690/1 3693/1 3695/1
f 3693/1 3698/1 3695/1
f 3693/1 3696/1 3698/1
f 3691/1 3696/1 3693/1
f 3691/1 3697/1 3696/1
f 3692/1 3697/1 3691/1
f 3694/1 3695/1 3699/1
f 3695/1 3700/1 3699/1
f 3695/1 3698/1 3700/1
f 3698/1 3703/1 3700/1
f 3698/1 3701/1 3703/1
f 3696/1 3701/1 3698/1
f 3696/1 3702/1 3701/1
f 3697/1 3702/1 3696/1
f 3699/1 3700/1 3704/1
f 3700/1 3705/1 3704/1
f 3700/1 3703/1 3705/1
f 3703/1 3708/1 3705/1
f 3703/1 3706/1 3708/1
f 3701/1 3706/1 3703/1
f 3701/1 3707/1 3706/1
f 3702/1 3707/1 3701/1
f 3704/1 3705/1 3709/1
f 3705/1 3710/1 3709/1
f 3705/1 3708/1 3710/1
f 3708/1 3713/1 3710/1
f 3708/1 3711/1 3713/1
f 3706/1 3711/1 3708/1
f 3706/1 3712/1 3711/1
f 3707/1 3712/1 3706/1
f 3709/1 3710/1 3714/1
f 3710/1 3715/1 3714/1
f 3710/1 3713/1 3715/1
f 3713/1 3718/1 3715/1
f 3713/1 3716/1 3718/1
f 3711/1 3716/1 3713/1
f 3711/1 3717/1 3716/1
f 3712/1 3717/1 3711/1
f 3714/1 3715/1 3719/1
f 3715/1 3720/1 3719/1
f 3715/1 3718/1 3720/1
f 3718/1 3723/1 3720/1
f 3718/1 3721/1 3723/1
f 3716/1 3721/1 3718/1
f 3716/1 3722/1 3721/1
f 3717/1 3722/1 3716/1
f 3719/1 3720/1 3724/1
f 3720/1 3725/1 3724/1
f 3720/1 3723/1 3725/1
f 3723/1 3728/1 3725/1
f 3723/1 3726/1 3728/1
f 3721/1 3726/1 3723/1
f 3721/1 3727/1 3726/1
f 3722/1 3727/1 3721/1
f 3724/1 3725/1 3729/1
f 3725/1 3730/1 3729/1
f 3725/1 3728/1 3730/1
f 3728/1 3733/1 3730/1
f 3728/1 3731/1 3733/1
f 3726/1 3731/1 3728/1
f 3726/1 3732/1 3731/1
f 3727/1 3732/1 3726/1
f 3729/1 3730/1 3734/1
f 3730/1 3735/1 3734/1
f 3730/1 3733/1 3735/1
f 3733/1 3738/1 3735/1
f 3733/1 3736/1 3738/1
f 3731/1 3736/1 3733/1
f 3731/1 3737/1 3736/1
f 3732/1 3737/1 3731/1
f 3734/1 3735/1 3739/1
f 3735/1 3740/1 3739/1
f 3735/1 3738/1 3740/1
f 3738/1 3743/1 3740/1
f 3738/1 3741/1 3743/1
f 3736/1 3741/1 3738/1
f 3736/1 3742/1 3741/1
f 3737/1 3742/1 3736/1
f 3739/1 3740/1 3744/1
f 3740/1 3745/1 3744/1
f 3740/1 3743/1 3745/1
f 3743/1 3748/1 3745/1
f 3743/1 3746/1 3748/1
f 3741/1 3746/1 3743/1
f 3741/1 3747/1 3746/1
f 3742/1 3747/1 3741/1
f 3744/1 3745/1 3749/1
f 3745/1 3750/1 3749/1
f 3745/1 3748/1 3750/1
f 3748/1 3753/1 3750/1
f 3748/1 3751/1 3753/1
f 3746/1 3751/1 3748/1
f 3746/1 3752/1 3751/1
f 3747/1 3752/1 3746/1
f 3749/1 3750/1 3754/1
f 3750/1 3755/1 3754/1
f 3750/1 3753/1 3755/1
f 3753/1 3758/1 3755/1
f 3753/1 3756/1 3758/1
f 3751/1 3756/1 3753/1
f 3751/1 3757/1 3756/1
f 3752/1 3757/1 3751/1
f 3754/1 3755/1 3759/1
f 3755/1 3760/1 3759/1
f 3755/1 3758/1 3760/1
f 3758/1 3763/1 3760/1
f 3758/1 3761/1 3763/1
f 3756/1 3761/1 3758/1
f 3756/1 3762/1 3761/1
f 3757/1 3762/1 3756/1
f 3759/1 3760/1 3764/1
f 3760/1 3765/1 3764/1
f 3760/1 3763/1 3765/1
f 3763/1 3768/1 3765/1
f 3763/1 3766/1 3768/1
f 3761/1 3766/1 3763/1
f 3761/1 3767/1 3766/1
f 3762/1 3767/1 3761/1
f 3764/1 3765/1 3769/1
f 3765/1 3770/1 3769/1
f 3765/1 3768/1 3770/1
f 3768/1 3773/1 3770/1
f 3768/1 3771/1 3773/1
f 3766/1 3771/1 3768/1
f 3766/1 3772/1 3771/1
f 3767/1 3772/1 3766/1
f 3769/1 3770/1 3774/1
f 3770/1 3775/1 3774/1
f 3770/1 3773/1 3775/1
f 3773/1 3778/1 3775/1
f 3773/1 3776/1 3778/1
f 3771/1 3776/1 3773/1
f 3771/1 3777/1 3776/1
f 3772/1 3777/1 3771/1
f 3774/1 3775/1 3779/1
f 3775/1 3780/1 3779/1
f 3775/1 3778/1 3780/1
f 3778/1 3783/1 3780/1
f 3778/1 3781/1 3783/1
f 3776/1 3781/1 3778/1
f 3776/1 3782/1 3781/1
f 3777/1 3782/1 3776/1
f 3779/1 3780/1 3784/1
f 3780/1 3785/1 3784/1
f 3780/1 3783/1 3785/1
f 3783/1 3788/1 3785/1
f 3783/1 3786/1 3788/1
f 3781/1 3786/1 3783/1
f 3781/1 3787/1 3786/1
f 3782/1 3787/1 3781/1
f 3784/1 3785/1 3789/1
f 3785/1 3790/1 3789/1
f 3785/1 3788/1 3790/1
f 3788/1 3793/1 3790/1
f 3788/1 3791/1 3793/1
f 3786/1 3791/1 3788/1
f 3786/1 3792/1 3791/1
f 3787/1 3792/1 3786/1
f 3789/1 3790/1 3794/1
f 3790/1 3795/1 3794/1
f 3790/1 3793/1 3795/1
f 3793/1 3798/1 3795/1
f 3793/1 3796/1 3798/1
f 3791/1 3796/1 3793/1
f 3791/1 3797/1 3796/1
f 3792/1 3797/1 3791/1
f 3794/1 3795/1 3799/1
f 3795/1 3800/1 3799/1
f 3795/1 3798/1 3800/1
f 3798/1 3803/1 3800/1
f 3798/1 3801/1 3803/1
f 3796/1 3801/1 3798/1
f 3796/1 3802/1 3801/1
f 3797/1 3802/1 3796/1
f 3799/1 3800/1 3804/1
f 3800/1 3805/1 3804/1
f 3800/1 3803/1 3805/1
f 3803/1 3808/1 3805/1
f 3803/1 3806/1 3808/1
f 3801/1 3806/1 3803/1
f 3801/1 3807/1 3806/1
f 3802/1 3807/1 3801/1
