# 
# Wavefront OBJ file
# Created with Autodesk FBX SDK
# 
g fbxNode
v 0.234565 -0.413575 0.000000
v 0.220605 -0.442071 0.000000
v 0.223072 -0.422224 0.010000
v 0.225538 -0.402376 0.010000
v 0.228005 -0.382529 0.000000
v 0.224305 -0.412300 0.015000
v 0.209128 -0.440580 0.000000
v 0.211706 -0.420747 0.010000
v 0.214284 -0.400913 0.010000
v 0.216862 -0.381080 0.000000
v 0.212995 -0.410830 0.015000
v 0.196978 -0.438865 0.000000
v 0.199776 -0.419062 0.010000
v 0.202574 -0.399258 0.010000
v 0.205372 -0.379455 0.000000
v 0.201175 -0.409160 0.015000
v 0.179158 -0.435887 0.000000
v 0.182466 -0.416162 0.010000
v 0.185774 -0.396438 0.010000
v 0.189082 -0.376713 0.000000
v 0.184120 -0.406300 0.015000
v 0.161196 -0.432246 0.000000
v 0.165189 -0.412649 0.010000
v 0.169181 -0.393051 0.010000
v 0.173174 -0.373454 0.000000
v 0.167185 -0.402850 0.015000
v 0.143427 -0.428036 0.000000
v 0.148056 -0.408579 0.010000
v 0.152684 -0.389122 0.010000
v 0.157313 -0.369664 0.000000
v 0.150370 -0.398850 0.015000
v 0.125843 -0.423295 0.000000
v 0.131064 -0.403988 0.010000
v 0.136286 -0.384682 0.010000
v 0.141507 -0.365375 0.000000
v 0.133675 -0.394335 0.015000
v 0.120806 -0.421808 0.000000
v 0.126502 -0.402636 0.010000
v 0.132198 -0.383464 0.010000
v 0.137894 -0.364293 0.000000
v 0.129350 -0.393050 0.015000
v 0.115727 -0.420158 0.000000
v 0.121946 -0.401149 0.010000
v 0.128164 -0.382141 0.010000
v 0.134383 -0.363132 0.000000
v 0.125055 -0.391645 0.015000
v 0.110351 -0.418180 0.000000
v 0.117337 -0.399440 0.010000
v 0.124323 -0.380700 0.010000
v 0.131309 -0.361960 0.000000
v 0.120830 -0.390070 0.015000
v 0.104755 -0.415795 0.000000
v 0.112725 -0.397452 0.010000
v 0.120695 -0.379108 0.010000
v 0.128665 -0.360765 0.000000
v 0.116710 -0.388280 0.015000
v 0.084013 -0.402149 0.000000
v 0.095384 -0.385696 0.010000
v 0.106756 -0.369244 0.010000
v 0.118127 -0.352791 0.000000
v 0.101070 -0.377470 0.015000
v 0.065880 -0.380747 0.000000
v 0.081803 -0.368646 0.010000
v 0.097727 -0.356544 0.010000
v 0.113650 -0.344442 0.000000
v 0.089765 -0.362595 0.015000
v 0.055293 -0.355077 0.000000
v 0.074151 -0.348416 0.010000
v 0.093009 -0.341754 0.010000
v 0.111867 -0.335093 0.000000
v 0.083580 -0.345085 0.015000
v 0.053303 -0.326829 0.000000
v 0.073301 -0.326530 0.010000
v 0.093299 -0.326230 0.010000
v 0.113297 -0.325931 0.000000
v 0.083300 -0.326380 0.015000
v 0.061800 -0.288672 0.000000
v 0.081203 -0.293521 0.010000
v 0.100607 -0.298369 0.010000
v 0.120010 -0.303218 0.000000
v 0.090905 -0.295945 0.015000
v 0.076552 -0.255860 0.000000
v 0.094664 -0.264343 0.010000
v 0.112776 -0.272827 0.010000
v 0.130888 -0.281310 0.000000
v 0.103720 -0.268585 0.015000
v 0.097576 -0.226444 0.000000
v 0.113655 -0.238338 0.010000
v 0.129734 -0.250232 0.010000
v 0.145813 -0.262126 0.000000
v 0.121695 -0.244285 0.015000
v 0.124469 -0.200961 0.000000
v 0.138013 -0.215677 0.010000
v 0.151557 -0.230393 0.010000
v 0.165100 -0.245110 0.000000
v 0.144785 -0.223035 0.015000
v 0.127184 -0.198729 0.000000
v 0.139328 -0.214620 0.010000
v 0.151472 -0.230511 0.010000
v 0.163616 -0.246401 0.000000
v 0.145400 -0.222565 0.015000
v 0.129103 -0.197365 0.000000
v 0.140401 -0.213868 0.010000
v 0.151699 -0.230372 0.010000
v 0.162997 -0.246875 0.000000
v 0.146050 -0.222120 0.015000
v 0.133228 -0.194988 0.000000
v 0.142226 -0.212849 0.010000
v 0.151224 -0.230711 0.010000
v 0.160222 -0.248572 0.000000
v 0.146725 -0.221780 0.015000
v 0.140535 -0.192417 0.000000
v 0.145115 -0.211886 0.010000
v 0.149695 -0.231354 0.010000
v 0.154275 -0.250823 0.000000
v 0.147405 -0.221620 0.015000
v 0.146546 -0.191598 0.000000
v 0.148075 -0.211539 0.010000
v 0.149605 -0.231481 0.010000
v 0.151134 -0.251422 0.000000
v 0.148840 -0.221510 0.015000
v 0.149309 -0.191477 0.000000
v 0.149983 -0.211466 0.010000
v 0.150657 -0.231454 0.010000
v 0.151331 -0.251443 0.000000
v 0.150320 -0.221460 0.015000
v 0.154975 -0.191792 0.000000
v 0.152775 -0.211671 0.010000
v 0.150575 -0.231549 0.010000
v 0.148375 -0.251428 0.000000
v 0.151675 -0.221610 0.015000
v 0.165430 -0.194923 0.000000
v 0.156967 -0.213045 0.010000
v 0.148503 -0.231166 0.010000
v 0.140040 -0.249287 0.000000
v 0.152735 -0.222105 0.015000
v 0.176772 -0.204099 0.000000
v 0.161344 -0.216827 0.010000
v 0.145916 -0.229554 0.010000
v 0.130488 -0.242281 0.000000
v 0.153630 -0.223190 0.015000
v 0.181350 -0.211604 0.000000
v 0.163340 -0.220301 0.010000
v 0.145330 -0.228999 0.010000
v 0.127320 -0.237696 0.000000
v 0.154335 -0.224650 0.015000
v 0.183857 -0.219105 0.000000
v 0.164412 -0.223785 0.010000
v 0.144968 -0.228465 0.010000
v 0.125523 -0.233145 0.000000
v 0.154690 -0.226125 0.015000
v 0.184228 -0.231489 0.000000
v 0.164429 -0.228660 0.010000
v 0.144630 -0.225831 0.010000
v 0.124832 -0.223002 0.000000
v 0.154530 -0.227245 0.015000
v 0.176745 -0.248751 0.000000
v 0.159435 -0.238734 0.010000
v 0.142125 -0.228716 0.010000
v 0.124814 -0.218699 0.000000
v 0.150780 -0.233725 0.015000
v 0.172683 -0.255552 0.000000
v 0.155518 -0.245287 0.010000
v 0.138352 -0.235023 0.010000
v 0.121187 -0.224759 0.000000
v 0.146935 -0.240155 0.015000
v 0.168456 -0.262357 0.000000
v 0.151472 -0.251796 0.010000
v 0.134488 -0.241234 0.010000
v 0.117504 -0.230673 0.000000
v 0.142980 -0.246515 0.015000
v 0.164037 -0.269157 0.000000
v 0.147276 -0.258246 0.010000
v 0.130514 -0.247334 0.010000
v 0.113753 -0.236423 0.000000
v 0.138895 -0.252790 0.015000
v 0.160031 -0.275646 0.000000
v 0.143023 -0.265122 0.010000
v 0.126016 -0.254598 0.010000
v 0.109009 -0.244074 0.000000
v 0.134520 -0.259860 0.015000
v 0.157367 -0.280976 0.000000
v 0.139609 -0.271775 0.010000
v 0.121851 -0.262575 0.010000
v 0.104093 -0.253374 0.000000
v 0.130730 -0.267175 0.015000
v 0.155331 -0.286214 0.000000
v 0.136840 -0.278591 0.010000
v 0.118350 -0.270969 0.010000
v 0.099859 -0.263346 0.000000
v 0.127595 -0.274780 0.015000
v 0.153870 -0.291466 0.000000
v 0.134740 -0.285632 0.010000
v 0.115610 -0.279798 0.010000
v 0.096480 -0.273964 0.000000
v 0.125175 -0.282715 0.015000
v 0.153593 -0.301579 0.000000
v 0.133674 -0.299780 0.010000
v 0.113755 -0.297981 0.010000
v 0.093837 -0.296181 0.000000
v 0.123715 -0.298880 0.015000
v 0.156539 -0.306223 0.000000
v 0.137156 -0.311154 0.010000
v 0.117774 -0.316086 0.010000
v 0.098391 -0.321017 0.000000
v 0.127465 -0.313620 0.015000
v 0.160791 -0.309068 0.000000
v 0.144340 -0.320443 0.010000
v 0.127890 -0.331817 0.010000
v 0.111439 -0.343192 0.000000
v 0.136115 -0.326130 0.015000
v 0.166818 -0.311227 0.000000
v 0.155166 -0.327482 0.010000
v 0.143514 -0.343738 0.010000
v 0.131862 -0.359993 0.000000
v 0.149340 -0.335610 0.015000
v 0.168550 -0.311376 0.000000
v 0.160300 -0.329595 0.010000
v 0.152050 -0.347815 0.010000
v 0.143800 -0.366034 0.000000
v 0.156175 -0.338705 0.015000
v 0.173270 -0.312944 0.000000
v 0.166570 -0.331788 0.010000
v 0.159870 -0.350632 0.010000
v 0.153169 -0.369476 0.000000
v 0.163220 -0.341210 0.015000
v 0.177813 -0.313946 0.000000
v 0.172934 -0.333342 0.010000
v 0.168055 -0.352738 0.010000
v 0.163176 -0.372134 0.000000
v 0.170495 -0.343040 0.015000
v 0.182260 -0.314417 0.000000
v 0.179430 -0.334216 0.010000
v 0.176600 -0.354014 0.010000
v 0.173769 -0.373813 0.000000
v 0.178015 -0.344115 0.015000
v 0.197984 -0.315820 0.000000
v 0.196158 -0.335737 0.010000
v 0.194332 -0.355653 0.010000
v 0.192505 -0.375570 0.000000
v 0.195245 -0.345695 0.015000
v 0.215365 -0.317505 0.000000
v 0.213435 -0.337412 0.010000
v 0.211505 -0.357318 0.010000
v 0.209575 -0.377225 0.000000
v 0.212470 -0.347365 0.015000
v 0.232611 -0.319193 0.000000
v 0.230664 -0.339097 0.010000
v 0.228716 -0.359002 0.010000
v 0.226768 -0.378907 0.000000
v 0.229690 -0.349050 0.015000
v 0.249733 -0.320808 0.000000
v 0.247854 -0.340719 0.010000
v 0.245976 -0.360631 0.010000
v 0.244097 -0.380542 0.000000
v 0.246915 -0.350675 0.015000
v 0.262006 -0.322653 0.000000
v 0.258949 -0.342418 0.010000
v 0.255891 -0.362182 0.010000
v 0.252834 -0.381947 0.000000
v 0.257420 -0.352300 0.015000
v 0.275966 -0.326530 0.000000
v 0.270242 -0.345693 0.010000
v 0.264518 -0.364857 0.010000
v 0.258794 -0.384020 0.000000
v 0.267380 -0.355275 0.015000
v 0.289521 -0.332523 0.000000
v 0.281030 -0.350631 0.010000
v 0.272539 -0.368739 0.010000
v 0.264049 -0.386847 0.000000
v 0.276785 -0.359685 0.015000
v 0.302349 -0.340717 0.000000
v 0.291196 -0.357319 0.010000
v 0.280044 -0.373921 0.010000
v 0.268891 -0.390523 0.000000
v 0.285620 -0.365620 0.015000
v 0.311226 -0.348973 0.000000
v 0.296798 -0.362824 0.010000
v 0.282371 -0.376676 0.010000
v 0.267944 -0.390527 0.000000
v 0.289585 -0.369750 0.015000
v 0.318961 -0.361826 0.000000
v 0.300790 -0.370182 0.010000
v 0.282619 -0.378538 0.010000
v 0.264449 -0.386894 0.000000
v 0.291705 -0.374360 0.015000
v 0.321807 -0.378507 0.000000
v 0.301812 -0.378962 0.010000
v 0.281817 -0.379418 0.010000
v 0.261823 -0.379873 0.000000
v 0.291815 -0.379190 0.015000
v 0.317299 -0.395856 0.000000
v 0.298933 -0.387939 0.010000
v 0.280567 -0.380021 0.010000
v 0.262201 -0.372104 0.000000
v 0.289750 -0.383980 0.015000
v 0.310921 -0.406067 0.000000
v 0.294517 -0.394626 0.010000
v 0.278113 -0.383184 0.010000
v 0.261709 -0.371743 0.000000
v 0.286315 -0.388905 0.015000
v 0.306998 -0.411451 0.000000
v 0.290846 -0.399657 0.010000
v 0.274694 -0.387863 0.010000
v 0.258541 -0.376069 0.000000
v 0.282770 -0.393760 0.015000
v 0.302805 -0.416883 0.000000
v 0.286995 -0.404634 0.010000
v 0.271185 -0.392385 0.010000
v 0.255374 -0.380137 0.000000
v 0.279090 -0.398510 0.015000
v 0.298273 -0.422343 0.000000
v 0.282921 -0.409524 0.010000
v 0.267569 -0.396706 0.010000
v 0.252217 -0.383887 0.000000
v 0.275245 -0.403115 0.015000
v 0.290384 -0.430397 0.000000
v 0.276248 -0.416249 0.010000
v 0.262112 -0.402101 0.010000
v 0.247975 -0.387953 0.000000
v 0.269180 -0.409175 0.015000
v 0.277781 -0.438805 0.000000
v 0.267874 -0.421432 0.010000
v 0.257966 -0.404058 0.010000
v 0.248058 -0.386685 0.000000
v 0.262920 -0.412745 0.015000
v -0.219120 0.412315 0.000000
v -0.200503 0.439518 0.000000
v -0.203944 0.419816 0.010000
v -0.207386 0.400114 0.010000
v -0.210827 0.380412 0.000000
v -0.205665 0.409965 0.015000
v -0.184390 0.435598 0.000000
v -0.189203 0.416186 0.010000
v -0.194017 0.396774 0.010000
v -0.198830 0.377362 0.000000
v -0.191610 0.406480 0.015000
v -0.167916 0.430206 0.000000
v -0.174239 0.411232 0.010000
v -0.180561 0.392258 0.010000
v -0.186884 0.373284 0.000000
v -0.177400 0.401745 0.015000
v -0.152376 0.422821 0.000000
v -0.161262 0.404904 0.010000
v -0.170148 0.386986 0.010000
v -0.179034 0.369069 0.000000
v -0.165705 0.395945 0.015000
v -0.137255 0.411618 0.000000
v -0.149735 0.395989 0.010000
v -0.162215 0.380361 0.010000
v -0.174695 0.364733 0.000000
v -0.155975 0.388175 0.015000
v -0.124697 0.396893 0.000000
v -0.140442 0.384561 0.010000
v -0.156188 0.372229 0.010000
v -0.171933 0.359897 0.000000
v -0.148315 0.378395 0.015000
v -0.115612 0.379203 0.000000
v -0.133751 0.370778 0.010000
v -0.151889 0.362352 0.010000
v -0.170028 0.353927 0.000000
v -0.142820 0.366565 0.015000
v -0.111276 0.366950 0.000000
v -0.130219 0.360533 0.010000
v -0.149161 0.354117 0.010000
v -0.168104 0.347700 0.000000
v -0.139690 0.357325 0.015000
v -0.108143 0.357329 0.000000
v -0.127161 0.351140 0.010000
v -0.146179 0.344950 0.010000
v -0.165197 0.338761 0.000000
v -0.136670 0.348045 0.015000
v -0.105137 0.347226 0.000000
v -0.124312 0.341542 0.010000
v -0.143488 0.335858 0.010000
v -0.162663 0.330174 0.000000
v -0.133900 0.338700 0.015000
v -0.102432 0.336611 0.000000
v -0.121824 0.331717 0.010000
v -0.141216 0.326823 0.010000
v -0.160608 0.321929 0.000000
v -0.131520 0.329270 0.015000
v -0.097560 0.314433 0.000000
v -0.117097 0.310154 0.010000
v -0.136633 0.305876 0.010000
v -0.156170 0.301597 0.000000
v -0.126865 0.308015 0.015000
v -0.093049 0.292850 0.000000
v -0.112626 0.288760 0.010000
v -0.132204 0.284670 0.010000
v -0.151781 0.280580 0.000000
v -0.122415 0.286715 0.015000
v -0.088703 0.271320 0.000000
v -0.108308 0.267363 0.010000
v -0.127912 0.263407 0.010000
v -0.147517 0.259450 0.000000
v -0.118110 0.265385 0.015000
v -0.084456 0.249865 0.000000
v -0.104075 0.245982 0.010000
v -0.123695 0.242098 0.010000
v -0.143314 0.238215 0.000000
v -0.113885 0.244040 0.015000
v -0.083314 0.243025 0.000000
v -0.103048 0.239775 0.010000
v -0.122782 0.236525 0.010000
v -0.142516 0.233275 0.000000
v -0.112915 0.238150 0.015000
v -0.082427 0.235631 0.000000
v -0.102296 0.233344 0.010000
v -0.122164 0.231056 0.010000
v -0.142033 0.228769 0.000000
v -0.112230 0.232200 0.015000
v -0.081823 0.228826 0.000000
v -0.101748 0.227092 0.010000
v -0.121672 0.225358 0.010000
v -0.141597 0.223624 0.000000
v -0.111710 0.226225 0.015000
v -0.081326 0.222652 0.000000
v -0.101262 0.221051 0.010000
v -0.121198 0.219449 0.010000
v -0.141134 0.217848 0.000000
v -0.111230 0.220250 0.015000
v -0.082451 0.211063 0.000000
v -0.102087 0.214861 0.010000
v -0.121723 0.218659 0.010000
v -0.141359 0.222457 0.000000
v -0.111905 0.216760 0.015000
v -0.091031 0.194915 0.000000
v -0.106470 0.207628 0.010000
v -0.121910 0.220342 0.010000
v -0.137349 0.233055 0.000000
v -0.114190 0.213985 0.015000
v -0.104352 0.185402 0.000000
v -0.113134 0.203371 0.010000
v -0.121916 0.221339 0.010000
v -0.130698 0.239308 0.000000
v -0.117525 0.212355 0.015000
v -0.120891 0.182299 0.000000
v -0.121203 0.202296 0.010000
v -0.121516 0.222294 0.010000
v -0.121829 0.242291 0.000000
v -0.121360 0.212295 0.015000
v -0.132354 0.184023 0.000000
v -0.127945 0.203531 0.010000
v -0.123535 0.223039 0.010000
v -0.119126 0.242547 0.000000
v -0.125740 0.213285 0.015000
v -0.137118 0.185165 0.000000
v -0.132446 0.204612 0.010000
v -0.127774 0.224058 0.010000
v -0.123101 0.243505 0.000000
v -0.130110 0.214335 0.015000
v -0.142103 0.186473 0.000000
v -0.137001 0.205811 0.010000
v -0.131899 0.225149 0.010000
v -0.126797 0.244487 0.000000
v -0.134450 0.215480 0.015000
v -0.147278 0.187993 0.000000
v -0.141593 0.207168 0.010000
v -0.135907 0.226342 0.010000
v -0.130222 0.245517 0.000000
v -0.138750 0.216755 0.015000
v -0.172015 0.197974 0.000000
v -0.164425 0.216478 0.010000
v -0.156835 0.234982 0.010000
v -0.149245 0.253486 0.000000
v -0.160630 0.225730 0.015000
v -0.196069 0.212790 0.000000
v -0.185290 0.229637 0.010000
v -0.174510 0.246483 0.010000
v -0.163731 0.263330 0.000000
v -0.179900 0.238060 0.015000
v -0.217126 0.232058 0.000000
v -0.203345 0.246553 0.010000
v -0.189565 0.261047 0.010000
v -0.175784 0.275542 0.000000
v -0.196455 0.253800 0.015000
v -0.234585 0.255542 0.000000
v -0.218318 0.267177 0.010000
v -0.202051 0.278813 0.010000
v -0.185785 0.290448 0.000000
v -0.210185 0.272995 0.015000
v -0.242191 0.268568 0.000000
v -0.224814 0.278469 0.010000
v -0.207436 0.288371 0.010000
v -0.190059 0.298272 0.000000
v -0.216125 0.283420 0.015000
v -0.248258 0.279959 0.000000
v -0.230596 0.289343 0.010000
v -0.212934 0.298727 0.010000
v -0.195272 0.308111 0.000000
v -0.221765 0.294035 0.015000
v -0.253998 0.291739 0.000000
v -0.236006 0.300473 0.010000
v -0.218014 0.309207 0.010000
v -0.200022 0.317941 0.000000
v -0.227010 0.304840 0.015000
v -0.259299 0.303907 0.000000
v -0.240946 0.311856 0.010000
v -0.222594 0.319804 0.010000
v -0.204241 0.327753 0.000000
v -0.231770 0.315830 0.015000
v -0.266808 0.323051 0.000000
v -0.248183 0.330337 0.010000
v -0.229557 0.337623 0.010000
v -0.210932 0.344909 0.000000
v -0.238870 0.333980 0.015000
v -0.273769 0.341870 0.000000
v -0.255010 0.348803 0.010000
v -0.236250 0.355737 0.010000
v -0.217490 0.362670 0.000000
v -0.245630 0.352270 0.015000
v -0.280431 0.360600 0.000000
v -0.261587 0.367300 0.010000
v -0.242743 0.374000 0.010000
v -0.223898 0.380700 0.000000
v -0.252165 0.370650 0.015000
v -0.286911 0.379203 0.000000
v -0.268024 0.385781 0.010000
v -0.249136 0.392359 0.010000
v -0.230249 0.398937 0.000000
v -0.258580 0.389070 0.015000
v -0.289683 0.394250 0.000000
v -0.269901 0.397197 0.010000
v -0.250119 0.400143 0.010000
v -0.230337 0.403090 0.000000
v -0.260010 0.398670 0.015000
v -0.285795 0.416006 0.000000
v -0.266865 0.409552 0.010000
v -0.247935 0.403098 0.010000
v -0.229005 0.396644 0.000000
v -0.257400 0.406325 0.015000
v -0.270483 0.434497 0.000000
v -0.257644 0.419163 0.010000
v -0.244805 0.403828 0.010000
v -0.231966 0.388493 0.000000
v -0.251225 0.411495 0.015000
v -0.248724 0.442870 0.000000
v -0.244208 0.423387 0.010000
v -0.239692 0.403903 0.010000
v -0.235176 0.384420 0.000000
v -0.241950 0.413645 0.015000
v -0.241145 0.443675 0.000000
v -0.240635 0.423682 0.010000
v -0.240125 0.403688 0.010000
v -0.239615 0.383695 0.000000
v -0.240380 0.413685 0.015000
v -0.238395 0.443685 0.000000
v -0.238395 0.423685 0.010000
v -0.238395 0.403685 0.010000
v -0.238395 0.383685 0.000000
v -0.238395 0.413685 0.015000
v -0.171065 -0.403800 0.000000
v -0.187954 -0.432399 0.000000
v -0.186158 -0.412480 0.010000
v -0.184362 -0.392560 0.010000
v -0.182566 -0.372641 0.000000
v -0.185260 -0.402520 0.015000
v -0.204129 -0.429854 0.000000
v -0.200930 -0.410111 0.010000
v -0.197730 -0.390369 0.010000
v -0.194531 -0.370626 0.000000
v -0.199330 -0.400240 0.015000
v -0.220087 -0.426208 0.000000
v -0.215549 -0.406729 0.010000
v -0.211011 -0.387251 0.010000
v -0.206473 -0.367772 0.000000
v -0.213280 -0.396990 0.015000
v -0.229983 -0.423258 0.000000
v -0.224144 -0.404130 0.010000
v -0.218306 -0.385001 0.010000
v -0.212467 -0.365872 0.000000
v -0.221225 -0.394565 0.015000
v -0.239853 -0.419484 0.000000
v -0.232551 -0.400865 0.010000
v -0.225249 -0.382245 0.010000
v -0.217947 -0.363626 0.000000
v -0.228900 -0.391555 0.015000
v -0.249722 -0.414667 0.000000
v -0.240744 -0.396796 0.010000
v -0.231766 -0.378924 0.010000
v -0.222788 -0.361053 0.000000
v -0.236255 -0.387860 0.015000
v -0.259446 -0.408617 0.000000
v -0.248632 -0.391792 0.010000
v -0.237818 -0.374968 0.010000
v -0.227004 -0.358144 0.000000
v -0.243225 -0.383380 0.015000
v -0.266970 -0.402679 0.000000
v -0.254237 -0.387257 0.010000
v -0.241503 -0.371834 0.010000
v -0.228770 -0.356411 0.000000
v -0.247870 -0.379545 0.015000
v -0.274011 -0.395413 0.000000
v -0.259250 -0.381918 0.010000
v -0.244490 -0.368422 0.010000
v -0.229729 -0.354927 0.000000
v -0.251870 -0.375170 0.015000
v -0.280216 -0.386655 0.000000
v -0.263495 -0.375682 0.010000
v -0.246775 -0.364708 0.010000
v -0.230054 -0.353735 0.000000
v -0.255135 -0.370195 0.015000
v -0.285101 -0.376501 0.000000
v -0.266754 -0.368540 0.010000
v -0.248406 -0.360580 0.010000
v -0.230059 -0.352619 0.000000
v -0.257580 -0.364560 0.015000
v -0.287908 -0.367414 0.000000
v -0.268623 -0.362115 0.010000
v -0.249337 -0.356815 0.010000
v -0.230052 -0.351516 0.000000
v -0.258980 -0.359465 0.015000
v -0.289403 -0.358557 0.000000
v -0.269598 -0.355773 0.010000
v -0.249792 -0.352988 0.010000
v -0.229987 -0.350203 0.000000
v -0.259695 -0.354380 0.015000
v -0.289644 -0.348939 0.000000
v -0.269644 -0.349133 0.010000
v -0.249645 -0.349327 0.010000
v -0.229646 -0.349521 0.000000
v -0.259645 -0.349230 0.015000
v -0.288349 -0.338990 0.000000
v -0.268623 -0.342290 0.010000
v -0.248897 -0.345590 0.010000
v -0.229171 -0.348890 0.000000
v -0.258760 -0.343940 0.015000
v -0.284559 -0.326125 0.000000
v -0.265510 -0.332218 0.010000
v -0.246460 -0.338312 0.010000
v -0.227411 -0.344405 0.000000
v -0.255985 -0.335265 0.015000
v -0.279577 -0.314667 0.000000
v -0.261369 -0.322943 0.010000
v -0.243161 -0.331218 0.010000
v -0.224953 -0.339493 0.000000
v -0.252265 -0.327080 0.015000
v -0.274119 -0.304651 0.000000
v -0.256640 -0.314370 0.010000
v -0.239160 -0.324090 0.010000
v -0.221681 -0.333809 0.000000
v -0.247900 -0.319230 0.015000
v -0.268722 -0.295828 0.000000
v -0.251691 -0.306313 0.010000
v -0.234659 -0.316798 0.010000
v -0.217628 -0.327283 0.000000
v -0.243175 -0.311555 0.015000
v -0.248936 -0.264382 0.000000
v -0.232009 -0.275034 0.010000
v -0.215081 -0.285686 0.010000
v -0.198154 -0.296338 0.000000
v -0.223545 -0.280360 0.015000
v -0.229283 -0.233185 0.000000
v -0.212361 -0.243845 0.010000
v -0.195439 -0.254505 0.010000
v -0.178517 -0.265165 0.000000
v -0.203900 -0.249175 0.015000
v -0.209571 -0.201990 0.000000
v -0.192664 -0.212673 0.010000
v -0.175756 -0.223357 0.010000
v -0.158849 -0.234041 0.000000
v -0.184210 -0.218015 0.015000
v -0.189782 -0.170820 0.000000
v -0.172897 -0.181540 0.010000
v -0.156013 -0.192260 0.010000
v -0.139128 -0.202980 0.000000
v -0.164455 -0.186900 0.015000
v -0.181088 -0.157372 0.000000
v -0.164293 -0.168231 0.010000
v -0.147497 -0.179090 0.010000
v -0.130702 -0.189948 0.000000
v -0.155895 -0.173660 0.015000
v -0.172212 -0.143958 0.000000
v -0.155534 -0.154996 0.010000
v -0.138856 -0.166034 0.010000
v -0.122178 -0.177073 0.000000
v -0.147195 -0.160515 0.015000
v -0.163335 -0.130713 0.000000
v -0.146722 -0.141848 0.010000
v -0.130108 -0.152983 0.010000
v -0.113494 -0.164118 0.000000
v -0.138415 -0.147415 0.015000
v -0.154531 -0.117601 0.000000
v -0.137927 -0.128750 0.010000
v -0.121323 -0.139900 0.010000
v -0.104719 -0.151049 0.000000
v -0.129625 -0.134325 0.015000
v -0.145854 -0.109087 0.000000
v -0.134721 -0.125703 0.010000
v -0.123589 -0.142318 0.010000
v -0.112456 -0.158933 0.000000
v -0.129155 -0.134010 0.015000
v -0.134333 -0.104451 0.000000
v -0.130384 -0.124057 0.010000
v -0.126436 -0.143663 0.010000
v -0.122487 -0.163270 0.000000
v -0.128410 -0.133860 0.015000
v -0.127920 -0.103852 0.000000
v -0.127683 -0.123851 0.010000
v -0.127447 -0.143850 0.010000
v -0.127210 -0.163848 0.000000
v -0.127565 -0.133850 0.015000
v -0.122930 -0.104200 0.000000
v -0.125507 -0.124034 0.010000
v -0.128083 -0.143867 0.010000
v -0.130660 -0.163700 0.000000
v -0.126795 -0.133950 0.015000
v -0.114544 -0.106559 0.000000
v -0.122341 -0.124976 0.010000
v -0.130139 -0.143394 0.010000
v -0.137936 -0.161811 0.000000
v -0.126240 -0.134185 0.015000
v -0.107818 -0.110497 0.000000
v -0.119726 -0.126566 0.010000
v -0.131634 -0.142635 0.010000
v -0.143542 -0.158703 0.000000
v -0.125680 -0.134600 0.015000
v -0.102603 -0.115420 0.000000
v -0.117701 -0.128537 0.010000
v -0.132799 -0.141654 0.010000
v -0.147897 -0.154771 0.000000
v -0.125250 -0.135095 0.015000
v -0.096868 -0.125362 0.000000
v -0.115676 -0.132164 0.010000
v -0.134484 -0.138966 0.010000
v -0.153291 -0.145769 0.000000
v -0.125080 -0.135565 0.015000
v -0.095019 -0.138773 0.000000
v -0.115016 -0.139121 0.010000
v -0.135013 -0.139469 0.010000
v -0.155010 -0.139818 0.000000
v -0.125015 -0.139295 0.015000
v -0.094954 -0.142514 0.000000
v -0.114951 -0.142862 0.010000
v -0.134948 -0.143209 0.010000
v -0.154945 -0.143556 0.000000
v -0.124950 -0.143035 0.015000
v -0.095061 -0.147557 0.000000
v -0.115054 -0.147019 0.010000
v -0.135046 -0.146481 0.010000
v -0.155039 -0.145943 0.000000
v -0.125050 -0.146750 0.015000
v -0.095685 -0.153911 0.000000
v -0.115548 -0.151574 0.010000
v -0.135411 -0.149237 0.010000
v -0.155274 -0.146900 0.000000
v -0.125480 -0.150405 0.015000
v -0.101227 -0.184628 0.000000
v -0.120902 -0.181040 0.010000
v -0.140578 -0.177451 0.010000
v -0.160253 -0.173862 0.000000
v -0.130740 -0.179245 0.015000
v -0.106564 -0.213524 0.000000
v -0.126231 -0.209891 0.010000
v -0.145899 -0.206259 0.010000
v -0.165566 -0.202626 0.000000
v -0.136065 -0.208075 0.015000
v -0.111913 -0.242370 0.000000
v -0.131578 -0.238723 0.010000
v -0.151242 -0.235077 0.010000
v -0.170907 -0.231431 0.000000
v -0.141410 -0.236900 0.015000
v -0.117216 -0.271168 0.000000
v -0.136885 -0.267546 0.010000
v -0.156555 -0.263924 0.010000
v -0.176224 -0.260302 0.000000
v -0.146720 -0.265735 0.015000
v -0.119188 -0.282142 0.000000
v -0.138873 -0.278604 0.010000
v -0.158557 -0.275066 0.010000
v -0.178242 -0.271528 0.000000
v -0.148715 -0.276835 0.015000
v -0.121080 -0.293067 0.000000
v -0.140787 -0.289652 0.010000
v -0.160493 -0.286238 0.010000
v -0.180200 -0.282824 0.000000
v -0.150640 -0.287945 0.015000
v -0.122904 -0.304004 0.000000
v -0.142631 -0.300715 0.010000
v -0.162359 -0.297426 0.010000
v -0.182086 -0.294136 0.000000
v -0.152495 -0.299070 0.015000
v -0.124658 -0.314954 0.000000
v -0.144406 -0.311788 0.010000
v -0.164154 -0.308622 0.010000
v -0.183902 -0.305457 0.000000
v -0.154280 -0.310205 0.015000
v -0.124255 -0.315794 0.000000
v -0.144255 -0.315882 0.010000
v -0.164255 -0.315969 0.010000
v -0.184255 -0.316056 0.000000
v -0.154255 -0.315925 0.015000
v -0.124716 -0.308752 0.000000
v -0.143135 -0.316544 0.010000
v -0.161555 -0.324336 0.010000
v -0.179974 -0.332128 0.000000
v -0.152345 -0.320440 0.015000
v -0.129103 -0.300877 0.000000
v -0.142184 -0.316006 0.010000
v -0.155266 -0.331135 0.010000
v -0.168347 -0.346264 0.000000
v -0.148725 -0.323570 0.015000
v -0.134852 -0.296431 0.000000
v -0.140667 -0.315567 0.010000
v -0.146483 -0.334703 0.010000
v -0.152298 -0.353839 0.000000
v -0.143575 -0.325135 0.015000
v -0.121110 -0.296644 0.000000
v -0.122517 -0.316595 0.010000
v -0.123923 -0.336545 0.010000
v -0.125330 -0.356496 0.000000
v -0.123220 -0.326570 0.015000
v -0.104355 -0.295761 0.000000
v -0.103525 -0.315744 0.010000
v -0.102695 -0.335727 0.010000
v -0.101866 -0.355709 0.000000
v -0.103110 -0.325735 0.015000
v -0.088125 -0.292860 0.000000
v -0.084872 -0.312593 0.010000
v -0.081618 -0.332327 0.010000
v -0.078365 -0.352061 0.000000
v -0.083245 -0.322460 0.015000
v -0.072245 -0.287847 0.000000
v -0.066505 -0.307006 0.010000
v -0.060765 -0.326165 0.010000
v -0.055025 -0.345323 0.000000
v -0.063635 -0.316585 0.015000
v -0.060322 -0.282821 0.000000
v -0.052754 -0.301334 0.010000
v -0.045186 -0.319847 0.010000
v -0.037618 -0.338359 0.000000
v -0.048970 -0.310590 0.015000
v -0.047991 -0.276718 0.000000
v -0.039207 -0.294686 0.010000
v -0.030423 -0.312654 0.010000
v -0.021639 -0.330622 0.000000
v -0.034815 -0.303670 0.015000
v -0.036186 -0.269820 0.000000
v -0.026185 -0.287140 0.010000
v -0.016185 -0.304460 0.010000
v -0.006184 -0.321780 0.000000
v -0.021185 -0.295800 0.015000
v -0.024901 -0.262101 0.000000
v -0.013700 -0.278670 0.010000
v -0.002500 -0.295240 0.010000
v 0.008701 -0.311810 0.000000
v -0.008100 -0.286955 0.015000
v -0.013947 -0.253910 0.000000
v -0.002006 -0.269953 0.010000
v 0.009936 -0.285997 0.010000
v 0.021877 -0.302041 0.000000
v 0.003965 -0.277975 0.015000
v -0.002311 -0.245006 0.000000
v 0.009840 -0.260892 0.010000
v 0.021990 -0.276778 0.010000
v 0.034141 -0.292664 0.000000
v 0.015915 -0.268835 0.015000
v 0.009530 -0.235887 0.000000
v 0.021733 -0.251732 0.010000
v 0.033937 -0.267578 0.010000
v 0.046140 -0.283424 0.000000
v 0.027835 -0.259655 0.015000
v 0.021691 -0.226663 0.000000
v 0.033777 -0.242598 0.010000
v 0.045863 -0.258533 0.010000
v 0.057949 -0.274468 0.000000
v 0.039820 -0.250565 0.015000
v 0.035159 -0.216625 0.000000
v 0.047110 -0.232662 0.010000
v 0.059060 -0.248699 0.010000
v 0.071011 -0.264736 0.000000
v 0.053085 -0.240680 0.015000
v 0.048578 -0.206719 0.000000
v 0.060456 -0.222810 0.010000
v 0.072334 -0.238901 0.010000
v 0.084212 -0.254992 0.000000
v 0.066395 -0.230855 0.015000
v 0.062085 -0.196870 0.000000
v 0.073868 -0.213030 0.010000
v 0.085652 -0.229190 0.010000
v 0.097435 -0.245351 0.000000
v 0.079760 -0.221110 0.015000
v 0.075730 -0.187090 0.000000
v 0.087380 -0.203347 0.010000
v 0.099030 -0.219603 0.010000
v 0.110680 -0.235860 0.000000
v 0.093205 -0.211475 0.015000
v 0.081057 -0.183686 0.000000
v 0.091669 -0.200639 0.010000
v 0.102281 -0.217591 0.010000
v 0.112893 -0.234544 0.000000
v 0.096975 -0.209115 0.015000
v 0.087443 -0.180318 0.000000
v 0.096468 -0.198166 0.010000
v 0.105492 -0.216014 0.010000
v 0.114517 -0.233862 0.000000
v 0.100980 -0.207090 0.015000
v 0.093103 -0.177792 0.000000
v 0.101114 -0.196117 0.010000
v 0.109126 -0.214443 0.010000
v 0.117137 -0.232768 0.000000
v 0.105120 -0.205280 0.015000
v 0.097845 -0.175830 0.000000
v 0.105468 -0.194320 0.010000
v 0.113091 -0.212810 0.010000
v 0.120714 -0.231301 0.000000
v 0.109280 -0.203565 0.015000
v 0.109575 -0.173549 0.000000
v 0.110062 -0.193543 0.010000
v 0.110548 -0.213537 0.010000
v 0.111035 -0.233531 0.000000
v 0.110305 -0.203540 0.015000
v 0.122472 -0.176086 0.000000
v 0.115187 -0.194712 0.010000
v 0.107902 -0.213338 0.010000
v 0.100617 -0.231964 0.000000
v 0.111545 -0.204025 0.015000
v 0.127875 -0.178815 0.000000
v 0.117852 -0.196122 0.010000
v 0.107828 -0.213429 0.010000
v 0.097805 -0.230736 0.000000
v 0.112840 -0.204775 0.015000
v 0.130359 -0.180380 0.000000
v 0.119476 -0.197160 0.010000
v 0.108594 -0.213940 0.010000
v 0.097711 -0.230720 0.000000
v 0.114035 -0.205550 0.015000
v 0.142668 -0.196587 0.000000
v 0.123673 -0.202846 0.010000
v 0.104677 -0.209104 0.010000
v 0.085682 -0.215363 0.000000
v 0.114175 -0.205975 0.015000
v 0.144025 -0.209068 0.000000
v 0.124085 -0.207523 0.010000
v 0.104145 -0.205977 0.010000
v 0.084205 -0.204432 0.000000
v 0.114115 -0.206750 0.015000
v 0.143043 -0.214749 0.000000
v 0.123614 -0.210003 0.010000
v 0.104186 -0.205257 0.010000
v 0.084757 -0.200511 0.000000
v 0.113900 -0.207630 0.015000
v 0.141145 -0.220214 0.000000
v 0.122768 -0.212321 0.010000
v 0.104392 -0.204429 0.010000
v 0.086015 -0.196536 0.000000
v 0.113580 -0.208375 0.015000
v 0.138048 -0.225797 0.000000
v 0.121203 -0.215016 0.010000
v 0.104357 -0.204235 0.010000
v 0.087512 -0.193454 0.000000
v 0.112780 -0.209625 0.015000
v 0.136354 -0.228239 0.000000
v 0.120061 -0.216640 0.010000
v 0.103769 -0.205040 0.010000
v 0.087476 -0.193441 0.000000
v 0.111915 -0.210840 0.015000
v 0.134523 -0.230616 0.000000
v 0.118834 -0.218212 0.010000
v 0.103145 -0.205808 0.010000
v 0.087456 -0.193404 0.000000
v 0.110990 -0.212010 0.015000
v 0.132488 -0.232987 0.000000
v 0.117499 -0.219746 0.010000
v 0.102510 -0.206504 0.010000
v 0.087521 -0.193263 0.000000
v 0.110005 -0.213125 0.015000
v 0.104227 -0.263299 0.000000
v 0.089602 -0.249656 0.010000
v 0.074978 -0.236014 0.010000
v 0.060353 -0.222371 0.000000
v 0.082290 -0.242835 0.015000
v 0.076503 -0.293008 0.000000
v 0.061881 -0.279363 0.010000
v 0.047259 -0.265717 0.010000
v 0.032637 -0.252072 0.000000
v 0.054570 -0.272540 0.015000
v 0.048741 -0.322707 0.000000
v 0.034130 -0.309049 0.010000
v 0.019520 -0.295391 0.010000
v 0.004909 -0.281733 0.000000
v 0.026825 -0.302220 0.015000
v 0.020912 -0.352378 0.000000
v 0.006324 -0.338696 0.010000
v -0.008264 -0.325014 0.010000
v -0.022852 -0.311332 0.000000
v -0.000970 -0.331855 0.015000
v 0.014935 -0.358603 0.000000
v 0.000512 -0.344748 0.010000
v -0.013912 -0.330892 0.010000
v -0.028335 -0.317037 0.000000
v -0.006700 -0.337820 0.015000
v 0.008589 -0.364928 0.000000
v -0.005517 -0.350749 0.010000
v -0.019623 -0.336571 0.010000
v -0.033729 -0.322393 0.000000
v -0.012570 -0.343660 0.015000
v 0.002078 -0.371119 0.000000
v -0.011691 -0.356613 0.010000
v -0.025460 -0.342107 0.010000
v -0.039229 -0.327602 0.000000
v -0.018575 -0.349360 0.015000
v -0.004608 -0.377170 0.000000
v -0.018013 -0.362327 0.010000
v -0.031417 -0.347484 0.010000
v -0.044822 -0.332641 0.000000
v -0.024715 -0.354905 0.015000
v -0.025886 -0.393903 0.000000
v -0.038205 -0.378148 0.010000
v -0.050525 -0.362393 0.010000
v -0.062844 -0.346637 0.000000
v -0.044365 -0.370270 0.015000
v -0.049939 -0.408652 0.000000
v -0.060260 -0.391521 0.010000
v -0.070581 -0.374389 0.010000
v -0.080902 -0.357258 0.000000
v -0.065420 -0.382955 0.015000
v -0.075764 -0.420349 0.000000
v -0.083865 -0.402063 0.010000
v -0.091965 -0.383777 0.010000
v -0.100066 -0.365491 0.000000
v -0.087915 -0.392920 0.015000
v -0.103263 -0.428856 0.000000
v -0.109018 -0.409702 0.010000
v -0.114773 -0.390548 0.010000
v -0.120528 -0.371394 0.000000
v -0.111895 -0.400125 0.015000
v -0.117701 -0.431672 0.000000
v -0.121277 -0.411994 0.010000
v -0.124853 -0.392316 0.010000
v -0.128429 -0.372639 0.000000
v -0.123065 -0.402155 0.015000
v -0.131347 -0.433104 0.000000
v -0.133286 -0.413198 0.010000
v -0.135225 -0.393292 0.010000
v -0.137163 -0.373386 0.000000
v -0.134255 -0.403245 0.015000
v -0.298350 0.005860 0.000000
v -0.328846 0.026299 0.000000
v -0.308852 0.026776 0.010000
v -0.288858 0.027254 0.010000
v -0.268864 0.027731 0.000000
v -0.298855 0.027015 0.015000
v -0.329318 0.047442 0.000000
v -0.309323 0.047887 0.010000
v -0.289328 0.048333 0.010000
v -0.269332 0.048778 0.000000
v -0.299325 0.048110 0.015000
v -0.329720 0.068605 0.000000
v -0.309723 0.068985 0.010000
v -0.289727 0.069365 0.010000
v -0.269730 0.069744 0.000000
v -0.299725 0.069175 0.015000
v -0.329774 0.076485 0.000000
v -0.309775 0.076618 0.010000
v -0.289775 0.076752 0.010000
v -0.269776 0.076885 0.000000
v -0.299775 0.076685 0.015000
v -0.329672 0.084594 0.000000
v -0.309674 0.084328 0.010000
v -0.289676 0.084062 0.010000
v -0.269678 0.083795 0.000000
v -0.299675 0.084195 0.015000
v -0.329414 0.092683 0.000000
v -0.309425 0.092031 0.010000
v -0.289435 0.091379 0.010000
v -0.269446 0.090727 0.000000
v -0.299430 0.091705 0.015000
v -0.329006 0.100743 0.000000
v -0.309032 0.099718 0.010000
v -0.289058 0.098692 0.010000
v -0.269084 0.097667 0.000000
v -0.299045 0.099205 0.015000
v -0.326896 0.113243 0.000000
v -0.307255 0.109468 0.010000
v -0.287615 0.105692 0.010000
v -0.267974 0.101916 0.000000
v -0.297435 0.107580 0.015000
v -0.320750 0.128102 0.000000
v -0.302827 0.119227 0.010000
v -0.284903 0.110353 0.010000
v -0.266980 0.101478 0.000000
v -0.293865 0.114790 0.015000
v -0.311246 0.140539 0.000000
v -0.296135 0.127436 0.010000
v -0.281025 0.114334 0.010000
v -0.265914 0.101231 0.000000
v -0.288580 0.120885 0.015000
v -0.299742 0.149977 0.000000
v -0.287797 0.133936 0.010000
v -0.275853 0.117894 0.010000
v -0.263908 0.101853 0.000000
v -0.281825 0.125915 0.015000
v -0.291632 0.154894 0.000000
v -0.281631 0.137575 0.010000
v -0.271629 0.120255 0.010000
v -0.261628 0.102936 0.000000
v -0.276630 0.128915 0.015000
v -0.285173 0.158294 0.000000
v -0.275924 0.140561 0.010000
v -0.266676 0.122828 0.010000
v -0.257427 0.105096 0.000000
v -0.271300 0.131695 0.015000
v -0.278771 0.161367 0.000000
v -0.270167 0.143312 0.010000
v -0.261563 0.125258 0.010000
v -0.252959 0.107203 0.000000
v -0.265865 0.134285 0.015000
v -0.272503 0.164152 0.000000
v -0.264414 0.145861 0.010000
v -0.256326 0.127569 0.010000
v -0.248237 0.109278 0.000000
v -0.260370 0.136715 0.015000
v -0.261621 0.168737 0.000000
v -0.253864 0.150302 0.010000
v -0.246106 0.131868 0.010000
v -0.238349 0.113433 0.000000
v -0.249985 0.141085 0.015000
v -0.250910 0.173118 0.000000
v -0.243340 0.154606 0.010000
v -0.235770 0.136094 0.010000
v -0.228200 0.117582 0.000000
v -0.239555 0.145350 0.015000
v -0.240241 0.177391 0.000000
v -0.232807 0.158824 0.010000
v -0.225373 0.140256 0.010000
v -0.217939 0.121689 0.000000
v -0.229090 0.149540 0.015000
v -0.229623 0.181584 0.000000
v -0.222278 0.162981 0.010000
v -0.214932 0.144379 0.010000
v -0.207587 0.125776 0.000000
v -0.218605 0.153680 0.015000
v -0.211891 0.188434 0.000000
v -0.204684 0.169778 0.010000
v -0.197476 0.151122 0.010000
v -0.190269 0.132466 0.000000
v -0.201080 0.160450 0.015000
v -0.194215 0.195176 0.000000
v -0.187088 0.176489 0.010000
v -0.179962 0.157801 0.010000
v -0.172835 0.139114 0.000000
v -0.183525 0.167145 0.015000
v -0.176897 0.201914 0.000000
v -0.169646 0.183275 0.010000
v -0.162394 0.164635 0.010000
v -0.155143 0.145996 0.000000
v -0.166020 0.173955 0.015000
v -0.159992 0.208829 0.000000
v -0.152424 0.190316 0.010000
v -0.144856 0.171804 0.010000
v -0.137288 0.153291 0.000000
v -0.148640 0.181060 0.015000
v -0.142996 0.214957 0.000000
v -0.136242 0.196132 0.010000
v -0.129488 0.177308 0.010000
v -0.122734 0.158483 0.000000
v -0.132865 0.186720 0.015000
v -0.123037 0.219388 0.000000
v -0.118986 0.199803 0.010000
v -0.114934 0.180217 0.010000
v -0.110883 0.160632 0.000000
v -0.116960 0.190010 0.015000
v -0.101509 0.220387 0.000000
v -0.101033 0.200392 0.010000
v -0.100557 0.180398 0.010000
v -0.100081 0.160403 0.000000
v -0.100795 0.190395 0.015000
v -0.078791 0.216835 0.000000
v -0.082427 0.197168 0.010000
v -0.086063 0.177502 0.010000
v -0.089699 0.157835 0.000000
v -0.084245 0.187335 0.015000
v -0.071855 0.215151 0.000000
v -0.076742 0.195757 0.010000
v -0.081628 0.176363 0.010000
v -0.086515 0.156969 0.000000
v -0.079185 0.186060 0.015000
v -0.068260 0.214486 0.000000
v -0.072120 0.194862 0.010000
v -0.075980 0.175238 0.010000
v -0.079840 0.155614 0.000000
v -0.074050 0.185050 0.015000
v -0.063375 0.213572 0.000000
v -0.067058 0.193914 0.010000
v -0.070742 0.174256 0.010000
v -0.074425 0.154598 0.000000
v -0.068900 0.184085 0.015000
v -0.057257 0.212224 0.000000
v -0.061616 0.192705 0.010000
v -0.065974 0.173185 0.010000
v -0.070333 0.153666 0.000000
v -0.063795 0.182945 0.015000
v -0.043204 0.205152 0.000000
v -0.054668 0.188764 0.010000
v -0.066132 0.172376 0.010000
v -0.077597 0.155988 0.000000
v -0.060400 0.180570 0.015000
v -0.031396 0.189562 0.000000
v -0.049352 0.180754 0.010000
v -0.067308 0.171946 0.010000
v -0.085264 0.163138 0.000000
v -0.058330 0.176350 0.015000
v -0.028029 0.174211 0.000000
v -0.047953 0.172470 0.010000
v -0.067877 0.170730 0.010000
v -0.087801 0.168989 0.000000
v -0.057915 0.171600 0.015000
v -0.031609 0.156560 0.000000
v -0.050196 0.163943 0.010000
v -0.068784 0.171327 0.010000
v -0.087371 0.178710 0.000000
v -0.059490 0.167635 0.015000
v -0.038287 0.146295 0.000000
v -0.053399 0.159395 0.010000
v -0.068511 0.172495 0.010000
v -0.083623 0.185595 0.000000
v -0.060955 0.165945 0.015000
v -0.040303 0.144070 0.000000
v -0.055078 0.157550 0.010000
v -0.069852 0.171030 0.010000
v -0.084627 0.184510 0.000000
v -0.062465 0.164290 0.015000
v -0.042832 0.141497 0.000000
v -0.056974 0.155639 0.010000
v -0.071116 0.169781 0.010000
v -0.085258 0.183923 0.000000
v -0.064045 0.162710 0.015000
v -0.045931 0.138693 0.000000
v -0.059120 0.153728 0.010000
v -0.072310 0.168762 0.010000
v -0.085499 0.183797 0.000000
v -0.065715 0.161245 0.015000
v -0.057675 0.129927 0.000000
v -0.069515 0.146046 0.010000
v -0.081355 0.162164 0.010000
v -0.093195 0.178283 0.000000
v -0.075435 0.154105 0.015000
v -0.070307 0.122224 0.000000
v -0.080562 0.139395 0.010000
v -0.090818 0.156565 0.010000
v -0.101073 0.173736 0.000000
v -0.085690 0.147980 0.015000
v -0.083831 0.115738 0.000000
v -0.092294 0.133859 0.010000
v -0.100756 0.151981 0.010000
v -0.109219 0.170102 0.000000
v -0.096525 0.142920 0.015000
v -0.098181 0.110609 0.000000
v -0.104710 0.129513 0.010000
v -0.111240 0.148417 0.010000
v -0.117770 0.167321 0.000000
v -0.107975 0.138965 0.015000
v -0.104886 0.108527 0.000000
v -0.110769 0.127642 0.010000
v -0.116651 0.146758 0.010000
v -0.122534 0.165873 0.000000
v -0.113710 0.137200 0.015000
v -0.109347 0.106914 0.000000
v -0.116039 0.125761 0.010000
v -0.122731 0.144609 0.010000
v -0.129423 0.163456 0.000000
v -0.119385 0.135185 0.015000
v -0.113393 0.105182 0.000000
v -0.121084 0.123644 0.010000
v -0.128776 0.142106 0.010000
v -0.136467 0.160568 0.000000
v -0.124930 0.132875 0.015000
v -0.116979 0.103337 0.000000
v -0.125850 0.121262 0.010000
v -0.134720 0.139188 0.010000
v -0.143591 0.157113 0.000000
v -0.130285 0.130225 0.015000
v -0.124452 0.098063 0.000000
v -0.135541 0.114708 0.010000
v -0.146629 0.131352 0.010000
v -0.157718 0.147997 0.000000
v -0.141085 0.123030 0.015000
v -0.128637 0.093002 0.000000
v -0.142819 0.107104 0.010000
v -0.157001 0.121206 0.010000
v -0.171183 0.135308 0.000000
v -0.149910 0.114155 0.015000
v -0.131397 0.087429 0.000000
v -0.148242 0.098210 0.010000
v -0.165088 0.108990 0.010000
v -0.181933 0.119771 0.000000
v -0.156665 0.103600 0.015000
v -0.133159 0.080839 0.000000
v -0.151886 0.087860 0.010000
v -0.170614 0.094880 0.010000
v -0.189341 0.101901 0.000000
v -0.161250 0.091370 0.015000
v -0.133637 0.078512 0.000000
v -0.152956 0.083687 0.010000
v -0.172274 0.088863 0.010000
v -0.191593 0.094038 0.000000
v -0.162615 0.086275 0.015000
v -0.134801 0.073854 0.000000
v -0.154200 0.078718 0.010000
v -0.173600 0.083582 0.010000
v -0.192999 0.088446 0.000000
v -0.163900 0.081150 0.015000
v -0.135554 0.070007 0.000000
v -0.155151 0.073999 0.010000
v -0.174749 0.077991 0.010000
v -0.194346 0.081982 0.000000
v -0.164950 0.075995 0.015000
v -0.135833 0.067078 0.000000
v -0.155678 0.069566 0.010000
v -0.175522 0.072054 0.010000
v -0.195367 0.074542 0.000000
v -0.165600 0.070810 0.015000
v -0.137005 0.044353 0.000000
v -0.156975 0.045448 0.010000
v -0.176945 0.046542 0.010000
v -0.196915 0.047637 0.000000
v -0.166960 0.045995 0.015000
v -0.136950 0.021237 0.000000
v -0.156950 0.021229 0.010000
v -0.176950 0.021221 0.010000
v -0.196950 0.021213 0.000000
v -0.166950 0.021225 0.015000
v -0.135248 -0.001313 0.000000
v -0.155196 -0.002751 0.010000
v -0.175144 -0.004189 0.010000
v -0.195092 -0.005627 0.000000
v -0.165170 -0.003470 0.015000
v -0.131608 -0.023320 0.000000
v -0.151356 -0.026483 0.010000
v -0.171104 -0.029647 0.010000
v -0.190852 -0.032810 0.000000
v -0.161230 -0.028065 0.015000
v -0.131365 -0.024424 0.000000
v -0.150978 -0.028338 0.010000
v -0.170592 -0.032252 0.010000
v -0.190205 -0.036166 0.000000
v -0.160785 -0.030295 0.015000
v -0.130991 -0.026105 0.000000
v -0.150527 -0.030388 0.010000
v -0.170063 -0.034672 0.010000
v -0.189599 -0.038955 0.000000
v -0.160295 -0.032530 0.015000
v -0.130923 -0.026022 0.000000
v -0.150071 -0.031797 0.010000
v -0.169219 -0.037573 0.010000
v -0.188367 -0.043348 0.000000
v -0.159645 -0.034685 0.015000
v -0.131549 -0.023942 0.000000
v -0.149660 -0.032427 0.010000
v -0.167770 -0.040913 0.010000
v -0.185881 -0.049398 0.000000
v -0.158715 -0.036670 0.015000
v -0.131119 -0.024324 0.000000
v -0.148226 -0.034685 0.010000
v -0.165334 -0.045045 0.010000
v -0.182441 -0.055406 0.000000
v -0.156780 -0.039865 0.015000
v -0.129714 -0.026391 0.000000
v -0.146371 -0.037460 0.010000
v -0.163029 -0.048530 0.010000
v -0.179686 -0.059599 0.000000
v -0.154700 -0.042995 0.015000
v -0.128713 -0.027550 0.000000
v -0.144514 -0.039810 0.010000
v -0.160316 -0.052070 0.010000
v -0.176117 -0.064330 0.000000
v -0.152415 -0.045940 0.015000
v -0.128233 -0.027810 0.000000
v -0.142658 -0.041663 0.010000
v -0.157082 -0.055517 0.010000
v -0.171507 -0.069370 0.000000
v -0.149870 -0.048590 0.015000
v -0.127823 -0.027542 0.000000
v -0.139618 -0.043694 0.010000
v -0.151412 -0.059846 0.010000
v -0.163207 -0.075998 0.000000
v -0.145515 -0.051770 0.015000
v -0.129543 -0.025855 0.000000
v -0.136994 -0.044415 0.010000
v -0.144446 -0.062975 0.010000
v -0.151897 -0.081535 0.000000
v -0.140720 -0.053695 0.015000
v -0.133184 -0.024209 0.000000
v -0.134805 -0.044143 0.010000
v -0.136425 -0.064077 0.010000
v -0.138046 -0.084011 0.000000
v -0.135615 -0.054110 0.015000
v -0.137726 -0.023694 0.000000
v -0.132802 -0.043078 0.010000
v -0.127878 -0.062462 0.010000
v -0.122954 -0.081847 0.000000
v -0.130340 -0.052770 0.015000
v -0.135934 -0.022359 0.000000
v -0.127658 -0.040566 0.010000
v -0.119382 -0.058774 0.010000
v -0.111106 -0.076981 0.000000
v -0.123520 -0.049670 0.015000
v -0.130062 -0.019446 0.000000
v -0.121214 -0.037382 0.010000
v -0.112366 -0.055318 0.010000
v -0.103518 -0.073254 0.000000
v -0.116790 -0.046350 0.015000
v -0.123992 -0.016275 0.000000
v -0.114751 -0.034012 0.010000
v -0.105509 -0.051748 0.010000
v -0.096268 -0.069485 0.000000
v -0.110130 -0.042880 0.015000
v -0.117759 -0.012912 0.000000
v -0.108270 -0.030517 0.010000
v -0.098780 -0.048123 0.010000
v -0.089291 -0.065728 0.000000
v -0.103525 -0.039320 0.015000
v -0.110939 -0.009099 0.000000
v -0.101187 -0.026560 0.010000
v -0.091434 -0.044020 0.010000
v -0.081681 -0.061481 0.000000
v -0.096310 -0.035290 0.015000
v -0.104180 -0.005184 0.000000
v -0.094163 -0.022494 0.010000
v -0.084147 -0.039805 0.010000
v -0.074130 -0.057116 0.000000
v -0.089155 -0.031150 0.015000
v -0.097131 -0.001072 0.000000
v -0.087054 -0.018347 0.010000
v -0.076976 -0.035623 0.010000
v -0.066899 -0.052898 0.000000
v -0.082015 -0.026985 0.015000
v -0.089752 0.003157 0.000000
v -0.079811 -0.014198 0.010000
v -0.069870 -0.031552 0.010000
v -0.059929 -0.048907 0.000000
v -0.074840 -0.022875 0.015000
v -0.081396 0.006646 0.000000
v -0.074639 -0.012178 0.010000
v -0.067882 -0.031002 0.010000
v -0.061125 -0.049826 0.000000
v -0.071260 -0.021590 0.015000
v -0.067437 0.008384 0.000000
v -0.067576 -0.011615 0.010000
v -0.067714 -0.031615 0.010000
v -0.067853 -0.051614 0.000000
v -0.067645 -0.021615 0.015000
v -0.053198 0.004921 0.000000
v -0.060606 -0.013656 0.010000
v -0.068014 -0.032234 0.010000
v -0.075423 -0.050811 0.000000
v -0.064310 -0.022945 0.015000
v -0.040766 -0.003970 0.000000
v -0.054642 -0.018373 0.010000
v -0.068518 -0.032777 0.010000
v -0.082394 -0.047180 0.000000
v -0.061580 -0.025575 0.015000
v -0.034220 -0.013095 0.000000
v -0.051800 -0.022632 0.010000
v -0.069380 -0.032168 0.010000
v -0.086960 -0.041705 0.000000
v -0.060590 -0.027400 0.015000
v -0.031335 -0.020407 0.000000
v -0.050398 -0.026456 0.010000
v -0.069462 -0.032504 0.010000
v -0.088525 -0.038553 0.000000
v -0.059930 -0.029480 0.015000
v -0.029979 -0.026672 0.000000
v -0.049700 -0.030004 0.010000
v -0.069420 -0.033336 0.010000
v -0.089141 -0.036668 0.000000
v -0.059560 -0.031670 0.015000
v -0.029486 -0.032166 0.000000
v -0.049456 -0.033275 0.010000
v -0.069425 -0.034385 0.010000
v -0.089394 -0.035494 0.000000
v -0.059440 -0.033830 0.015000
v -0.030455 -0.041680 0.000000
v -0.049972 -0.037310 0.010000
v -0.069489 -0.032940 0.010000
v -0.089005 -0.028570 0.000000
v -0.059730 -0.035125 0.015000
v -0.034326 -0.051152 0.000000
v -0.051752 -0.041337 0.010000
v -0.069178 -0.031523 0.010000
v -0.086605 -0.021708 0.000000
v -0.060465 -0.036430 0.015000
v -0.037442 -0.055730 0.000000
v -0.053434 -0.043720 0.010000
v -0.069426 -0.031710 0.010000
v -0.085419 -0.019700 0.000000
v -0.061430 -0.037715 0.015000
v -0.038844 -0.057522 0.000000
v -0.054548 -0.045137 0.010000
v -0.070252 -0.032753 0.010000
v -0.085956 -0.020368 0.000000
v -0.062400 -0.038945 0.015000
v -0.050231 -0.072627 0.000000
v -0.066197 -0.060582 0.010000
v -0.082163 -0.048537 0.010000
v -0.098129 -0.036493 0.000000
v -0.074180 -0.054560 0.015000
v -0.062043 -0.088254 0.000000
v -0.077998 -0.076195 0.010000
v -0.093953 -0.064135 0.010000
v -0.109908 -0.052075 0.000000
v -0.085975 -0.070165 0.015000
v -0.073820 -0.103850 0.000000
v -0.089780 -0.091796 0.010000
v -0.105740 -0.079743 0.010000
v -0.121700 -0.067690 0.000000
v -0.097760 -0.085770 0.015000
v -0.085559 -0.119440 0.000000
v -0.101537 -0.107410 0.010000
v -0.117514 -0.095380 0.010000
v -0.133491 -0.083350 0.000000
v -0.109525 -0.101395 0.015000
v -0.091053 -0.126000 0.000000
v -0.106311 -0.113070 0.010000
v -0.121569 -0.100140 0.010000
v -0.136827 -0.087210 0.000000
v -0.113940 -0.106605 0.015000
v -0.098821 -0.133359 0.000000
v -0.112200 -0.118493 0.010000
v -0.125580 -0.103627 0.010000
v -0.138959 -0.088761 0.000000
v -0.118890 -0.111060 0.015000
v -0.108174 -0.139860 0.000000
v -0.119041 -0.123070 0.010000
v -0.129909 -0.106280 0.010000
v -0.140776 -0.089490 0.000000
v -0.124475 -0.114675 0.015000
v -0.119046 -0.144968 0.000000
v -0.126879 -0.126566 0.010000
v -0.134712 -0.108164 0.010000
v -0.142544 -0.089761 0.000000
v -0.130795 -0.117365 0.015000
v -0.147853 -0.154535 0.000000
v -0.154088 -0.135531 0.010000
v -0.160323 -0.116528 0.010000
v -0.166557 -0.097525 0.000000
v -0.157205 -0.126030 0.015000
v -0.174225 -0.163216 0.000000
v -0.180479 -0.144218 0.010000
v -0.186732 -0.125221 0.010000
v -0.192985 -0.106224 0.000000
v -0.183605 -0.134720 0.015000
v -0.200562 -0.171935 0.000000
v -0.206847 -0.152948 0.010000
v -0.213133 -0.133962 0.010000
v -0.219419 -0.114975 0.000000
v -0.209990 -0.143455 0.015000
v -0.226846 -0.180714 0.000000
v -0.233182 -0.161745 0.010000
v -0.239518 -0.142775 0.010000
v -0.245855 -0.123805 0.000000
v -0.236350 -0.152260 0.015000
v -0.237251 -0.183597 0.000000
v -0.242504 -0.164299 0.010000
v -0.247757 -0.145001 0.010000
v -0.253010 -0.125703 0.000000
v -0.245130 -0.154650 0.015000
v -0.249283 -0.185687 0.000000
v -0.252424 -0.165936 0.010000
v -0.255566 -0.146184 0.010000
v -0.258707 -0.126432 0.000000
v -0.253995 -0.156060 0.015000
v -0.260899 -0.186600 0.000000
v -0.262260 -0.166647 0.010000
v -0.263621 -0.146693 0.010000
v -0.264981 -0.126739 0.000000
v -0.262940 -0.156670 0.015000
v -0.272032 -0.186650 0.000000
v -0.271987 -0.166650 0.010000
v -0.271943 -0.146650 0.010000
v -0.271899 -0.126650 0.000000
v -0.271965 -0.156650 0.015000
v -0.286641 -0.184409 0.000000
v -0.282930 -0.164756 0.010000
v -0.279220 -0.145103 0.010000
v -0.275509 -0.125451 0.000000
v -0.281075 -0.154930 0.015000
v -0.303566 -0.176659 0.000000
v -0.293692 -0.159266 0.010000
v -0.283818 -0.141873 0.010000
v -0.273944 -0.124481 0.000000
v -0.288755 -0.150570 0.015000
v -0.317296 -0.163277 0.000000
v -0.302022 -0.150366 0.010000
v -0.286748 -0.137454 0.010000
v -0.271474 -0.124542 0.000000
v -0.294385 -0.143910 0.015000
v -0.325721 -0.145023 0.000000
v -0.306804 -0.138531 0.010000
v -0.287887 -0.132039 0.010000
v -0.268970 -0.125547 0.000000
v -0.297345 -0.135285 0.015000
v -0.328120 -0.130734 0.000000
v -0.308267 -0.128318 0.010000
v -0.288413 -0.125902 0.010000
v -0.268560 -0.123485 0.000000
v -0.298340 -0.127110 0.015000
v -0.328868 -0.121085 0.000000
v -0.308923 -0.119608 0.010000
v -0.288977 -0.118132 0.010000
v -0.269032 -0.116655 0.000000
v -0.298950 -0.118870 0.015000
v -0.329226 -0.111675 0.000000
v -0.309239 -0.110962 0.010000
v -0.289252 -0.110248 0.010000
v -0.269264 -0.109535 0.000000
v -0.299245 -0.110605 0.015000
v -0.329290 -0.102513 0.000000
v -0.309290 -0.102404 0.010000
v -0.289290 -0.102295 0.010000
v -0.269291 -0.102186 0.000000
v -0.299290 -0.102350 0.015000
v -0.329053 -0.080217 0.000000
v -0.309055 -0.080432 0.010000
v -0.289056 -0.080648 0.010000
v -0.269057 -0.080863 0.000000
v -0.299055 -0.080540 0.015000
v -0.328686 -0.058252 0.000000
v -0.308689 -0.058587 0.010000
v -0.288692 -0.058922 0.010000
v -0.268694 -0.059257 0.000000
v -0.298690 -0.058755 0.015000
v 0.234565 -0.413575 0.000000
v 0.220605 -0.442071 0.000000
v 0.223072 -0.422224 -0.010000
v 0.225538 -0.402376 -0.010000
v 0.228005 -0.382529 0.000000
v 0.224305 -0.412300 -0.015000
v 0.209128 -0.440580 0.000000
v 0.211706 -0.420747 -0.010000
v 0.214284 -0.400913 -0.010000
v 0.216862 -0.381080 0.000000
v 0.212995 -0.410830 -0.015000
v 0.196978 -0.438865 0.000000
v 0.199776 -0.419062 -0.010000
v 0.202574 -0.399258 -0.010000
v 0.205372 -0.379455 0.000000
v 0.201175 -0.409160 -0.015000
v 0.179158 -0.435887 0.000000
v 0.182466 -0.416162 -0.010000
v 0.185774 -0.396438 -0.010000
v 0.189082 -0.376713 0.000000
v 0.184120 -0.406300 -0.015000
v 0.161196 -0.432246 0.000000
v 0.165189 -0.412649 -0.010000
v 0.169181 -0.393051 -0.010000
v 0.173174 -0.373454 0.000000
v 0.167185 -0.402850 -0.015000
v 0.143427 -0.428036 0.000000
v 0.148056 -0.408579 -0.010000
v 0.152684 -0.389122 -0.010000
v 0.157313 -0.369664 0.000000
v 0.150370 -0.398850 -0.015000
v 0.125843 -0.423295 0.000000
v 0.131064 -0.403988 -0.010000
v 0.136286 -0.384682 -0.010000
v 0.141507 -0.365375 0.000000
v 0.133675 -0.394335 -0.015000
v 0.120806 -0.421808 0.000000
v 0.126502 -0.402636 -0.010000
v 0.132198 -0.383464 -0.010000
v 0.137894 -0.364293 0.000000
v 0.129350 -0.393050 -0.015000
v 0.115727 -0.420158 0.000000
v 0.121946 -0.401149 -0.010000
v 0.128164 -0.382141 -0.010000
v 0.134383 -0.363132 0.000000
v 0.125055 -0.391645 -0.015000
v 0.110351 -0.418180 0.000000
v 0.117337 -0.399440 -0.010000
v 0.124323 -0.380700 -0.010000
v 0.131309 -0.361960 0.000000
v 0.120830 -0.390070 -0.015000
v 0.104755 -0.415795 0.000000
v 0.112725 -0.397452 -0.010000
v 0.120695 -0.379108 -0.010000
v 0.128665 -0.360765 0.000000
v 0.116710 -0.388280 -0.015000
v 0.084013 -0.402149 0.000000
v 0.095384 -0.385696 -0.010000
v 0.106756 -0.369244 -0.010000
v 0.118127 -0.352791 0.000000
v 0.101070 -0.377470 -0.015000
v 0.065880 -0.380747 0.000000
v 0.081803 -0.368646 -0.010000
v 0.097727 -0.356544 -0.010000
v 0.113650 -0.344442 0.000000
v 0.089765 -0.362595 -0.015000
v 0.055293 -0.355077 0.000000
v 0.074151 -0.348416 -0.010000
v 0.093009 -0.341754 -0.010000
v 0.111867 -0.335093 0.000000
v 0.083580 -0.345085 -0.015000
v 0.053303 -0.326829 0.000000
v 0.073301 -0.326530 -0.010000
v 0.093299 -0.326230 -0.010000
v 0.113297 -0.325931 0.000000
v 0.083300 -0.326380 -0.015000
v 0.061800 -0.288672 0.000000
v 0.081203 -0.293521 -0.010000
v 0.100607 -0.298369 -0.010000
v 0.120010 -0.303218 0.000000
v 0.090905 -0.295945 -0.015000
v 0.076552 -0.255860 0.000000
v 0.094664 -0.264343 -0.010000
v 0.112776 -0.272827 -0.010000
v 0.130888 -0.281310 0.000000
v 0.103720 -0.268585 -0.015000
v 0.097576 -0.226444 0.000000
v 0.113655 -0.238338 -0.010000
v 0.129734 -0.250232 -0.010000
v 0.145813 -0.262126 0.000000
v 0.121695 -0.244285 -0.015000
v 0.124469 -0.200961 0.000000
v 0.138013 -0.215677 -0.010000
v 0.151557 -0.230393 -0.010000
v 0.165100 -0.245110 0.000000
v 0.144785 -0.223035 -0.015000
v 0.127184 -0.198729 0.000000
v 0.139328 -0.214620 -0.010000
v 0.151472 -0.230511 -0.010000
v 0.163616 -0.246401 0.000000
v 0.145400 -0.222565 -0.015000
v 0.129103 -0.197365 0.000000
v 0.140401 -0.213868 -0.010000
v 0.151699 -0.230372 -0.010000
v 0.162997 -0.246875 0.000000
v 0.146050 -0.222120 -0.015000
v 0.133228 -0.194988 0.000000
v 0.142226 -0.212849 -0.010000
v 0.151224 -0.230711 -0.010000
v 0.160222 -0.248572 0.000000
v 0.146725 -0.221780 -0.015000
v 0.140535 -0.192417 0.000000
v 0.145115 -0.211886 -0.010000
v 0.149695 -0.231354 -0.010000
v 0.154275 -0.250823 0.000000
v 0.147405 -0.221620 -0.015000
v 0.146546 -0.191598 0.000000
v 0.148075 -0.211539 -0.010000
v 0.149605 -0.231481 -0.010000
v 0.151134 -0.251422 0.000000
v 0.148840 -0.221510 -0.015000
v 0.149309 -0.191477 0.000000
v 0.149983 -0.211466 -0.010000
v 0.150657 -0.231454 -0.010000
v 0.151331 -0.251443 0.000000
v 0.150320 -0.221460 -0.015000
v 0.154975 -0.191792 0.000000
v 0.152775 -0.211671 -0.010000
v 0.150575 -0.231549 -0.010000
v 0.148375 -0.251428 0.000000
v 0.151675 -0.221610 -0.015000
v 0.165430 -0.194923 0.000000
v 0.156967 -0.213045 -0.010000
v 0.148503 -0.231166 -0.010000
v 0.140040 -0.249287 0.000000
v 0.152735 -0.222105 -0.015000
v 0.176772 -0.204099 0.000000
v 0.161344 -0.216827 -0.010000
v 0.145916 -0.229554 -0.010000
v 0.130488 -0.242281 0.000000
v 0.153630 -0.223190 -0.015000
v 0.181350 -0.211604 0.000000
v 0.163340 -0.220301 -0.010000
v 0.145330 -0.228999 -0.010000
v 0.127320 -0.237696 0.000000
v 0.154335 -0.224650 -0.015000
v 0.183857 -0.219105 0.000000
v 0.164412 -0.223785 -0.010000
v 0.144968 -0.228465 -0.010000
v 0.125523 -0.233145 0.000000
v 0.154690 -0.226125 -0.015000
v 0.184228 -0.231489 0.000000
v 0.164429 -0.228660 -0.010000
v 0.144630 -0.225831 -0.010000
v 0.124832 -0.223002 0.000000
v 0.154530 -0.227245 -0.015000
v 0.176745 -0.248751 0.000000
v 0.159435 -0.238734 -0.010000
v 0.142125 -0.228716 -0.010000
v 0.124814 -0.218699 0.000000
v 0.150780 -0.233725 -0.015000
v 0.172683 -0.255552 0.000000
v 0.155518 -0.245287 -0.010000
v 0.138352 -0.235023 -0.010000
v 0.121187 -0.224759 0.000000
v 0.146935 -0.240155 -0.015000
v 0.168456 -0.262357 0.000000
v 0.151472 -0.251796 -0.010000
v 0.134488 -0.241234 -0.010000
v 0.117504 -0.230673 0.000000
v 0.142980 -0.246515 -0.015000
v 0.164037 -0.269157 0.000000
v 0.147276 -0.258246 -0.010000
v 0.130514 -0.247334 -0.010000
v 0.113753 -0.236423 0.000000
v 0.138895 -0.252790 -0.015000
v 0.160031 -0.275646 0.000000
v 0.143023 -0.265122 -0.010000
v 0.126016 -0.254598 -0.010000
v 0.109009 -0.244074 0.000000
v 0.134520 -0.259860 -0.015000
v 0.157367 -0.280976 0.000000
v 0.139609 -0.271775 -0.010000
v 0.121851 -0.262575 -0.010000
v 0.104093 -0.253374 0.000000
v 0.130730 -0.267175 -0.015000
v 0.155331 -0.286214 0.000000
v 0.136840 -0.278591 -0.010000
v 0.118350 -0.270969 -0.010000
v 0.099859 -0.263346 0.000000
v 0.127595 -0.274780 -0.015000
v 0.153870 -0.291466 0.000000
v 0.134740 -0.285632 -0.010000
v 0.115610 -0.279798 -0.010000
v 0.096480 -0.273964 0.000000
v 0.125175 -0.282715 -0.015000
v 0.153593 -0.301579 0.000000
v 0.133674 -0.299780 -0.010000
v 0.113755 -0.297981 -0.010000
v 0.093837 -0.296181 0.000000
v 0.123715 -0.298880 -0.015000
v 0.156539 -0.306223 0.000000
v 0.137156 -0.311154 -0.010000
v 0.117774 -0.316086 -0.010000
v 0.098391 -0.321017 0.000000
v 0.127465 -0.313620 -0.015000
v 0.160791 -0.309068 0.000000
v 0.144340 -0.320443 -0.010000
v 0.127890 -0.331817 -0.010000
v 0.111439 -0.343192 0.000000
v 0.136115 -0.326130 -0.015000
v 0.166818 -0.311227 0.000000
v 0.155166 -0.327482 -0.010000
v 0.143514 -0.343738 -0.010000
v 0.131862 -0.359993 0.000000
v 0.149340 -0.335610 -0.015000
v 0.168550 -0.311376 0.000000
v 0.160300 -0.329595 -0.010000
v 0.152050 -0.347815 -0.010000
v 0.143800 -0.366034 0.000000
v 0.156175 -0.338705 -0.015000
v 0.173270 -0.312944 0.000000
v 0.166570 -0.331788 -0.010000
v 0.159870 -0.350632 -0.010000
v 0.153169 -0.369476 0.000000
v 0.163220 -0.341210 -0.015000
v 0.177813 -0.313946 0.000000
v 0.172934 -0.333342 -0.010000
v 0.168055 -0.352738 -0.010000
v 0.163176 -0.372134 0.000000
v 0.170495 -0.343040 -0.015000
v 0.182260 -0.314417 0.000000
v 0.179430 -0.334216 -0.010000
v 0.176600 -0.354014 -0.010000
v 0.173769 -0.373813 0.000000
v 0.178015 -0.344115 -0.015000
v 0.197984 -0.315820 0.000000
v 0.196158 -0.335737 -0.010000
v 0.194332 -0.355653 -0.010000
v 0.192505 -0.375570 0.000000
v 0.195245 -0.345695 -0.015000
v 0.215365 -0.317505 0.000000
v 0.213435 -0.337412 -0.010000
v 0.211505 -0.357318 -0.010000
v 0.209575 -0.377225 0.000000
v 0.212470 -0.347365 -0.015000
v 0.232611 -0.319193 0.000000
v 0.230664 -0.339097 -0.010000
v 0.228716 -0.359002 -0.010000
v 0.226768 -0.378907 0.000000
v 0.229690 -0.349050 -0.015000
v 0.249733 -0.320808 0.000000
v 0.247854 -0.340719 -0.010000
v 0.245976 -0.360631 -0.010000
v 0.244097 -0.380542 0.000000
v 0.246915 -0.350675 -0.015000
v 0.262006 -0.322653 0.000000
v 0.258949 -0.342418 -0.010000
v 0.255891 -0.362182 -0.010000
v 0.252834 -0.381947 0.000000
v 0.257420 -0.352300 -0.015000
v 0.275966 -0.326530 0.000000
v 0.270242 -0.345693 -0.010000
v 0.264518 -0.364857 -0.010000
v 0.258794 -0.384020 0.000000
v 0.267380 -0.355275 -0.015000
v 0.289521 -0.332523 0.000000
v 0.281030 -0.350631 -0.010000
v 0.272539 -0.368739 -0.010000
v 0.264049 -0.386847 0.000000
v 0.276785 -0.359685 -0.015000
v 0.302349 -0.340717 0.000000
v 0.291196 -0.357319 -0.010000
v 0.280044 -0.373921 -0.010000
v 0.268891 -0.390523 0.000000
v 0.285620 -0.365620 -0.015000
v 0.311226 -0.348973 0.000000
v 0.296798 -0.362824 -0.010000
v 0.282371 -0.376676 -0.010000
v 0.267944 -0.390527 0.000000
v 0.289585 -0.369750 -0.015000
v 0.318961 -0.361826 0.000000
v 0.300790 -0.370182 -0.010000
v 0.282619 -0.378538 -0.010000
v 0.264449 -0.386894 0.000000
v 0.291705 -0.374360 -0.015000
v 0.321807 -0.378507 0.000000
v 0.301812 -0.378962 -0.010000
v 0.281817 -0.379418 -0.010000
v 0.261823 -0.379873 0.000000
v 0.291815 -0.379190 -0.015000
v 0.317299 -0.395856 0.000000
v 0.298933 -0.387939 -0.010000
v 0.280567 -0.380021 -0.010000
v 0.262201 -0.372104 0.000000
v 0.289750 -0.383980 -0.015000
v 0.310921 -0.406067 0.000000
v 0.294517 -0.394626 -0.010000
v 0.278113 -0.383184 -0.010000
v 0.261709 -0.371743 0.000000
v 0.286315 -0.388905 -0.015000
v 0.306998 -0.411451 0.000000
v 0.290846 -0.399657 -0.010000
v 0.274694 -0.387863 -0.010000
v 0.258541 -0.376069 0.000000
v 0.282770 -0.393760 -0.015000
v 0.302805 -0.416883 0.000000
v 0.286995 -0.404634 -0.010000
v 0.271185 -0.392385 -0.010000
v 0.255374 -0.380137 0.000000
v 0.279090 -0.398510 -0.015000
v 0.298273 -0.422343 0.000000
v 0.282921 -0.409524 -0.010000
v 0.267569 -0.396706 -0.010000
v 0.252217 -0.383887 0.000000
v 0.275245 -0.403115 -0.015000
v 0.290384 -0.430397 0.000000
v 0.276248 -0.416249 -0.010000
v 0.262112 -0.402101 -0.010000
v 0.247975 -0.387953 0.000000
v 0.269180 -0.409175 -0.015000
v 0.277781 -0.438805 0.000000
v 0.267874 -0.421432 -0.010000
v 0.257966 -0.404058 -0.010000
v 0.248058 -0.386685 0.000000
v 0.262920 -0.412745 -0.015000
v -0.219120 0.412315 0.000000
v -0.200503 0.439518 0.000000
v -0.203944 0.419816 -0.010000
v -0.207386 0.400114 -0.010000
v -0.210827 0.380412 0.000000
v -0.205665 0.409965 -0.015000
v -0.184390 0.435598 0.000000
v -0.189203 0.416186 -0.010000
v -0.194017 0.396774 -0.010000
v -0.198830 0.377362 0.000000
v -0.191610 0.406480 -0.015000
v -0.167916 0.430206 0.000000
v -0.174239 0.411232 -0.010000
v -0.180561 0.392258 -0.010000
v -0.186884 0.373284 0.000000
v -0.177400 0.401745 -0.015000
v -0.152376 0.422821 0.000000
v -0.161262 0.404904 -0.010000
v -0.170148 0.386986 -0.010000
v -0.179034 0.369069 0.000000
v -0.165705 0.395945 -0.015000
v -0.137255 0.411618 0.000000
v -0.149735 0.395989 -0.010000
v -0.162215 0.380361 -0.010000
v -0.174695 0.364733 0.000000
v -0.155975 0.388175 -0.015000
v -0.124697 0.396893 0.000000
v -0.140442 0.384561 -0.010000
v -0.156188 0.372229 -0.010000
v -0.171933 0.359897 0.000000
v -0.148315 0.378395 -0.015000
v -0.115612 0.379203 0.000000
v -0.133751 0.370778 -0.010000
v -0.151889 0.362352 -0.010000
v -0.170028 0.353927 0.000000
v -0.142820 0.366565 -0.015000
v -0.111276 0.366950 0.000000
v -0.130219 0.360533 -0.010000
v -0.149161 0.354117 -0.010000
v -0.168104 0.347700 0.000000
v -0.139690 0.357325 -0.015000
v -0.108143 0.357329 0.000000
v -0.127161 0.351140 -0.010000
v -0.146179 0.344950 -0.010000
v -0.165197 0.338761 0.000000
v -0.136670 0.348045 -0.015000
v -0.105137 0.347226 0.000000
v -0.124312 0.341542 -0.010000
v -0.143488 0.335858 -0.010000
v -0.162663 0.330174 0.000000
v -0.133900 0.338700 -0.015000
v -0.102432 0.336611 0.000000
v -0.121824 0.331717 -0.010000
v -0.141216 0.326823 -0.010000
v -0.160608 0.321929 0.000000
v -0.131520 0.329270 -0.015000
v -0.097560 0.314433 0.000000
v -0.117097 0.310154 -0.010000
v -0.136633 0.305876 -0.010000
v -0.156170 0.301597 0.000000
v -0.126865 0.308015 -0.015000
v -0.093049 0.292850 0.000000
v -0.112626 0.288760 -0.010000
v -0.132204 0.284670 -0.010000
v -0.151781 0.280580 0.000000
v -0.122415 0.286715 -0.015000
v -0.088703 0.271320 0.000000
v -0.108308 0.267363 -0.010000
v -0.127912 0.263407 -0.010000
v -0.147517 0.259450 0.000000
v -0.118110 0.265385 -0.015000
v -0.084456 0.249865 0.000000
v -0.104075 0.245982 -0.010000
v -0.123695 0.242098 -0.010000
v -0.143314 0.238215 0.000000
v -0.113885 0.244040 -0.015000
v -0.083314 0.243025 0.000000
v -0.103048 0.239775 -0.010000
v -0.122782 0.236525 -0.010000
v -0.142516 0.233275 0.000000
v -0.112915 0.238150 -0.015000
v -0.082427 0.235631 0.000000
v -0.102296 0.233344 -0.010000
v -0.122164 0.231056 -0.010000
v -0.142033 0.228769 0.000000
v -0.112230 0.232200 -0.015000
v -0.081823 0.228826 0.000000
v -0.101748 0.227092 -0.010000
v -0.121672 0.225358 -0.010000
v -0.141597 0.223624 0.000000
v -0.111710 0.226225 -0.015000
v -0.081326 0.222652 0.000000
v -0.101262 0.221051 -0.010000
v -0.121198 0.219449 -0.010000
v -0.141134 0.217848 0.000000
v -0.111230 0.220250 -0.015000
v -0.082451 0.211063 0.000000
v -0.102087 0.214861 -0.010000
v -0.121723 0.218659 -0.010000
v -0.141359 0.222457 0.000000
v -0.111905 0.216760 -0.015000
v -0.091031 0.194915 0.000000
v -0.106470 0.207628 -0.010000
v -0.121910 0.220342 -0.010000
v -0.137349 0.233055 0.000000
v -0.114190 0.213985 -0.015000
v -0.104352 0.185402 0.000000
v -0.113134 0.203371 -0.010000
v -0.121916 0.221339 -0.010000
v -0.130698 0.239308 0.000000
v -0.117525 0.212355 -0.015000
v -0.120891 0.182299 0.000000
v -0.121203 0.202296 -0.010000
v -0.121516 0.222294 -0.010000
v -0.121829 0.242291 0.000000
v -0.121360 0.212295 -0.015000
v -0.132354 0.184023 0.000000
v -0.127945 0.203531 -0.010000
v -0.123535 0.223039 -0.010000
v -0.119126 0.242547 0.000000
v -0.125740 0.213285 -0.015000
v -0.137118 0.185165 0.000000
v -0.132446 0.204612 -0.010000
v -0.127774 0.224058 -0.010000
v -0.123101 0.243505 0.000000
v -0.130110 0.214335 -0.015000
v -0.142103 0.186473 0.000000
v -0.137001 0.205811 -0.010000
v -0.131899 0.225149 -0.010000
v -0.126797 0.244487 0.000000
v -0.134450 0.215480 -0.015000
v -0.147278 0.187993 0.000000
v -0.141593 0.207168 -0.010000
v -0.135907 0.226342 -0.010000
v -0.130222 0.245517 0.000000
v -0.138750 0.216755 -0.015000
v -0.172015 0.197974 0.000000
v -0.164425 0.216478 -0.010000
v -0.156835 0.234982 -0.010000
v -0.149245 0.253486 0.000000
v -0.160630 0.225730 -0.015000
v -0.196069 0.212790 0.000000
v -0.185290 0.229637 -0.010000
v -0.174510 0.246483 -0.010000
v -0.163731 0.263330 0.000000
v -0.179900 0.238060 -0.015000
v -0.217126 0.232058 0.000000
v -0.203345 0.246553 -0.010000
v -0.189565 0.261047 -0.010000
v -0.175784 0.275542 0.000000
v -0.196455 0.253800 -0.015000
v -0.234585 0.255542 0.000000
v -0.218318 0.267177 -0.010000
v -0.202051 0.278813 -0.010000
v -0.185785 0.290448 0.000000
v -0.210185 0.272995 -0.015000
v -0.242191 0.268568 0.000000
v -0.224814 0.278469 -0.010000
v -0.207436 0.288371 -0.010000
v -0.190059 0.298272 0.000000
v -0.216125 0.283420 -0.015000
v -0.248258 0.279959 0.000000
v -0.230596 0.289343 -0.010000
v -0.212934 0.298727 -0.010000
v -0.195272 0.308111 0.000000
v -0.221765 0.294035 -0.015000
v -0.253998 0.291739 0.000000
v -0.236006 0.300473 -0.010000
v -0.218014 0.309207 -0.010000
v -0.200022 0.317941 0.000000
v -0.227010 0.304840 -0.015000
v -0.259299 0.303907 0.000000
v -0.240946 0.311856 -0.010000
v -0.222594 0.319804 -0.010000
v -0.204241 0.327753 0.000000
v -0.231770 0.315830 -0.015000
v -0.266808 0.323051 0.000000
v -0.248183 0.330337 -0.010000
v -0.229557 0.337623 -0.010000
v -0.210932 0.344909 0.000000
v -0.238870 0.333980 -0.015000
v -0.273769 0.341870 0.000000
v -0.255010 0.348803 -0.010000
v -0.236250 0.355737 -0.010000
v -0.217490 0.362670 0.000000
v -0.245630 0.352270 -0.015000
v -0.280431 0.360600 0.000000
v -0.261587 0.367300 -0.010000
v -0.242743 0.374000 -0.010000
v -0.223898 0.380700 0.000000
v -0.252165 0.370650 -0.015000
v -0.286911 0.379203 0.000000
v -0.268024 0.385781 -0.010000
v -0.249136 0.392359 -0.010000
v -0.230249 0.398937 0.000000
v -0.258580 0.389070 -0.015000
v -0.289683 0.394250 0.000000
v -0.269901 0.397197 -0.010000
v -0.250119 0.400143 -0.010000
v -0.230337 0.403090 0.000000
v -0.260010 0.398670 -0.015000
v -0.285795 0.416006 0.000000
v -0.266865 0.409552 -0.010000
v -0.247935 0.403098 -0.010000
v -0.229005 0.396644 0.000000
v -0.257400 0.406325 -0.015000
v -0.270483 0.434497 0.000000
v -0.257644 0.419163 -0.010000
v -0.244805 0.403828 -0.010000
v -0.231966 0.388493 0.000000
v -0.251225 0.411495 -0.015000
v -0.248724 0.442870 0.000000
v -0.244208 0.423387 -0.010000
v -0.239692 0.403903 -0.010000
v -0.235176 0.384420 0.000000
v -0.241950 0.413645 -0.015000
v -0.241145 0.443675 0.000000
v -0.240635 0.423682 -0.010000
v -0.240125 0.403688 -0.010000
v -0.239615 0.383695 0.000000
v -0.240380 0.413685 -0.015000
v -0.238395 0.443685 0.000000
v -0.238395 0.423685 -0.010000
v -0.238395 0.403685 -0.010000
v -0.238395 0.383685 0.000000
v -0.238395 0.413685 -0.015000
v -0.171065 -0.403800 0.000000
v -0.187954 -0.432399 0.000000
v -0.186158 -0.412480 -0.010000
v -0.184362 -0.392560 -0.010000
v -0.182566 -0.372641 0.000000
v -0.185260 -0.402520 -0.015000
v -0.204129 -0.429854 0.000000
v -0.200930 -0.410111 -0.010000
v -0.197730 -0.390369 -0.010000
v -0.194531 -0.370626 0.000000
v -0.199330 -0.400240 -0.015000
v -0.220087 -0.426208 0.000000
v -0.215549 -0.406729 -0.010000
v -0.211011 -0.387251 -0.010000
v -0.206473 -0.367772 0.000000
v -0.213280 -0.396990 -0.015000
v -0.229983 -0.423258 0.000000
v -0.224144 -0.404130 -0.010000
v -0.218306 -0.385001 -0.010000
v -0.212467 -0.365872 0.000000
v -0.221225 -0.394565 -0.015000
v -0.239853 -0.419484 0.000000
v -0.232551 -0.400865 -0.010000
v -0.225249 -0.382245 -0.010000
v -0.217947 -0.363626 0.000000
v -0.228900 -0.391555 -0.015000
v -0.249722 -0.414667 0.000000
v -0.240744 -0.396796 -0.010000
v -0.231766 -0.378924 -0.010000
v -0.222788 -0.361053 0.000000
v -0.236255 -0.387860 -0.015000
v -0.259446 -0.408617 0.000000
v -0.248632 -0.391792 -0.010000
v -0.237818 -0.374968 -0.010000
v -0.227004 -0.358144 0.000000
v -0.243225 -0.383380 -0.015000
v -0.266970 -0.402679 0.000000
v -0.254237 -0.387257 -0.010000
v -0.241503 -0.371834 -0.010000
v -0.228770 -0.356411 0.000000
v -0.247870 -0.379545 -0.015000
v -0.274011 -0.395413 0.000000
v -0.259250 -0.381918 -0.010000
v -0.244490 -0.368422 -0.010000
v -0.229729 -0.354927 0.000000
v -0.251870 -0.375170 -0.015000
v -0.280216 -0.386655 0.000000
v -0.263495 -0.375682 -0.010000
v -0.246775 -0.364708 -0.010000
v -0.230054 -0.353735 0.000000
v -0.255135 -0.370195 -0.015000
v -0.285101 -0.376501 0.000000
v -0.266754 -0.368540 -0.010000
v -0.248406 -0.360580 -0.010000
v -0.230059 -0.352619 0.000000
v -0.257580 -0.364560 -0.015000
v -0.287908 -0.367414 0.000000
v -0.268623 -0.362115 -0.010000
v -0.249337 -0.356815 -0.010000
v -0.230052 -0.351516 0.000000
v -0.258980 -0.359465 -0.015000
v -0.289403 -0.358557 0.000000
v -0.269598 -0.355773 -0.010000
v -0.249792 -0.352988 -0.010000
v -0.229987 -0.350203 0.000000
v -0.259695 -0.354380 -0.015000
v -0.289644 -0.348939 0.000000
v -0.269644 -0.349133 -0.010000
v -0.249645 -0.349327 -0.010000
v -0.229646 -0.349521 0.000000
v -0.259645 -0.349230 -0.015000
v -0.288349 -0.338990 0.000000
v -0.268623 -0.342290 -0.010000
v -0.248897 -0.345590 -0.010000
v -0.229171 -0.348890 0.000000
v -0.258760 -0.343940 -0.015000
v -0.284559 -0.326125 0.000000
v -0.265510 -0.332218 -0.010000
v -0.246460 -0.338312 -0.010000
v -0.227411 -0.344405 0.000000
v -0.255985 -0.335265 -0.015000
v -0.279577 -0.314667 0.000000
v -0.261369 -0.322943 -0.010000
v -0.243161 -0.331218 -0.010000
v -0.224953 -0.339493 0.000000
v -0.252265 -0.327080 -0.015000
v -0.274119 -0.304651 0.000000
v -0.256640 -0.314370 -0.010000
v -0.239160 -0.324090 -0.010000
v -0.221681 -0.333809 0.000000
v -0.247900 -0.319230 -0.015000
v -0.268722 -0.295828 0.000000
v -0.251691 -0.306313 -0.010000
v -0.234659 -0.316798 -0.010000
v -0.217628 -0.327283 0.000000
v -0.243175 -0.311555 -0.015000
v -0.248936 -0.264382 0.000000
v -0.232009 -0.275034 -0.010000
v -0.215081 -0.285686 -0.010000
v -0.198154 -0.296338 0.000000
v -0.223545 -0.280360 -0.015000
v -0.229283 -0.233185 0.000000
v -0.212361 -0.243845 -0.010000
v -0.195439 -0.254505 -0.010000
v -0.178517 -0.265165 0.000000
v -0.203900 -0.249175 -0.015000
v -0.209571 -0.201990 0.000000
v -0.192664 -0.212673 -0.010000
v -0.175756 -0.223357 -0.010000
v -0.158849 -0.234041 0.000000
v -0.184210 -0.218015 -0.015000
v -0.189782 -0.170820 0.000000
v -0.172897 -0.181540 -0.010000
v -0.156013 -0.192260 -0.010000
v -0.139128 -0.202980 0.000000
v -0.164455 -0.186900 -0.015000
v -0.181088 -0.157372 0.000000
v -0.164293 -0.168231 -0.010000
v -0.147497 -0.179090 -0.010000
v -0.130702 -0.189948 0.000000
v -0.155895 -0.173660 -0.015000
v -0.172212 -0.143958 0.000000
v -0.155534 -0.154996 -0.010000
v -0.138856 -0.166034 -0.010000
v -0.122178 -0.177073 0.000000
v -0.147195 -0.160515 -0.015000
v -0.163335 -0.130713 0.000000
v -0.146722 -0.141848 -0.010000
v -0.130108 -0.152983 -0.010000
v -0.113494 -0.164118 0.000000
v -0.138415 -0.147415 -0.015000
v -0.154531 -0.117601 0.000000
v -0.137927 -0.128750 -0.010000
v -0.121323 -0.139900 -0.010000
v -0.104719 -0.151049 0.000000
v -0.129625 -0.134325 -0.015000
v -0.145854 -0.109087 0.000000
v -0.134721 -0.125703 -0.010000
v -0.123589 -0.142318 -0.010000
v -0.112456 -0.158933 0.000000
v -0.129155 -0.134010 -0.015000
v -0.134333 -0.104451 0.000000
v -0.130384 -0.124057 -0.010000
v -0.126436 -0.143663 -0.010000
v -0.122487 -0.163270 0.000000
v -0.128410 -0.133860 -0.015000
v -0.127920 -0.103852 0.000000
v -0.127683 -0.123851 -0.010000
v -0.127447 -0.143850 -0.010000
v -0.127210 -0.163848 0.000000
v -0.127565 -0.133850 -0.015000
v -0.122930 -0.104200 0.000000
v -0.125507 -0.124034 -0.010000
v -0.128083 -0.143867 -0.010000
v -0.130660 -0.163700 0.000000
v -0.126795 -0.133950 -0.015000
v -0.114544 -0.106559 0.000000
v -0.122341 -0.124976 -0.010000
v -0.130139 -0.143394 -0.010000
v -0.137936 -0.161811 0.000000
v -0.126240 -0.134185 -0.015000
v -0.107818 -0.110497 0.000000
v -0.119726 -0.126566 -0.010000
v -0.131634 -0.142635 -0.010000
v -0.143542 -0.158703 0.000000
v -0.125680 -0.134600 -0.015000
v -0.102603 -0.115420 0.000000
v -0.117701 -0.128537 -0.010000
v -0.132799 -0.141654 -0.010000
v -0.147897 -0.154771 0.000000
v -0.125250 -0.135095 -0.015000
v -0.096868 -0.125362 0.000000
v -0.115676 -0.132164 -0.010000
v -0.134484 -0.138966 -0.010000
v -0.153291 -0.145769 0.000000
v -0.125080 -0.135565 -0.015000
v -0.095019 -0.138773 0.000000
v -0.115016 -0.139121 -0.010000
v -0.135013 -0.139469 -0.010000
v -0.155010 -0.139818 0.000000
v -0.125015 -0.139295 -0.015000
v -0.094954 -0.142514 0.000000
v -0.114951 -0.142862 -0.010000
v -0.134948 -0.143209 -0.010000
v -0.154945 -0.143556 0.000000
v -0.124950 -0.143035 -0.015000
v -0.095061 -0.147557 0.000000
v -0.115054 -0.147019 -0.010000
v -0.135046 -0.146481 -0.010000
v -0.155039 -0.145943 0.000000
v -0.125050 -0.146750 -0.015000
v -0.095685 -0.153911 0.000000
v -0.115548 -0.151574 -0.010000
v -0.135411 -0.149237 -0.010000
v -0.155274 -0.146900 0.000000
v -0.125480 -0.150405 -0.015000
v -0.101227 -0.184628 0.000000
v -0.120902 -0.181040 -0.010000
v -0.140578 -0.177451 -0.010000
v -0.160253 -0.173862 0.000000
v -0.130740 -0.179245 -0.015000
v -0.106564 -0.213524 0.000000
v -0.126231 -0.209891 -0.010000
v -0.145899 -0.206259 -0.010000
v -0.165566 -0.202626 0.000000
v -0.136065 -0.208075 -0.015000
v -0.111913 -0.242370 0.000000
v -0.131578 -0.238723 -0.010000
v -0.151242 -0.235077 -0.010000
v -0.170907 -0.231431 0.000000
v -0.141410 -0.236900 -0.015000
v -0.117216 -0.271168 0.000000
v -0.136885 -0.267546 -0.010000
v -0.156555 -0.263924 -0.010000
v -0.176224 -0.260302 0.000000
v -0.146720 -0.265735 -0.015000
v -0.119188 -0.282142 0.000000
v -0.138873 -0.278604 -0.010000
v -0.158557 -0.275066 -0.010000
v -0.178242 -0.271528 0.000000
v -0.148715 -0.276835 -0.015000
v -0.121080 -0.293067 0.000000
v -0.140787 -0.289652 -0.010000
v -0.160493 -0.286238 -0.010000
v -0.180200 -0.282824 0.000000
v -0.150640 -0.287945 -0.015000
v -0.122904 -0.304004 0.000000
v -0.142631 -0.300715 -0.010000
v -0.162359 -0.297426 -0.010000
v -0.182086 -0.294136 0.000000
v -0.152495 -0.299070 -0.015000
v -0.124658 -0.314954 0.000000
v -0.144406 -0.311788 -0.010000
v -0.164154 -0.308622 -0.010000
v -0.183902 -0.305457 0.000000
v -0.154280 -0.310205 -0.015000
v -0.124255 -0.315794 0.000000
v -0.144255 -0.315882 -0.010000
v -0.164255 -0.315969 -0.010000
v -0.184255 -0.316056 0.000000
v -0.154255 -0.315925 -0.015000
v -0.124716 -0.308752 0.000000
v -0.143135 -0.316544 -0.010000
v -0.161555 -0.324336 -0.010000
v -0.179974 -0.332128 0.000000
v -0.152345 -0.320440 -0.015000
v -0.129103 -0.300877 0.000000
v -0.142184 -0.316006 -0.010000
v -0.155266 -0.331135 -0.010000
v -0.168347 -0.346264 0.000000
v -0.148725 -0.323570 -0.015000
v -0.134852 -0.296431 0.000000
v -0.140667 -0.315567 -0.010000
v -0.146483 -0.334703 -0.010000
v -0.152298 -0.353839 0.000000
v -0.143575 -0.325135 -0.015000
v -0.121110 -0.296644 0.000000
v -0.122517 -0.316595 -0.010000
v -0.123923 -0.336545 -0.010000
v -0.125330 -0.356496 0.000000
v -0.123220 -0.326570 -0.015000
v -0.104355 -0.295761 0.000000
v -0.103525 -0.315744 -0.010000
v -0.102695 -0.335727 -0.010000
v -0.101866 -0.355709 0.000000
v -0.103110 -0.325735 -0.015000
v -0.088125 -0.292860 0.000000
v -0.084872 -0.312593 -0.010000
v -0.081618 -0.332327 -0.010000
v -0.078365 -0.352061 0.000000
v -0.083245 -0.322460 -0.015000
v -0.072245 -0.287847 0.000000
v -0.066505 -0.307006 -0.010000
v -0.060765 -0.326165 -0.010000
v -0.055025 -0.345323 0.000000
v -0.063635 -0.316585 -0.015000
v -0.060322 -0.282821 0.000000
v -0.052754 -0.301334 -0.010000
v -0.045186 -0.319847 -0.010000
v -0.037618 -0.338359 0.000000
v -0.048970 -0.310590 -0.015000
v -0.047991 -0.276718 0.000000
v -0.039207 -0.294686 -0.010000
v -0.030423 -0.312654 -0.010000
v -0.021639 -0.330622 0.000000
v -0.034815 -0.303670 -0.015000
v -0.036186 -0.269820 0.000000
v -0.026185 -0.287140 -0.010000
v -0.016185 -0.304460 -0.010000
v -0.006184 -0.321780 0.000000
v -0.021185 -0.295800 -0.015000
v -0.024901 -0.262101 0.000000
v -0.013700 -0.278670 -0.010000
v -0.002500 -0.295240 -0.010000
v 0.008701 -0.311810 0.000000
v -0.008100 -0.286955 -0.015000
v -0.013947 -0.253910 0.000000
v -0.002006 -0.269953 -0.010000
v 0.009936 -0.285997 -0.010000
v 0.021877 -0.302041 0.000000
v 0.003965 -0.277975 -0.015000
v -0.002311 -0.245006 0.000000
v 0.009840 -0.260892 -0.010000
v 0.021990 -0.276778 -0.010000
v 0.034141 -0.292664 0.000000
v 0.015915 -0.268835 -0.015000
v 0.009530 -0.235887 0.000000
v 0.021733 -0.251732 -0.010000
v 0.033937 -0.267578 -0.010000
v 0.046140 -0.283424 0.000000
v 0.027835 -0.259655 -0.015000
v 0.021691 -0.226663 0.000000
v 0.033777 -0.242598 -0.010000
v 0.045863 -0.258533 -0.010000
v 0.057949 -0.274468 0.000000
v 0.039820 -0.250565 -0.015000
v 0.035159 -0.216625 0.000000
v 0.047110 -0.232662 -0.010000
v 0.059060 -0.248699 -0.010000
v 0.071011 -0.264736 0.000000
v 0.053085 -0.240680 -0.015000
v 0.048578 -0.206719 0.000000
v 0.060456 -0.222810 -0.010000
v 0.072334 -0.238901 -0.010000
v 0.084212 -0.254992 0.000000
v 0.066395 -0.230855 -0.015000
v 0.062085 -0.196870 0.000000
v 0.073868 -0.213030 -0.010000
v 0.085652 -0.229190 -0.010000
v 0.097435 -0.245351 0.000000
v 0.079760 -0.221110 -0.015000
v 0.075730 -0.187090 0.000000
v 0.087380 -0.203347 -0.010000
v 0.099030 -0.219603 -0.010000
v 0.110680 -0.235860 0.000000
v 0.093205 -0.211475 -0.015000
v 0.081057 -0.183686 0.000000
v 0.091669 -0.200639 -0.010000
v 0.102281 -0.217591 -0.010000
v 0.112893 -0.234544 0.000000
v 0.096975 -0.209115 -0.015000
v 0.087443 -0.180318 0.000000
v 0.096468 -0.198166 -0.010000
v 0.105492 -0.216014 -0.010000
v 0.114517 -0.233862 0.000000
v 0.100980 -0.207090 -0.015000
v 0.093103 -0.177792 0.000000
v 0.101114 -0.196117 -0.010000
v 0.109126 -0.214443 -0.010000
v 0.117137 -0.232768 0.000000
v 0.105120 -0.205280 -0.015000
v 0.097845 -0.175830 0.000000
v 0.105468 -0.194320 -0.010000
v 0.113091 -0.212810 -0.010000
v 0.120714 -0.231301 0.000000
v 0.109280 -0.203565 -0.015000
v 0.109575 -0.173549 0.000000
v 0.110062 -0.193543 -0.010000
v 0.110548 -0.213537 -0.010000
v 0.111035 -0.233531 0.000000
v 0.110305 -0.203540 -0.015000
v 0.122472 -0.176086 0.000000
v 0.115187 -0.194712 -0.010000
v 0.107902 -0.213338 -0.010000
v 0.100617 -0.231964 0.000000
v 0.111545 -0.204025 -0.015000
v 0.127875 -0.178815 0.000000
v 0.117852 -0.196122 -0.010000
v 0.107828 -0.213429 -0.010000
v 0.097805 -0.230736 0.000000
v 0.112840 -0.204775 -0.015000
v 0.130359 -0.180380 0.000000
v 0.119476 -0.197160 -0.010000
v 0.108594 -0.213940 -0.010000
v 0.097711 -0.230720 0.000000
v 0.114035 -0.205550 -0.015000
v 0.142668 -0.196587 0.000000
v 0.123673 -0.202846 -0.010000
v 0.104677 -0.209104 -0.010000
v 0.085682 -0.215363 0.000000
v 0.114175 -0.205975 -0.015000
v 0.144025 -0.209068 0.000000
v 0.124085 -0.207523 -0.010000
v 0.104145 -0.205977 -0.010000
v 0.084205 -0.204432 0.000000
v 0.114115 -0.206750 -0.015000
v 0.143043 -0.214749 0.000000
v 0.123614 -0.210003 -0.010000
v 0.104186 -0.205257 -0.010000
v 0.084757 -0.200511 0.000000
v 0.113900 -0.207630 -0.015000
v 0.141145 -0.220214 0.000000
v 0.122768 -0.212321 -0.010000
v 0.104392 -0.204429 -0.010000
v 0.086015 -0.196536 0.000000
v 0.113580 -0.208375 -0.015000
v 0.138048 -0.225797 0.000000
v 0.121203 -0.215016 -0.010000
v 0.104357 -0.204235 -0.010000
v 0.087512 -0.193454 0.000000
v 0.112780 -0.209625 -0.015000
v 0.136354 -0.228239 0.000000
v 0.120061 -0.216640 -0.010000
v 0.103769 -0.205040 -0.010000
v 0.087476 -0.193441 0.000000
v 0.111915 -0.210840 -0.015000
v 0.134523 -0.230616 0.000000
v 0.118834 -0.218212 -0.010000
v 0.103145 -0.205808 -0.010000
v 0.087456 -0.193404 0.000000
v 0.110990 -0.212010 -0.015000
v 0.132488 -0.232987 0.000000
v 0.117499 -0.219746 -0.010000
v 0.102510 -0.206504 -0.010000
v 0.087521 -0.193263 0.000000
v 0.110005 -0.213125 -0.015000
v 0.104227 -0.263299 0.000000
v 0.089602 -0.249656 -0.010000
v 0.074978 -0.236014 -0.010000
v 0.060353 -0.222371 0.000000
v 0.082290 -0.242835 -0.015000
v 0.076503 -0.293008 0.000000
v 0.061881 -0.279363 -0.010000
v 0.047259 -0.265717 -0.010000
v 0.032637 -0.252072 0.000000
v 0.054570 -0.272540 -0.015000
v 0.048741 -0.322707 0.000000
v 0.034130 -0.309049 -0.010000
v 0.019520 -0.295391 -0.010000
v 0.004909 -0.281733 0.000000
v 0.026825 -0.302220 -0.015000
v 0.020912 -0.352378 0.000000
v 0.006324 -0.338696 -0.010000
v -0.008264 -0.325014 -0.010000
v -0.022852 -0.311332 0.000000
v -0.000970 -0.331855 -0.015000
v 0.014935 -0.358603 0.000000
v 0.000512 -0.344748 -0.010000
v -0.013912 -0.330892 -0.010000
v -0.028335 -0.317037 0.000000
v -0.006700 -0.337820 -0.015000
v 0.008589 -0.364928 0.000000
v -0.005517 -0.350749 -0.010000
v -0.019623 -0.336571 -0.010000
v -0.033729 -0.322393 0.000000
v -0.012570 -0.343660 -0.015000
v 0.002078 -0.371119 0.000000
v -0.011691 -0.356613 -0.010000
v -0.025460 -0.342107 -0.010000
v -0.039229 -0.327602 0.000000
v -0.018575 -0.349360 -0.015000
v -0.004608 -0.377170 0.000000
v -0.018013 -0.362327 -0.010000
v -0.031417 -0.347484 -0.010000
v -0.044822 -0.332641 0.000000
v -0.024715 -0.354905 -0.015000
v -0.025886 -0.393903 0.000000
v -0.038205 -0.378148 -0.010000
v -0.050525 -0.362393 -0.010000
v -0.062844 -0.346637 0.000000
v -0.044365 -0.370270 -0.015000
v -0.049939 -0.408652 0.000000
v -0.060260 -0.391521 -0.010000
v -0.070581 -0.374389 -0.010000
v -0.080902 -0.357258 0.000000
v -0.065420 -0.382955 -0.015000
v -0.075764 -0.420349 0.000000
v -0.083865 -0.402063 -0.010000
v -0.091965 -0.383777 -0.010000
v -0.100066 -0.365491 0.000000
v -0.087915 -0.392920 -0.015000
v -0.103263 -0.428856 0.000000
v -0.109018 -0.409702 -0.010000
v -0.114773 -0.390548 -0.010000
v -0.120528 -0.371394 0.000000
v -0.111895 -0.400125 -0.015000
v -0.117701 -0.431672 0.000000
v -0.121277 -0.411994 -0.010000
v -0.124853 -0.392316 -0.010000
v -0.128429 -0.372639 0.000000
v -0.123065 -0.402155 -0.015000
v -0.131347 -0.433104 0.000000
v -0.133286 -0.413198 -0.010000
v -0.135225 -0.393292 -0.010000
v -0.137163 -0.373386 0.000000
v -0.134255 -0.403245 -0.015000
v -0.298350 0.005860 0.000000
v -0.328846 0.026299 0.000000
v -0.308852 0.026776 -0.010000
v -0.288858 0.027254 -0.010000
v -0.268864 0.027731 0.000000
v -0.298855 0.027015 -0.015000
v -0.329318 0.047442 0.000000
v -0.309323 0.047887 -0.010000
v -0.289328 0.048333 -0.010000
v -0.269332 0.048778 0.000000
v -0.299325 0.048110 -0.015000
v -0.329720 0.068605 0.000000
v -0.309723 0.068985 -0.010000
v -0.289727 0.069365 -0.010000
v -0.269730 0.069744 0.000000
v -0.299725 0.069175 -0.015000
v -0.329774 0.076485 0.000000
v -0.309775 0.076618 -0.010000
v -0.289775 0.076752 -0.010000
v -0.269776 0.076885 0.000000
v -0.299775 0.076685 -0.015000
v -0.329672 0.084594 0.000000
v -0.309674 0.084328 -0.010000
v -0.289676 0.084062 -0.010000
v -0.269678 0.083795 0.000000
v -0.299675 0.084195 -0.015000
v -0.329414 0.092683 0.000000
v -0.309425 0.092031 -0.010000
v -0.289435 0.091379 -0.010000
v -0.269446 0.090727 0.000000
v -0.299430 0.091705 -0.015000
v -0.329006 0.100743 0.000000
v -0.309032 0.099718 -0.010000
v -0.289058 0.098692 -0.010000
v -0.269084 0.097667 0.000000
v -0.299045 0.099205 -0.015000
v -0.326896 0.113243 0.000000
v -0.307255 0.109468 -0.010000
v -0.287615 0.105692 -0.010000
v -0.267974 0.101916 0.000000
v -0.297435 0.107580 -0.015000
v -0.320750 0.128102 0.000000
v -0.302827 0.119227 -0.010000
v -0.284903 0.110353 -0.010000
v -0.266980 0.101478 0.000000
v -0.293865 0.114790 -0.015000
v -0.311246 0.140539 0.000000
v -0.296135 0.127436 -0.010000
v -0.281025 0.114334 -0.010000
v -0.265914 0.101231 0.000000
v -0.288580 0.120885 -0.015000
v -0.299742 0.149977 0.000000
v -0.287797 0.133936 -0.010000
v -0.275853 0.117894 -0.010000
v -0.263908 0.101853 0.000000
v -0.281825 0.125915 -0.015000
v -0.291632 0.154894 0.000000
v -0.281631 0.137575 -0.010000
v -0.271629 0.120255 -0.010000
v -0.261628 0.102936 0.000000
v -0.276630 0.128915 -0.015000
v -0.285173 0.158294 0.000000
v -0.275924 0.140561 -0.010000
v -0.266676 0.122828 -0.010000
v -0.257427 0.105096 0.000000
v -0.271300 0.131695 -0.015000
v -0.278771 0.161367 0.000000
v -0.270167 0.143312 -0.010000
v -0.261563 0.125258 -0.010000
v -0.252959 0.107203 0.000000
v -0.265865 0.134285 -0.015000
v -0.272503 0.164152 0.000000
v -0.264414 0.145861 -0.010000
v -0.256326 0.127569 -0.010000
v -0.248237 0.109278 0.000000
v -0.260370 0.136715 -0.015000
v -0.261621 0.168737 0.000000
v -0.253864 0.150302 -0.010000
v -0.246106 0.131868 -0.010000
v -0.238349 0.113433 0.000000
v -0.249985 0.141085 -0.015000
v -0.250910 0.173118 0.000000
v -0.243340 0.154606 -0.010000
v -0.235770 0.136094 -0.010000
v -0.228200 0.117582 0.000000
v -0.239555 0.145350 -0.015000
v -0.240241 0.177391 0.000000
v -0.232807 0.158824 -0.010000
v -0.225373 0.140256 -0.010000
v -0.217939 0.121689 0.000000
v -0.229090 0.149540 -0.015000
v -0.229623 0.181584 0.000000
v -0.222278 0.162981 -0.010000
v -0.214932 0.144379 -0.010000
v -0.207587 0.125776 0.000000
v -0.218605 0.153680 -0.015000
v -0.211891 0.188434 0.000000
v -0.204684 0.169778 -0.010000
v -0.197476 0.151122 -0.010000
v -0.190269 0.132466 0.000000
v -0.201080 0.160450 -0.015000
v -0.194215 0.195176 0.000000
v -0.187088 0.176489 -0.010000
v -0.179962 0.157801 -0.010000
v -0.172835 0.139114 0.000000
v -0.183525 0.167145 -0.015000
v -0.176897 0.201914 0.000000
v -0.169646 0.183275 -0.010000
v -0.162394 0.164635 -0.010000
v -0.155143 0.145996 0.000000
v -0.166020 0.173955 -0.015000
v -0.159992 0.208829 0.000000
v -0.152424 0.190316 -0.010000
v -0.144856 0.171804 -0.010000
v -0.137288 0.153291 0.000000
v -0.148640 0.181060 -0.015000
v -0.142996 0.214957 0.000000
v -0.136242 0.196132 -0.010000
v -0.129488 0.177308 -0.010000
v -0.122734 0.158483 0.000000
v -0.132865 0.186720 -0.015000
v -0.123037 0.219388 0.000000
v -0.118986 0.199803 -0.010000
v -0.114934 0.180217 -0.010000
v -0.110883 0.160632 0.000000
v -0.116960 0.190010 -0.015000
v -0.101509 0.220387 0.000000
v -0.101033 0.200392 -0.010000
v -0.100557 0.180398 -0.010000
v -0.100081 0.160403 0.000000
v -0.100795 0.190395 -0.015000
v -0.078791 0.216835 0.000000
v -0.082427 0.197168 -0.010000
v -0.086063 0.177502 -0.010000
v -0.089699 0.157835 0.000000
v -0.084245 0.187335 -0.015000
v -0.071855 0.215151 0.000000
v -0.076742 0.195757 -0.010000
v -0.081628 0.176363 -0.010000
v -0.086515 0.156969 0.000000
v -0.079185 0.186060 -0.015000
v -0.068260 0.214486 0.000000
v -0.072120 0.194862 -0.010000
v -0.075980 0.175238 -0.010000
v -0.079840 0.155614 0.000000
v -0.074050 0.185050 -0.015000
v -0.063375 0.213572 0.000000
v -0.067058 0.193914 -0.010000
v -0.070742 0.174256 -0.010000
v -0.074425 0.154598 0.000000
v -0.068900 0.184085 -0.015000
v -0.057257 0.212224 0.000000
v -0.061616 0.192705 -0.010000
v -0.065974 0.173185 -0.010000
v -0.070333 0.153666 0.000000
v -0.063795 0.182945 -0.015000
v -0.043204 0.205152 0.000000
v -0.054668 0.188764 -0.010000
v -0.066132 0.172376 -0.010000
v -0.077597 0.155988 0.000000
v -0.060400 0.180570 -0.015000
v -0.031396 0.189562 0.000000
v -0.049352 0.180754 -0.010000
v -0.067308 0.171946 -0.010000
v -0.085264 0.163138 0.000000
v -0.058330 0.176350 -0.015000
v -0.028029 0.174211 0.000000
v -0.047953 0.172470 -0.010000
v -0.067877 0.170730 -0.010000
v -0.087801 0.168989 0.000000
v -0.057915 0.171600 -0.015000
v -0.031609 0.156560 0.000000
v -0.050196 0.163943 -0.010000
v -0.068784 0.171327 -0.010000
v -0.087371 0.178710 0.000000
v -0.059490 0.167635 -0.015000
v -0.038287 0.146295 0.000000
v -0.053399 0.159395 -0.010000
v -0.068511 0.172495 -0.010000
v -0.083623 0.185595 0.000000
v -0.060955 0.165945 -0.015000
v -0.040303 0.144070 0.000000
v -0.055078 0.157550 -0.010000
v -0.069852 0.171030 -0.010000
v -0.084627 0.184510 0.000000
v -0.062465 0.164290 -0.015000
v -0.042832 0.141497 0.000000
v -0.056974 0.155639 -0.010000
v -0.071116 0.169781 -0.010000
v -0.085258 0.183923 0.000000
v -0.064045 0.162710 -0.015000
v -0.045931 0.138693 0.000000
v -0.059120 0.153728 -0.010000
v -0.072310 0.168762 -0.010000
v -0.085499 0.183797 0.000000
v -0.065715 0.161245 -0.015000
v -0.057675 0.129927 0.000000
v -0.069515 0.146046 -0.010000
v -0.081355 0.162164 -0.010000
v -0.093195 0.178283 0.000000
v -0.075435 0.154105 -0.015000
v -0.070307 0.122224 0.000000
v -0.080562 0.139395 -0.010000
v -0.090818 0.156565 -0.010000
v -0.101073 0.173736 0.000000
v -0.085690 0.147980 -0.015000
v -0.083831 0.115738 0.000000
v -0.092294 0.133859 -0.010000
v -0.100756 0.151981 -0.010000
v -0.109219 0.170102 0.000000
v -0.096525 0.142920 -0.015000
v -0.098181 0.110609 0.000000
v -0.104710 0.129513 -0.010000
v -0.111240 0.148417 -0.010000
v -0.117770 0.167321 0.000000
v -0.107975 0.138965 -0.015000
v -0.104886 0.108527 0.000000
v -0.110769 0.127642 -0.010000
v -0.116651 0.146758 -0.010000
v -0.122534 0.165873 0.000000
v -0.113710 0.137200 -0.015000
v -0.109347 0.106914 0.000000
v -0.116039 0.125761 -0.010000
v -0.122731 0.144609 -0.010000
v -0.129423 0.163456 0.000000
v -0.119385 0.135185 -0.015000
v -0.113393 0.105182 0.000000
v -0.121084 0.123644 -0.010000
v -0.128776 0.142106 -0.010000
v -0.136467 0.160568 0.000000
v -0.124930 0.132875 -0.015000
v -0.116979 0.103337 0.000000
v -0.125850 0.121262 -0.010000
v -0.134720 0.139188 -0.010000
v -0.143591 0.157113 0.000000
v -0.130285 0.130225 -0.015000
v -0.124452 0.098063 0.000000
v -0.135541 0.114708 -0.010000
v -0.146629 0.131352 -0.010000
v -0.157718 0.147997 0.000000
v -0.141085 0.123030 -0.015000
v -0.128637 0.093002 0.000000
v -0.142819 0.107104 -0.010000
v -0.157001 0.121206 -0.010000
v -0.171183 0.135308 0.000000
v -0.149910 0.114155 -0.015000
v -0.131397 0.087429 0.000000
v -0.148242 0.098210 -0.010000
v -0.165088 0.108990 -0.010000
v -0.181933 0.119771 0.000000
v -0.156665 0.103600 -0.015000
v -0.133159 0.080839 0.000000
v -0.151886 0.087860 -0.010000
v -0.170614 0.094880 -0.010000
v -0.189341 0.101901 0.000000
v -0.161250 0.091370 -0.015000
v -0.133637 0.078512 0.000000
v -0.152956 0.083687 -0.010000
v -0.172274 0.088863 -0.010000
v -0.191593 0.094038 0.000000
v -0.162615 0.086275 -0.015000
v -0.134801 0.073854 0.000000
v -0.154200 0.078718 -0.010000
v -0.173600 0.083582 -0.010000
v -0.192999 0.088446 0.000000
v -0.163900 0.081150 -0.015000
v -0.135554 0.070007 0.000000
v -0.155151 0.073999 -0.010000
v -0.174749 0.077991 -0.010000
v -0.194346 0.081982 0.000000
v -0.164950 0.075995 -0.015000
v -0.135833 0.067078 0.000000
v -0.155678 0.069566 -0.010000
v -0.175522 0.072054 -0.010000
v -0.195367 0.074542 0.000000
v -0.165600 0.070810 -0.015000
v -0.137005 0.044353 0.000000
v -0.156975 0.045448 -0.010000
v -0.176945 0.046542 -0.010000
v -0.196915 0.047637 0.000000
v -0.166960 0.045995 -0.015000
v -0.136950 0.021237 0.000000
v -0.156950 0.021229 -0.010000
v -0.176950 0.021221 -0.010000
v -0.196950 0.021213 0.000000
v -0.166950 0.021225 -0.015000
v -0.135248 -0.001313 0.000000
v -0.155196 -0.002751 -0.010000
v -0.175144 -0.004189 -0.010000
v -0.195092 -0.005627 0.000000
v -0.165170 -0.003470 -0.015000
v -0.131608 -0.023320 0.000000
v -0.151356 -0.026483 -0.010000
v -0.171104 -0.029647 -0.010000
v -0.190852 -0.032810 0.000000
v -0.161230 -0.028065 -0.015000
v -0.131365 -0.024424 0.000000
v -0.150978 -0.028338 -0.010000
v -0.170592 -0.032252 -0.010000
v -0.190205 -0.036166 0.000000
v -0.160785 -0.030295 -0.015000
v -0.130991 -0.026105 0.000000
v -0.150527 -0.030388 -0.010000
v -0.170063 -0.034672 -0.010000
v -0.189599 -0.038955 0.000000
v -0.160295 -0.032530 -0.015000
v -0.130923 -0.026022 0.000000
v -0.150071 -0.031797 -0.010000
v -0.169219 -0.037573 -0.010000
v -0.188367 -0.043348 0.000000
v -0.159645 -0.034685 -0.015000
v -0.131549 -0.023942 0.000000
v -0.149660 -0.032427 -0.010000
v -0.167770 -0.040913 -0.010000
v -0.185881 -0.049398 0.000000
v -0.158715 -0.036670 -0.015000
v -0.131119 -0.024324 0.000000
v -0.148226 -0.034685 -0.010000
v -0.165334 -0.045045 -0.010000
v -0.182441 -0.055406 0.000000
v -0.156780 -0.039865 -0.015000
v -0.129714 -0.026391 0.000000
v -0.146371 -0.037460 -0.010000
v -0.163029 -0.048530 -0.010000
v -0.179686 -0.059599 0.000000
v -0.154700 -0.042995 -0.015000
v -0.128713 -0.027550 0.000000
v -0.144514 -0.039810 -0.010000
v -0.160316 -0.052070 -0.010000
v -0.176117 -0.064330 0.000000
v -0.152415 -0.045940 -0.015000
v -0.128233 -0.027810 0.000000
v -0.142658 -0.041663 -0.010000
v -0.157082 -0.055517 -0.010000
v -0.171507 -0.069370 0.000000
v -0.149870 -0.048590 -0.015000
v -0.127823 -0.027542 0.000000
v -0.139618 -0.043694 -0.010000
v -0.151412 -0.059846 -0.010000
v -0.163207 -0.075998 0.000000
v -0.145515 -0.051770 -0.015000
v -0.129543 -0.025855 0.000000
v -0.136994 -0.044415 -0.010000
v -0.144446 -0.062975 -0.010000
v -0.151897 -0.081535 0.000000
v -0.140720 -0.053695 -0.015000
v -0.133184 -0.024209 0.000000
v -0.134805 -0.044143 -0.010000
v -0.136425 -0.064077 -0.010000
v -0.138046 -0.084011 0.000000
v -0.135615 -0.054110 -0.015000
v -0.137726 -0.023694 0.000000
v -0.132802 -0.043078 -0.010000
v -0.127878 -0.062462 -0.010000
v -0.122954 -0.081847 0.000000
v -0.130340 -0.052770 -0.015000
v -0.135934 -0.022359 0.000000
v -0.127658 -0.040566 -0.010000
v -0.119382 -0.058774 -0.010000
v -0.111106 -0.076981 0.000000
v -0.123520 -0.049670 -0.015000
v -0.130062 -0.019446 0.000000
v -0.121214 -0.037382 -0.010000
v -0.112366 -0.055318 -0.010000
v -0.103518 -0.073254 0.000000
v -0.116790 -0.046350 -0.015000
v -0.123992 -0.016275 0.000000
v -0.114751 -0.034012 -0.010000
v -0.105509 -0.051748 -0.010000
v -0.096268 -0.069485 0.000000
v -0.110130 -0.042880 -0.015000
v -0.117759 -0.012912 0.000000
v -0.108270 -0.030517 -0.010000
v -0.098780 -0.048123 -0.010000
v -0.089291 -0.065728 0.000000
v -0.103525 -0.039320 -0.015000
v -0.110939 -0.009099 0.000000
v -0.101187 -0.026560 -0.010000
v -0.091434 -0.044020 -0.010000
v -0.081681 -0.061481 0.000000
v -0.096310 -0.035290 -0.015000
v -0.104180 -0.005184 0.000000
v -0.094163 -0.022494 -0.010000
v -0.084147 -0.039805 -0.010000
v -0.074130 -0.057116 0.000000
v -0.089155 -0.031150 -0.015000
v -0.097131 -0.001072 0.000000
v -0.087054 -0.018347 -0.010000
v -0.076976 -0.035623 -0.010000
v -0.066899 -0.052898 0.000000
v -0.082015 -0.026985 -0.015000
v -0.089752 0.003157 0.000000
v -0.079811 -0.014198 -0.010000
v -0.069870 -0.031552 -0.010000
v -0.059929 -0.048907 0.000000
v -0.074840 -0.022875 -0.015000
v -0.081396 0.006646 0.000000
v -0.074639 -0.012178 -0.010000
v -0.067882 -0.031002 -0.010000
v -0.061125 -0.049826 0.000000
v -0.071260 -0.021590 -0.015000
v -0.067437 0.008384 0.000000
v -0.067576 -0.011615 -0.010000
v -0.067714 -0.031615 -0.010000
v -0.067853 -0.051614 0.000000
v -0.067645 -0.021615 -0.015000
v -0.053198 0.004921 0.000000
v -0.060606 -0.013656 -0.010000
v -0.068014 -0.032234 -0.010000
v -0.075423 -0.050811 0.000000
v -0.064310 -0.022945 -0.015000
v -0.040766 -0.003970 0.000000
v -0.054642 -0.018373 -0.010000
v -0.068518 -0.032777 -0.010000
v -0.082394 -0.047180 0.000000
v -0.061580 -0.025575 -0.015000
v -0.034220 -0.013095 0.000000
v -0.051800 -0.022632 -0.010000
v -0.069380 -0.032168 -0.010000
v -0.086960 -0.041705 0.000000
v -0.060590 -0.027400 -0.015000
v -0.031335 -0.020407 0.000000
v -0.050398 -0.026456 -0.010000
v -0.069462 -0.032504 -0.010000
v -0.088525 -0.038553 0.000000
v -0.059930 -0.029480 -0.015000
v -0.029979 -0.026672 0.000000
v -0.049700 -0.030004 -0.010000
v -0.069420 -0.033336 -0.010000
v -0.089141 -0.036668 0.000000
v -0.059560 -0.031670 -0.015000
v -0.029486 -0.032166 0.000000
v -0.049456 -0.033275 -0.010000
v -0.069425 -0.034385 -0.010000
v -0.089394 -0.035494 0.000000
v -0.059440 -0.033830 -0.015000
v -0.030455 -0.041680 0.000000
v -0.049972 -0.037310 -0.010000
v -0.069489 -0.032940 -0.010000
v -0.089005 -0.028570 0.000000
v -0.059730 -0.035125 -0.015000
v -0.034326 -0.051152 0.000000
v -0.051752 -0.041337 -0.010000
v -0.069178 -0.031523 -0.010000
v -0.086605 -0.021708 0.000000
v -0.060465 -0.036430 -0.015000
v -0.037442 -0.055730 0.000000
v -0.053434 -0.043720 -0.010000
v -0.069426 -0.031710 -0.010000
v -0.085419 -0.019700 0.000000
v -0.061430 -0.037715 -0.015000
v -0.038844 -0.057522 0.000000
v -0.054548 -0.045137 -0.010000
v -0.070252 -0.032753 -0.010000
v -0.085956 -0.020368 0.000000
v -0.062400 -0.038945 -0.015000
v -0.050231 -0.072627 0.000000
v -0.066197 -0.060582 -0.010000
v -0.082163 -0.048537 -0.010000
v -0.098129 -0.036493 0.000000
v -0.074180 -0.054560 -0.015000
v -0.062043 -0.088254 0.000000
v -0.077998 -0.076195 -0.010000
v -0.093953 -0.064135 -0.010000
v -0.109908 -0.052075 0.000000
v -0.085975 -0.070165 -0.015000
v -0.073820 -0.103850 0.000000
v -0.089780 -0.091796 -0.010000
v -0.105740 -0.079743 -0.010000
v -0.121700 -0.067690 0.000000
v -0.097760 -0.085770 -0.015000
v -0.085559 -0.119440 0.000000
v -0.101537 -0.107410 -0.010000
v -0.117514 -0.095380 -0.010000
v -0.133491 -0.083350 0.000000
v -0.109525 -0.101395 -0.015000
v -0.091053 -0.126000 0.000000
v -0.106311 -0.113070 -0.010000
v -0.121569 -0.100140 -0.010000
v -0.136827 -0.087210 0.000000
v -0.113940 -0.106605 -0.015000
v -0.098821 -0.133359 0.000000
v -0.112200 -0.118493 -0.010000
v -0.125580 -0.103627 -0.010000
v -0.138959 -0.088761 0.000000
v -0.118890 -0.111060 -0.015000
v -0.108174 -0.139860 0.000000
v -0.119041 -0.123070 -0.010000
v -0.129909 -0.106280 -0.010000
v -0.140776 -0.089490 0.000000
v -0.124475 -0.114675 -0.015000
v -0.119046 -0.144968 0.000000
v -0.126879 -0.126566 -0.010000
v -0.134712 -0.108164 -0.010000
v -0.142544 -0.089761 0.000000
v -0.130795 -0.117365 -0.015000
v -0.147853 -0.154535 0.000000
v -0.154088 -0.135531 -0.010000
v -0.160323 -0.116528 -0.010000
v -0.166557 -0.097525 0.000000
v -0.157205 -0.126030 -0.015000
v -0.174225 -0.163216 0.000000
v -0.180479 -0.144218 -0.010000
v -0.186732 -0.125221 -0.010000
v -0.192985 -0.106224 0.000000
v -0.183605 -0.134720 -0.015000
v -0.200562 -0.171935 0.000000
v -0.206847 -0.152948 -0.010000
v -0.213133 -0.133962 -0.010000
v -0.219419 -0.114975 0.000000
v -0.209990 -0.143455 -0.015000
v -0.226846 -0.180714 0.000000
v -0.233182 -0.161745 -0.010000
v -0.239518 -0.142775 -0.010000
v -0.245855 -0.123805 0.000000
v -0.236350 -0.152260 -0.015000
v -0.237251 -0.183597 0.000000
v -0.242504 -0.164299 -0.010000
v -0.247757 -0.145001 -0.010000
v -0.253010 -0.125703 0.000000
v -0.245130 -0.154650 -0.015000
v -0.249283 -0.185687 0.000000
v -0.252424 -0.165936 -0.010000
v -0.255566 -0.146184 -0.010000
v -0.258707 -0.126432 0.000000
v -0.253995 -0.156060 -0.015000
v -0.260899 -0.186600 0.000000
v -0.262260 -0.166647 -0.010000
v -0.263621 -0.146693 -0.010000
v -0.264981 -0.126739 0.000000
v -0.262940 -0.156670 -0.015000
v -0.272032 -0.186650 0.000000
v -0.271987 -0.166650 -0.010000
v -0.271943 -0.146650 -0.010000
v -0.271899 -0.126650 0.000000
v -0.271965 -0.156650 -0.015000
v -0.286641 -0.184409 0.000000
v -0.282930 -0.164756 -0.010000
v -0.279220 -0.145103 -0.010000
v -0.275509 -0.125451 0.000000
v -0.281075 -0.154930 -0.015000
v -0.303566 -0.176659 0.000000
v -0.293692 -0.159266 -0.010000
v -0.283818 -0.141873 -0.010000
v -0.273944 -0.124481 0.000000
v -0.288755 -0.150570 -0.015000
v -0.317296 -0.163277 0.000000
v -0.302022 -0.150366 -0.010000
v -0.286748 -0.137454 -0.010000
v -0.271474 -0.124542 0.000000
v -0.294385 -0.143910 -0.015000
v -0.325721 -0.145023 0.000000
v -0.306804 -0.138531 -0.010000
v -0.287887 -0.132039 -0.010000
v -0.268970 -0.125547 0.000000
v -0.297345 -0.135285 -0.015000
v -0.328120 -0.130734 0.000000
v -0.308267 -0.128318 -0.010000
v -0.288413 -0.125902 -0.010000
v -0.268560 -0.123485 0.000000
v -0.298340 -0.127110 -0.015000
v -0.328868 -0.121085 0.000000
v -0.308923 -0.119608 -0.010000
v -0.288977 -0.118132 -0.010000
v -0.269032 -0.116655 0.000000
v -0.298950 -0.118870 -0.015000
v -0.329226 -0.111675 0.000000
v -0.309239 -0.110962 -0.010000
v -0.289252 -0.110248 -0.010000
v -0.269264 -0.109535 0.000000
v -0.299245 -0.110605 -0.015000
v -0.329290 -0.102513 0.000000
v -0.309290 -0.102404 -0.010000
v -0.289290 -0.102295 -0.010000
v -0.269291 -0.102186 0.000000
v -0.299290 -0.102350 -0.015000
v -0.329053 -0.080217 0.000000
v -0.309055 -0.080432 -0.010000
v -0.289056 -0.080648 -0.010000
v -0.269057 -0.080863 0.000000
v -0.299055 -0.080540 -0.015000
v -0.328686 -0.058252 0.000000
v -0.308689 -0.058587 -0.010000
v -0.288692 -0.058922 -0.010000
v -0.268694 -0.059257 0.000000
v -0.298690 -0.058755 -0.015000
vt 0.734565 0.086425
vt 0.723072 0.077776
vt 0.720605 0.057929
vt 0.734565 0.086425
vt 0.724305 0.087700
vt 0.723072 0.077776
vt 0.734565 0.086425
vt 0.725538 0.097624
vt 0.724305 0.087700
vt 0.734565 0.086425
vt 0.728005 0.117471
vt 0.725538 0.097624
vt 0.720605 0.057929
vt 0.723072 0.077776
vt 0.709128 0.059420
vt 0.723072 0.077776
vt 0.711706 0.079253
vt 0.709128 0.059420
vt 0.723072 0.077776
vt 0.724305 0.087700
vt 0.711706 0.079253
vt 0.724305 0.087700
vt 0.712995 0.089170
vt 0.711706 0.079253
vt 0.724305 0.087700
vt 0.714284 0.099087
vt 0.712995 0.089170
vt 0.725538 0.097624
vt 0.714284 0.099087
vt 0.724305 0.087700
vt 0.725538 0.097624
vt 0.716862 0.118920
vt 0.714284 0.099087
vt 0.728005 0.117471
vt 0.716862 0.118920
vt 0.725538 0.097624
vt 0.709128 0.059420
vt 0.711706 0.079253
vt 0.696978 0.061135
vt 0.711706 0.079253
vt 0.699776 0.080938
vt 0.696978 0.061135
vt 0.711706 0.079253
vt 0.712995 0.089170
vt 0.699776 0.080938
vt 0.712995 0.089170
vt 0.701175 0.090840
vt 0.699776 0.080938
vt 0.712995 0.089170
vt 0.702574 0.100742
vt 0.701175 0.090840
vt 0.714284 0.099087
vt 0.702574 0.100742
vt 0.712995 0.089170
vt 0.714284 0.099087
vt 0.705372 0.120545
vt 0.702574 0.100742
vt 0.716862 0.118920
vt 0.705372 0.120545
vt 0.714284 0.099087
vt 0.696978 0.061135
vt 0.699776 0.080938
vt 0.679158 0.064113
vt 0.699776 0.080938
vt 0.682466 0.083838
vt 0.679158 0.064113
vt 0.699776 0.080938
vt 0.701175 0.090840
vt 0.682466 0.083838
vt 0.701175 0.090840
vt 0.684120 0.093700
vt 0.682466 0.083838
vt 0.701175 0.090840
vt 0.685774 0.103562
vt 0.684120 0.093700
vt 0.702574 0.100742
vt 0.685774 0.103562
vt 0.701175 0.090840
vt 0.702574 0.100742
vt 0.689082 0.123287
vt 0.685774 0.103562
vt 0.705372 0.120545
vt 0.689082 0.123287
vt 0.702574 0.100742
vt 0.679158 0.064113
vt 0.682466 0.083838
vt 0.661196 0.067754
vt 0.682466 0.083838
vt 0.665189 0.087351
vt 0.661196 0.067754
vt 0.682466 0.083838
vt 0.684120 0.093700
vt 0.665189 0.087351
vt 0.684120 0.093700
vt 0.667185 0.097150
vt 0.665189 0.087351
vt 0.684120 0.093700
vt 0.669181 0.106949
vt 0.667185 0.097150
vt 0.685774 0.103562
vt 0.669181 0.106949
vt 0.684120 0.093700
vt 0.685774 0.103562
vt 0.673174 0.126546
vt 0.669181 0.106949
vt 0.689082 0.123287
vt 0.673174 0.126546
vt 0.685774 0.103562
vt 0.661196 0.067754
vt 0.665189 0.087351
vt 0.643427 0.071964
vt 0.665189 0.087351
vt 0.648056 0.091421
vt 0.643427 0.071964
vt 0.665189 0.087351
vt 0.667185 0.097150
vt 0.648056 0.091421
vt 0.667185 0.097150
vt 0.650370 0.101150
vt 0.648056 0.091421
vt 0.667185 0.097150
vt 0.652684 0.110878
vt 0.650370 0.101150
vt 0.669181 0.106949
vt 0.652684 0.110878
vt 0.667185 0.097150
vt 0.669181 0.106949
vt 0.657313 0.130336
vt 0.652684 0.110878
vt 0.673174 0.126546
vt 0.657313 0.130336
vt 0.669181 0.106949
vt 0.643427 0.071964
vt 0.648056 0.091421
vt 0.625843 0.076705
vt 0.648056 0.091421
vt 0.631064 0.096012
vt 0.625843 0.076705
vt 0.648056 0.091421
vt 0.650370 0.101150
vt 0.631064 0.096012
vt 0.650370 0.101150
vt 0.633675 0.105665
vt 0.631064 0.096012
vt 0.650370 0.101150
vt 0.636286 0.115318
vt 0.633675 0.105665
vt 0.652684 0.110878
vt 0.636286 0.115318
vt 0.650370 0.101150
vt 0.652684 0.110878
vt 0.641507 0.134625
vt 0.636286 0.115318
vt 0.657313 0.130336
vt 0.641507 0.134625
vt 0.652684 0.110878
vt 0.625843 0.076705
vt 0.631064 0.096012
vt 0.620806 0.078192
vt 0.631064 0.096012
vt 0.626502 0.097364
vt 0.620806 0.078192
vt 0.631064 0.096012
vt 0.633675 0.105665
vt 0.626502 0.097364
vt 0.633675 0.105665
vt 0.629350 0.106950
vt 0.626502 0.097364
vt 0.633675 0.105665
vt 0.632198 0.116536
vt 0.629350 0.106950
vt 0.636286 0.115318
vt 0.632198 0.116536
vt 0.633675 0.105665
vt 0.636286 0.115318
vt 0.637894 0.135707
vt 0.632198 0.116536
vt 0.641507 0.134625
vt 0.637894 0.135707
vt 0.636286 0.115318
vt 0.620806 0.078192
vt 0.626502 0.097364
vt 0.615727 0.079842
vt 0.626502 0.097364
vt 0.621946 0.098851
vt 0.615727 0.079842
vt 0.626502 0.097364
vt 0.629350 0.106950
vt 0.621946 0.098851
vt 0.629350 0.106950
vt 0.625055 0.108355
vt 0.621946 0.098851
vt 0.629350 0.106950
vt 0.628164 0.117859
vt 0.625055 0.108355
vt 0.632198 0.116536
vt 0.628164 0.117859
vt 0.629350 0.106950
vt 0.632198 0.116536
vt 0.634383 0.136868
vt 0.628164 0.117859
vt 0.637894 0.135707
vt 0.634383 0.136868
vt 0.632198 0.116536
vt 0.615727 0.079842
vt 0.621946 0.098851
vt 0.610351 0.081820
vt 0.621946 0.098851
vt 0.617337 0.100560
vt 0.610351 0.081820
vt 0.621946 0.098851
vt 0.625055 0.108355
vt 0.617337 0.100560
vt 0.625055 0.108355
vt 0.620830 0.109930
vt 0.617337 0.100560
vt 0.625055 0.108355
vt 0.624323 0.119300
vt 0.620830 0.109930
vt 0.628164 0.117859
vt 0.624323 0.119300
vt 0.625055 0.108355
vt 0.628164 0.117859
vt 0.631309 0.138040
vt 0.624323 0.119300
vt 0.634383 0.136868
vt 0.631309 0.138040
vt 0.628164 0.117859
vt 0.610351 0.081820
vt 0.617337 0.100560
vt 0.604755 0.084205
vt 0.617337 0.100560
vt 0.612725 0.102548
vt 0.604755 0.084205
vt 0.617337 0.100560
vt 0.620830 0.109930
vt 0.612725 0.102548
vt 0.620830 0.109930
vt 0.616710 0.111720
vt 0.612725 0.102548
vt 0.620830 0.109930
vt 0.620695 0.120892
vt 0.616710 0.111720
vt 0.624323 0.119300
vt 0.620695 0.120892
vt 0.620830 0.109930
vt 0.624323 0.119300
vt 0.628665 0.139235
vt 0.620695 0.120892
vt 0.631309 0.138040
vt 0.628665 0.139235
vt 0.624323 0.119300
vt 0.604755 0.084205
vt 0.612725 0.102548
vt 0.584013 0.097851
vt 0.612725 0.102548
vt 0.595384 0.114304
vt 0.584013 0.097851
vt 0.612725 0.102548
vt 0.616710 0.111720
vt 0.595384 0.114304
vt 0.616710 0.111720
vt 0.601070 0.122530
vt 0.595384 0.114304
vt 0.616710 0.111720
vt 0.606756 0.130756
vt 0.601070 0.122530
vt 0.620695 0.120892
vt 0.606756 0.130756
vt 0.616710 0.111720
vt 0.620695 0.120892
vt 0.618127 0.147209
vt 0.606756 0.130756
vt 0.628665 0.139235
vt 0.618127 0.147209
vt 0.620695 0.120892
vt 0.584013 0.097851
vt 0.595384 0.114304
vt 0.565880 0.119253
vt 0.595384 0.114304
vt 0.581803 0.131354
vt 0.565880 0.119253
vt 0.595384 0.114304
vt 0.601070 0.122530
vt 0.581803 0.131354
vt 0.601070 0.122530
vt 0.589765 0.137405
vt 0.581803 0.131354
vt 0.601070 0.122530
vt 0.597727 0.143456
vt 0.589765 0.137405
vt 0.606756 0.130756
vt 0.597727 0.143456
vt 0.601070 0.122530
vt 0.606756 0.130756
vt 0.613650 0.155558
vt 0.597727 0.143456
vt 0.618127 0.147209
vt 0.613650 0.155558
vt 0.606756 0.130756
vt 0.565880 0.119253
vt 0.581803 0.131354
vt 0.555293 0.144923
vt 0.581803 0.131354
vt 0.574151 0.151584
vt 0.555293 0.144923
vt 0.581803 0.131354
vt 0.589765 0.137405
vt 0.574151 0.151584
vt 0.589765 0.137405
vt 0.583580 0.154915
vt 0.574151 0.151584
vt 0.589765 0.137405
vt 0.593009 0.158246
vt 0.583580 0.154915
vt 0.597727 0.143456
vt 0.593009 0.158246
vt 0.589765 0.137405
vt 0.597727 0.143456
vt 0.611867 0.164907
vt 0.593009 0.158246
vt 0.613650 0.155558
vt 0.611867 0.164907
vt 0.597727 0.143456
vt 0.555293 0.144923
vt 0.574151 0.151584
vt 0.553303 0.173171
vt 0.574151 0.151584
vt 0.573301 0.173470
vt 0.553303 0.173171
vt 0.574151 0.151584
vt 0.583580 0.154915
vt 0.573301 0.173470
vt 0.583580 0.154915
vt 0.583300 0.173620
vt 0.573301 0.173470
vt 0.583580 0.154915
vt 0.593299 0.173770
vt 0.583300 0.173620
vt 0.593009 0.158246
vt 0.593299 0.173770
vt 0.583580 0.154915
vt 0.593009 0.158246
vt 0.613297 0.174069
vt 0.593299 0.173770
vt 0.611867 0.164907
vt 0.613297 0.174069
vt 0.593009 0.158246
vt 0.553303 0.173171
vt 0.573301 0.173470
vt 0.561800 0.211328
vt 0.573301 0.173470
vt 0.581203 0.206479
vt 0.561800 0.211328
vt 0.573301 0.173470
vt 0.583300 0.173620
vt 0.581203 0.206479
vt 0.583300 0.173620
vt 0.590905 0.204055
vt 0.581203 0.206479
vt 0.583300 0.173620
vt 0.600607 0.201631
vt 0.590905 0.204055
vt 0.593299 0.173770
vt 0.600607 0.201631
vt 0.583300 0.173620
vt 0.593299 0.173770
vt 0.620010 0.196782
vt 0.600607 0.201631
vt 0.613297 0.174069
vt 0.620010 0.196782
vt 0.593299 0.173770
vt 0.561800 0.211328
vt 0.581203 0.206479
vt 0.576552 0.244140
vt 0.581203 0.206479
vt 0.594664 0.235657
vt 0.576552 0.244140
vt 0.581203 0.206479
vt 0.590905 0.204055
vt 0.594664 0.235657
vt 0.590905 0.204055
vt 0.603720 0.231415
vt 0.594664 0.235657
vt 0.590905 0.204055
vt 0.612776 0.227173
vt 0.603720 0.231415
vt 0.600607 0.201631
vt 0.612776 0.227173
vt 0.590905 0.204055
vt 0.600607 0.201631
vt 0.630888 0.218690
vt 0.612776 0.227173
vt 0.620010 0.196782
vt 0.630888 0.218690
vt 0.600607 0.201631
vt 0.576552 0.244140
vt 0.594664 0.235657
vt 0.597576 0.273556
vt 0.594664 0.235657
vt 0.613655 0.261662
vt 0.597576 0.273556
vt 0.594664 0.235657
vt 0.603720 0.231415
vt 0.613655 0.261662
vt 0.603720 0.231415
vt 0.621695 0.255715
vt 0.613655 0.261662
vt 0.603720 0.231415
vt 0.629734 0.249768
vt 0.621695 0.255715
vt 0.612776 0.227173
vt 0.629734 0.249768
vt 0.603720 0.231415
vt 0.612776 0.227173
vt 0.645813 0.237874
vt 0.629734 0.249768
vt 0.630888 0.218690
vt 0.645813 0.237874
vt 0.612776 0.227173
vt 0.597576 0.273556
vt 0.613655 0.261662
vt 0.624469 0.299039
vt 0.613655 0.261662
vt 0.638013 0.284323
vt 0.624469 0.299039
vt 0.613655 0.261662
vt 0.621695 0.255715
vt 0.638013 0.284323
vt 0.621695 0.255715
vt 0.644785 0.276965
vt 0.638013 0.284323
vt 0.621695 0.255715
vt 0.651557 0.269607
vt 0.644785 0.276965
vt 0.629734 0.249768
vt 0.651557 0.269607
vt 0.621695 0.255715
vt 0.629734 0.249768
vt 0.665100 0.254890
vt 0.651557 0.269607
vt 0.645813 0.237874
vt 0.665100 0.254890
vt 0.629734 0.249768
vt 0.624469 0.299039
vt 0.638013 0.284323
vt 0.627184 0.301271
vt 0.638013 0.284323
vt 0.639328 0.285380
vt 0.627184 0.301271
vt 0.638013 0.284323
vt 0.644785 0.276965
vt 0.639328 0.285380
vt 0.644785 0.276965
vt 0.645400 0.277435
vt 0.639328 0.285380
vt 0.644785 0.276965
vt 0.651472 0.269489
vt 0.645400 0.277435
vt 0.651557 0.269607
vt 0.651472 0.269489
vt 0.644785 0.276965
vt 0.651557 0.269607
vt 0.663616 0.253599
vt 0.651472 0.269489
vt 0.665100 0.254890
vt 0.663616 0.253599
vt 0.651557 0.269607
vt 0.627184 0.301271
vt 0.639328 0.285380
vt 0.629103 0.302635
vt 0.639328 0.285380
vt 0.640401 0.286132
vt 0.629103 0.302635
vt 0.639328 0.285380
vt 0.645400 0.277435
vt 0.640401 0.286132
vt 0.645400 0.277435
vt 0.646050 0.277880
vt 0.640401 0.286132
vt 0.645400 0.277435
vt 0.651699 0.269628
vt 0.646050 0.277880
vt 0.651472 0.269489
vt 0.651699 0.269628
vt 0.645400 0.277435
vt 0.651472 0.269489
vt 0.662997 0.253125
vt 0.651699 0.269628
vt 0.663616 0.253599
vt 0.662997 0.253125
vt 0.651472 0.269489
vt 0.629103 0.302635
vt 0.640401 0.286132
vt 0.633228 0.305012
vt 0.640401 0.286132
vt 0.642226 0.287151
vt 0.633228 0.305012
vt 0.640401 0.286132
vt 0.646050 0.277880
vt 0.642226 0.287151
vt 0.646050 0.277880
vt 0.646725 0.278220
vt 0.642226 0.287151
vt 0.646050 0.277880
vt 0.651224 0.269289
vt 0.646725 0.278220
vt 0.651699 0.269628
vt 0.651224 0.269289
vt 0.646050 0.277880
vt 0.651699 0.269628
vt 0.660222 0.251428
vt 0.651224 0.269289
vt 0.662997 0.253125
vt 0.660222 0.251428
vt 0.651699 0.269628
vt 0.633228 0.305012
vt 0.642226 0.287151
vt 0.640535 0.307583
vt 0.642226 0.287151
vt 0.645115 0.288114
vt 0.640535 0.307583
vt 0.642226 0.287151
vt 0.646725 0.278220
vt 0.645115 0.288114
vt 0.646725 0.278220
vt 0.647405 0.278380
vt 0.645115 0.288114
vt 0.646725 0.278220
vt 0.649695 0.268646
vt 0.647405 0.278380
vt 0.651224 0.269289
vt 0.649695 0.268646
vt 0.646725 0.278220
vt 0.651224 0.269289
vt 0.654275 0.249177
vt 0.649695 0.268646
vt 0.660222 0.251428
vt 0.654275 0.249177
vt 0.651224 0.269289
vt 0.640535 0.307583
vt 0.645115 0.288114
vt 0.646546 0.308402
vt 0.645115 0.288114
vt 0.648075 0.288461
vt 0.646546 0.308402
vt 0.645115 0.288114
vt 0.647405 0.278380
vt 0.648075 0.288461
vt 0.647405 0.278380
vt 0.648840 0.278490
vt 0.648075 0.288461
vt 0.647405 0.278380
vt 0.649605 0.268519
vt 0.648840 0.278490
vt 0.649695 0.268646
vt 0.649605 0.268519
vt 0.647405 0.278380
vt 0.649695 0.268646
vt 0.651134 0.248578
vt 0.649605 0.268519
vt 0.654275 0.249177
vt 0.651134 0.248578
vt 0.649695 0.268646
vt 0.646546 0.308402
vt 0.648075 0.288461
vt 0.649309 0.308523
vt 0.648075 0.288461
vt 0.649983 0.288534
vt 0.649309 0.308523
vt 0.648075 0.288461
vt 0.648840 0.278490
vt 0.649983 0.288534
vt 0.648840 0.278490
vt 0.650320 0.278540
vt 0.649983 0.288534
vt 0.648840 0.278490
vt 0.650657 0.268546
vt 0.650320 0.278540
vt 0.649605 0.268519
vt 0.650657 0.268546
vt 0.648840 0.278490
vt 0.649605 0.268519
vt 0.651331 0.248557
vt 0.650657 0.268546
vt 0.651134 0.248578
vt 0.651331 0.248557
vt 0.649605 0.268519
vt 0.649309 0.308523
vt 0.649983 0.288534
vt 0.654975 0.308208
vt 0.649983 0.288534
vt 0.652775 0.288329
vt 0.654975 0.308208
vt 0.649983 0.288534
vt 0.650320 0.278540
vt 0.652775 0.288329
vt 0.650320 0.278540
vt 0.651675 0.278390
vt 0.652775 0.288329
vt 0.650320 0.278540
vt 0.650575 0.268451
vt 0.651675 0.278390
vt 0.650657 0.268546
vt 0.650575 0.268451
vt 0.650320 0.278540
vt 0.650657 0.268546
vt 0.648375 0.248572
vt 0.650575 0.268451
vt 0.651331 0.248557
vt 0.648375 0.248572
vt 0.650657 0.268546
vt 0.654975 0.308208
vt 0.652775 0.288329
vt 0.665430 0.305077
vt 0.652775 0.288329
vt 0.656967 0.286955
vt 0.665430 0.305077
vt 0.652775 0.288329
vt 0.651675 0.278390
vt 0.656967 0.286955
vt 0.651675 0.278390
vt 0.652735 0.277895
vt 0.656967 0.286955
vt 0.651675 0.278390
vt 0.648503 0.268834
vt 0.652735 0.277895
vt 0.650575 0.268451
vt 0.648503 0.268834
vt 0.651675 0.278390
vt 0.650575 0.268451
vt 0.640040 0.250713
vt 0.648503 0.268834
vt 0.648375 0.248572
vt 0.640040 0.250713
vt 0.650575 0.268451
vt 0.665430 0.305077
vt 0.656967 0.286955
vt 0.676772 0.295901
vt 0.656967 0.286955
vt 0.661344 0.283173
vt 0.676772 0.295901
vt 0.656967 0.286955
vt 0.652735 0.277895
vt 0.661344 0.283173
vt 0.652735 0.277895
vt 0.653630 0.276810
vt 0.661344 0.283173
vt 0.652735 0.277895
vt 0.645916 0.270446
vt 0.653630 0.276810
vt 0.648503 0.268834
vt 0.645916 0.270446
vt 0.652735 0.277895
vt 0.648503 0.268834
vt 0.630488 0.257719
vt 0.645916 0.270446
vt 0.640040 0.250713
vt 0.630488 0.257719
vt 0.648503 0.268834
vt 0.676772 0.295901
vt 0.661344 0.283173
vt 0.681350 0.288396
vt 0.661344 0.283173
vt 0.663340 0.279699
vt 0.681350 0.288396
vt 0.661344 0.283173
vt 0.653630 0.276810
vt 0.663340 0.279699
vt 0.653630 0.276810
vt 0.654335 0.275350
vt 0.663340 0.279699
vt 0.653630 0.276810
vt 0.645330 0.271001
vt 0.654335 0.275350
vt 0.645916 0.270446
vt 0.645330 0.271001
vt 0.653630 0.276810
vt 0.645916 0.270446
vt 0.627320 0.262304
vt 0.645330 0.271001
vt 0.630488 0.257719
vt 0.627320 0.262304
vt 0.645916 0.270446
vt 0.681350 0.288396
vt 0.663340 0.279699
vt 0.683857 0.280895
vt 0.663340 0.279699
vt 0.664412 0.276215
vt 0.683857 0.280895
vt 0.663340 0.279699
vt 0.654335 0.275350
vt 0.664412 0.276215
vt 0.654335 0.275350
vt 0.654690 0.273875
vt 0.664412 0.276215
vt 0.654335 0.275350
vt 0.644968 0.271535
vt 0.654690 0.273875
vt 0.645330 0.271001
vt 0.644968 0.271535
vt 0.654335 0.275350
vt 0.645330 0.271001
vt 0.625523 0.266855
vt 0.644968 0.271535
vt 0.627320 0.262304
vt 0.625523 0.266855
vt 0.645330 0.271001
vt 0.683857 0.280895
vt 0.664412 0.276215
vt 0.684228 0.268511
vt 0.664412 0.276215
vt 0.664429 0.271340
vt 0.684228 0.268511
vt 0.664412 0.276215
vt 0.654690 0.273875
vt 0.664429 0.271340
vt 0.654690 0.273875
vt 0.654530 0.272755
vt 0.664429 0.271340
vt 0.654690 0.273875
vt 0.644630 0.274169
vt 0.654530 0.272755
vt 0.644968 0.271535
vt 0.644630 0.274169
vt 0.654690 0.273875
vt 0.644968 0.271535
vt 0.624832 0.276998
vt 0.644630 0.274169
vt 0.625523 0.266855
vt 0.624832 0.276998
vt 0.644968 0.271535
vt 0.684228 0.268511
vt 0.664429 0.271340
vt 0.676745 0.251249
vt 0.664429 0.271340
vt 0.659435 0.261266
vt 0.676745 0.251249
vt 0.664429 0.271340
vt 0.654530 0.272755
vt 0.659435 0.261266
vt 0.654530 0.272755
vt 0.650780 0.266275
vt 0.659435 0.261266
vt 0.654530 0.272755
vt 0.642125 0.271284
vt 0.650780 0.266275
vt 0.644630 0.274169
vt 0.642125 0.271284
vt 0.654530 0.272755
vt 0.644630 0.274169
vt 0.624814 0.281301
vt 0.642125 0.271284
vt 0.624832 0.276998
vt 0.624814 0.281301
vt 0.644630 0.274169
vt 0.676745 0.251249
vt 0.659435 0.261266
vt 0.672683 0.244448
vt 0.659435 0.261266
vt 0.655518 0.254713
vt 0.672683 0.244448
vt 0.659435 0.261266
vt 0.650780 0.266275
vt 0.655518 0.254713
vt 0.650780 0.266275
vt 0.646935 0.259845
vt 0.655518 0.254713
vt 0.650780 0.266275
vt 0.638352 0.264977
vt 0.646935 0.259845
vt 0.642125 0.271284
vt 0.638352 0.264977
vt 0.650780 0.266275
vt 0.642125 0.271284
vt 0.621187 0.275241
vt 0.638352 0.264977
vt 0.624814 0.281301
vt 0.621187 0.275241
vt 0.642125 0.271284
vt 0.672683 0.244448
vt 0.655518 0.254713
vt 0.668456 0.237643
vt 0.655518 0.254713
vt 0.651472 0.248204
vt 0.668456 0.237643
vt 0.655518 0.254713
vt 0.646935 0.259845
vt 0.651472 0.248204
vt 0.646935 0.259845
vt 0.642980 0.253485
vt 0.651472 0.248204
vt 0.646935 0.259845
vt 0.634488 0.258766
vt 0.642980 0.253485
vt 0.638352 0.264977
vt 0.634488 0.258766
vt 0.646935 0.259845
vt 0.638352 0.264977
vt 0.617504 0.269327
vt 0.634488 0.258766
vt 0.621187 0.275241
vt 0.617504 0.269327
vt 0.638352 0.264977
vt 0.668456 0.237643
vt 0.651472 0.248204
vt 0.664037 0.230843
vt 0.651472 0.248204
vt 0.647276 0.241754
vt 0.664037 0.230843
vt 0.651472 0.248204
vt 0.642980 0.253485
vt 0.647276 0.241754
vt 0.642980 0.253485
vt 0.638895 0.247210
vt 0.647276 0.241754
vt 0.642980 0.253485
vt 0.630514 0.252666
vt 0.638895 0.247210
vt 0.634488 0.258766
vt 0.630514 0.252666
vt 0.642980 0.253485
vt 0.634488 0.258766
vt 0.613753 0.263577
vt 0.630514 0.252666
vt 0.617504 0.269327
vt 0.613753 0.263577
vt 0.634488 0.258766
vt 0.664037 0.230843
vt 0.647276 0.241754
vt 0.660031 0.224354
vt 0.647276 0.241754
vt 0.643023 0.234878
vt 0.660031 0.224354
vt 0.647276 0.241754
vt 0.638895 0.247210
vt 0.643023 0.234878
vt 0.638895 0.247210
vt 0.634520 0.240140
vt 0.643023 0.234878
vt 0.638895 0.247210
vt 0.626016 0.245402
vt 0.634520 0.240140
vt 0.630514 0.252666
vt 0.626016 0.245402
vt 0.638895 0.247210
vt 0.630514 0.252666
vt 0.609009 0.255926
vt 0.626016 0.245402
vt 0.613753 0.263577
vt 0.609009 0.255926
vt 0.630514 0.252666
vt 0.660031 0.224354
vt 0.643023 0.234878
vt 0.657367 0.219024
vt 0.643023 0.234878
vt 0.639609 0.228225
vt 0.657367 0.219024
vt 0.643023 0.234878
vt 0.634520 0.240140
vt 0.639609 0.228225
vt 0.634520 0.240140
vt 0.630730 0.232825
vt 0.639609 0.228225
vt 0.634520 0.240140
vt 0.621851 0.237425
vt 0.630730 0.232825
vt 0.626016 0.245402
vt 0.621851 0.237425
vt 0.634520 0.240140
vt 0.626016 0.245402
vt 0.604093 0.246626
vt 0.621851 0.237425
vt 0.609009 0.255926
vt 0.604093 0.246626
vt 0.626016 0.245402
vt 0.657367 0.219024
vt 0.639609 0.228225
vt 0.655331 0.213786
vt 0.639609 0.228225
vt 0.636840 0.221409
vt 0.655331 0.213786
vt 0.639609 0.228225
vt 0.630730 0.232825
vt 0.636840 0.221409
vt 0.630730 0.232825
vt 0.627595 0.225220
vt 0.636840 0.221409
vt 0.630730 0.232825
vt 0.618350 0.229031
vt 0.627595 0.225220
vt 0.621851 0.237425
vt 0.618350 0.229031
vt 0.630730 0.232825
vt 0.621851 0.237425
vt 0.599859 0.236654
vt 0.618350 0.229031
vt 0.604093 0.246626
vt 0.599859 0.236654
vt 0.621851 0.237425
vt 0.655331 0.213786
vt 0.636840 0.221409
vt 0.653870 0.208534
vt 0.636840 0.221409
vt 0.634740 0.214368
vt 0.653870 0.208534
vt 0.636840 0.221409
vt 0.627595 0.225220
vt 0.634740 0.214368
vt 0.627595 0.225220
vt 0.625175 0.217285
vt 0.634740 0.214368
vt 0.627595 0.225220
vt 0.615610 0.220202
vt 0.625175 0.217285
vt 0.618350 0.229031
vt 0.615610 0.220202
vt 0.627595 0.225220
vt 0.618350 0.229031
vt 0.596480 0.226036
vt 0.615610 0.220202
vt 0.599859 0.236654
vt 0.596480 0.226036
vt 0.618350 0.229031
vt 0.653870 0.208534
vt 0.634740 0.214368
vt 0.653593 0.198421
vt 0.634740 0.214368
vt 0.633674 0.200220
vt 0.653593 0.198421
vt 0.634740 0.214368
vt 0.625175 0.217285
vt 0.633674 0.200220
vt 0.625175 0.217285
vt 0.623715 0.201120
vt 0.633674 0.200220
vt 0.625175 0.217285
vt 0.613755 0.202019
vt 0.623715 0.201120
vt 0.615610 0.220202
vt 0.613755 0.202019
vt 0.625175 0.217285
vt 0.615610 0.220202
vt 0.593837 0.203819
vt 0.613755 0.202019
vt 0.596480 0.226036
vt 0.593837 0.203819
vt 0.615610 0.220202
vt 0.653593 0.198421
vt 0.633674 0.200220
vt 0.656539 0.193777
vt 0.633674 0.200220
vt 0.637156 0.188846
vt 0.656539 0.193777
vt 0.633674 0.200220
vt 0.623715 0.201120
vt 0.637156 0.188846
vt 0.623715 0.201120
vt 0.627465 0.186380
vt 0.637156 0.188846
vt 0.623715 0.201120
vt 0.617774 0.183914
vt 0.627465 0.186380
vt 0.613755 0.202019
vt 0.617774 0.183914
vt 0.623715 0.201120
vt 0.613755 0.202019
vt 0.598391 0.178983
vt 0.617774 0.183914
vt 0.593837 0.203819
vt 0.598391 0.178983
vt 0.613755 0.202019
vt 0.656539 0.193777
vt 0.637156 0.188846
vt 0.660791 0.190932
vt 0.637156 0.188846
vt 0.644340 0.179557
vt 0.660791 0.190932
vt 0.637156 0.188846
vt 0.627465 0.186380
vt 0.644340 0.179557
vt 0.627465 0.186380
vt 0.636115 0.173870
vt 0.644340 0.179557
vt 0.627465 0.186380
vt 0.627890 0.168183
vt 0.636115 0.173870
vt 0.617774 0.183914
vt 0.627890 0.168183
vt 0.627465 0.186380
vt 0.617774 0.183914
vt 0.611439 0.156808
vt 0.627890 0.168183
vt 0.598391 0.178983
vt 0.611439 0.156808
vt 0.617774 0.183914
vt 0.660791 0.190932
vt 0.644340 0.179557
vt 0.666818 0.188773
vt 0.644340 0.179557
vt 0.655166 0.172518
vt 0.666818 0.188773
vt 0.644340 0.179557
vt 0.636115 0.173870
vt 0.655166 0.172518
vt 0.636115 0.173870
vt 0.649340 0.164390
vt 0.655166 0.172518
vt 0.636115 0.173870
vt 0.643514 0.156262
vt 0.649340 0.164390
vt 0.627890 0.168183
vt 0.643514 0.156262
vt 0.636115 0.173870
vt 0.627890 0.168183
vt 0.631862 0.140007
vt 0.643514 0.156262
vt 0.611439 0.156808
vt 0.631862 0.140007
vt 0.627890 0.168183
vt 0.666818 0.188773
vt 0.655166 0.172518
vt 0.668550 0.188624
vt 0.655166 0.172518
vt 0.660300 0.170405
vt 0.668550 0.188624
vt 0.655166 0.172518
vt 0.649340 0.164390
vt 0.660300 0.170405
vt 0.649340 0.164390
vt 0.656175 0.161295
vt 0.660300 0.170405
vt 0.649340 0.164390
vt 0.652050 0.152185
vt 0.656175 0.161295
vt 0.643514 0.156262
vt 0.652050 0.152185
vt 0.649340 0.164390
vt 0.643514 0.156262
vt 0.643800 0.133966
vt 0.652050 0.152185
vt 0.631862 0.140007
vt 0.643800 0.133966
vt 0.643514 0.156262
vt 0.668550 0.188624
vt 0.660300 0.170405
vt 0.673270 0.187056
vt 0.660300 0.170405
vt 0.666570 0.168212
vt 0.673270 0.187056
vt 0.660300 0.170405
vt 0.656175 0.161295
vt 0.666570 0.168212
vt 0.656175 0.161295
vt 0.663220 0.158790
vt 0.666570 0.168212
vt 0.656175 0.161295
vt 0.659870 0.149368
vt 0.663220 0.158790
vt 0.652050 0.152185
vt 0.659870 0.149368
vt 0.656175 0.161295
vt 0.652050 0.152185
vt 0.653169 0.130524
vt 0.659870 0.149368
vt 0.643800 0.133966
vt 0.653169 0.130524
vt 0.652050 0.152185
vt 0.673270 0.187056
vt 0.666570 0.168212
vt 0.677813 0.186054
vt 0.666570 0.168212
vt 0.672934 0.166658
vt 0.677813 0.186054
vt 0.666570 0.168212
vt 0.663220 0.158790
vt 0.672934 0.166658
vt 0.663220 0.158790
vt 0.670495 0.156960
vt 0.672934 0.166658
vt 0.663220 0.158790
vt 0.668055 0.147262
vt 0.670495 0.156960
vt 0.659870 0.149368
vt 0.668055 0.147262
vt 0.663220 0.158790
vt 0.659870 0.149368
vt 0.663176 0.127866
vt 0.668055 0.147262
vt 0.653169 0.130524
vt 0.663176 0.127866
vt 0.659870 0.149368
vt 0.677813 0.186054
vt 0.672934 0.166658
vt 0.682260 0.185583
vt 0.672934 0.166658
vt 0.679430 0.165784
vt 0.682260 0.185583
vt 0.672934 0.166658
vt 0.670495 0.156960
vt 0.679430 0.165784
vt 0.670495 0.156960
vt 0.678015 0.155885
vt 0.679430 0.165784
vt 0.670495 0.156960
vt 0.676600 0.145986
vt 0.678015 0.155885
vt 0.668055 0.147262
vt 0.676600 0.145986
vt 0.670495 0.156960
vt 0.668055 0.147262
vt 0.673769 0.126187
vt 0.676600 0.145986
vt 0.663176 0.127866
vt 0.673769 0.126187
vt 0.668055 0.147262
vt 0.682260 0.185583
vt 0.679430 0.165784
vt 0.697984 0.184180
vt 0.679430 0.165784
vt 0.696158 0.164263
vt 0.697984 0.184180
vt 0.679430 0.165784
vt 0.678015 0.155885
vt 0.696158 0.164263
vt 0.678015 0.155885
vt 0.695245 0.154305
vt 0.696158 0.164263
vt 0.678015 0.155885
vt 0.694332 0.144347
vt 0.695245 0.154305
vt 0.676600 0.145986
vt 0.694332 0.144347
vt 0.678015 0.155885
vt 0.676600 0.145986
vt 0.692505 0.124430
vt 0.694332 0.144347
vt 0.673769 0.126187
vt 0.692505 0.124430
vt 0.676600 0.145986
vt 0.697984 0.184180
vt 0.696158 0.164263
vt 0.715365 0.182495
vt 0.696158 0.164263
vt 0.713435 0.162588
vt 0.715365 0.182495
vt 0.696158 0.164263
vt 0.695245 0.154305
vt 0.713435 0.162588
vt 0.695245 0.154305
vt 0.712470 0.152635
vt 0.713435 0.162588
vt 0.695245 0.154305
vt 0.711505 0.142682
vt 0.712470 0.152635
vt 0.694332 0.144347
vt 0.711505 0.142682
vt 0.695245 0.154305
vt 0.694332 0.144347
vt 0.709575 0.122775
vt 0.711505 0.142682
vt 0.692505 0.124430
vt 0.709575 0.122775
vt 0.694332 0.144347
vt 0.715365 0.182495
vt 0.713435 0.162588
vt 0.732611 0.180807
vt 0.713435 0.162588
vt 0.730664 0.160902
vt 0.732611 0.180807
vt 0.713435 0.162588
vt 0.712470 0.152635
vt 0.730664 0.160902
vt 0.712470 0.152635
vt 0.729690 0.150950
vt 0.730664 0.160902
vt 0.712470 0.152635
vt 0.728716 0.140998
vt 0.729690 0.150950
vt 0.711505 0.142682
vt 0.728716 0.140998
vt 0.712470 0.152635
vt 0.711505 0.142682
vt 0.726768 0.121093
vt 0.728716 0.140998
vt 0.709575 0.122775
vt 0.726768 0.121093
vt 0.711505 0.142682
vt 0.732611 0.180807
vt 0.730664 0.160902
vt 0.749733 0.179192
vt 0.730664 0.160902
vt 0.747854 0.159281
vt 0.749733 0.179192
vt 0.730664 0.160902
vt 0.729690 0.150950
vt 0.747854 0.159281
vt 0.729690 0.150950
vt 0.746915 0.149325
vt 0.747854 0.159281
vt 0.729690 0.150950
vt 0.745976 0.139369
vt 0.746915 0.149325
vt 0.728716 0.140998
vt 0.745976 0.139369
vt 0.729690 0.150950
vt 0.728716 0.140998
vt 0.744097 0.119458
vt 0.745976 0.139369
vt 0.726768 0.121093
vt 0.744097 0.119458
vt 0.728716 0.140998
vt 0.749733 0.179192
vt 0.747854 0.159281
vt 0.762006 0.177347
vt 0.747854 0.159281
vt 0.758949 0.157582
vt 0.762006 0.177347
vt 0.747854 0.159281
vt 0.746915 0.149325
vt 0.758949 0.157582
vt 0.746915 0.149325
vt 0.757420 0.147700
vt 0.758949 0.157582
vt 0.746915 0.149325
vt 0.755891 0.137818
vt 0.757420 0.147700
vt 0.745976 0.139369
vt 0.755891 0.137818
vt 0.746915 0.149325
vt 0.745976 0.139369
vt 0.752834 0.118053
vt 0.755891 0.137818
vt 0.744097 0.119458
vt 0.752834 0.118053
vt 0.745976 0.139369
vt 0.762006 0.177347
vt 0.758949 0.157582
vt 0.775966 0.173470
vt 0.758949 0.157582
vt 0.770242 0.154307
vt 0.775966 0.173470
vt 0.758949 0.157582
vt 0.757420 0.147700
vt 0.770242 0.154307
vt 0.757420 0.147700
vt 0.767380 0.144725
vt 0.770242 0.154307
vt 0.757420 0.147700
vt 0.764518 0.135143
vt 0.767380 0.144725
vt 0.755891 0.137818
vt 0.764518 0.135143
vt 0.757420 0.147700
vt 0.755891 0.137818
vt 0.758794 0.115980
vt 0.764518 0.135143
vt 0.752834 0.118053
vt 0.758794 0.115980
vt 0.755891 0.137818
vt 0.775966 0.173470
vt 0.770242 0.154307
vt 0.789521 0.167477
vt 0.770242 0.154307
vt 0.781030 0.149369
vt 0.789521 0.167477
vt 0.770242 0.154307
vt 0.767380 0.144725
vt 0.781030 0.149369
vt 0.767380 0.144725
vt 0.776785 0.140315
vt 0.781030 0.149369
vt 0.767380 0.144725
vt 0.772539 0.131261
vt 0.776785 0.140315
vt 0.764518 0.135143
vt 0.772539 0.131261
vt 0.767380 0.144725
vt 0.764518 0.135143
vt 0.764049 0.113153
vt 0.772539 0.131261
vt 0.758794 0.115980
vt 0.764049 0.113153
vt 0.764518 0.135143
vt 0.789521 0.167477
vt 0.781030 0.149369
vt 0.802349 0.159283
vt 0.781030 0.149369
vt 0.791196 0.142681
vt 0.802349 0.159283
vt 0.781030 0.149369
vt 0.776785 0.140315
vt 0.791196 0.142681
vt 0.776785 0.140315
vt 0.785620 0.134380
vt 0.791196 0.142681
vt 0.776785 0.140315
vt 0.780044 0.126079
vt 0.785620 0.134380
vt 0.772539 0.131261
vt 0.780044 0.126079
vt 0.776785 0.140315
vt 0.772539 0.131261
vt 0.768891 0.109477
vt 0.780044 0.126079
vt 0.764049 0.113153
vt 0.768891 0.109477
vt 0.772539 0.131261
vt 0.802349 0.159283
vt 0.791196 0.142681
vt 0.811226 0.151027
vt 0.791196 0.142681
vt 0.796798 0.137176
vt 0.811226 0.151027
vt 0.791196 0.142681
vt 0.785620 0.134380
vt 0.796798 0.137176
vt 0.785620 0.134380
vt 0.789585 0.130250
vt 0.796798 0.137176
vt 0.785620 0.134380
vt 0.782371 0.123324
vt 0.789585 0.130250
vt 0.780044 0.126079
vt 0.782371 0.123324
vt 0.785620 0.134380
vt 0.780044 0.126079
vt 0.767944 0.109473
vt 0.782371 0.123324
vt 0.768891 0.109477
vt 0.767944 0.109473
vt 0.780044 0.126079
vt 0.811226 0.151027
vt 0.796798 0.137176
vt 0.818961 0.138174
vt 0.796798 0.137176
vt 0.800790 0.129818
vt 0.818961 0.138174
vt 0.796798 0.137176
vt 0.789585 0.130250
vt 0.800790 0.129818
vt 0.789585 0.130250
vt 0.791705 0.125640
vt 0.800790 0.129818
vt 0.789585 0.130250
vt 0.782619 0.121462
vt 0.791705 0.125640
vt 0.782371 0.123324
vt 0.782619 0.121462
vt 0.789585 0.130250
vt 0.782371 0.123324
vt 0.764449 0.113106
vt 0.782619 0.121462
vt 0.767944 0.109473
vt 0.764449 0.113106
vt 0.782371 0.123324
vt 0.818961 0.138174
vt 0.800790 0.129818
vt 0.821807 0.121493
vt 0.800790 0.129818
vt 0.801812 0.121038
vt 0.821807 0.121493
vt 0.800790 0.129818
vt 0.791705 0.125640
vt 0.801812 0.121038
vt 0.791705 0.125640
vt 0.791815 0.120810
vt 0.801812 0.121038
vt 0.791705 0.125640
vt 0.781817 0.120582
vt 0.791815 0.120810
vt 0.782619 0.121462
vt 0.781817 0.120582
vt 0.791705 0.125640
vt 0.782619 0.121462
vt 0.761823 0.120127
vt 0.781817 0.120582
vt 0.764449 0.113106
vt 0.761823 0.120127
vt 0.782619 0.121462
vt 0.821807 0.121493
vt 0.801812 0.121038
vt 0.817299 0.104144
vt 0.801812 0.121038
vt 0.798933 0.112061
vt 0.817299 0.104144
vt 0.801812 0.121038
vt 0.791815 0.120810
vt 0.798933 0.112061
vt 0.791815 0.120810
vt 0.789750 0.116020
vt 0.798933 0.112061
vt 0.791815 0.120810
vt 0.780567 0.119979
vt 0.789750 0.116020
vt 0.781817 0.120582
vt 0.780567 0.119979
vt 0.791815 0.120810
vt 0.781817 0.120582
vt 0.762201 0.127896
vt 0.780567 0.119979
vt 0.761823 0.120127
vt 0.762201 0.127896
vt 0.781817 0.120582
vt 0.817299 0.104144
vt 0.798933 0.112061
vt 0.810921 0.093933
vt 0.798933 0.112061
vt 0.794517 0.105374
vt 0.810921 0.093933
vt 0.798933 0.112061
vt 0.789750 0.116020
vt 0.794517 0.105374
vt 0.789750 0.116020
vt 0.786315 0.111095
vt 0.794517 0.105374
vt 0.789750 0.116020
vt 0.778113 0.116816
vt 0.786315 0.111095
vt 0.780567 0.119979
vt 0.778113 0.116816
vt 0.789750 0.116020
vt 0.780567 0.119979
vt 0.761709 0.128257
vt 0.778113 0.116816
vt 0.762201 0.127896
vt 0.761709 0.128257
vt 0.780567 0.119979
vt 0.810921 0.093933
vt 0.794517 0.105374
vt 0.806998 0.088549
vt 0.794517 0.105374
vt 0.790846 0.100343
vt 0.806998 0.088549
vt 0.794517 0.105374
vt 0.786315 0.111095
vt 0.790846 0.100343
vt 0.786315 0.111095
vt 0.782770 0.106240
vt 0.790846 0.100343
vt 0.786315 0.111095
vt 0.774694 0.112137
vt 0.782770 0.106240
vt 0.778113 0.116816
vt 0.774694 0.112137
vt 0.786315 0.111095
vt 0.778113 0.116816
vt 0.758541 0.123931
vt 0.774694 0.112137
vt 0.761709 0.128257
vt 0.758541 0.123931
vt 0.778113 0.116816
vt 0.806998 0.088549
vt 0.790846 0.100343
vt 0.802805 0.083117
vt 0.790846 0.100343
vt 0.786995 0.095366
vt 0.802805 0.083117
vt 0.790846 0.100343
vt 0.782770 0.106240
vt 0.786995 0.095366
vt 0.782770 0.106240
vt 0.779090 0.101490
vt 0.786995 0.095366
vt 0.782770 0.106240
vt 0.771185 0.107615
vt 0.779090 0.101490
vt 0.774694 0.112137
vt 0.771185 0.107615
vt 0.782770 0.106240
vt 0.774694 0.112137
vt 0.755374 0.119863
vt 0.771185 0.107615
vt 0.758541 0.123931
vt 0.755374 0.119863
vt 0.774694 0.112137
vt 0.802805 0.083117
vt 0.786995 0.095366
vt 0.798273 0.077657
vt 0.786995 0.095366
vt 0.782921 0.090476
vt 0.798273 0.077657
vt 0.786995 0.095366
vt 0.779090 0.101490
vt 0.782921 0.090476
vt 0.779090 0.101490
vt 0.775245 0.096885
vt 0.782921 0.090476
vt 0.779090 0.101490
vt 0.767569 0.103294
vt 0.775245 0.096885
vt 0.771185 0.107615
vt 0.767569 0.103294
vt 0.779090 0.101490
vt 0.771185 0.107615
vt 0.752217 0.116113
vt 0.767569 0.103294
vt 0.755374 0.119863
vt 0.752217 0.116113
vt 0.771185 0.107615
vt 0.798273 0.077657
vt 0.782921 0.090476
vt 0.790384 0.069603
vt 0.782921 0.090476
vt 0.776248 0.083751
vt 0.790384 0.069603
vt 0.782921 0.090476
vt 0.775245 0.096885
vt 0.776248 0.083751
vt 0.775245 0.096885
vt 0.769180 0.090825
vt 0.776248 0.083751
vt 0.775245 0.096885
vt 0.762112 0.097899
vt 0.769180 0.090825
vt 0.767569 0.103294
vt 0.762112 0.097899
vt 0.775245 0.096885
vt 0.767569 0.103294
vt 0.747975 0.112047
vt 0.762112 0.097899
vt 0.752217 0.116113
vt 0.747975 0.112047
vt 0.767569 0.103294
vt 0.790384 0.069603
vt 0.776248 0.083751
vt 0.777781 0.061195
vt 0.776248 0.083751
vt 0.767874 0.078568
vt 0.777781 0.061195
vt 0.776248 0.083751
vt 0.769180 0.090825
vt 0.767874 0.078568
vt 0.769180 0.090825
vt 0.762920 0.087255
vt 0.767874 0.078568
vt 0.769180 0.090825
vt 0.757966 0.095942
vt 0.762920 0.087255
vt 0.762112 0.097899
vt 0.757966 0.095942
vt 0.769180 0.090825
vt 0.762112 0.097899
vt 0.748058 0.113315
vt 0.757966 0.095942
vt 0.747975 0.112047
vt 0.748058 0.113315
vt 0.762112 0.097899
vt 0.280880 0.912315
vt 0.296056 0.919816
vt 0.299497 0.939518
vt 0.280880 0.912315
vt 0.294335 0.909965
vt 0.296056 0.919816
vt 0.280880 0.912315
vt 0.292614 0.900114
vt 0.294335 0.909965
vt 0.280880 0.912315
vt 0.289173 0.880412
vt 0.292614 0.900114
vt 0.299497 0.939518
vt 0.296056 0.919816
vt 0.315610 0.935598
vt 0.296056 0.919816
vt 0.310797 0.916186
vt 0.315610 0.935598
vt 0.296056 0.919816
vt 0.294335 0.909965
vt 0.310797 0.916186
vt 0.294335 0.909965
vt 0.308390 0.906480
vt 0.310797 0.916186
vt 0.294335 0.909965
vt 0.305983 0.896774
vt 0.308390 0.906480
vt 0.292614 0.900114
vt 0.305983 0.896774
vt 0.294335 0.909965
vt 0.292614 0.900114
vt 0.301170 0.877362
vt 0.305983 0.896774
vt 0.289173 0.880412
vt 0.301170 0.877362
vt 0.292614 0.900114
vt 0.315610 0.935598
vt 0.310797 0.916186
vt 0.332084 0.930206
vt 0.310797 0.916186
vt 0.325761 0.911232
vt 0.332084 0.930206
vt 0.310797 0.916186
vt 0.308390 0.906480
vt 0.325761 0.911232
vt 0.308390 0.906480
vt 0.322600 0.901745
vt 0.325761 0.911232
vt 0.308390 0.906480
vt 0.319439 0.892258
vt 0.322600 0.901745
vt 0.305983 0.896774
vt 0.319439 0.892258
vt 0.308390 0.906480
vt 0.305983 0.896774
vt 0.313116 0.873284
vt 0.319439 0.892258
vt 0.301170 0.877362
vt 0.313116 0.873284
vt 0.305983 0.896774
vt 0.332084 0.930206
vt 0.325761 0.911232
vt 0.347624 0.922821
vt 0.325761 0.911232
vt 0.338738 0.904904
vt 0.347624 0.922821
vt 0.325761 0.911232
vt 0.322600 0.901745
vt 0.338738 0.904904
vt 0.322600 0.901745
vt 0.334295 0.895945
vt 0.338738 0.904904
vt 0.322600 0.901745
vt 0.329852 0.886986
vt 0.334295 0.895945
vt 0.319439 0.892258
vt 0.329852 0.886986
vt 0.322600 0.901745
vt 0.319439 0.892258
vt 0.320966 0.869069
vt 0.329852 0.886986
vt 0.313116 0.873284
vt 0.320966 0.869069
vt 0.319439 0.892258
vt 0.347624 0.922821
vt 0.338738 0.904904
vt 0.362745 0.911618
vt 0.338738 0.904904
vt 0.350265 0.895989
vt 0.362745 0.911618
vt 0.338738 0.904904
vt 0.334295 0.895945
vt 0.350265 0.895989
vt 0.334295 0.895945
vt 0.344025 0.888175
vt 0.350265 0.895989
vt 0.334295 0.895945
vt 0.337785 0.880361
vt 0.344025 0.888175
vt 0.329852 0.886986
vt 0.337785 0.880361
vt 0.334295 0.895945
vt 0.329852 0.886986
vt 0.325305 0.864733
vt 0.337785 0.880361
vt 0.320966 0.869069
vt 0.325305 0.864733
vt 0.329852 0.886986
vt 0.362745 0.911618
vt 0.350265 0.895989
vt 0.375303 0.896893
vt 0.350265 0.895989
vt 0.359558 0.884561
vt 0.375303 0.896893
vt 0.350265 0.895989
vt 0.344025 0.888175
vt 0.359558 0.884561
vt 0.344025 0.888175
vt 0.351685 0.878395
vt 0.359558 0.884561
vt 0.344025 0.888175
vt 0.343812 0.872229
vt 0.351685 0.878395
vt 0.337785 0.880361
vt 0.343812 0.872229
vt 0.344025 0.888175
vt 0.337785 0.880361
vt 0.328067 0.859897
vt 0.343812 0.872229
vt 0.325305 0.864733
vt 0.328067 0.859897
vt 0.337785 0.880361
vt 0.375303 0.896893
vt 0.359558 0.884561
vt 0.384388 0.879203
vt 0.359558 0.884561
vt 0.366249 0.870778
vt 0.384388 0.879203
vt 0.359558 0.884561
vt 0.351685 0.878395
vt 0.366249 0.870778
vt 0.351685 0.878395
vt 0.357180 0.866565
vt 0.366249 0.870778
vt 0.351685 0.878395
vt 0.348111 0.862352
vt 0.357180 0.866565
vt 0.343812 0.872229
vt 0.348111 0.862352
vt 0.351685 0.878395
vt 0.343812 0.872229
vt 0.329972 0.853927
vt 0.348111 0.862352
vt 0.328067 0.859897
vt 0.329972 0.853927
vt 0.343812 0.872229
vt 0.384388 0.879203
vt 0.366249 0.870778
vt 0.388724 0.866950
vt 0.366249 0.870778
vt 0.369781 0.860533
vt 0.388724 0.866950
vt 0.366249 0.870778
vt 0.357180 0.866565
vt 0.369781 0.860533
vt 0.357180 0.866565
vt 0.360310 0.857325
vt 0.369781 0.860533
vt 0.357180 0.866565
vt 0.350839 0.854117
vt 0.360310 0.857325
vt 0.348111 0.862352
vt 0.350839 0.854117
vt 0.357180 0.866565
vt 0.348111 0.862352
vt 0.331896 0.847700
vt 0.350839 0.854117
vt 0.329972 0.853927
vt 0.331896 0.847700
vt 0.348111 0.862352
vt 0.388724 0.866950
vt 0.369781 0.860533
vt 0.391857 0.857329
vt 0.369781 0.860533
vt 0.372839 0.851140
vt 0.391857 0.857329
vt 0.369781 0.860533
vt 0.360310 0.857325
vt 0.372839 0.851140
vt 0.360310 0.857325
vt 0.363330 0.848045
vt 0.372839 0.851140
vt 0.360310 0.857325
vt 0.353821 0.844950
vt 0.363330 0.848045
vt 0.350839 0.854117
vt 0.353821 0.844950
vt 0.360310 0.857325
vt 0.350839 0.854117
vt 0.334803 0.838761
vt 0.353821 0.844950
vt 0.331896 0.847700
vt 0.334803 0.838761
vt 0.350839 0.854117
vt 0.391857 0.857329
vt 0.372839 0.851140
vt 0.394863 0.847226
vt 0.372839 0.851140
vt 0.375688 0.841542
vt 0.394863 0.847226
vt 0.372839 0.851140
vt 0.363330 0.848045
vt 0.375688 0.841542
vt 0.363330 0.848045
vt 0.366100 0.838700
vt 0.375688 0.841542
vt 0.363330 0.848045
vt 0.356512 0.835858
vt 0.366100 0.838700
vt 0.353821 0.844950
vt 0.356512 0.835858
vt 0.363330 0.848045
vt 0.353821 0.844950
vt 0.337337 0.830174
vt 0.356512 0.835858
vt 0.334803 0.838761
vt 0.337337 0.830174
vt 0.353821 0.844950
vt 0.394863 0.847226
vt 0.375688 0.841542
vt 0.397568 0.836611
vt 0.375688 0.841542
vt 0.378176 0.831717
vt 0.397568 0.836611
vt 0.375688 0.841542
vt 0.366100 0.838700
vt 0.378176 0.831717
vt 0.366100 0.838700
vt 0.368480 0.829270
vt 0.378176 0.831717
vt 0.366100 0.838700
vt 0.358784 0.826823
vt 0.368480 0.829270
vt 0.356512 0.835858
vt 0.358784 0.826823
vt 0.366100 0.838700
vt 0.356512 0.835858
vt 0.339392 0.821929
vt 0.358784 0.826823
vt 0.337337 0.830174
vt 0.339392 0.821929
vt 0.356512 0.835858
vt 0.397568 0.836611
vt 0.378176 0.831717
vt 0.402440 0.814433
vt 0.378176 0.831717
vt 0.382903 0.810154
vt 0.402440 0.814433
vt 0.378176 0.831717
vt 0.368480 0.829270
vt 0.382903 0.810154
vt 0.368480 0.829270
vt 0.373135 0.808015
vt 0.382903 0.810154
vt 0.368480 0.829270
vt 0.363367 0.805876
vt 0.373135 0.808015
vt 0.358784 0.826823
vt 0.363367 0.805876
vt 0.368480 0.829270
vt 0.358784 0.826823
vt 0.343830 0.801597
vt 0.363367 0.805876
vt 0.339392 0.821929
vt 0.343830 0.801597
vt 0.358784 0.826823
vt 0.402440 0.814433
vt 0.382903 0.810154
vt 0.406951 0.792850
vt 0.382903 0.810154
vt 0.387374 0.788760
vt 0.406951 0.792850
vt 0.382903 0.810154
vt 0.373135 0.808015
vt 0.387374 0.788760
vt 0.373135 0.808015
vt 0.377585 0.786715
vt 0.387374 0.788760
vt 0.373135 0.808015
vt 0.367796 0.784670
vt 0.377585 0.786715
vt 0.363367 0.805876
vt 0.367796 0.784670
vt 0.373135 0.808015
vt 0.363367 0.805876
vt 0.348219 0.780580
vt 0.367796 0.784670
vt 0.343830 0.801597
vt 0.348219 0.780580
vt 0.363367 0.805876
vt 0.406951 0.792850
vt 0.387374 0.788760
vt 0.411297 0.771320
vt 0.387374 0.788760
vt 0.391692 0.767363
vt 0.411297 0.771320
vt 0.387374 0.788760
vt 0.377585 0.786715
vt 0.391692 0.767363
vt 0.377585 0.786715
vt 0.381890 0.765385
vt 0.391692 0.767363
vt 0.377585 0.786715
vt 0.372088 0.763407
vt 0.381890 0.765385
vt 0.367796 0.784670
vt 0.372088 0.763407
vt 0.377585 0.786715
vt 0.367796 0.784670
vt 0.352483 0.759450
vt 0.372088 0.763407
vt 0.348219 0.780580
vt 0.352483 0.759450
vt 0.367796 0.784670
vt 0.411297 0.771320
vt 0.391692 0.767363
vt 0.415544 0.749865
vt 0.391692 0.767363
vt 0.395925 0.745982
vt 0.415544 0.749865
vt 0.391692 0.767363
vt 0.381890 0.765385
vt 0.395925 0.745982
vt 0.381890 0.765385
vt 0.386115 0.744040
vt 0.395925 0.745982
vt 0.381890 0.765385
vt 0.376305 0.742098
vt 0.386115 0.744040
vt 0.372088 0.763407
vt 0.376305 0.742098
vt 0.381890 0.765385
vt 0.372088 0.763407
vt 0.356686 0.738215
vt 0.376305 0.742098
vt 0.352483 0.759450
vt 0.356686 0.738215
vt 0.372088 0.763407
vt 0.415544 0.749865
vt 0.395925 0.745982
vt 0.416686 0.743025
vt 0.395925 0.745982
vt 0.396952 0.739775
vt 0.416686 0.743025
vt 0.395925 0.745982
vt 0.386115 0.744040
vt 0.396952 0.739775
vt 0.386115 0.744040
vt 0.387085 0.738150
vt 0.396952 0.739775
vt 0.386115 0.744040
vt 0.377218 0.736525
vt 0.387085 0.738150
vt 0.376305 0.742098
vt 0.377218 0.736525
vt 0.386115 0.744040
vt 0.376305 0.742098
vt 0.357484 0.733275
vt 0.377218 0.736525
vt 0.356686 0.738215
vt 0.357484 0.733275
vt 0.376305 0.742098
vt 0.416686 0.743025
vt 0.396952 0.739775
vt 0.417573 0.735631
vt 0.396952 0.739775
vt 0.397704 0.733344
vt 0.417573 0.735631
vt 0.396952 0.739775
vt 0.387085 0.738150
vt 0.397704 0.733344
vt 0.387085 0.738150
vt 0.387770 0.732200
vt 0.397704 0.733344
vt 0.387085 0.738150
vt 0.377836 0.731056
vt 0.387770 0.732200
vt 0.377218 0.736525
vt 0.377836 0.731056
vt 0.387085 0.738150
vt 0.377218 0.736525
vt 0.357967 0.728769
vt 0.377836 0.731056
vt 0.357484 0.733275
vt 0.357967 0.728769
vt 0.377218 0.736525
vt 0.417573 0.735631
vt 0.397704 0.733344
vt 0.418177 0.728826
vt 0.397704 0.733344
vt 0.398252 0.727092
vt 0.418177 0.728826
vt 0.397704 0.733344
vt 0.387770 0.732200
vt 0.398252 0.727092
vt 0.387770 0.732200
vt 0.388290 0.726225
vt 0.398252 0.727092
vt 0.387770 0.732200
vt 0.378328 0.725358
vt 0.388290 0.726225
vt 0.377836 0.731056
vt 0.378328 0.725358
vt 0.387770 0.732200
vt 0.377836 0.731056
vt 0.358403 0.723624
vt 0.378328 0.725358
vt 0.357967 0.728769
vt 0.358403 0.723624
vt 0.377836 0.731056
vt 0.418177 0.728826
vt 0.398252 0.727092
vt 0.418674 0.722652
vt 0.398252 0.727092
vt 0.398738 0.721051
vt 0.418674 0.722652
vt 0.398252 0.727092
vt 0.388290 0.726225
vt 0.398738 0.721051
vt 0.388290 0.726225
vt 0.388770 0.720250
vt 0.398738 0.721051
vt 0.388290 0.726225
vt 0.378802 0.719449
vt 0.388770 0.720250
vt 0.378328 0.725358
vt 0.378802 0.719449
vt 0.388290 0.726225
vt 0.378328 0.725358
vt 0.358866 0.717848
vt 0.378802 0.719449
vt 0.358403 0.723624
vt 0.358866 0.717848
vt 0.378328 0.725358
vt 0.418674 0.722652
vt 0.398738 0.721051
vt 0.417549 0.711063
vt 0.398738 0.721051
vt 0.397913 0.714861
vt 0.417549 0.711063
vt 0.398738 0.721051
vt 0.388770 0.720250
vt 0.397913 0.714861
vt 0.388770 0.720250
vt 0.388095 0.716760
vt 0.397913 0.714861
vt 0.388770 0.720250
vt 0.378277 0.718659
vt 0.388095 0.716760
vt 0.378802 0.719449
vt 0.378277 0.718659
vt 0.388770 0.720250
vt 0.378802 0.719449
vt 0.358641 0.722457
vt 0.378277 0.718659
vt 0.358866 0.717848
vt 0.358641 0.722457
vt 0.378802 0.719449
vt 0.417549 0.711063
vt 0.397913 0.714861
vt 0.408969 0.694915
vt 0.397913 0.714861
vt 0.393530 0.707628
vt 0.408969 0.694915
vt 0.397913 0.714861
vt 0.388095 0.716760
vt 0.393530 0.707628
vt 0.388095 0.716760
vt 0.385810 0.713985
vt 0.393530 0.707628
vt 0.388095 0.716760
vt 0.378090 0.720342
vt 0.385810 0.713985
vt 0.378277 0.718659
vt 0.378090 0.720342
vt 0.388095 0.716760
vt 0.378277 0.718659
vt 0.362651 0.733055
vt 0.378090 0.720342
vt 0.358641 0.722457
vt 0.362651 0.733055
vt 0.378277 0.718659
vt 0.408969 0.694915
vt 0.393530 0.707628
vt 0.395648 0.685402
vt 0.393530 0.707628
vt 0.386866 0.703371
vt 0.395648 0.685402
vt 0.393530 0.707628
vt 0.385810 0.713985
vt 0.386866 0.703371
vt 0.385810 0.713985
vt 0.382475 0.712355
vt 0.386866 0.703371
vt 0.385810 0.713985
vt 0.378084 0.721339
vt 0.382475 0.712355
vt 0.378090 0.720342
vt 0.378084 0.721339
vt 0.385810 0.713985
vt 0.378090 0.720342
vt 0.369302 0.739308
vt 0.378084 0.721339
vt 0.362651 0.733055
vt 0.369302 0.739308
vt 0.378090 0.720342
vt 0.395648 0.685402
vt 0.386866 0.703371
vt 0.379109 0.682299
vt 0.386866 0.703371
vt 0.378797 0.702296
vt 0.379109 0.682299
vt 0.386866 0.703371
vt 0.382475 0.712355
vt 0.378797 0.702296
vt 0.382475 0.712355
vt 0.378640 0.712295
vt 0.378797 0.702296
vt 0.382475 0.712355
vt 0.378484 0.722294
vt 0.378640 0.712295
vt 0.378084 0.721339
vt 0.378484 0.722294
vt 0.382475 0.712355
vt 0.378084 0.721339
vt 0.378171 0.742291
vt 0.378484 0.722294
vt 0.369302 0.739308
vt 0.378171 0.742291
vt 0.378084 0.721339
vt 0.379109 0.682299
vt 0.378797 0.702296
vt 0.367646 0.684023
vt 0.378797 0.702296
vt 0.372055 0.703531
vt 0.367646 0.684023
vt 0.378797 0.702296
vt 0.378640 0.712295
vt 0.372055 0.703531
vt 0.378640 0.712295
vt 0.374260 0.713285
vt 0.372055 0.703531
vt 0.378640 0.712295
vt 0.376465 0.723039
vt 0.374260 0.713285
vt 0.378484 0.722294
vt 0.376465 0.723039
vt 0.378640 0.712295
vt 0.378484 0.722294
vt 0.380874 0.742547
vt 0.376465 0.723039
vt 0.378171 0.742291
vt 0.380874 0.742547
vt 0.378484 0.722294
vt 0.367646 0.684023
vt 0.372055 0.703531
vt 0.362882 0.685165
vt 0.372055 0.703531
vt 0.367554 0.704612
vt 0.362882 0.685165
vt 0.372055 0.703531
vt 0.374260 0.713285
vt 0.367554 0.704612
vt 0.374260 0.713285
vt 0.369890 0.714335
vt 0.367554 0.704612
vt 0.374260 0.713285
vt 0.372226 0.724058
vt 0.369890 0.714335
vt 0.376465 0.723039
vt 0.372226 0.724058
vt 0.374260 0.713285
vt 0.376465 0.723039
vt 0.376899 0.743505
vt 0.372226 0.724058
vt 0.380874 0.742547
vt 0.376899 0.743505
vt 0.376465 0.723039
vt 0.362882 0.685165
vt 0.367554 0.704612
vt 0.357897 0.686473
vt 0.367554 0.704612
vt 0.362999 0.705811
vt 0.357897 0.686473
vt 0.367554 0.704612
vt 0.369890 0.714335
vt 0.362999 0.705811
vt 0.369890 0.714335
vt 0.365550 0.715480
vt 0.362999 0.705811
vt 0.369890 0.714335
vt 0.368101 0.725149
vt 0.365550 0.715480
vt 0.372226 0.724058
vt 0.368101 0.725149
vt 0.369890 0.714335
vt 0.372226 0.724058
vt 0.373203 0.744487
vt 0.368101 0.725149
vt 0.376899 0.743505
vt 0.373203 0.744487
vt 0.372226 0.724058
vt 0.357897 0.686473
vt 0.362999 0.705811
vt 0.352722 0.687993
vt 0.362999 0.705811
vt 0.358407 0.707168
vt 0.352722 0.687993
vt 0.362999 0.705811
vt 0.365550 0.715480
vt 0.358407 0.707168
vt 0.365550 0.715480
vt 0.361250 0.716755
vt 0.358407 0.707168
vt 0.365550 0.715480
vt 0.364093 0.726342
vt 0.361250 0.716755
vt 0.368101 0.725149
vt 0.364093 0.726342
vt 0.365550 0.715480
vt 0.368101 0.725149
vt 0.369778 0.745517
vt 0.364093 0.726342
vt 0.373203 0.744487
vt 0.369778 0.745517
vt 0.368101 0.725149
vt 0.352722 0.687993
vt 0.358407 0.707168
vt 0.327985 0.697974
vt 0.358407 0.707168
vt 0.335575 0.716478
vt 0.327985 0.697974
vt 0.358407 0.707168
vt 0.361250 0.716755
vt 0.335575 0.716478
vt 0.361250 0.716755
vt 0.339370 0.725730
vt 0.335575 0.716478
vt 0.361250 0.716755
vt 0.343165 0.734982
vt 0.339370 0.725730
vt 0.364093 0.726342
vt 0.343165 0.734982
vt 0.361250 0.716755
vt 0.364093 0.726342
vt 0.350755 0.753486
vt 0.343165 0.734982
vt 0.369778 0.745517
vt 0.350755 0.753486
vt 0.364093 0.726342
vt 0.327985 0.697974
vt 0.335575 0.716478
vt 0.303931 0.712790
vt 0.335575 0.716478
vt 0.314710 0.729637
vt 0.303931 0.712790
vt 0.335575 0.716478
vt 0.339370 0.725730
vt 0.314710 0.729637
vt 0.339370 0.725730
vt 0.320100 0.738060
vt 0.314710 0.729637
vt 0.339370 0.725730
vt 0.325490 0.746483
vt 0.320100 0.738060
vt 0.343165 0.734982
vt 0.325490 0.746483
vt 0.339370 0.725730
vt 0.343165 0.734982
vt 0.336269 0.763330
vt 0.325490 0.746483
vt 0.350755 0.753486
vt 0.336269 0.763330
vt 0.343165 0.734982
vt 0.303931 0.712790
vt 0.314710 0.729637
vt 0.282874 0.732058
vt 0.314710 0.729637
vt 0.296655 0.746553
vt 0.282874 0.732058
vt 0.314710 0.729637
vt 0.320100 0.738060
vt 0.296655 0.746553
vt 0.320100 0.738060
vt 0.303545 0.753800
vt 0.296655 0.746553
vt 0.320100 0.738060
vt 0.310435 0.761047
vt 0.303545 0.753800
vt 0.325490 0.746483
vt 0.310435 0.761047
vt 0.320100 0.738060
vt 0.325490 0.746483
vt 0.324216 0.775542
vt 0.310435 0.761047
vt 0.336269 0.763330
vt 0.324216 0.775542
vt 0.325490 0.746483
vt 0.282874 0.732058
vt 0.296655 0.746553
vt 0.265415 0.755542
vt 0.296655 0.746553
vt 0.281682 0.767177
vt 0.265415 0.755542
vt 0.296655 0.746553
vt 0.303545 0.753800
vt 0.281682 0.767177
vt 0.303545 0.753800
vt 0.289815 0.772995
vt 0.281682 0.767177
vt 0.303545 0.753800
vt 0.297949 0.778813
vt 0.289815 0.772995
vt 0.310435 0.761047
vt 0.297949 0.778813
vt 0.303545 0.753800
vt 0.310435 0.761047
vt 0.314215 0.790448
vt 0.297949 0.778813
vt 0.324216 0.775542
vt 0.314215 0.790448
vt 0.310435 0.761047
vt 0.265415 0.755542
vt 0.281682 0.767177
vt 0.257809 0.768568
vt 0.281682 0.767177
vt 0.275186 0.778469
vt 0.257809 0.768568
vt 0.281682 0.767177
vt 0.289815 0.772995
vt 0.275186 0.778469
vt 0.289815 0.772995
vt 0.283875 0.783420
vt 0.275186 0.778469
vt 0.289815 0.772995
vt 0.292564 0.788371
vt 0.283875 0.783420
vt 0.297949 0.778813
vt 0.292564 0.788371
vt 0.289815 0.772995
vt 0.297949 0.778813
vt 0.309941 0.798272
vt 0.292564 0.788371
vt 0.314215 0.790448
vt 0.309941 0.798272
vt 0.297949 0.778813
vt 0.257809 0.768568
vt 0.275186 0.778469
vt 0.251742 0.779959
vt 0.275186 0.778469
vt 0.269404 0.789343
vt 0.251742 0.779959
vt 0.275186 0.778469
vt 0.283875 0.783420
vt 0.269404 0.789343
vt 0.283875 0.783420
vt 0.278235 0.794035
vt 0.269404 0.789343
vt 0.283875 0.783420
vt 0.287066 0.798727
vt 0.278235 0.794035
vt 0.292564 0.788371
vt 0.287066 0.798727
vt 0.283875 0.783420
vt 0.292564 0.788371
vt 0.304728 0.808111
vt 0.287066 0.798727
vt 0.309941 0.798272
vt 0.304728 0.808111
vt 0.292564 0.788371
vt 0.251742 0.779959
vt 0.269404 0.789343
vt 0.246002 0.791739
vt 0.269404 0.789343
vt 0.263994 0.800473
vt 0.246002 0.791739
vt 0.269404 0.789343
vt 0.278235 0.794035
vt 0.263994 0.800473
vt 0.278235 0.794035
vt 0.272990 0.804840
vt 0.263994 0.800473
vt 0.278235 0.794035
vt 0.281986 0.809207
vt 0.272990 0.804840
vt 0.287066 0.798727
vt 0.281986 0.809207
vt 0.278235 0.794035
vt 0.287066 0.798727
vt 0.299978 0.817941
vt 0.281986 0.809207
vt 0.304728 0.808111
vt 0.299978 0.817941
vt 0.287066 0.798727
vt 0.246002 0.791739
vt 0.263994 0.800473
vt 0.240701 0.803907
vt 0.263994 0.800473
vt 0.259054 0.811856
vt 0.240701 0.803907
vt 0.263994 0.800473
vt 0.272990 0.804840
vt 0.259054 0.811856
vt 0.272990 0.804840
vt 0.268230 0.815830
vt 0.259054 0.811856
vt 0.272990 0.804840
vt 0.277406 0.819804
vt 0.268230 0.815830
vt 0.281986 0.809207
vt 0.277406 0.819804
vt 0.272990 0.804840
vt 0.281986 0.809207
vt 0.295759 0.827753
vt 0.277406 0.819804
vt 0.299978 0.817941
vt 0.295759 0.827753
vt 0.281986 0.809207
vt 0.240701 0.803907
vt 0.259054 0.811856
vt 0.233192 0.823051
vt 0.259054 0.811856
vt 0.251817 0.830337
vt 0.233192 0.823051
vt 0.259054 0.811856
vt 0.268230 0.815830
vt 0.251817 0.830337
vt 0.268230 0.815830
vt 0.261130 0.833980
vt 0.251817 0.830337
vt 0.268230 0.815830
vt 0.270443 0.837623
vt 0.261130 0.833980
vt 0.277406 0.819804
vt 0.270443 0.837623
vt 0.268230 0.815830
vt 0.277406 0.819804
vt 0.289068 0.844909
vt 0.270443 0.837623
vt 0.295759 0.827753
vt 0.289068 0.844909
vt 0.277406 0.819804
vt 0.233192 0.823051
vt 0.251817 0.830337
vt 0.226231 0.841870
vt 0.251817 0.830337
vt 0.244990 0.848803
vt 0.226231 0.841870
vt 0.251817 0.830337
vt 0.261130 0.833980
vt 0.244990 0.848803
vt 0.261130 0.833980
vt 0.254370 0.852270
vt 0.244990 0.848803
vt 0.261130 0.833980
vt 0.263750 0.855737
vt 0.254370 0.852270
vt 0.270443 0.837623
vt 0.263750 0.855737
vt 0.261130 0.833980
vt 0.270443 0.837623
vt 0.282510 0.862670
vt 0.263750 0.855737
vt 0.289068 0.844909
vt 0.282510 0.862670
vt 0.270443 0.837623
vt 0.226231 0.841870
vt 0.244990 0.848803
vt 0.219569 0.860600
vt 0.244990 0.848803
vt 0.238413 0.867300
vt 0.219569 0.860600
vt 0.244990 0.848803
vt 0.254370 0.852270
vt 0.238413 0.867300
vt 0.254370 0.852270
vt 0.247835 0.870650
vt 0.238413 0.867300
vt 0.254370 0.852270
vt 0.257257 0.874000
vt 0.247835 0.870650
vt 0.263750 0.855737
vt 0.257257 0.874000
vt 0.254370 0.852270
vt 0.263750 0.855737
vt 0.276102 0.880700
vt 0.257257 0.874000
vt 0.282510 0.862670
vt 0.276102 0.880700
vt 0.263750 0.855737
vt 0.219569 0.860600
vt 0.238413 0.867300
vt 0.213089 0.879203
vt 0.238413 0.867300
vt 0.231976 0.885781
vt 0.213089 0.879203
vt 0.238413 0.867300
vt 0.247835 0.870650
vt 0.231976 0.885781
vt 0.247835 0.870650
vt 0.241420 0.889070
vt 0.231976 0.885781
vt 0.247835 0.870650
vt 0.250864 0.892359
vt 0.241420 0.889070
vt 0.257257 0.874000
vt 0.250864 0.892359
vt 0.247835 0.870650
vt 0.257257 0.874000
vt 0.269751 0.898937
vt 0.250864 0.892359
vt 0.276102 0.880700
vt 0.269751 0.898937
vt 0.257257 0.874000
vt 0.213089 0.879203
vt 0.231976 0.885781
vt 0.210317 0.894250
vt 0.231976 0.885781
vt 0.230099 0.897197
vt 0.210317 0.894250
vt 0.231976 0.885781
vt 0.241420 0.889070
vt 0.230099 0.897197
vt 0.241420 0.889070
vt 0.239990 0.898670
vt 0.230099 0.897197
vt 0.241420 0.889070
vt 0.249881 0.900143
vt 0.239990 0.898670
vt 0.250864 0.892359
vt 0.249881 0.900143
vt 0.241420 0.889070
vt 0.250864 0.892359
vt 0.269663 0.903090
vt 0.249881 0.900143
vt 0.269751 0.898937
vt 0.269663 0.903090
vt 0.250864 0.892359
vt 0.210317 0.894250
vt 0.230099 0.897197
vt 0.214205 0.916006
vt 0.230099 0.897197
vt 0.233135 0.909552
vt 0.214205 0.916006
vt 0.230099 0.897197
vt 0.239990 0.898670
vt 0.233135 0.909552
vt 0.239990 0.898670
vt 0.242600 0.906325
vt 0.233135 0.909552
vt 0.239990 0.898670
vt 0.252065 0.903098
vt 0.242600 0.906325
vt 0.249881 0.900143
vt 0.252065 0.903098
vt 0.239990 0.898670
vt 0.249881 0.900143
vt 0.270995 0.896644
vt 0.252065 0.903098
vt 0.269663 0.903090
vt 0.270995 0.896644
vt 0.249881 0.900143
vt 0.214205 0.916006
vt 0.233135 0.909552
vt 0.229517 0.934497
vt 0.233135 0.909552
vt 0.242356 0.919163
vt 0.229517 0.934497
vt 0.233135 0.909552
vt 0.242600 0.906325
vt 0.242356 0.919163
vt 0.242600 0.906325
vt 0.248775 0.911495
vt 0.242356 0.919163
vt 0.242600 0.906325
vt 0.255195 0.903828
vt 0.248775 0.911495
vt 0.252065 0.903098
vt 0.255195 0.903828
vt 0.242600 0.906325
vt 0.252065 0.903098
vt 0.268034 0.888493
vt 0.255195 0.903828
vt 0.270995 0.896644
vt 0.268034 0.888493
vt 0.252065 0.903098
vt 0.229517 0.934497
vt 0.242356 0.919163
vt 0.251276 0.942870
vt 0.242356 0.919163
vt 0.255792 0.923387
vt 0.251276 0.942870
vt 0.242356 0.919163
vt 0.248775 0.911495
vt 0.255792 0.923387
vt 0.248775 0.911495
vt 0.258050 0.913645
vt 0.255792 0.923387
vt 0.248775 0.911495
vt 0.260308 0.903903
vt 0.258050 0.913645
vt 0.255195 0.903828
vt 0.260308 0.903903
vt 0.248775 0.911495
vt 0.255195 0.903828
vt 0.264824 0.884420
vt 0.260308 0.903903
vt 0.268034 0.888493
vt 0.264824 0.884420
vt 0.255195 0.903828
vt 0.251276 0.942870
vt 0.255792 0.923387
vt 0.258855 0.943675
vt 0.255792 0.923387
vt 0.259365 0.923682
vt 0.258855 0.943675
vt 0.255792 0.923387
vt 0.258050 0.913645
vt 0.259365 0.923682
vt 0.258050 0.913645
vt 0.259620 0.913685
vt 0.259365 0.923682
vt 0.258050 0.913645
vt 0.259875 0.903688
vt 0.259620 0.913685
vt 0.260308 0.903903
vt 0.259875 0.903688
vt 0.258050 0.913645
vt 0.260308 0.903903
vt 0.260385 0.883695
vt 0.259875 0.903688
vt 0.264824 0.884420
vt 0.260385 0.883695
vt 0.260308 0.903903
vt 0.258855 0.943675
vt 0.259365 0.923682
vt 0.261605 0.943685
vt 0.259365 0.923682
vt 0.261605 0.923685
vt 0.261605 0.943685
vt 0.259365 0.923682
vt 0.259620 0.913685
vt 0.261605 0.923685
vt 0.259620 0.913685
vt 0.261605 0.913685
vt 0.261605 0.923685
vt 0.259620 0.913685
vt 0.261605 0.903685
vt 0.261605 0.913685
vt 0.259875 0.903688
vt 0.261605 0.903685
vt 0.259620 0.913685
vt 0.259875 0.903688
vt 0.261605 0.883685
vt 0.261605 0.903685
vt 0.260385 0.883695
vt 0.261605 0.883685
vt 0.259875 0.903688
vt 0.328935 0.096200
vt 0.313842 0.087520
vt 0.312046 0.067601
vt 0.328935 0.096200
vt 0.314740 0.097480
vt 0.313842 0.087520
vt 0.328935 0.096200
vt 0.315638 0.107440
vt 0.314740 0.097480
vt 0.328935 0.096200
vt 0.317434 0.127359
vt 0.315638 0.107440
vt 0.312046 0.067601
vt 0.313842 0.087520
vt 0.295871 0.070146
vt 0.313842 0.087520
vt 0.299070 0.089889
vt 0.295871 0.070146
vt 0.313842 0.087520
vt 0.314740 0.097480
vt 0.299070 0.089889
vt 0.314740 0.097480
vt 0.300670 0.099760
vt 0.299070 0.089889
vt 0.314740 0.097480
vt 0.302270 0.109631
vt 0.300670 0.099760
vt 0.315638 0.107440
vt 0.302270 0.109631
vt 0.314740 0.097480
vt 0.315638 0.107440
vt 0.305469 0.129374
vt 0.302270 0.109631
vt 0.317434 0.127359
vt 0.305469 0.129374
vt 0.315638 0.107440
vt 0.295871 0.070146
vt 0.299070 0.089889
vt 0.279913 0.073792
vt 0.299070 0.089889
vt 0.284451 0.093271
vt 0.279913 0.073792
vt 0.299070 0.089889
vt 0.300670 0.099760
vt 0.284451 0.093271
vt 0.300670 0.099760
vt 0.286720 0.103010
vt 0.284451 0.093271
vt 0.300670 0.099760
vt 0.288989 0.112749
vt 0.286720 0.103010
vt 0.302270 0.109631
vt 0.288989 0.112749
vt 0.300670 0.099760
vt 0.302270 0.109631
vt 0.293527 0.132228
vt 0.288989 0.112749
vt 0.305469 0.129374
vt 0.293527 0.132228
vt 0.302270 0.109631
vt 0.279913 0.073792
vt 0.284451 0.093271
vt 0.270017 0.076742
vt 0.284451 0.093271
vt 0.275856 0.095871
vt 0.270017 0.076742
vt 0.284451 0.093271
vt 0.286720 0.103010
vt 0.275856 0.095871
vt 0.286720 0.103010
vt 0.278775 0.105435
vt 0.275856 0.095871
vt 0.286720 0.103010
vt 0.281694 0.114999
vt 0.278775 0.105435
vt 0.288989 0.112749
vt 0.281694 0.114999
vt 0.286720 0.103010
vt 0.288989 0.112749
vt 0.287533 0.134128
vt 0.281694 0.114999
vt 0.293527 0.132228
vt 0.287533 0.134128
vt 0.288989 0.112749
vt 0.270017 0.076742
vt 0.275856 0.095871
vt 0.260147 0.080516
vt 0.275856 0.095871
vt 0.267449 0.099135
vt 0.260147 0.080516
vt 0.275856 0.095871
vt 0.278775 0.105435
vt 0.267449 0.099135
vt 0.278775 0.105435
vt 0.271100 0.108445
vt 0.267449 0.099135
vt 0.278775 0.105435
vt 0.274751 0.117755
vt 0.271100 0.108445
vt 0.281694 0.114999
vt 0.274751 0.117755
vt 0.278775 0.105435
vt 0.281694 0.114999
vt 0.282053 0.136374
vt 0.274751 0.117755
vt 0.287533 0.134128
vt 0.282053 0.136374
vt 0.281694 0.114999
vt 0.260147 0.080516
vt 0.267449 0.099135
vt 0.250278 0.085333
vt 0.267449 0.099135
vt 0.259256 0.103204
vt 0.250278 0.085333
vt 0.267449 0.099135
vt 0.271100 0.108445
vt 0.259256 0.103204
vt 0.271100 0.108445
vt 0.263745 0.112140
vt 0.259256 0.103204
vt 0.271100 0.108445
vt 0.268234 0.121076
vt 0.263745 0.112140
vt 0.274751 0.117755
vt 0.268234 0.121076
vt 0.271100 0.108445
vt 0.274751 0.117755
vt 0.277212 0.138947
vt 0.268234 0.121076
vt 0.282053 0.136374
vt 0.277212 0.138947
vt 0.274751 0.117755
vt 0.250278 0.085333
vt 0.259256 0.103204
vt 0.240554 0.091383
vt 0.259256 0.103204
vt 0.251368 0.108208
vt 0.240554 0.091383
vt 0.259256 0.103204
vt 0.263745 0.112140
vt 0.251368 0.108208
vt 0.263745 0.112140
vt 0.256775 0.116620
vt 0.251368 0.108208
vt 0.263745 0.112140
vt 0.262182 0.125032
vt 0.256775 0.116620
vt 0.268234 0.121076
vt 0.262182 0.125032
vt 0.263745 0.112140
vt 0.268234 0.121076
vt 0.272996 0.141856
vt 0.262182 0.125032
vt 0.277212 0.138947
vt 0.272996 0.141856
vt 0.268234 0.121076
vt 0.240554 0.091383
vt 0.251368 0.108208
vt 0.233030 0.097321
vt 0.251368 0.108208
vt 0.245763 0.112743
vt 0.233030 0.097321
vt 0.251368 0.108208
vt 0.256775 0.116620
vt 0.245763 0.112743
vt 0.256775 0.116620
vt 0.252130 0.120455
vt 0.245763 0.112743
vt 0.256775 0.116620
vt 0.258497 0.128166
vt 0.252130 0.120455
vt 0.262182 0.125032
vt 0.258497 0.128166
vt 0.256775 0.116620
vt 0.262182 0.125032
vt 0.271230 0.143589
vt 0.258497 0.128166
vt 0.272996 0.141856
vt 0.271230 0.143589
vt 0.262182 0.125032
vt 0.233030 0.097321
vt 0.245763 0.112743
vt 0.225989 0.104587
vt 0.245763 0.112743
vt 0.240750 0.118082
vt 0.225989 0.104587
vt 0.245763 0.112743
vt 0.252130 0.120455
vt 0.240750 0.118082
vt 0.252130 0.120455
vt 0.248130 0.124830
vt 0.240750 0.118082
vt 0.252130 0.120455
vt 0.255510 0.131578
vt 0.248130 0.124830
vt 0.258497 0.128166
vt 0.255510 0.131578
vt 0.252130 0.120455
vt 0.258497 0.128166
vt 0.270271 0.145073
vt 0.255510 0.131578
vt 0.271230 0.143589
vt 0.270271 0.145073
vt 0.258497 0.128166
vt 0.225989 0.104587
vt 0.240750 0.118082
vt 0.219784 0.113345
vt 0.240750 0.118082
vt 0.236505 0.124318
vt 0.219784 0.113345
vt 0.240750 0.118082
vt 0.248130 0.124830
vt 0.236505 0.124318
vt 0.248130 0.124830
vt 0.244865 0.129805
vt 0.236505 0.124318
vt 0.248130 0.124830
vt 0.253225 0.135292
vt 0.244865 0.129805
vt 0.255510 0.131578
vt 0.253225 0.135292
vt 0.248130 0.124830
vt 0.255510 0.131578
vt 0.269946 0.146265
vt 0.253225 0.135292
vt 0.270271 0.145073
vt 0.269946 0.146265
vt 0.255510 0.131578
vt 0.219784 0.113345
vt 0.236505 0.124318
vt 0.214899 0.123499
vt 0.236505 0.124318
vt 0.233246 0.131460
vt 0.214899 0.123499
vt 0.236505 0.124318
vt 0.244865 0.129805
vt 0.233246 0.131460
vt 0.244865 0.129805
vt 0.242420 0.135440
vt 0.233246 0.131460
vt 0.244865 0.129805
vt 0.251594 0.139420
vt 0.242420 0.135440
vt 0.253225 0.135292
vt 0.251594 0.139420
vt 0.244865 0.129805
vt 0.253225 0.135292
vt 0.269941 0.147381
vt 0.251594 0.139420
vt 0.269946 0.146265
vt 0.269941 0.147381
vt 0.253225 0.135292
vt 0.214899 0.123499
vt 0.233246 0.131460
vt 0.212092 0.132586
vt 0.233246 0.131460
vt 0.231377 0.137885
vt 0.212092 0.132586
vt 0.233246 0.131460
vt 0.242420 0.135440
vt 0.231377 0.137885
vt 0.242420 0.135440
vt 0.241020 0.140535
vt 0.231377 0.137885
vt 0.242420 0.135440
vt 0.250663 0.143185
vt 0.241020 0.140535
vt 0.251594 0.139420
vt 0.250663 0.143185
vt 0.242420 0.135440
vt 0.251594 0.139420
vt 0.269948 0.148484
vt 0.250663 0.143185
vt 0.269941 0.147381
vt 0.269948 0.148484
vt 0.251594 0.139420
vt 0.212092 0.132586
vt 0.231377 0.137885
vt 0.210597 0.141443
vt 0.231377 0.137885
vt 0.230402 0.144227
vt 0.210597 0.141443
vt 0.231377 0.137885
vt 0.241020 0.140535
vt 0.230402 0.144227
vt 0.241020 0.140535
vt 0.240305 0.145620
vt 0.230402 0.144227
vt 0.241020 0.140535
vt 0.250208 0.147012
vt 0.240305 0.145620
vt 0.250663 0.143185
vt 0.250208 0.147012
vt 0.241020 0.140535
vt 0.250663 0.143185
vt 0.270013 0.149797
vt 0.250208 0.147012
vt 0.269948 0.148484
vt 0.270013 0.149797
vt 0.250663 0.143185
vt 0.210597 0.141443
vt 0.230402 0.144227
vt 0.210356 0.151061
vt 0.230402 0.144227
vt 0.230355 0.150867
vt 0.210356 0.151061
vt 0.230402 0.144227
vt 0.240305 0.145620
vt 0.230355 0.150867
vt 0.240305 0.145620
vt 0.240355 0.150770
vt 0.230355 0.150867
vt 0.240305 0.145620
vt 0.250355 0.150673
vt 0.240355 0.150770
vt 0.250208 0.147012
vt 0.250355 0.150673
vt 0.240305 0.145620
vt 0.250208 0.147012
vt 0.270354 0.150479
vt 0.250355 0.150673
vt 0.270013 0.149797
vt 0.270354 0.150479
vt 0.250208 0.147012
vt 0.210356 0.151061
vt 0.230355 0.150867
vt 0.211651 0.161010
vt 0.230355 0.150867
vt 0.231377 0.157710
vt 0.211651 0.161010
vt 0.230355 0.150867
vt 0.240355 0.150770
vt 0.231377 0.157710
vt 0.240355 0.150770
vt 0.241240 0.156060
vt 0.231377 0.157710
vt 0.240355 0.150770
vt 0.251103 0.154410
vt 0.241240 0.156060
vt 0.250355 0.150673
vt 0.251103 0.154410
vt 0.240355 0.150770
vt 0.250355 0.150673
vt 0.270829 0.151110
vt 0.251103 0.154410
vt 0.270354 0.150479
vt 0.270829 0.151110
vt 0.250355 0.150673
vt 0.211651 0.161010
vt 0.231377 0.157710
vt 0.215441 0.173875
vt 0.231377 0.157710
vt 0.234490 0.167782
vt 0.215441 0.173875
vt 0.231377 0.157710
vt 0.241240 0.156060
vt 0.234490 0.167782
vt 0.241240 0.156060
vt 0.244015 0.164735
vt 0.234490 0.167782
vt 0.241240 0.156060
vt 0.253540 0.161688
vt 0.244015 0.164735
vt 0.251103 0.154410
vt 0.253540 0.161688
vt 0.241240 0.156060
vt 0.251103 0.154410
vt 0.272589 0.155595
vt 0.253540 0.161688
vt 0.270829 0.151110
vt 0.272589 0.155595
vt 0.251103 0.154410
vt 0.215441 0.173875
vt 0.234490 0.167782
vt 0.220423 0.185333
vt 0.234490 0.167782
vt 0.238631 0.177057
vt 0.220423 0.185333
vt 0.234490 0.167782
vt 0.244015 0.164735
vt 0.238631 0.177057
vt 0.244015 0.164735
vt 0.247735 0.172920
vt 0.238631 0.177057
vt 0.244015 0.164735
vt 0.256839 0.168782
vt 0.247735 0.172920
vt 0.253540 0.161688
vt 0.256839 0.168782
vt 0.244015 0.164735
vt 0.253540 0.161688
vt 0.275047 0.160507
vt 0.256839 0.168782
vt 0.272589 0.155595
vt 0.275047 0.160507
vt 0.253540 0.161688
vt 0.220423 0.185333
vt 0.238631 0.177057
vt 0.225881 0.195349
vt 0.238631 0.177057
vt 0.243360 0.185630
vt 0.225881 0.195349
vt 0.238631 0.177057
vt 0.247735 0.172920
vt 0.243360 0.185630
vt 0.247735 0.172920
vt 0.252100 0.180770
vt 0.243360 0.185630
vt 0.247735 0.172920
vt 0.260840 0.175910
vt 0.252100 0.180770
vt 0.256839 0.168782
vt 0.260840 0.175910
vt 0.247735 0.172920
vt 0.256839 0.168782
vt 0.278319 0.166191
vt 0.260840 0.175910
vt 0.275047 0.160507
vt 0.278319 0.166191
vt 0.256839 0.168782
vt 0.225881 0.195349
vt 0.243360 0.185630
vt 0.231278 0.204172
vt 0.243360 0.185630
vt 0.248309 0.193687
vt 0.231278 0.204172
vt 0.243360 0.185630
vt 0.252100 0.180770
vt 0.248309 0.193687
vt 0.252100 0.180770
vt 0.256825 0.188445
vt 0.248309 0.193687
vt 0.252100 0.180770
vt 0.265341 0.183202
vt 0.256825 0.188445
vt 0.260840 0.175910
vt 0.265341 0.183202
vt 0.252100 0.180770
vt 0.260840 0.175910
vt 0.282372 0.172717
vt 0.265341 0.183202
vt 0.278319 0.166191
vt 0.282372 0.172717
vt 0.260840 0.175910
vt 0.231278 0.204172
vt 0.248309 0.193687
vt 0.251064 0.235618
vt 0.248309 0.193687
vt 0.267991 0.224966
vt 0.251064 0.235618
vt 0.248309 0.193687
vt 0.256825 0.188445
vt 0.267991 0.224966
vt 0.256825 0.188445
vt 0.276455 0.219640
vt 0.267991 0.224966
vt 0.256825 0.188445
vt 0.284919 0.214314
vt 0.276455 0.219640
vt 0.265341 0.183202
vt 0.284919 0.214314
vt 0.256825 0.188445
vt 0.265341 0.183202
vt 0.301846 0.203662
vt 0.284919 0.214314
vt 0.282372 0.172717
vt 0.301846 0.203662
vt 0.265341 0.183202
vt 0.251064 0.235618
vt 0.267991 0.224966
vt 0.270717 0.266815
vt 0.267991 0.224966
vt 0.287639 0.256155
vt 0.270717 0.266815
vt 0.267991 0.224966
vt 0.276455 0.219640
vt 0.287639 0.256155
vt 0.276455 0.219640
vt 0.296100 0.250825
vt 0.287639 0.256155
vt 0.276455 0.219640
vt 0.304561 0.245495
vt 0.296100 0.250825
vt 0.284919 0.214314
vt 0.304561 0.245495
vt 0.276455 0.219640
vt 0.284919 0.214314
vt 0.321483 0.234835
vt 0.304561 0.245495
vt 0.301846 0.203662
vt 0.321483 0.234835
vt 0.284919 0.214314
vt 0.270717 0.266815
vt 0.287639 0.256155
vt 0.290429 0.298010
vt 0.287639 0.256155
vt 0.307336 0.287327
vt 0.290429 0.298010
vt 0.287639 0.256155
vt 0.296100 0.250825
vt 0.307336 0.287327
vt 0.296100 0.250825
vt 0.315790 0.281985
vt 0.307336 0.287327
vt 0.296100 0.250825
vt 0.324244 0.276643
vt 0.315790 0.281985
vt 0.304561 0.245495
vt 0.324244 0.276643
vt 0.296100 0.250825
vt 0.304561 0.245495
vt 0.341151 0.265959
vt 0.324244 0.276643
vt 0.321483 0.234835
vt 0.341151 0.265959
vt 0.304561 0.245495
vt 0.290429 0.298010
vt 0.307336 0.287327
vt 0.310218 0.329180
vt 0.307336 0.287327
vt 0.327103 0.318460
vt 0.310218 0.329180
vt 0.307336 0.287327
vt 0.315790 0.281985
vt 0.327103 0.318460
vt 0.315790 0.281985
vt 0.335545 0.313100
vt 0.327103 0.318460
vt 0.315790 0.281985
vt 0.343987 0.307740
vt 0.335545 0.313100
vt 0.324244 0.276643
vt 0.343987 0.307740
vt 0.315790 0.281985
vt 0.324244 0.276643
vt 0.360872 0.297020
vt 0.343987 0.307740
vt 0.341151 0.265959
vt 0.360872 0.297020
vt 0.324244 0.276643
vt 0.310218 0.329180
vt 0.327103 0.318460
vt 0.318912 0.342628
vt 0.327103 0.318460
vt 0.335707 0.331769
vt 0.318912 0.342628
vt 0.327103 0.318460
vt 0.335545 0.313100
vt 0.335707 0.331769
vt 0.335545 0.313100
vt 0.344105 0.326340
vt 0.335707 0.331769
vt 0.335545 0.313100
vt 0.352503 0.320910
vt 0.344105 0.326340
vt 0.343987 0.307740
vt 0.352503 0.320910
vt 0.335545 0.313100
vt 0.343987 0.307740
vt 0.369298 0.310052
vt 0.352503 0.320910
vt 0.360872 0.297020
vt 0.369298 0.310052
vt 0.343987 0.307740
vt 0.318912 0.342628
vt 0.335707 0.331769
vt 0.327788 0.356042
vt 0.335707 0.331769
vt 0.344466 0.345004
vt 0.327788 0.356042
vt 0.335707 0.331769
vt 0.344105 0.326340
vt 0.344466 0.345004
vt 0.344105 0.326340
vt 0.352805 0.339485
vt 0.344466 0.345004
vt 0.344105 0.326340
vt 0.361144 0.333966
vt 0.352805 0.339485
vt 0.352503 0.320910
vt 0.361144 0.333966
vt 0.344105 0.326340
vt 0.352503 0.320910
vt 0.377822 0.322927
vt 0.361144 0.333966
vt 0.369298 0.310052
vt 0.377822 0.322927
vt 0.352503 0.320910
vt 0.327788 0.356042
vt 0.344466 0.345004
vt 0.336665 0.369287
vt 0.344466 0.345004
vt 0.353278 0.358152
vt 0.336665 0.369287
vt 0.344466 0.345004
vt 0.352805 0.339485
vt 0.353278 0.358152
vt 0.352805 0.339485
vt 0.361585 0.352585
vt 0.353278 0.358152
vt 0.352805 0.339485
vt 0.369892 0.347017
vt 0.361585 0.352585
vt 0.361144 0.333966
vt 0.369892 0.347017
vt 0.352805 0.339485
vt 0.361144 0.333966
vt 0.386506 0.335882
vt 0.369892 0.347017
vt 0.377822 0.322927
vt 0.386506 0.335882
vt 0.361144 0.333966
vt 0.336665 0.369287
vt 0.353278 0.358152
vt 0.345469 0.382399
vt 0.353278 0.358152
vt 0.362073 0.371250
vt 0.345469 0.382399
vt 0.353278 0.358152
vt 0.361585 0.352585
vt 0.362073 0.371250
vt 0.361585 0.352585
vt 0.370375 0.365675
vt 0.362073 0.371250
vt 0.361585 0.352585
vt 0.378677 0.360100
vt 0.370375 0.365675
vt 0.369892 0.347017
vt 0.378677 0.360100
vt 0.361585 0.352585
vt 0.369892 0.347017
vt 0.395281 0.348951
vt 0.378677 0.360100
vt 0.386506 0.335882
vt 0.395281 0.348951
vt 0.369892 0.347017
vt 0.345469 0.382399
vt 0.362073 0.371250
vt 0.354146 0.390913
vt 0.362073 0.371250
vt 0.365279 0.374297
vt 0.354146 0.390913
vt 0.362073 0.371250
vt 0.370375 0.365675
vt 0.365279 0.374297
vt 0.370375 0.365675
vt 0.370845 0.365990
vt 0.365279 0.374297
vt 0.370375 0.365675
vt 0.376411 0.357682
vt 0.370845 0.365990
vt 0.378677 0.360100
vt 0.376411 0.357682
vt 0.370375 0.365675
vt 0.378677 0.360100
vt 0.387544 0.341067
vt 0.376411 0.357682
vt 0.395281 0.348951
vt 0.387544 0.341067
vt 0.378677 0.360100
vt 0.354146 0.390913
vt 0.365279 0.374297
vt 0.365667 0.395549
vt 0.365279 0.374297
vt 0.369616 0.375943
vt 0.365667 0.395549
vt 0.365279 0.374297
vt 0.370845 0.365990
vt 0.369616 0.375943
vt 0.370845 0.365990
vt 0.371590 0.366140
vt 0.369616 0.375943
vt 0.370845 0.365990
vt 0.373564 0.356337
vt 0.371590 0.366140
vt 0.376411 0.357682
vt 0.373564 0.356337
vt 0.370845 0.365990
vt 0.376411 0.357682
vt 0.377513 0.336730
vt 0.373564 0.356337
vt 0.387544 0.341067
vt 0.377513 0.336730
vt 0.376411 0.357682
vt 0.365667 0.395549
vt 0.369616 0.375943
vt 0.372080 0.396148
vt 0.369616 0.375943
vt 0.372317 0.376149
vt 0.372080 0.396148
vt 0.369616 0.375943
vt 0.371590 0.366140
vt 0.372317 0.376149
vt 0.371590 0.366140
vt 0.372435 0.366150
vt 0.372317 0.376149
vt 0.371590 0.366140
vt 0.372553 0.356150
vt 0.372435 0.366150
vt 0.373564 0.356337
vt 0.372553 0.356150
vt 0.371590 0.366140
vt 0.373564 0.356337
vt 0.372790 0.336152
vt 0.372553 0.356150
vt 0.377513 0.336730
vt 0.372790 0.336152
vt 0.373564 0.356337
vt 0.372080 0.396148
vt 0.372317 0.376149
vt 0.377070 0.395800
vt 0.372317 0.376149
vt 0.374493 0.375966
vt 0.377070 0.395800
vt 0.372317 0.376149
vt 0.372435 0.366150
vt 0.374493 0.375966
vt 0.372435 0.366150
vt 0.373205 0.366050
vt 0.374493 0.375966
vt 0.372435 0.366150
vt 0.371917 0.356133
vt 0.373205 0.366050
vt 0.372553 0.356150
vt 0.371917 0.356133
vt 0.372435 0.366150
vt 0.372553 0.356150
vt 0.369340 0.336300
vt 0.371917 0.356133
vt 0.372790 0.336152
vt 0.369340 0.336300
vt 0.372553 0.356150
vt 0.377070 0.395800
vt 0.374493 0.375966
vt 0.385456 0.393441
vt 0.374493 0.375966
vt 0.377659 0.375024
vt 0.385456 0.393441
vt 0.374493 0.375966
vt 0.373205 0.366050
vt 0.377659 0.375024
vt 0.373205 0.366050
vt 0.373760 0.365815
vt 0.377659 0.375024
vt 0.373205 0.366050
vt 0.369861 0.356606
vt 0.373760 0.365815
vt 0.371917 0.356133
vt 0.369861 0.356606
vt 0.373205 0.366050
vt 0.371917 0.356133
vt 0.362064 0.338189
vt 0.369861 0.356606
vt 0.369340 0.336300
vt 0.362064 0.338189
vt 0.371917 0.356133
vt 0.385456 0.393441
vt 0.377659 0.375024
vt 0.392182 0.389503
vt 0.377659 0.375024
vt 0.380274 0.373434
vt 0.392182 0.389503
vt 0.377659 0.375024
vt 0.373760 0.365815
vt 0.380274 0.373434
vt 0.373760 0.365815
vt 0.374320 0.365400
vt 0.380274 0.373434
vt 0.373760 0.365815
vt 0.368366 0.357365
vt 0.374320 0.365400
vt 0.369861 0.356606
vt 0.368366 0.357365
vt 0.373760 0.365815
vt 0.369861 0.356606
vt 0.356458 0.341297
vt 0.368366 0.357365
vt 0.362064 0.338189
vt 0.356458 0.341297
vt 0.369861 0.356606
vt 0.392182 0.389503
vt 0.380274 0.373434
vt 0.397397 0.384580
vt 0.380274 0.373434
vt 0.382299 0.371463
vt 0.397397 0.384580
vt 0.380274 0.373434
vt 0.374320 0.365400
vt 0.382299 0.371463
vt 0.374320 0.365400
vt 0.374750 0.364905
vt 0.382299 0.371463
vt 0.374320 0.365400
vt 0.367201 0.358346
vt 0.374750 0.364905
vt 0.368366 0.357365
vt 0.367201 0.358346
vt 0.374320 0.365400
vt 0.368366 0.357365
vt 0.352103 0.345229
vt 0.367201 0.358346
vt 0.356458 0.341297
vt 0.352103 0.345229
vt 0.368366 0.357365
vt 0.397397 0.384580
vt 0.382299 0.371463
vt 0.403132 0.374638
vt 0.382299 0.371463
vt 0.384324 0.367836
vt 0.403132 0.374638
vt 0.382299 0.371463
vt 0.374750 0.364905
vt 0.384324 0.367836
vt 0.374750 0.364905
vt 0.374920 0.364435
vt 0.384324 0.367836
vt 0.374750 0.364905
vt 0.365516 0.361034
vt 0.374920 0.364435
vt 0.367201 0.358346
vt 0.365516 0.361034
vt 0.374750 0.364905
vt 0.367201 0.358346
vt 0.346709 0.354231
vt 0.365516 0.361034
vt 0.352103 0.345229
vt 0.346709 0.354231
vt 0.367201 0.358346
vt 0.403132 0.374638
vt 0.384324 0.367836
vt 0.404981 0.361227
vt 0.384324 0.367836
vt 0.384984 0.360879
vt 0.404981 0.361227
vt 0.384324 0.367836
vt 0.374920 0.364435
vt 0.384984 0.360879
vt 0.374920 0.364435
vt 0.374985 0.360705
vt 0.384984 0.360879
vt 0.374920 0.364435
vt 0.364987 0.360531
vt 0.374985 0.360705
vt 0.365516 0.361034
vt 0.364987 0.360531
vt 0.374920 0.364435
vt 0.365516 0.361034
vt 0.344990 0.360182
vt 0.364987 0.360531
vt 0.346709 0.354231
vt 0.344990 0.360182
vt 0.365516 0.361034
vt 0.404981 0.361227
vt 0.384984 0.360879
vt 0.405046 0.357486
vt 0.384984 0.360879
vt 0.385049 0.357138
vt 0.405046 0.357486
vt 0.384984 0.360879
vt 0.374985 0.360705
vt 0.385049 0.357138
vt 0.374985 0.360705
vt 0.375050 0.356965
vt 0.385049 0.357138
vt 0.374985 0.360705
vt 0.365052 0.356791
vt 0.375050 0.356965
vt 0.364987 0.360531
vt 0.365052 0.356791
vt 0.374985 0.360705
vt 0.364987 0.360531
vt 0.345055 0.356444
vt 0.365052 0.356791
vt 0.344990 0.360182
vt 0.345055 0.356444
vt 0.364987 0.360531
vt 0.405046 0.357486
vt 0.385049 0.357138
vt 0.404939 0.352443
vt 0.385049 0.357138
vt 0.384946 0.352981
vt 0.404939 0.352443
vt 0.385049 0.357138
vt 0.375050 0.356965
vt 0.384946 0.352981
vt 0.375050 0.356965
vt 0.374950 0.353250
vt 0.384946 0.352981
vt 0.375050 0.356965
vt 0.364954 0.353519
vt 0.374950 0.353250
vt 0.365052 0.356791
vt 0.364954 0.353519
vt 0.375050 0.356965
vt 0.365052 0.356791
vt 0.344961 0.354057
vt 0.364954 0.353519
vt 0.345055 0.356444
vt 0.344961 0.354057
vt 0.365052 0.356791
vt 0.404939 0.352443
vt 0.384946 0.352981
vt 0.404315 0.346089
vt 0.384946 0.352981
vt 0.384452 0.348426
vt 0.404315 0.346089
vt 0.384946 0.352981
vt 0.374950 0.353250
vt 0.384452 0.348426
vt 0.374950 0.353250
vt 0.374520 0.349595
vt 0.384452 0.348426
vt 0.374950 0.353250
vt 0.364589 0.350763
vt 0.374520 0.349595
vt 0.364954 0.353519
vt 0.364589 0.350763
vt 0.374950 0.353250
vt 0.364954 0.353519
vt 0.344726 0.353100
vt 0.364589 0.350763
vt 0.344961 0.354057
vt 0.344726 0.353100
vt 0.364954 0.353519
vt 0.404315 0.346089
vt 0.384452 0.348426
vt 0.398773 0.315372
vt 0.384452 0.348426
vt 0.379098 0.318960
vt 0.398773 0.315372
vt 0.384452 0.348426
vt 0.374520 0.349595
vt 0.379098 0.318960
vt 0.374520 0.349595
vt 0.369260 0.320755
vt 0.379098 0.318960
vt 0.374520 0.349595
vt 0.359422 0.322549
vt 0.369260 0.320755
vt 0.364589 0.350763
vt 0.359422 0.322549
vt 0.374520 0.349595
vt 0.364589 0.350763
vt 0.339747 0.326138
vt 0.359422 0.322549
vt 0.344726 0.353100
vt 0.339747 0.326138
vt 0.364589 0.350763
vt 0.398773 0.315372
vt 0.379098 0.318960
vt 0.393436 0.286476
vt 0.379098 0.318960
vt 0.373769 0.290109
vt 0.393436 0.286476
vt 0.379098 0.318960
vt 0.369260 0.320755
vt 0.373769 0.290109
vt 0.369260 0.320755
vt 0.363935 0.291925
vt 0.373769 0.290109
vt 0.369260 0.320755
vt 0.354101 0.293741
vt 0.363935 0.291925
vt 0.359422 0.322549
vt 0.354101 0.293741
vt 0.369260 0.320755
vt 0.359422 0.322549
vt 0.334434 0.297374
vt 0.354101 0.293741
vt 0.339747 0.326138
vt 0.334434 0.297374
vt 0.359422 0.322549
vt 0.393436 0.286476
vt 0.373769 0.290109
vt 0.388087 0.257630
vt 0.373769 0.290109
vt 0.368422 0.261277
vt 0.388087 0.257630
vt 0.373769 0.290109
vt 0.363935 0.291925
vt 0.368422 0.261277
vt 0.363935 0.291925
vt 0.358590 0.263100
vt 0.368422 0.261277
vt 0.363935 0.291925
vt 0.348758 0.264923
vt 0.358590 0.263100
vt 0.354101 0.293741
vt 0.348758 0.264923
vt 0.363935 0.291925
vt 0.354101 0.293741
vt 0.329093 0.268569
vt 0.348758 0.264923
vt 0.334434 0.297374
vt 0.329093 0.268569
vt 0.354101 0.293741
vt 0.388087 0.257630
vt 0.368422 0.261277
vt 0.382784 0.228832
vt 0.368422 0.261277
vt 0.363115 0.232454
vt 0.382784 0.228832
vt 0.368422 0.261277
vt 0.358590 0.263100
vt 0.363115 0.232454
vt 0.358590 0.263100
vt 0.353280 0.234265
vt 0.363115 0.232454
vt 0.358590 0.263100
vt 0.343445 0.236076
vt 0.353280 0.234265
vt 0.348758 0.264923
vt 0.343445 0.236076
vt 0.358590 0.263100
vt 0.348758 0.264923
vt 0.323776 0.239698
vt 0.343445 0.236076
vt 0.329093 0.268569
vt 0.323776 0.239698
vt 0.348758 0.264923
vt 0.382784 0.228832
vt 0.363115 0.232454
vt 0.380812 0.217858
vt 0.363115 0.232454
vt 0.361127 0.221396
vt 0.380812 0.217858
vt 0.363115 0.232454
vt 0.353280 0.234265
vt 0.361127 0.221396
vt 0.353280 0.234265
vt 0.351285 0.223165
vt 0.361127 0.221396
vt 0.353280 0.234265
vt 0.341443 0.224934
vt 0.351285 0.223165
vt 0.343445 0.236076
vt 0.341443 0.224934
vt 0.353280 0.234265
vt 0.343445 0.236076
vt 0.321758 0.228472
vt 0.341443 0.224934
vt 0.323776 0.239698
vt 0.321758 0.228472
vt 0.343445 0.236076
vt 0.380812 0.217858
vt 0.361127 0.221396
vt 0.378920 0.206933
vt 0.361127 0.221396
vt 0.359213 0.210348
vt 0.378920 0.206933
vt 0.361127 0.221396
vt 0.351285 0.223165
vt 0.359213 0.210348
vt 0.351285 0.223165
vt 0.349360 0.212055
vt 0.359213 0.210348
vt 0.351285 0.223165
vt 0.339507 0.213762
vt 0.349360 0.212055
vt 0.341443 0.224934
vt 0.339507 0.213762
vt 0.351285 0.223165
vt 0.341443 0.224934
vt 0.319800 0.217176
vt 0.339507 0.213762
vt 0.321758 0.228472
vt 0.319800 0.217176
vt 0.341443 0.224934
vt 0.378920 0.206933
vt 0.359213 0.210348
vt 0.377096 0.195996
vt 0.359213 0.210348
vt 0.357369 0.199285
vt 0.377096 0.195996
vt 0.359213 0.210348
vt 0.349360 0.212055
vt 0.357369 0.199285
vt 0.349360 0.212055
vt 0.347505 0.200930
vt 0.357369 0.199285
vt 0.349360 0.212055
vt 0.337641 0.202574
vt 0.347505 0.200930
vt 0.339507 0.213762
vt 0.337641 0.202574
vt 0.349360 0.212055
vt 0.339507 0.213762
vt 0.317914 0.205864
vt 0.337641 0.202574
vt 0.319800 0.217176
vt 0.317914 0.205864
vt 0.339507 0.213762
vt 0.377096 0.195996
vt 0.357369 0.199285
vt 0.375342 0.185046
vt 0.357369 0.199285
vt 0.355594 0.188212
vt 0.375342 0.185046
vt 0.357369 0.199285
vt 0.347505 0.200930
vt 0.355594 0.188212
vt 0.347505 0.200930
vt 0.345720 0.189795
vt 0.355594 0.188212
vt 0.347505 0.200930
vt 0.335846 0.191378
vt 0.345720 0.189795
vt 0.337641 0.202574
vt 0.335846 0.191378
vt 0.347505 0.200930
vt 0.337641 0.202574
vt 0.316098 0.194543
vt 0.335846 0.191378
vt 0.317914 0.205864
vt 0.316098 0.194543
vt 0.337641 0.202574
vt 0.375342 0.185046
vt 0.355594 0.188212
vt 0.375745 0.184206
vt 0.355594 0.188212
vt 0.355745 0.184118
vt 0.375745 0.184206
vt 0.355594 0.188212
vt 0.345720 0.189795
vt 0.355745 0.184118
vt 0.345720 0.189795
vt 0.345745 0.184075
vt 0.355745 0.184118
vt 0.345720 0.189795
vt 0.335745 0.184031
vt 0.345745 0.184075
vt 0.335846 0.191378
vt 0.335745 0.184031
vt 0.345720 0.189795
vt 0.335846 0.191378
vt 0.315745 0.183944
vt 0.335745 0.184031
vt 0.316098 0.194543
vt 0.315745 0.183944
vt 0.335846 0.191378
vt 0.375745 0.184206
vt 0.355745 0.184118
vt 0.375284 0.191248
vt 0.355745 0.184118
vt 0.356865 0.183456
vt 0.375284 0.191248
vt 0.355745 0.184118
vt 0.345745 0.184075
vt 0.356865 0.183456
vt 0.345745 0.184075
vt 0.347655 0.179560
vt 0.356865 0.183456
vt 0.345745 0.184075
vt 0.338445 0.175664
vt 0.347655 0.179560
vt 0.335745 0.184031
vt 0.338445 0.175664
vt 0.345745 0.184075
vt 0.335745 0.184031
vt 0.320026 0.167872
vt 0.338445 0.175664
vt 0.315745 0.183944
vt 0.320026 0.167872
vt 0.335745 0.184031
vt 0.375284 0.191248
vt 0.356865 0.183456
vt 0.370897 0.199123
vt 0.356865 0.183456
vt 0.357816 0.183994
vt 0.370897 0.199123
vt 0.356865 0.183456
vt 0.347655 0.179560
vt 0.357816 0.183994
vt 0.347655 0.179560
vt 0.351275 0.176430
vt 0.357816 0.183994
vt 0.347655 0.179560
vt 0.344734 0.168865
vt 0.351275 0.176430
vt 0.338445 0.175664
vt 0.344734 0.168865
vt 0.347655 0.179560
vt 0.338445 0.175664
vt 0.331653 0.153736
vt 0.344734 0.168865
vt 0.320026 0.167872
vt 0.331653 0.153736
vt 0.338445 0.175664
vt 0.370897 0.199123
vt 0.357816 0.183994
vt 0.365148 0.203569
vt 0.357816 0.183994
vt 0.359333 0.184433
vt 0.365148 0.203569
vt 0.357816 0.183994
vt 0.351275 0.176430
vt 0.359333 0.184433
vt 0.351275 0.176430
vt 0.356425 0.174865
vt 0.359333 0.184433
vt 0.351275 0.176430
vt 0.353517 0.165297
vt 0.356425 0.174865
vt 0.344734 0.168865
vt 0.353517 0.165297
vt 0.351275 0.176430
vt 0.344734 0.168865
vt 0.347702 0.146161
vt 0.353517 0.165297
vt 0.331653 0.153736
vt 0.347702 0.146161
vt 0.344734 0.168865
vt 0.365148 0.203569
vt 0.359333 0.184433
vt 0.378890 0.203356
vt 0.359333 0.184433
vt 0.377483 0.183405
vt 0.378890 0.203356
vt 0.359333 0.184433
vt 0.356425 0.174865
vt 0.377483 0.183405
vt 0.356425 0.174865
vt 0.376780 0.173430
vt 0.377483 0.183405
vt 0.356425 0.174865
vt 0.376077 0.163455
vt 0.376780 0.173430
vt 0.353517 0.165297
vt 0.376077 0.163455
vt 0.356425 0.174865
vt 0.353517 0.165297
vt 0.374670 0.143504
vt 0.376077 0.163455
vt 0.347702 0.146161
vt 0.374670 0.143504
vt 0.353517 0.165297
vt 0.378890 0.203356
vt 0.377483 0.183405
vt 0.395645 0.204239
vt 0.377483 0.183405
vt 0.396475 0.184256
vt 0.395645 0.204239
vt 0.377483 0.183405
vt 0.376780 0.173430
vt 0.396475 0.184256
vt 0.376780 0.173430
vt 0.396890 0.174265
vt 0.396475 0.184256
vt 0.376780 0.173430
vt 0.397305 0.164273
vt 0.396890 0.174265
vt 0.376077 0.163455
vt 0.397305 0.164273
vt 0.376780 0.173430
vt 0.376077 0.163455
vt 0.398134 0.144291
vt 0.397305 0.164273
vt 0.374670 0.143504
vt 0.398134 0.144291
vt 0.376077 0.163455
vt 0.395645 0.204239
vt 0.396475 0.184256
vt 0.411875 0.207140
vt 0.396475 0.184256
vt 0.415128 0.187407
vt 0.411875 0.207140
vt 0.396475 0.184256
vt 0.396890 0.174265
vt 0.415128 0.187407
vt 0.396890 0.174265
vt 0.416755 0.177540
vt 0.415128 0.187407
vt 0.396890 0.174265
vt 0.418382 0.167673
vt 0.416755 0.177540
vt 0.397305 0.164273
vt 0.418382 0.167673
vt 0.396890 0.174265
vt 0.397305 0.164273
vt 0.421635 0.147939
vt 0.418382 0.167673
vt 0.398134 0.144291
vt 0.421635 0.147939
vt 0.397305 0.164273
vt 0.411875 0.207140
vt 0.415128 0.187407
vt 0.427755 0.212153
vt 0.415128 0.187407
vt 0.433495 0.192994
vt 0.427755 0.212153
vt 0.415128 0.187407
vt 0.416755 0.177540
vt 0.433495 0.192994
vt 0.416755 0.177540
vt 0.436365 0.183415
vt 0.433495 0.192994
vt 0.416755 0.177540
vt 0.439235 0.173835
vt 0.436365 0.183415
vt 0.418382 0.167673
vt 0.439235 0.173835
vt 0.416755 0.177540
vt 0.418382 0.167673
vt 0.444975 0.154677
vt 0.439235 0.173835
vt 0.421635 0.147939
vt 0.444975 0.154677
vt 0.418382 0.167673
vt 0.427755 0.212153
vt 0.433495 0.192994
vt 0.439678 0.217179
vt 0.433495 0.192994
vt 0.447246 0.198666
vt 0.439678 0.217179
vt 0.433495 0.192994
vt 0.436365 0.183415
vt 0.447246 0.198666
vt 0.436365 0.183415
vt 0.451030 0.189410
vt 0.447246 0.198666
vt 0.436365 0.183415
vt 0.454814 0.180153
vt 0.451030 0.189410
vt 0.439235 0.173835
vt 0.454814 0.180153
vt 0.436365 0.183415
vt 0.439235 0.173835
vt 0.462382 0.161641
vt 0.454814 0.180153
vt 0.444975 0.154677
vt 0.462382 0.161641
vt 0.439235 0.173835
vt 0.439678 0.217179
vt 0.447246 0.198666
vt 0.452009 0.223282
vt 0.447246 0.198666
vt 0.460793 0.205314
vt 0.452009 0.223282
vt 0.447246 0.198666
vt 0.451030 0.189410
vt 0.460793 0.205314
vt 0.451030 0.189410
vt 0.465185 0.196330
vt 0.460793 0.205314
vt 0.451030 0.189410
vt 0.469577 0.187346
vt 0.465185 0.196330
vt 0.454814 0.180153
vt 0.469577 0.187346
vt 0.451030 0.189410
vt 0.454814 0.180153
vt 0.478361 0.169378
vt 0.469577 0.187346
vt 0.462382 0.161641
vt 0.478361 0.169378
vt 0.454814 0.180153
vt 0.452009 0.223282
vt 0.460793 0.205314
vt 0.463814 0.230180
vt 0.460793 0.205314
vt 0.473815 0.212860
vt 0.463814 0.230180
vt 0.460793 0.205314
vt 0.465185 0.196330
vt 0.473815 0.212860
vt 0.465185 0.196330
vt 0.478815 0.204200
vt 0.473815 0.212860
vt 0.465185 0.196330
vt 0.483815 0.195540
vt 0.478815 0.204200
vt 0.469577 0.187346
vt 0.483815 0.195540
vt 0.465185 0.196330
vt 0.469577 0.187346
vt 0.493816 0.178220
vt 0.483815 0.195540
vt 0.478361 0.169378
vt 0.493816 0.178220
vt 0.469577 0.187346
vt 0.463814 0.230180
vt 0.473815 0.212860
vt 0.475099 0.237899
vt 0.473815 0.212860
vt 0.486300 0.221330
vt 0.475099 0.237899
vt 0.473815 0.212860
vt 0.478815 0.204200
vt 0.486300 0.221330
vt 0.478815 0.204200
vt 0.491900 0.213045
vt 0.486300 0.221330
vt 0.478815 0.204200
vt 0.497500 0.204760
vt 0.491900 0.213045
vt 0.483815 0.195540
vt 0.497500 0.204760
vt 0.478815 0.204200
vt 0.483815 0.195540
vt 0.508701 0.188190
vt 0.497500 0.204760
vt 0.493816 0.178220
vt 0.508701 0.188190
vt 0.483815 0.195540
vt 0.475099 0.237899
vt 0.486300 0.221330
vt 0.486053 0.246090
vt 0.486300 0.221330
vt 0.497994 0.230047
vt 0.486053 0.246090
vt 0.486300 0.221330
vt 0.491900 0.213045
vt 0.497994 0.230047
vt 0.491900 0.213045
vt 0.503965 0.222025
vt 0.497994 0.230047
vt 0.491900 0.213045
vt 0.509936 0.214003
vt 0.503965 0.222025
vt 0.497500 0.204760
vt 0.509936 0.214003
vt 0.491900 0.213045
vt 0.497500 0.204760
vt 0.521877 0.197959
vt 0.509936 0.214003
vt 0.508701 0.188190
vt 0.521877 0.197959
vt 0.497500 0.204760
vt 0.486053 0.246090
vt 0.497994 0.230047
vt 0.497689 0.254994
vt 0.497994 0.230047
vt 0.509840 0.239108
vt 0.497689 0.254994
vt 0.497994 0.230047
vt 0.503965 0.222025
vt 0.509840 0.239108
vt 0.503965 0.222025
vt 0.515915 0.231165
vt 0.509840 0.239108
vt 0.503965 0.222025
vt 0.521990 0.223222
vt 0.515915 0.231165
vt 0.509936 0.214003
vt 0.521990 0.223222
vt 0.503965 0.222025
vt 0.509936 0.214003
vt 0.534141 0.207336
vt 0.521990 0.223222
vt 0.521877 0.197959
vt 0.534141 0.207336
vt 0.509936 0.214003
vt 0.497689 0.254994
vt 0.509840 0.239108
vt 0.509530 0.264113
vt 0.509840 0.239108
vt 0.521733 0.248268
vt 0.509530 0.264113
vt 0.509840 0.239108
vt 0.515915 0.231165
vt 0.521733 0.248268
vt 0.515915 0.231165
vt 0.527835 0.240345
vt 0.521733 0.248268
vt 0.515915 0.231165
vt 0.533937 0.232422
vt 0.527835 0.240345
vt 0.521990 0.223222
vt 0.533937 0.232422
vt 0.515915 0.231165
vt 0.521990 0.223222
vt 0.546140 0.216576
vt 0.533937 0.232422
vt 0.534141 0.207336
vt 0.546140 0.216576
vt 0.521990 0.223222
vt 0.509530 0.264113
vt 0.521733 0.248268
vt 0.521691 0.273337
vt 0.521733 0.248268
vt 0.533777 0.257402
vt 0.521691 0.273337
vt 0.521733 0.248268
vt 0.527835 0.240345
vt 0.533777 0.257402
vt 0.527835 0.240345
vt 0.539820 0.249435
vt 0.533777 0.257402
vt 0.527835 0.240345
vt 0.545863 0.241467
vt 0.539820 0.249435
vt 0.533937 0.232422
vt 0.545863 0.241467
vt 0.527835 0.240345
vt 0.533937 0.232422
vt 0.557949 0.225532
vt 0.545863 0.241467
vt 0.546140 0.216576
vt 0.557949 0.225532
vt 0.533937 0.232422
vt 0.521691 0.273337
vt 0.533777 0.257402
vt 0.535159 0.283375
vt 0.533777 0.257402
vt 0.547110 0.267338
vt 0.535159 0.283375
vt 0.533777 0.257402
vt 0.539820 0.249435
vt 0.547110 0.267338
vt 0.539820 0.249435
vt 0.553085 0.259320
vt 0.547110 0.267338
vt 0.539820 0.249435
vt 0.559060 0.251301
vt 0.553085 0.259320
vt 0.545863 0.241467
vt 0.559060 0.251301
vt 0.539820 0.249435
vt 0.545863 0.241467
vt 0.571011 0.235264
vt 0.559060 0.251301
vt 0.557949 0.225532
vt 0.571011 0.235264
vt 0.545863 0.241467
vt 0.535159 0.283375
vt 0.547110 0.267338
vt 0.548578 0.293281
vt 0.547110 0.267338
vt 0.560456 0.277190
vt 0.548578 0.293281
vt 0.547110 0.267338
vt 0.553085 0.259320
vt 0.560456 0.277190
vt 0.553085 0.259320
vt 0.566395 0.269145
vt 0.560456 0.277190
vt 0.553085 0.259320
vt 0.572334 0.261099
vt 0.566395 0.269145
vt 0.559060 0.251301
vt 0.572334 0.261099
vt 0.553085 0.259320
vt 0.559060 0.251301
vt 0.584212 0.245008
vt 0.572334 0.261099
vt 0.571011 0.235264
vt 0.584212 0.245008
vt 0.559060 0.251301
vt 0.548578 0.293281
vt 0.560456 0.277190
vt 0.562085 0.303130
vt 0.560456 0.277190
vt 0.573868 0.286970
vt 0.562085 0.303130
vt 0.560456 0.277190
vt 0.566395 0.269145
vt 0.573868 0.286970
vt 0.566395 0.269145
vt 0.579760 0.278890
vt 0.573868 0.286970
vt 0.566395 0.269145
vt 0.585652 0.270810
vt 0.579760 0.278890
vt 0.572334 0.261099
vt 0.585652 0.270810
vt 0.566395 0.269145
vt 0.572334 0.261099
vt 0.597435 0.254649
vt 0.585652 0.270810
vt 0.584212 0.245008
vt 0.597435 0.254649
vt 0.572334 0.261099
vt 0.562085 0.303130
vt 0.573868 0.286970
vt 0.575730 0.312910
vt 0.573868 0.286970
vt 0.587380 0.296653
vt 0.575730 0.312910
vt 0.573868 0.286970
vt 0.579760 0.278890
vt 0.587380 0.296653
vt 0.579760 0.278890
vt 0.593205 0.288525
vt 0.587380 0.296653
vt 0.579760 0.278890
vt 0.599030 0.280397
vt 0.593205 0.288525
vt 0.585652 0.270810
vt 0.599030 0.280397
vt 0.579760 0.278890
vt 0.585652 0.270810
vt 0.610680 0.264140
vt 0.599030 0.280397
vt 0.597435 0.254649
vt 0.610680 0.264140
vt 0.585652 0.270810
vt 0.575730 0.312910
vt 0.587380 0.296653
vt 0.581057 0.316314
vt 0.587380 0.296653
vt 0.591669 0.299361
vt 0.581057 0.316314
vt 0.587380 0.296653
vt 0.593205 0.288525
vt 0.591669 0.299361
vt 0.593205 0.288525
vt 0.596975 0.290885
vt 0.591669 0.299361
vt 0.593205 0.288525
vt 0.602281 0.282409
vt 0.596975 0.290885
vt 0.599030 0.280397
vt 0.602281 0.282409
vt 0.593205 0.288525
vt 0.599030 0.280397
vt 0.612893 0.265456
vt 0.602281 0.282409
vt 0.610680 0.264140
vt 0.612893 0.265456
vt 0.599030 0.280397
vt 0.581057 0.316314
vt 0.591669 0.299361
vt 0.587443 0.319682
vt 0.591669 0.299361
vt 0.596468 0.301834
vt 0.587443 0.319682
vt 0.591669 0.299361
vt 0.596975 0.290885
vt 0.596468 0.301834
vt 0.596975 0.290885
vt 0.600980 0.292910
vt 0.596468 0.301834
vt 0.596975 0.290885
vt 0.605492 0.283986
vt 0.600980 0.292910
vt 0.602281 0.282409
vt 0.605492 0.283986
vt 0.596975 0.290885
vt 0.602281 0.282409
vt 0.614517 0.266138
vt 0.605492 0.283986
vt 0.612893 0.265456
vt 0.614517 0.266138
vt 0.602281 0.282409
vt 0.587443 0.319682
vt 0.596468 0.301834
vt 0.593103 0.322208
vt 0.596468 0.301834
vt 0.601114 0.303883
vt 0.593103 0.322208
vt 0.596468 0.301834
vt 0.600980 0.292910
vt 0.601114 0.303883
vt 0.600980 0.292910
vt 0.605120 0.294720
vt 0.601114 0.303883
vt 0.600980 0.292910
vt 0.609126 0.285557
vt 0.605120 0.294720
vt 0.605492 0.283986
vt 0.609126 0.285557
vt 0.600980 0.292910
vt 0.605492 0.283986
vt 0.617137 0.267232
vt 0.609126 0.285557
vt 0.614517 0.266138
vt 0.617137 0.267232
vt 0.605492 0.283986
vt 0.593103 0.322208
vt 0.601114 0.303883
vt 0.597845 0.324170
vt 0.601114 0.303883
vt 0.605468 0.305680
vt 0.597845 0.324170
vt 0.601114 0.303883
vt 0.605120 0.294720
vt 0.605468 0.305680
vt 0.605120 0.294720
vt 0.609280 0.296435
vt 0.605468 0.305680
vt 0.605120 0.294720
vt 0.613091 0.287190
vt 0.609280 0.296435
vt 0.609126 0.285557
vt 0.613091 0.287190
vt 0.605120 0.294720
vt 0.609126 0.285557
vt 0.620714 0.268699
vt 0.613091 0.287190
vt 0.617137 0.267232
vt 0.620714 0.268699
vt 0.609126 0.285557
vt 0.597845 0.324170
vt 0.605468 0.305680
vt 0.609575 0.326451
vt 0.605468 0.305680
vt 0.610062 0.306457
vt 0.609575 0.326451
vt 0.605468 0.305680
vt 0.609280 0.296435
vt 0.610062 0.306457
vt 0.609280 0.296435
vt 0.610305 0.296460
vt 0.610062 0.306457
vt 0.609280 0.296435
vt 0.610548 0.286463
vt 0.610305 0.296460
vt 0.613091 0.287190
vt 0.610548 0.286463
vt 0.609280 0.296435
vt 0.613091 0.287190
vt 0.611035 0.266469
vt 0.610548 0.286463
vt 0.620714 0.268699
vt 0.611035 0.266469
vt 0.613091 0.287190
vt 0.609575 0.326451
vt 0.610062 0.306457
vt 0.622472 0.323914
vt 0.610062 0.306457
vt 0.615187 0.305288
vt 0.622472 0.323914
vt 0.610062 0.306457
vt 0.610305 0.296460
vt 0.615187 0.305288
vt 0.610305 0.296460
vt 0.611545 0.295975
vt 0.615187 0.305288
vt 0.610305 0.296460
vt 0.607902 0.286662
vt 0.611545 0.295975
vt 0.610548 0.286463
vt 0.607902 0.286662
vt 0.610305 0.296460
vt 0.610548 0.286463
vt 0.600617 0.268036
vt 0.607902 0.286662
vt 0.611035 0.266469
vt 0.600617 0.268036
vt 0.610548 0.286463
vt 0.622472 0.323914
vt 0.615187 0.305288
vt 0.627875 0.321185
vt 0.615187 0.305288
vt 0.617852 0.303878
vt 0.627875 0.321185
vt 0.615187 0.305288
vt 0.611545 0.295975
vt 0.617852 0.303878
vt 0.611545 0.295975
vt 0.612840 0.295225
vt 0.617852 0.303878
vt 0.611545 0.295975
vt 0.607828 0.286571
vt 0.612840 0.295225
vt 0.607902 0.286662
vt 0.607828 0.286571
vt 0.611545 0.295975
vt 0.607902 0.286662
vt 0.597805 0.269264
vt 0.607828 0.286571
vt 0.600617 0.268036
vt 0.597805 0.269264
vt 0.607902 0.286662
vt 0.627875 0.321185
vt 0.617852 0.303878
vt 0.630359 0.319620
vt 0.617852 0.303878
vt 0.619476 0.302840
vt 0.630359 0.319620
vt 0.617852 0.303878
vt 0.612840 0.295225
vt 0.619476 0.302840
vt 0.612840 0.295225
vt 0.614035 0.294450
vt 0.619476 0.302840
vt 0.612840 0.295225
vt 0.608594 0.286060
vt 0.614035 0.294450
vt 0.607828 0.286571
vt 0.608594 0.286060
vt 0.612840 0.295225
vt 0.607828 0.286571
vt 0.597711 0.269280
vt 0.608594 0.286060
vt 0.597805 0.269264
vt 0.597711 0.269280
vt 0.607828 0.286571
vt 0.630359 0.319620
vt 0.619476 0.302840
vt 0.642668 0.303413
vt 0.619476 0.302840
vt 0.623673 0.297154
vt 0.642668 0.303413
vt 0.619476 0.302840
vt 0.614035 0.294450
vt 0.623673 0.297154
vt 0.614035 0.294450
vt 0.614175 0.294025
vt 0.623673 0.297154
vt 0.614035 0.294450
vt 0.604677 0.290896
vt 0.614175 0.294025
vt 0.608594 0.286060
vt 0.604677 0.290896
vt 0.614035 0.294450
vt 0.608594 0.286060
vt 0.585682 0.284637
vt 0.604677 0.290896
vt 0.597711 0.269280
vt 0.585682 0.284637
vt 0.608594 0.286060
vt 0.642668 0.303413
vt 0.623673 0.297154
vt 0.644025 0.290932
vt 0.623673 0.297154
vt 0.624085 0.292477
vt 0.644025 0.290932
vt 0.623673 0.297154
vt 0.614175 0.294025
vt 0.624085 0.292477
vt 0.614175 0.294025
vt 0.614115 0.293250
vt 0.624085 0.292477
vt 0.614175 0.294025
vt 0.604145 0.294023
vt 0.614115 0.293250
vt 0.604677 0.290896
vt 0.604145 0.294023
vt 0.614175 0.294025
vt 0.604677 0.290896
vt 0.584205 0.295568
vt 0.604145 0.294023
vt 0.585682 0.284637
vt 0.584205 0.295568
vt 0.604677 0.290896
vt 0.644025 0.290932
vt 0.624085 0.292477
vt 0.643043 0.285251
vt 0.624085 0.292477
vt 0.623614 0.289997
vt 0.643043 0.285251
vt 0.624085 0.292477
vt 0.614115 0.293250
vt 0.623614 0.289997
vt 0.614115 0.293250
vt 0.613900 0.292370
vt 0.623614 0.289997
vt 0.614115 0.293250
vt 0.604186 0.294743
vt 0.613900 0.292370
vt 0.604145 0.294023
vt 0.604186 0.294743
vt 0.614115 0.293250
vt 0.604145 0.294023
vt 0.584757 0.299489
vt 0.604186 0.294743
vt 0.584205 0.295568
vt 0.584757 0.299489
vt 0.604145 0.294023
vt 0.643043 0.285251
vt 0.623614 0.289997
vt 0.641145 0.279786
vt 0.623614 0.289997
vt 0.622768 0.287679
vt 0.641145 0.279786
vt 0.623614 0.289997
vt 0.613900 0.292370
vt 0.622768 0.287679
vt 0.613900 0.292370
vt 0.613580 0.291625
vt 0.622768 0.287679
vt 0.613900 0.292370
vt 0.604392 0.295571
vt 0.613580 0.291625
vt 0.604186 0.294743
vt 0.604392 0.295571
vt 0.613900 0.292370
vt 0.604186 0.294743
vt 0.586015 0.303464
vt 0.604392 0.295571
vt 0.584757 0.299489
vt 0.586015 0.303464
vt 0.604186 0.294743
vt 0.641145 0.279786
vt 0.622768 0.287679
vt 0.638048 0.274203
vt 0.622768 0.287679
vt 0.621203 0.284984
vt 0.638048 0.274203
vt 0.622768 0.287679
vt 0.613580 0.291625
vt 0.621203 0.284984
vt 0.613580 0.291625
vt 0.612780 0.290375
vt 0.621203 0.284984
vt 0.613580 0.291625
vt 0.604357 0.295765
vt 0.612780 0.290375
vt 0.604392 0.295571
vt 0.604357 0.295765
vt 0.613580 0.291625
vt 0.604392 0.295571
vt 0.587512 0.306546
vt 0.604357 0.295765
vt 0.586015 0.303464
vt 0.587512 0.306546
vt 0.604392 0.295571
vt 0.638048 0.274203
vt 0.621203 0.284984
vt 0.636354 0.271761
vt 0.621203 0.284984
vt 0.620061 0.283360
vt 0.636354 0.271761
vt 0.621203 0.284984
vt 0.612780 0.290375
vt 0.620061 0.283360
vt 0.612780 0.290375
vt 0.611915 0.289160
vt 0.620061 0.283360
vt 0.612780 0.290375
vt 0.603769 0.294960
vt 0.611915 0.289160
vt 0.604357 0.295765
vt 0.603769 0.294960
vt 0.612780 0.290375
vt 0.604357 0.295765
vt 0.587476 0.306559
vt 0.603769 0.294960
vt 0.587512 0.306546
vt 0.587476 0.306559
vt 0.604357 0.295765
vt 0.636354 0.271761
vt 0.620061 0.283360
vt 0.634523 0.269384
vt 0.620061 0.283360
vt 0.618834 0.281788
vt 0.634523 0.269384
vt 0.620061 0.283360
vt 0.611915 0.289160
vt 0.618834 0.281788
vt 0.611915 0.289160
vt 0.610990 0.287990
vt 0.618834 0.281788
vt 0.611915 0.289160
vt 0.603145 0.294192
vt 0.610990 0.287990
vt 0.603769 0.294960
vt 0.603145 0.294192
vt 0.611915 0.289160
vt 0.603769 0.294960
vt 0.587456 0.306596
vt 0.603145 0.294192
vt 0.587476 0.306559
vt 0.587456 0.306596
vt 0.603769 0.294960
vt 0.634523 0.269384
vt 0.618834 0.281788
vt 0.632488 0.267013
vt 0.618834 0.281788
vt 0.617499 0.280254
vt 0.632488 0.267013
vt 0.618834 0.281788
vt 0.610990 0.287990
vt 0.617499 0.280254
vt 0.610990 0.287990
vt 0.610005 0.286875
vt 0.617499 0.280254
vt 0.610990 0.287990
vt 0.602510 0.293496
vt 0.610005 0.286875
vt 0.603145 0.294192
vt 0.602510 0.293496
vt 0.610990 0.287990
vt 0.603145 0.294192
vt 0.587521 0.306737
vt 0.602510 0.293496
vt 0.587456 0.306596
vt 0.587521 0.306737
vt 0.603145 0.294192
vt 0.632488 0.267013
vt 0.617499 0.280254
vt 0.604227 0.236701
vt 0.617499 0.280254
vt 0.589602 0.250344
vt 0.604227 0.236701
vt 0.617499 0.280254
vt 0.610005 0.286875
vt 0.589602 0.250344
vt 0.610005 0.286875
vt 0.582290 0.257165
vt 0.589602 0.250344
vt 0.610005 0.286875
vt 0.574978 0.263986
vt 0.582290 0.257165
vt 0.602510 0.293496
vt 0.574978 0.263986
vt 0.610005 0.286875
vt 0.602510 0.293496
vt 0.560353 0.277629
vt 0.574978 0.263986
vt 0.587521 0.306737
vt 0.560353 0.277629
vt 0.602510 0.293496
vt 0.604227 0.236701
vt 0.589602 0.250344
vt 0.576503 0.206992
vt 0.589602 0.250344
vt 0.561881 0.220637
vt 0.576503 0.206992
vt 0.589602 0.250344
vt 0.582290 0.257165
vt 0.561881 0.220637
vt 0.582290 0.257165
vt 0.554570 0.227460
vt 0.561881 0.220637
vt 0.582290 0.257165
vt 0.547259 0.234283
vt 0.554570 0.227460
vt 0.574978 0.263986
vt 0.547259 0.234283
vt 0.582290 0.257165
vt 0.574978 0.263986
vt 0.532637 0.247928
vt 0.547259 0.234283
vt 0.560353 0.277629
vt 0.532637 0.247928
vt 0.574978 0.263986
vt 0.576503 0.206992
vt 0.561881 0.220637
vt 0.548741 0.177293
vt 0.561881 0.220637
vt 0.534130 0.190951
vt 0.548741 0.177293
vt 0.561881 0.220637
vt 0.554570 0.227460
vt 0.534130 0.190951
vt 0.554570 0.227460
vt 0.526825 0.197780
vt 0.534130 0.190951
vt 0.554570 0.227460
vt 0.519520 0.204609
vt 0.526825 0.197780
vt 0.547259 0.234283
vt 0.519520 0.204609
vt 0.554570 0.227460
vt 0.547259 0.234283
vt 0.504909 0.218267
vt 0.519520 0.204609
vt 0.532637 0.247928
vt 0.504909 0.218267
vt 0.547259 0.234283
vt 0.548741 0.177293
vt 0.534130 0.190951
vt 0.520912 0.147622
vt 0.534130 0.190951
vt 0.506324 0.161304
vt 0.520912 0.147622
vt 0.534130 0.190951
vt 0.526825 0.197780
vt 0.506324 0.161304
vt 0.526825 0.197780
vt 0.499030 0.168145
vt 0.506324 0.161304
vt 0.526825 0.197780
vt 0.491736 0.174986
vt 0.499030 0.168145
vt 0.519520 0.204609
vt 0.491736 0.174986
vt 0.526825 0.197780
vt 0.519520 0.204609
vt 0.477148 0.188668
vt 0.491736 0.174986
vt 0.504909 0.218267
vt 0.477148 0.188668
vt 0.519520 0.204609
vt 0.520912 0.147622
vt 0.506324 0.161304
vt 0.514935 0.141397
vt 0.506324 0.161304
vt 0.500512 0.155252
vt 0.514935 0.141397
vt 0.506324 0.161304
vt 0.499030 0.168145
vt 0.500512 0.155252
vt 0.499030 0.168145
vt 0.493300 0.162180
vt 0.500512 0.155252
vt 0.499030 0.168145
vt 0.486088 0.169108
vt 0.493300 0.162180
vt 0.491736 0.174986
vt 0.486088 0.169108
vt 0.499030 0.168145
vt 0.491736 0.174986
vt 0.471665 0.182963
vt 0.486088 0.169108
vt 0.477148 0.188668
vt 0.471665 0.182963
vt 0.491736 0.174986
vt 0.514935 0.141397
vt 0.500512 0.155252
vt 0.508589 0.135072
vt 0.500512 0.155252
vt 0.494483 0.149251
vt 0.508589 0.135072
vt 0.500512 0.155252
vt 0.493300 0.162180
vt 0.494483 0.149251
vt 0.493300 0.162180
vt 0.487430 0.156340
vt 0.494483 0.149251
vt 0.493300 0.162180
vt 0.480377 0.163429
vt 0.487430 0.156340
vt 0.486088 0.169108
vt 0.480377 0.163429
vt 0.493300 0.162180
vt 0.486088 0.169108
vt 0.466271 0.177607
vt 0.480377 0.163429
vt 0.471665 0.182963
vt 0.466271 0.177607
vt 0.486088 0.169108
vt 0.508589 0.135072
vt 0.494483 0.149251
vt 0.502078 0.128881
vt 0.494483 0.149251
vt 0.488309 0.143387
vt 0.502078 0.128881
vt 0.494483 0.149251
vt 0.487430 0.156340
vt 0.488309 0.143387
vt 0.487430 0.156340
vt 0.481425 0.150640
vt 0.488309 0.143387
vt 0.487430 0.156340
vt 0.474540 0.157893
vt 0.481425 0.150640
vt 0.480377 0.163429
vt 0.474540 0.157893
vt 0.487430 0.156340
vt 0.480377 0.163429
vt 0.460771 0.172398
vt 0.474540 0.157893
vt 0.466271 0.177607
vt 0.460771 0.172398
vt 0.480377 0.163429
vt 0.502078 0.128881
vt 0.488309 0.143387
vt 0.495392 0.122830
vt 0.488309 0.143387
vt 0.481987 0.137673
vt 0.495392 0.122830
vt 0.488309 0.143387
vt 0.481425 0.150640
vt 0.481987 0.137673
vt 0.481425 0.150640
vt 0.475285 0.145095
vt 0.481987 0.137673
vt 0.481425 0.150640
vt 0.468583 0.152516
vt 0.475285 0.145095
vt 0.474540 0.157893
vt 0.468583 0.152516
vt 0.481425 0.150640
vt 0.474540 0.157893
vt 0.455178 0.167359
vt 0.468583 0.152516
vt 0.460771 0.172398
vt 0.455178 0.167359
vt 0.474540 0.157893
vt 0.495392 0.122830
vt 0.481987 0.137673
vt 0.474114 0.106097
vt 0.481987 0.137673
vt 0.461795 0.121852
vt 0.474114 0.106097
vt 0.481987 0.137673
vt 0.475285 0.145095
vt 0.461795 0.121852
vt 0.475285 0.145095
vt 0.455635 0.129730
vt 0.461795 0.121852
vt 0.475285 0.145095
vt 0.449475 0.137607
vt 0.455635 0.129730
vt 0.468583 0.152516
vt 0.449475 0.137607
vt 0.475285 0.145095
vt 0.468583 0.152516
vt 0.437156 0.153363
vt 0.449475 0.137607
vt 0.455178 0.167359
vt 0.437156 0.153363
vt 0.468583 0.152516
vt 0.474114 0.106097
vt 0.461795 0.121852
vt 0.450061 0.091348
vt 0.461795 0.121852
vt 0.439740 0.108479
vt 0.450061 0.091348
vt 0.461795 0.121852
vt 0.455635 0.129730
vt 0.439740 0.108479
vt 0.455635 0.129730
vt 0.434580 0.117045
vt 0.439740 0.108479
vt 0.455635 0.129730
vt 0.429419 0.125611
vt 0.434580 0.117045
vt 0.449475 0.137607
vt 0.429419 0.125611
vt 0.455635 0.129730
vt 0.449475 0.137607
vt 0.419098 0.142742
vt 0.429419 0.125611
vt 0.437156 0.153363
vt 0.419098 0.142742
vt 0.449475 0.137607
vt 0.450061 0.091348
vt 0.439740 0.108479
vt 0.424236 0.079651
vt 0.439740 0.108479
vt 0.416135 0.097937
vt 0.424236 0.079651
vt 0.439740 0.108479
vt 0.434580 0.117045
vt 0.416135 0.097937
vt 0.434580 0.117045
vt 0.412085 0.107080
vt 0.416135 0.097937
vt 0.434580 0.117045
vt 0.408035 0.116223
vt 0.412085 0.107080
vt 0.429419 0.125611
vt 0.408035 0.116223
vt 0.434580 0.117045
vt 0.429419 0.125611
vt 0.399934 0.134509
vt 0.408035 0.116223
vt 0.419098 0.142742
vt 0.399934 0.134509
vt 0.429419 0.125611
vt 0.424236 0.079651
vt 0.416135 0.097937
vt 0.396737 0.071144
vt 0.416135 0.097937
vt 0.390982 0.090298
vt 0.396737 0.071144
vt 0.416135 0.097937
vt 0.412085 0.107080
vt 0.390982 0.090298
vt 0.412085 0.107080
vt 0.388105 0.099875
vt 0.390982 0.090298
vt 0.412085 0.107080
vt 0.385227 0.109452
vt 0.388105 0.099875
vt 0.408035 0.116223
vt 0.385227 0.109452
vt 0.412085 0.107080
vt 0.408035 0.116223
vt 0.379472 0.128606
vt 0.385227 0.109452
vt 0.399934 0.134509
vt 0.379472 0.128606
vt 0.408035 0.116223
vt 0.396737 0.071144
vt 0.390982 0.090298
vt 0.382299 0.068328
vt 0.390982 0.090298
vt 0.378723 0.088006
vt 0.382299 0.068328
vt 0.390982 0.090298
vt 0.388105 0.099875
vt 0.378723 0.088006
vt 0.388105 0.099875
vt 0.376935 0.097845
vt 0.378723 0.088006
vt 0.388105 0.099875
vt 0.375147 0.107684
vt 0.376935 0.097845
vt 0.385227 0.109452
vt 0.375147 0.107684
vt 0.388105 0.099875
vt 0.385227 0.109452
vt 0.371571 0.127361
vt 0.375147 0.107684
vt 0.379472 0.128606
vt 0.371571 0.127361
vt 0.385227 0.109452
vt 0.382299 0.068328
vt 0.378723 0.088006
vt 0.368653 0.066896
vt 0.378723 0.088006
vt 0.366714 0.086802
vt 0.368653 0.066896
vt 0.378723 0.088006
vt 0.376935 0.097845
vt 0.366714 0.086802
vt 0.376935 0.097845
vt 0.365745 0.096755
vt 0.366714 0.086802
vt 0.376935 0.097845
vt 0.364775 0.106708
vt 0.365745 0.096755
vt 0.375147 0.107684
vt 0.364775 0.106708
vt 0.376935 0.097845
vt 0.375147 0.107684
vt 0.362837 0.126614
vt 0.364775 0.106708
vt 0.371571 0.127361
vt 0.362837 0.126614
vt 0.375147 0.107684
vt 0.201650 0.505860
vt 0.191148 0.526776
vt 0.171154 0.526299
vt 0.201650 0.505860
vt 0.201145 0.527015
vt 0.191148 0.526776
vt 0.201650 0.505860
vt 0.211142 0.527254
vt 0.201145 0.527015
vt 0.201650 0.505860
vt 0.231136 0.527731
vt 0.211142 0.527254
vt 0.171154 0.526299
vt 0.191148 0.526776
vt 0.170682 0.547442
vt 0.191148 0.526776
vt 0.190677 0.547887
vt 0.170682 0.547442
vt 0.191148 0.526776
vt 0.201145 0.527015
vt 0.190677 0.547887
vt 0.201145 0.527015
vt 0.200675 0.548110
vt 0.190677 0.547887
vt 0.201145 0.527015
vt 0.210673 0.548333
vt 0.200675 0.548110
vt 0.211142 0.527254
vt 0.210673 0.548333
vt 0.201145 0.527015
vt 0.211142 0.527254
vt 0.230668 0.548778
vt 0.210673 0.548333
vt 0.231136 0.527731
vt 0.230668 0.548778
vt 0.211142 0.527254
vt 0.170682 0.547442
vt 0.190677 0.547887
vt 0.170280 0.568605
vt 0.190677 0.547887
vt 0.190277 0.568985
vt 0.170280 0.568605
vt 0.190677 0.547887
vt 0.200675 0.548110
vt 0.190277 0.568985
vt 0.200675 0.548110
vt 0.200275 0.569175
vt 0.190277 0.568985
vt 0.200675 0.548110
vt 0.210273 0.569365
vt 0.200275 0.569175
vt 0.210673 0.548333
vt 0.210273 0.569365
vt 0.200675 0.548110
vt 0.210673 0.548333
vt 0.230270 0.569744
vt 0.210273 0.569365
vt 0.230668 0.548778
vt 0.230270 0.569744
vt 0.210673 0.548333
vt 0.170280 0.568605
vt 0.190277 0.568985
vt 0.170226 0.576485
vt 0.190277 0.568985
vt 0.190225 0.576618
vt 0.170226 0.576485
vt 0.190277 0.568985
vt 0.200275 0.569175
vt 0.190225 0.576618
vt 0.200275 0.569175
vt 0.200225 0.576685
vt 0.190225 0.576618
vt 0.200275 0.569175
vt 0.210225 0.576752
vt 0.200225 0.576685
vt 0.210273 0.569365
vt 0.210225 0.576752
vt 0.200275 0.569175
vt 0.210273 0.569365
vt 0.230224 0.576885
vt 0.210225 0.576752
vt 0.230270 0.569744
vt 0.230224 0.576885
vt 0.210273 0.569365
vt 0.170226 0.576485
vt 0.190225 0.576618
vt 0.170328 0.584594
vt 0.190225 0.576618
vt 0.190326 0.584328
vt 0.170328 0.584594
vt 0.190225 0.576618
vt 0.200225 0.576685
vt 0.190326 0.584328
vt 0.200225 0.576685
vt 0.200325 0.584195
vt 0.190326 0.584328
vt 0.200225 0.576685
vt 0.210324 0.584062
vt 0.200325 0.584195
vt 0.210225 0.576752
vt 0.210324 0.584062
vt 0.200225 0.576685
vt 0.210225 0.576752
vt 0.230322 0.583795
vt 0.210324 0.584062
vt 0.230224 0.576885
vt 0.230322 0.583795
vt 0.210225 0.576752
vt 0.170328 0.584594
vt 0.190326 0.584328
vt 0.170586 0.592683
vt 0.190326 0.584328
vt 0.190575 0.592031
vt 0.170586 0.592683
vt 0.190326 0.584328
vt 0.200325 0.584195
vt 0.190575 0.592031
vt 0.200325 0.584195
vt 0.200570 0.591705
vt 0.190575 0.592031
vt 0.200325 0.584195
vt 0.210565 0.591379
vt 0.200570 0.591705
vt 0.210324 0.584062
vt 0.210565 0.591379
vt 0.200325 0.584195
vt 0.210324 0.584062
vt 0.230554 0.590727
vt 0.210565 0.591379
vt 0.230322 0.583795
vt 0.230554 0.590727
vt 0.210324 0.584062
vt 0.170586 0.592683
vt 0.190575 0.592031
vt 0.170994 0.600743
vt 0.190575 0.592031
vt 0.190968 0.599718
vt 0.170994 0.600743
vt 0.190575 0.592031
vt 0.200570 0.591705
vt 0.190968 0.599718
vt 0.200570 0.591705
vt 0.200955 0.599205
vt 0.190968 0.599718
vt 0.200570 0.591705
vt 0.210942 0.598692
vt 0.200955 0.599205
vt 0.210565 0.591379
vt 0.210942 0.598692
vt 0.200570 0.591705
vt 0.210565 0.591379
vt 0.230916 0.597667
vt 0.210942 0.598692
vt 0.230554 0.590727
vt 0.230916 0.597667
vt 0.210565 0.591379
vt 0.170994 0.600743
vt 0.190968 0.599718
vt 0.173104 0.613243
vt 0.190968 0.599718
vt 0.192745 0.609468
vt 0.173104 0.613243
vt 0.190968 0.599718
vt 0.200955 0.599205
vt 0.192745 0.609468
vt 0.200955 0.599205
vt 0.202565 0.607580
vt 0.192745 0.609468
vt 0.200955 0.599205
vt 0.212385 0.605692
vt 0.202565 0.607580
vt 0.210942 0.598692
vt 0.212385 0.605692
vt 0.200955 0.599205
vt 0.210942 0.598692
vt 0.232026 0.601916
vt 0.212385 0.605692
vt 0.230916 0.597667
vt 0.232026 0.601916
vt 0.210942 0.598692
vt 0.173104 0.613243
vt 0.192745 0.609468
vt 0.179250 0.628102
vt 0.192745 0.609468
vt 0.197173 0.619227
vt 0.179250 0.628102
vt 0.192745 0.609468
vt 0.202565 0.607580
vt 0.197173 0.619227
vt 0.202565 0.607580
vt 0.206135 0.614790
vt 0.197173 0.619227
vt 0.202565 0.607580
vt 0.215097 0.610353
vt 0.206135 0.614790
vt 0.212385 0.605692
vt 0.215097 0.610353
vt 0.202565 0.607580
vt 0.212385 0.605692
vt 0.233020 0.601478
vt 0.215097 0.610353
vt 0.232026 0.601916
vt 0.233020 0.601478
vt 0.212385 0.605692
vt 0.179250 0.628102
vt 0.197173 0.619227
vt 0.188754 0.640539
vt 0.197173 0.619227
vt 0.203865 0.627436
vt 0.188754 0.640539
vt 0.197173 0.619227
vt 0.206135 0.614790
vt 0.203865 0.627436
vt 0.206135 0.614790
vt 0.211420 0.620885
vt 0.203865 0.627436
vt 0.206135 0.614790
vt 0.218975 0.614334
vt 0.211420 0.620885
vt 0.215097 0.610353
vt 0.218975 0.614334
vt 0.206135 0.614790
vt 0.215097 0.610353
vt 0.234086 0.601231
vt 0.218975 0.614334
vt 0.233020 0.601478
vt 0.234086 0.601231
vt 0.215097 0.610353
vt 0.188754 0.640539
vt 0.203865 0.627436
vt 0.200258 0.649977
vt 0.203865 0.627436
vt 0.212203 0.633936
vt 0.200258 0.649977
vt 0.203865 0.627436
vt 0.211420 0.620885
vt 0.212203 0.633936
vt 0.211420 0.620885
vt 0.218175 0.625915
vt 0.212203 0.633936
vt 0.211420 0.620885
vt 0.224147 0.617894
vt 0.218175 0.625915
vt 0.218975 0.614334
vt 0.224147 0.617894
vt 0.211420 0.620885
vt 0.218975 0.614334
vt 0.236092 0.601853
vt 0.224147 0.617894
vt 0.234086 0.601231
vt 0.236092 0.601853
vt 0.218975 0.614334
vt 0.200258 0.649977
vt 0.212203 0.633936
vt 0.208368 0.654894
vt 0.212203 0.633936
vt 0.218369 0.637575
vt 0.208368 0.654894
vt 0.212203 0.633936
vt 0.218175 0.625915
vt 0.218369 0.637575
vt 0.218175 0.625915
vt 0.223370 0.628915
vt 0.218369 0.637575
vt 0.218175 0.625915
vt 0.228371 0.620255
vt 0.223370 0.628915
vt 0.224147 0.617894
vt 0.228371 0.620255
vt 0.218175 0.625915
vt 0.224147 0.617894
vt 0.238372 0.602936
vt 0.228371 0.620255
vt 0.236092 0.601853
vt 0.238372 0.602936
vt 0.224147 0.617894
vt 0.208368 0.654894
vt 0.218369 0.637575
vt 0.214827 0.658294
vt 0.218369 0.637575
vt 0.224076 0.640561
vt 0.214827 0.658294
vt 0.218369 0.637575
vt 0.223370 0.628915
vt 0.224076 0.640561
vt 0.223370 0.628915
vt 0.228700 0.631695
vt 0.224076 0.640561
vt 0.223370 0.628915
vt 0.233324 0.622828
vt 0.228700 0.631695
vt 0.228371 0.620255
vt 0.233324 0.622828
vt 0.223370 0.628915
vt 0.228371 0.620255
vt 0.242573 0.605096
vt 0.233324 0.622828
vt 0.238372 0.602936
vt 0.242573 0.605096
vt 0.228371 0.620255
vt 0.214827 0.658294
vt 0.224076 0.640561
vt 0.221229 0.661367
vt 0.224076 0.640561
vt 0.229833 0.643312
vt 0.221229 0.661367
vt 0.224076 0.640561
vt 0.228700 0.631695
vt 0.229833 0.643312
vt 0.228700 0.631695
vt 0.234135 0.634285
vt 0.229833 0.643312
vt 0.228700 0.631695
vt 0.238437 0.625258
vt 0.234135 0.634285
vt 0.233324 0.622828
vt 0.238437 0.625258
vt 0.228700 0.631695
vt 0.233324 0.622828
vt 0.247041 0.607203
vt 0.238437 0.625258
vt 0.242573 0.605096
vt 0.247041 0.607203
vt 0.233324 0.622828
vt 0.221229 0.661367
vt 0.229833 0.643312
vt 0.227497 0.664152
vt 0.229833 0.643312
vt 0.235586 0.645861
vt 0.227497 0.664152
vt 0.229833 0.643312
vt 0.234135 0.634285
vt 0.235586 0.645861
vt 0.234135 0.634285
vt 0.239630 0.636715
vt 0.235586 0.645861
vt 0.234135 0.634285
vt 0.243674 0.627569
vt 0.239630 0.636715
vt 0.238437 0.625258
vt 0.243674 0.627569
vt 0.234135 0.634285
vt 0.238437 0.625258
vt 0.251763 0.609278
vt 0.243674 0.627569
vt 0.247041 0.607203
vt 0.251763 0.609278
vt 0.238437 0.625258
vt 0.227497 0.664152
vt 0.235586 0.645861
vt 0.238379 0.668737
vt 0.235586 0.645861
vt 0.246136 0.650302
vt 0.238379 0.668737
vt 0.235586 0.645861
vt 0.239630 0.636715
vt 0.246136 0.650302
vt 0.239630 0.636715
vt 0.250015 0.641085
vt 0.246136 0.650302
vt 0.239630 0.636715
vt 0.253894 0.631868
vt 0.250015 0.641085
vt 0.243674 0.627569
vt 0.253894 0.631868
vt 0.239630 0.636715
vt 0.243674 0.627569
vt 0.261651 0.613433
vt 0.253894 0.631868
vt 0.251763 0.609278
vt 0.261651 0.613433
vt 0.243674 0.627569
vt 0.238379 0.668737
vt 0.246136 0.650302
vt 0.249090 0.673118
vt 0.246136 0.650302
vt 0.256660 0.654606
vt 0.249090 0.673118
vt 0.246136 0.650302
vt 0.250015 0.641085
vt 0.256660 0.654606
vt 0.250015 0.641085
vt 0.260445 0.645350
vt 0.256660 0.654606
vt 0.250015 0.641085
vt 0.264230 0.636094
vt 0.260445 0.645350
vt 0.253894 0.631868
vt 0.264230 0.636094
vt 0.250015 0.641085
vt 0.253894 0.631868
vt 0.271800 0.617582
vt 0.264230 0.636094
vt 0.261651 0.613433
vt 0.271800 0.617582
vt 0.253894 0.631868
vt 0.249090 0.673118
vt 0.256660 0.654606
vt 0.259759 0.677391
vt 0.256660 0.654606
vt 0.267193 0.658824
vt 0.259759 0.677391
vt 0.256660 0.654606
vt 0.260445 0.645350
vt 0.267193 0.658824
vt 0.260445 0.645350
vt 0.270910 0.649540
vt 0.267193 0.658824
vt 0.260445 0.645350
vt 0.274627 0.640256
vt 0.270910 0.649540
vt 0.264230 0.636094
vt 0.274627 0.640256
vt 0.260445 0.645350
vt 0.264230 0.636094
vt 0.282061 0.621689
vt 0.274627 0.640256
vt 0.271800 0.617582
vt 0.282061 0.621689
vt 0.264230 0.636094
vt 0.259759 0.677391
vt 0.267193 0.658824
vt 0.270377 0.681584
vt 0.267193 0.658824
vt 0.277722 0.662981
vt 0.270377 0.681584
vt 0.267193 0.658824
vt 0.270910 0.649540
vt 0.277722 0.662981
vt 0.270910 0.649540
vt 0.281395 0.653680
vt 0.277722 0.662981
vt 0.270910 0.649540
vt 0.285068 0.644379
vt 0.281395 0.653680
vt 0.274627 0.640256
vt 0.285068 0.644379
vt 0.270910 0.649540
vt 0.274627 0.640256
vt 0.292413 0.625776
vt 0.285068 0.644379
vt 0.282061 0.621689
vt 0.292413 0.625776
vt 0.274627 0.640256
vt 0.270377 0.681584
vt 0.277722 0.662981
vt 0.288109 0.688434
vt 0.277722 0.662981
vt 0.295316 0.669778
vt 0.288109 0.688434
vt 0.277722 0.662981
vt 0.281395 0.653680
vt 0.295316 0.669778
vt 0.281395 0.653680
vt 0.298920 0.660450
vt 0.295316 0.669778
vt 0.281395 0.653680
vt 0.302524 0.651122
vt 0.298920 0.660450
vt 0.285068 0.644379
vt 0.302524 0.651122
vt 0.281395 0.653680
vt 0.285068 0.644379
vt 0.309731 0.632466
vt 0.302524 0.651122
vt 0.292413 0.625776
vt 0.309731 0.632466
vt 0.285068 0.644379
vt 0.288109 0.688434
vt 0.295316 0.669778
vt 0.305785 0.695176
vt 0.295316 0.669778
vt 0.312912 0.676489
vt 0.305785 0.695176
vt 0.295316 0.669778
vt 0.298920 0.660450
vt 0.312912 0.676489
vt 0.298920 0.660450
vt 0.316475 0.667145
vt 0.312912 0.676489
vt 0.298920 0.660450
vt 0.320038 0.657801
vt 0.316475 0.667145
vt 0.302524 0.651122
vt 0.320038 0.657801
vt 0.298920 0.660450
vt 0.302524 0.651122
vt 0.327165 0.639114
vt 0.320038 0.657801
vt 0.309731 0.632466
vt 0.327165 0.639114
vt 0.302524 0.651122
vt 0.305785 0.695176
vt 0.312912 0.676489
vt 0.323103 0.701914
vt 0.312912 0.676489
vt 0.330354 0.683275
vt 0.323103 0.701914
vt 0.312912 0.676489
vt 0.316475 0.667145
vt 0.330354 0.683275
vt 0.316475 0.667145
vt 0.333980 0.673955
vt 0.330354 0.683275
vt 0.316475 0.667145
vt 0.337606 0.664635
vt 0.333980 0.673955
vt 0.320038 0.657801
vt 0.337606 0.664635
vt 0.316475 0.667145
vt 0.320038 0.657801
vt 0.344857 0.645996
vt 0.337606 0.664635
vt 0.327165 0.639114
vt 0.344857 0.645996
vt 0.320038 0.657801
vt 0.323103 0.701914
vt 0.330354 0.683275
vt 0.340008 0.708829
vt 0.330354 0.683275
vt 0.347576 0.690316
vt 0.340008 0.708829
vt 0.330354 0.683275
vt 0.333980 0.673955
vt 0.347576 0.690316
vt 0.333980 0.673955
vt 0.351360 0.681060
vt 0.347576 0.690316
vt 0.333980 0.673955
vt 0.355144 0.671804
vt 0.351360 0.681060
vt 0.337606 0.664635
vt 0.355144 0.671804
vt 0.333980 0.673955
vt 0.337606 0.664635
vt 0.362712 0.653291
vt 0.355144 0.671804
vt 0.344857 0.645996
vt 0.362712 0.653291
vt 0.337606 0.664635
vt 0.340008 0.708829
vt 0.347576 0.690316
vt 0.357004 0.714957
vt 0.347576 0.690316
vt 0.363758 0.696132
vt 0.357004 0.714957
vt 0.347576 0.690316
vt 0.351360 0.681060
vt 0.363758 0.696132
vt 0.351360 0.681060
vt 0.367135 0.686720
vt 0.363758 0.696132
vt 0.351360 0.681060
vt 0.370512 0.677308
vt 0.367135 0.686720
vt 0.355144 0.671804
vt 0.370512 0.677308
vt 0.351360 0.681060
vt 0.355144 0.671804
vt 0.377266 0.658483
vt 0.370512 0.677308
vt 0.362712 0.653291
vt 0.377266 0.658483
vt 0.355144 0.671804
vt 0.357004 0.714957
vt 0.363758 0.696132
vt 0.376963 0.719388
vt 0.363758 0.696132
vt 0.381014 0.699803
vt 0.376963 0.719388
vt 0.363758 0.696132
vt 0.367135 0.686720
vt 0.381014 0.699803
vt 0.367135 0.686720
vt 0.383040 0.690010
vt 0.381014 0.699803
vt 0.367135 0.686720
vt 0.385066 0.680217
vt 0.383040 0.690010
vt 0.370512 0.677308
vt 0.385066 0.680217
vt 0.367135 0.686720
vt 0.370512 0.677308
vt 0.389117 0.660632
vt 0.385066 0.680217
vt 0.377266 0.658483
vt 0.389117 0.660632
vt 0.370512 0.677308
vt 0.376963 0.719388
vt 0.381014 0.699803
vt 0.398491 0.720387
vt 0.381014 0.699803
vt 0.398967 0.700392
vt 0.398491 0.720387
vt 0.381014 0.699803
vt 0.383040 0.690010
vt 0.398967 0.700392
vt 0.383040 0.690010
vt 0.399205 0.690395
vt 0.398967 0.700392
vt 0.383040 0.690010
vt 0.399443 0.680398
vt 0.399205 0.690395
vt 0.385066 0.680217
vt 0.399443 0.680398
vt 0.383040 0.690010
vt 0.385066 0.680217
vt 0.399919 0.660403
vt 0.399443 0.680398
vt 0.389117 0.660632
vt 0.399919 0.660403
vt 0.385066 0.680217
vt 0.398491 0.720387
vt 0.398967 0.700392
vt 0.421209 0.716835
vt 0.398967 0.700392
vt 0.417573 0.697168
vt 0.421209 0.716835
vt 0.398967 0.700392
vt 0.399205 0.690395
vt 0.417573 0.697168
vt 0.399205 0.690395
vt 0.415755 0.687335
vt 0.417573 0.697168
vt 0.399205 0.690395
vt 0.413937 0.677502
vt 0.415755 0.687335
vt 0.399443 0.680398
vt 0.413937 0.677502
vt 0.399205 0.690395
vt 0.399443 0.680398
vt 0.410301 0.657835
vt 0.413937 0.677502
vt 0.399919 0.660403
vt 0.410301 0.657835
vt 0.399443 0.680398
vt 0.421209 0.716835
vt 0.417573 0.697168
vt 0.428145 0.715151
vt 0.417573 0.697168
vt 0.423258 0.695757
vt 0.428145 0.715151
vt 0.417573 0.697168
vt 0.415755 0.687335
vt 0.423258 0.695757
vt 0.415755 0.687335
vt 0.420815 0.686060
vt 0.423258 0.695757
vt 0.415755 0.687335
vt 0.418372 0.676363
vt 0.420815 0.686060
vt 0.413937 0.677502
vt 0.418372 0.676363
vt 0.415755 0.687335
vt 0.413937 0.677502
vt 0.413485 0.656969
vt 0.418372 0.676363
vt 0.410301 0.657835
vt 0.413485 0.656969
vt 0.413937 0.677502
vt 0.428145 0.715151
vt 0.423258 0.695757
vt 0.431740 0.714486
vt 0.423258 0.695757
vt 0.427880 0.694862
vt 0.431740 0.714486
vt 0.423258 0.695757
vt 0.420815 0.686060
vt 0.427880 0.694862
vt 0.420815 0.686060
vt 0.425950 0.685050
vt 0.427880 0.694862
vt 0.420815 0.686060
vt 0.424020 0.675238
vt 0.425950 0.685050
vt 0.418372 0.676363
vt 0.424020 0.675238
vt 0.420815 0.686060
vt 0.418372 0.676363
vt 0.420160 0.655614
vt 0.424020 0.675238
vt 0.413485 0.656969
vt 0.420160 0.655614
vt 0.418372 0.676363
vt 0.431740 0.714486
vt 0.427880 0.694862
vt 0.436625 0.713572
vt 0.427880 0.694862
vt 0.432942 0.693914
vt 0.436625 0.713572
vt 0.427880 0.694862
vt 0.425950 0.685050
vt 0.432942 0.693914
vt 0.425950 0.685050
vt 0.431100 0.684085
vt 0.432942 0.693914
vt 0.425950 0.685050
vt 0.429258 0.674256
vt 0.431100 0.684085
vt 0.424020 0.675238
vt 0.429258 0.674256
vt 0.425950 0.685050
vt 0.424020 0.675238
vt 0.425575 0.654598
vt 0.429258 0.674256
vt 0.420160 0.655614
vt 0.425575 0.654598
vt 0.424020 0.675238
vt 0.436625 0.713572
vt 0.432942 0.693914
vt 0.442743 0.712224
vt 0.432942 0.693914
vt 0.438384 0.692705
vt 0.442743 0.712224
vt 0.432942 0.693914
vt 0.431100 0.684085
vt 0.438384 0.692705
vt 0.431100 0.684085
vt 0.436205 0.682945
vt 0.438384 0.692705
vt 0.431100 0.684085
vt 0.434026 0.673185
vt 0.436205 0.682945
vt 0.429258 0.674256
vt 0.434026 0.673185
vt 0.431100 0.684085
vt 0.429258 0.674256
vt 0.429667 0.653666
vt 0.434026 0.673185
vt 0.425575 0.654598
vt 0.429667 0.653666
vt 0.429258 0.674256
vt 0.442743 0.712224
vt 0.438384 0.692705
vt 0.456796 0.705152
vt 0.438384 0.692705
vt 0.445332 0.688764
vt 0.456796 0.705152
vt 0.438384 0.692705
vt 0.436205 0.682945
vt 0.445332 0.688764
vt 0.436205 0.682945
vt 0.439600 0.680570
vt 0.445332 0.688764
vt 0.436205 0.682945
vt 0.433868 0.672376
vt 0.439600 0.680570
vt 0.434026 0.673185
vt 0.433868 0.672376
vt 0.436205 0.682945
vt 0.434026 0.673185
vt 0.422403 0.655988
vt 0.433868 0.672376
vt 0.429667 0.653666
vt 0.422403 0.655988
vt 0.434026 0.673185
vt 0.456796 0.705152
vt 0.445332 0.688764
vt 0.468604 0.689562
vt 0.445332 0.688764
vt 0.450648 0.680754
vt 0.468604 0.689562
vt 0.445332 0.688764
vt 0.439600 0.680570
vt 0.450648 0.680754
vt 0.439600 0.680570
vt 0.441670 0.676350
vt 0.450648 0.680754
vt 0.439600 0.680570
vt 0.432692 0.671946
vt 0.441670 0.676350
vt 0.433868 0.672376
vt 0.432692 0.671946
vt 0.439600 0.680570
vt 0.433868 0.672376
vt 0.414736 0.663138
vt 0.432692 0.671946
vt 0.422403 0.655988
vt 0.414736 0.663138
vt 0.433868 0.672376
vt 0.468604 0.689562
vt 0.450648 0.680754
vt 0.471971 0.674211
vt 0.450648 0.680754
vt 0.452047 0.672470
vt 0.471971 0.674211
vt 0.450648 0.680754
vt 0.441670 0.676350
vt 0.452047 0.672470
vt 0.441670 0.676350
vt 0.442085 0.671600
vt 0.452047 0.672470
vt 0.441670 0.676350
vt 0.432123 0.670730
vt 0.442085 0.671600
vt 0.432692 0.671946
vt 0.432123 0.670730
vt 0.441670 0.676350
vt 0.432692 0.671946
vt 0.412199 0.668989
vt 0.432123 0.670730
vt 0.414736 0.663138
vt 0.412199 0.668989
vt 0.432692 0.671946
vt 0.471971 0.674211
vt 0.452047 0.672470
vt 0.468391 0.656560
vt 0.452047 0.672470
vt 0.449804 0.663943
vt 0.468391 0.656560
vt 0.452047 0.672470
vt 0.442085 0.671600
vt 0.449804 0.663943
vt 0.442085 0.671600
vt 0.440510 0.667635
vt 0.449804 0.663943
vt 0.442085 0.671600
vt 0.431216 0.671327
vt 0.440510 0.667635
vt 0.432123 0.670730
vt 0.431216 0.671327
vt 0.442085 0.671600
vt 0.432123 0.670730
vt 0.412629 0.678710
vt 0.431216 0.671327
vt 0.412199 0.668989
vt 0.412629 0.678710
vt 0.432123 0.670730
vt 0.468391 0.656560
vt 0.449804 0.663943
vt 0.461713 0.646295
vt 0.449804 0.663943
vt 0.446601 0.659395
vt 0.461713 0.646295
vt 0.449804 0.663943
vt 0.440510 0.667635
vt 0.446601 0.659395
vt 0.440510 0.667635
vt 0.439045 0.665945
vt 0.446601 0.659395
vt 0.440510 0.667635
vt 0.431489 0.672495
vt 0.439045 0.665945
vt 0.431216 0.671327
vt 0.431489 0.672495
vt 0.440510 0.667635
vt 0.431216 0.671327
vt 0.416377 0.685595
vt 0.431489 0.672495
vt 0.412629 0.678710
vt 0.416377 0.685595
vt 0.431216 0.671327
vt 0.461713 0.646295
vt 0.446601 0.659395
vt 0.459697 0.644070
vt 0.446601 0.659395
vt 0.444922 0.657550
vt 0.459697 0.644070
vt 0.446601 0.659395
vt 0.439045 0.665945
vt 0.444922 0.657550
vt 0.439045 0.665945
vt 0.437535 0.664290
vt 0.444922 0.657550
vt 0.439045 0.665945
vt 0.430148 0.671030
vt 0.437535 0.664290
vt 0.431489 0.672495
vt 0.430148 0.671030
vt 0.439045 0.665945
vt 0.431489 0.672495
vt 0.415373 0.684510
vt 0.430148 0.671030
vt 0.416377 0.685595
vt 0.415373 0.684510
vt 0.431489 0.672495
vt 0.459697 0.644070
vt 0.444922 0.657550
vt 0.457168 0.641497
vt 0.444922 0.657550
vt 0.443026 0.655639
vt 0.457168 0.641497
vt 0.444922 0.657550
vt 0.437535 0.664290
vt 0.443026 0.655639
vt 0.437535 0.664290
vt 0.435955 0.662710
vt 0.443026 0.655639
vt 0.437535 0.664290
vt 0.428884 0.669781
vt 0.435955 0.662710
vt 0.430148 0.671030
vt 0.428884 0.669781
vt 0.437535 0.664290
vt 0.430148 0.671030
vt 0.414742 0.683923
vt 0.428884 0.669781
vt 0.415373 0.684510
vt 0.414742 0.683923
vt 0.430148 0.671030
vt 0.457168 0.641497
vt 0.443026 0.655639
vt 0.454069 0.638693
vt 0.443026 0.655639
vt 0.440880 0.653728
vt 0.454069 0.638693
vt 0.443026 0.655639
vt 0.435955 0.662710
vt 0.440880 0.653728
vt 0.435955 0.662710
vt 0.434285 0.661245
vt 0.440880 0.653728
vt 0.435955 0.662710
vt 0.427690 0.668762
vt 0.434285 0.661245
vt 0.428884 0.669781
vt 0.427690 0.668762
vt 0.435955 0.662710
vt 0.428884 0.669781
vt 0.414501 0.683797
vt 0.427690 0.668762
vt 0.414742 0.683923
vt 0.414501 0.683797
vt 0.428884 0.669781
vt 0.454069 0.638693
vt 0.440880 0.653728
vt 0.442325 0.629927
vt 0.440880 0.653728
vt 0.430485 0.646046
vt 0.442325 0.629927
vt 0.440880 0.653728
vt 0.434285 0.661245
vt 0.430485 0.646046
vt 0.434285 0.661245
vt 0.424565 0.654105
vt 0.430485 0.646046
vt 0.434285 0.661245
vt 0.418645 0.662164
vt 0.424565 0.654105
vt 0.427690 0.668762
vt 0.418645 0.662164
vt 0.434285 0.661245
vt 0.427690 0.668762
vt 0.406805 0.678283
vt 0.418645 0.662164
vt 0.414501 0.683797
vt 0.406805 0.678283
vt 0.427690 0.668762
vt 0.442325 0.629927
vt 0.430485 0.646046
vt 0.429693 0.622224
vt 0.430485 0.646046
vt 0.419438 0.639395
vt 0.429693 0.622224
vt 0.430485 0.646046
vt 0.424565 0.654105
vt 0.419438 0.639395
vt 0.424565 0.654105
vt 0.414310 0.647980
vt 0.419438 0.639395
vt 0.424565 0.654105
vt 0.409182 0.656565
vt 0.414310 0.647980
vt 0.418645 0.662164
vt 0.409182 0.656565
vt 0.424565 0.654105
vt 0.418645 0.662164
vt 0.398927 0.673736
vt 0.409182 0.656565
vt 0.406805 0.678283
vt 0.398927 0.673736
vt 0.418645 0.662164
vt 0.429693 0.622224
vt 0.419438 0.639395
vt 0.416169 0.615738
vt 0.419438 0.639395
vt 0.407706 0.633859
vt 0.416169 0.615738
vt 0.419438 0.639395
vt 0.414310 0.647980
vt 0.407706 0.633859
vt 0.414310 0.647980
vt 0.403475 0.642920
vt 0.407706 0.633859
vt 0.414310 0.647980
vt 0.399244 0.651981
vt 0.403475 0.642920
vt 0.409182 0.656565
vt 0.399244 0.651981
vt 0.414310 0.647980
vt 0.409182 0.656565
vt 0.390781 0.670102
vt 0.399244 0.651981
vt 0.398927 0.673736
vt 0.390781 0.670102
vt 0.409182 0.656565
vt 0.416169 0.615738
vt 0.407706 0.633859
vt 0.401819 0.610609
vt 0.407706 0.633859
vt 0.395290 0.629513
vt 0.401819 0.610609
vt 0.407706 0.633859
vt 0.403475 0.642920
vt 0.395290 0.629513
vt 0.403475 0.642920
vt 0.392025 0.638965
vt 0.395290 0.629513
vt 0.403475 0.642920
vt 0.388760 0.648417
vt 0.392025 0.638965
vt 0.399244 0.651981
vt 0.388760 0.648417
vt 0.403475 0.642920
vt 0.399244 0.651981
vt 0.382230 0.667321
vt 0.388760 0.648417
vt 0.390781 0.670102
vt 0.382230 0.667321
vt 0.399244 0.651981
vt 0.401819 0.610609
vt 0.395290 0.629513
vt 0.395114 0.608527
vt 0.395290 0.629513
vt 0.389231 0.627642
vt 0.395114 0.608527
vt 0.395290 0.629513
vt 0.392025 0.638965
vt 0.389231 0.627642
vt 0.392025 0.638965
vt 0.386290 0.637200
vt 0.389231 0.627642
vt 0.392025 0.638965
vt 0.383349 0.646758
vt 0.386290 0.637200
vt 0.388760 0.648417
vt 0.383349 0.646758
vt 0.392025 0.638965
vt 0.388760 0.648417
vt 0.377466 0.665873
vt 0.383349 0.646758
vt 0.382230 0.667321
vt 0.377466 0.665873
vt 0.388760 0.648417
vt 0.395114 0.608527
vt 0.389231 0.627642
vt 0.390653 0.606914
vt 0.389231 0.627642
vt 0.383961 0.625761
vt 0.390653 0.606914
vt 0.389231 0.627642
vt 0.386290 0.637200
vt 0.383961 0.625761
vt 0.386290 0.637200
vt 0.380615 0.635185
vt 0.383961 0.625761
vt 0.386290 0.637200
vt 0.377269 0.644609
vt 0.380615 0.635185
vt 0.383349 0.646758
vt 0.377269 0.644609
vt 0.386290 0.637200
vt 0.383349 0.646758
vt 0.370577 0.663456
vt 0.377269 0.644609
vt 0.377466 0.665873
vt 0.370577 0.663456
vt 0.383349 0.646758
vt 0.390653 0.606914
vt 0.383961 0.625761
vt 0.386607 0.605182
vt 0.383961 0.625761
vt 0.378916 0.623644
vt 0.386607 0.605182
vt 0.383961 0.625761
vt 0.380615 0.635185
vt 0.378916 0.623644
vt 0.380615 0.635185
vt 0.375070 0.632875
vt 0.378916 0.623644
vt 0.380615 0.635185
vt 0.371224 0.642106
vt 0.375070 0.632875
vt 0.377269 0.644609
vt 0.371224 0.642106
vt 0.380615 0.635185
vt 0.377269 0.644609
vt 0.363533 0.660568
vt 0.371224 0.642106
vt 0.370577 0.663456
vt 0.363533 0.660568
vt 0.377269 0.644609
vt 0.386607 0.605182
vt 0.378916 0.623644
vt 0.383021 0.603337
vt 0.378916 0.623644
vt 0.374150 0.621262
vt 0.383021 0.603337
vt 0.378916 0.623644
vt 0.375070 0.632875
vt 0.374150 0.621262
vt 0.375070 0.632875
vt 0.369715 0.630225
vt 0.374150 0.621262
vt 0.375070 0.632875
vt 0.365280 0.639188
vt 0.369715 0.630225
vt 0.371224 0.642106
vt 0.365280 0.639188
vt 0.375070 0.632875
vt 0.371224 0.642106
vt 0.356409 0.657113
vt 0.365280 0.639188
vt 0.363533 0.660568
vt 0.356409 0.657113
vt 0.371224 0.642106
vt 0.383021 0.603337
vt 0.374150 0.621262
vt 0.375548 0.598063
vt 0.374150 0.621262
vt 0.364459 0.614708
vt 0.375548 0.598063
vt 0.374150 0.621262
vt 0.369715 0.630225
vt 0.364459 0.614708
vt 0.369715 0.630225
vt 0.358915 0.623030
vt 0.364459 0.614708
vt 0.369715 0.630225
vt 0.353371 0.631352
vt 0.358915 0.623030
vt 0.365280 0.639188
vt 0.353371 0.631352
vt 0.369715 0.630225
vt 0.365280 0.639188
vt 0.342282 0.647997
vt 0.353371 0.631352
vt 0.356409 0.657113
vt 0.342282 0.647997
vt 0.365280 0.639188
vt 0.375548 0.598063
vt 0.364459 0.614708
vt 0.371363 0.593002
vt 0.364459 0.614708
vt 0.357181 0.607104
vt 0.371363 0.593002
vt 0.364459 0.614708
vt 0.358915 0.623030
vt 0.357181 0.607104
vt 0.358915 0.623030
vt 0.350090 0.614155
vt 0.357181 0.607104
vt 0.358915 0.623030
vt 0.342999 0.621206
vt 0.350090 0.614155
vt 0.353371 0.631352
vt 0.342999 0.621206
vt 0.358915 0.623030
vt 0.353371 0.631352
vt 0.328817 0.635308
vt 0.342999 0.621206
vt 0.342282 0.647997
vt 0.328817 0.635308
vt 0.353371 0.631352
vt 0.371363 0.593002
vt 0.357181 0.607104
vt 0.368603 0.587429
vt 0.357181 0.607104
vt 0.351758 0.598210
vt 0.368603 0.587429
vt 0.357181 0.607104
vt 0.350090 0.614155
vt 0.351758 0.598210
vt 0.350090 0.614155
vt 0.343335 0.603600
vt 0.351758 0.598210
vt 0.350090 0.614155
vt 0.334912 0.608990
vt 0.343335 0.603600
vt 0.342999 0.621206
vt 0.334912 0.608990
vt 0.350090 0.614155
vt 0.342999 0.621206
vt 0.318067 0.619771
vt 0.334912 0.608990
vt 0.328817 0.635308
vt 0.318067 0.619771
vt 0.342999 0.621206
vt 0.368603 0.587429
vt 0.351758 0.598210
vt 0.366841 0.580839
vt 0.351758 0.598210
vt 0.348114 0.587860
vt 0.366841 0.580839
vt 0.351758 0.598210
vt 0.343335 0.603600
vt 0.348114 0.587860
vt 0.343335 0.603600
vt 0.338750 0.591370
vt 0.348114 0.587860
vt 0.343335 0.603600
vt 0.329386 0.594880
vt 0.338750 0.591370
vt 0.334912 0.608990
vt 0.329386 0.594880
vt 0.343335 0.603600
vt 0.334912 0.608990
vt 0.310659 0.601901
vt 0.329386 0.594880
vt 0.318067 0.619771
vt 0.310659 0.601901
vt 0.334912 0.608990
vt 0.366841 0.580839
vt 0.348114 0.587860
vt 0.366363 0.578512
vt 0.348114 0.587860
vt 0.347044 0.583687
vt 0.366363 0.578512
vt 0.348114 0.587860
vt 0.338750 0.591370
vt 0.347044 0.583687
vt 0.338750 0.591370
vt 0.337385 0.586275
vt 0.347044 0.583687
vt 0.338750 0.591370
vt 0.327726 0.588863
vt 0.337385 0.586275
vt 0.329386 0.594880
vt 0.327726 0.588863
vt 0.338750 0.591370
vt 0.329386 0.594880
vt 0.308407 0.594038
vt 0.327726 0.588863
vt 0.310659 0.601901
vt 0.308407 0.594038
vt 0.329386 0.594880
vt 0.366363 0.578512
vt 0.347044 0.583687
vt 0.365199 0.573854
vt 0.347044 0.583687
vt 0.345800 0.578718
vt 0.365199 0.573854
vt 0.347044 0.583687
vt 0.337385 0.586275
vt 0.345800 0.578718
vt 0.337385 0.586275
vt 0.336100 0.581150
vt 0.345800 0.578718
vt 0.337385 0.586275
vt 0.326400 0.583582
vt 0.336100 0.581150
vt 0.327726 0.588863
vt 0.326400 0.583582
vt 0.337385 0.586275
vt 0.327726 0.588863
vt 0.307001 0.588446
vt 0.326400 0.583582
vt 0.308407 0.594038
vt 0.307001 0.588446
vt 0.327726 0.588863
vt 0.365199 0.573854
vt 0.345800 0.578718
vt 0.364446 0.570007
vt 0.345800 0.578718
vt 0.344849 0.573999
vt 0.364446 0.570007
vt 0.345800 0.578718
vt 0.336100 0.581150
vt 0.344849 0.573999
vt 0.336100 0.581150
vt 0.335050 0.575995
vt 0.344849 0.573999
vt 0.336100 0.581150
vt 0.325251 0.577991
vt 0.335050 0.575995
vt 0.326400 0.583582
vt 0.325251 0.577991
vt 0.336100 0.581150
vt 0.326400 0.583582
vt 0.305654 0.581982
vt 0.325251 0.577991
vt 0.307001 0.588446
vt 0.305654 0.581982
vt 0.326400 0.583582
vt 0.364446 0.570007
vt 0.344849 0.573999
vt 0.364167 0.567078
vt 0.344849 0.573999
vt 0.344322 0.569566
vt 0.364167 0.567078
vt 0.344849 0.573999
vt 0.335050 0.575995
vt 0.344322 0.569566
vt 0.335050 0.575995
vt 0.334400 0.570810
vt 0.344322 0.569566
vt 0.335050 0.575995
vt 0.324478 0.572054
vt 0.334400 0.570810
vt 0.325251 0.577991
vt 0.324478 0.572054
vt 0.335050 0.575995
vt 0.325251 0.577991
vt 0.304633 0.574542
vt 0.324478 0.572054
vt 0.305654 0.581982
vt 0.304633 0.574542
vt 0.325251 0.577991
vt 0.364167 0.567078
vt 0.344322 0.569566
vt 0.362995 0.544353
vt 0.344322 0.569566
vt 0.343025 0.545448
vt 0.362995 0.544353
vt 0.344322 0.569566
vt 0.334400 0.570810
vt 0.343025 0.545448
vt 0.334400 0.570810
vt 0.333040 0.545995
vt 0.343025 0.545448
vt 0.334400 0.570810
vt 0.323055 0.546542
vt 0.333040 0.545995
vt 0.324478 0.572054
vt 0.323055 0.546542
vt 0.334400 0.570810
vt 0.324478 0.572054
vt 0.303085 0.547637
vt 0.323055 0.546542
vt 0.304633 0.574542
vt 0.303085 0.547637
vt 0.324478 0.572054
vt 0.362995 0.544353
vt 0.343025 0.545448
vt 0.363050 0.521237
vt 0.343025 0.545448
vt 0.343050 0.521229
vt 0.363050 0.521237
vt 0.343025 0.545448
vt 0.333040 0.545995
vt 0.343050 0.521229
vt 0.333040 0.545995
vt 0.333050 0.521225
vt 0.343050 0.521229
vt 0.333040 0.545995
vt 0.323050 0.521221
vt 0.333050 0.521225
vt 0.323055 0.546542
vt 0.323050 0.521221
vt 0.333040 0.545995
vt 0.323055 0.546542
vt 0.303050 0.521213
vt 0.323050 0.521221
vt 0.303085 0.547637
vt 0.303050 0.521213
vt 0.323055 0.546542
vt 0.363050 0.521237
vt 0.343050 0.521229
vt 0.364752 0.498687
vt 0.343050 0.521229
vt 0.344804 0.497249
vt 0.364752 0.498687
vt 0.343050 0.521229
vt 0.333050 0.521225
vt 0.344804 0.497249
vt 0.333050 0.521225
vt 0.334830 0.496530
vt 0.344804 0.497249
vt 0.333050 0.521225
vt 0.324856 0.495811
vt 0.334830 0.496530
vt 0.323050 0.521221
vt 0.324856 0.495811
vt 0.333050 0.521225
vt 0.323050 0.521221
vt 0.304908 0.494373
vt 0.324856 0.495811
vt 0.303050 0.521213
vt 0.304908 0.494373
vt 0.323050 0.521221
vt 0.364752 0.498687
vt 0.344804 0.497249
vt 0.368392 0.476680
vt 0.344804 0.497249
vt 0.348644 0.473517
vt 0.368392 0.476680
vt 0.344804 0.497249
vt 0.334830 0.496530
vt 0.348644 0.473517
vt 0.334830 0.496530
vt 0.338770 0.471935
vt 0.348644 0.473517
vt 0.334830 0.496530
vt 0.328896 0.470353
vt 0.338770 0.471935
vt 0.324856 0.495811
vt 0.328896 0.470353
vt 0.334830 0.496530
vt 0.324856 0.495811
vt 0.309148 0.467190
vt 0.328896 0.470353
vt 0.304908 0.494373
vt 0.309148 0.467190
vt 0.324856 0.495811
vt 0.368392 0.476680
vt 0.348644 0.473517
vt 0.368635 0.475576
vt 0.348644 0.473517
vt 0.349022 0.471662
vt 0.368635 0.475576
vt 0.348644 0.473517
vt 0.338770 0.471935
vt 0.349022 0.471662
vt 0.338770 0.471935
vt 0.339215 0.469705
vt 0.349022 0.471662
vt 0.338770 0.471935
vt 0.329408 0.467748
vt 0.339215 0.469705
vt 0.328896 0.470353
vt 0.329408 0.467748
vt 0.338770 0.471935
vt 0.328896 0.470353
vt 0.309795 0.463834
vt 0.329408 0.467748
vt 0.309148 0.467190
vt 0.309795 0.463834
vt 0.328896 0.470353
vt 0.368635 0.475576
vt 0.349022 0.471662
vt 0.369009 0.473895
vt 0.349022 0.471662
vt 0.349473 0.469612
vt 0.369009 0.473895
vt 0.349022 0.471662
vt 0.339215 0.469705
vt 0.349473 0.469612
vt 0.339215 0.469705
vt 0.339705 0.467470
vt 0.349473 0.469612
vt 0.339215 0.469705
vt 0.329937 0.465328
vt 0.339705 0.467470
vt 0.329408 0.467748
vt 0.329937 0.465328
vt 0.339215 0.469705
vt 0.329408 0.467748
vt 0.310401 0.461045
vt 0.329937 0.465328
vt 0.309795 0.463834
vt 0.310401 0.461045
vt 0.329408 0.467748
vt 0.369009 0.473895
vt 0.349473 0.469612
vt 0.369077 0.473978
vt 0.349473 0.469612
vt 0.349929 0.468203
vt 0.369077 0.473978
vt 0.349473 0.469612
vt 0.339705 0.467470
vt 0.349929 0.468203
vt 0.339705 0.467470
vt 0.340355 0.465315
vt 0.349929 0.468203
vt 0.339705 0.467470
vt 0.330781 0.462427
vt 0.340355 0.465315
vt 0.329937 0.465328
vt 0.330781 0.462427
vt 0.339705 0.467470
vt 0.329937 0.465328
vt 0.311633 0.456652
vt 0.330781 0.462427
vt 0.310401 0.461045
vt 0.311633 0.456652
vt 0.329937 0.465328
vt 0.369077 0.473978
vt 0.349929 0.468203
vt 0.368451 0.476058
vt 0.349929 0.468203
vt 0.350340 0.467573
vt 0.368451 0.476058
vt 0.349929 0.468203
vt 0.340355 0.465315
vt 0.350340 0.467573
vt 0.340355 0.465315
vt 0.341285 0.463330
vt 0.350340 0.467573
vt 0.340355 0.465315
vt 0.332230 0.459087
vt 0.341285 0.463330
vt 0.330781 0.462427
vt 0.332230 0.459087
vt 0.340355 0.465315
vt 0.330781 0.462427
vt 0.314119 0.450602
vt 0.332230 0.459087
vt 0.311633 0.456652
vt 0.314119 0.450602
vt 0.330781 0.462427
vt 0.368451 0.476058
vt 0.350340 0.467573
vt 0.368881 0.475676
vt 0.350340 0.467573
vt 0.351774 0.465315
vt 0.368881 0.475676
vt 0.350340 0.467573
vt 0.341285 0.463330
vt 0.351774 0.465315
vt 0.341285 0.463330
vt 0.343220 0.460135
vt 0.351774 0.465315
vt 0.341285 0.463330
vt 0.334666 0.454955
vt 0.343220 0.460135
vt 0.332230 0.459087
vt 0.334666 0.454955
vt 0.341285 0.463330
vt 0.332230 0.459087
vt 0.317559 0.444594
vt 0.334666 0.454955
vt 0.314119 0.450602
vt 0.317559 0.444594
vt 0.332230 0.459087
vt 0.368881 0.475676
vt 0.351774 0.465315
vt 0.370286 0.473609
vt 0.351774 0.465315
vt 0.353629 0.462540
vt 0.370286 0.473609
vt 0.351774 0.465315
vt 0.343220 0.460135
vt 0.353629 0.462540
vt 0.343220 0.460135
vt 0.345300 0.457005
vt 0.353629 0.462540
vt 0.343220 0.460135
vt 0.336971 0.451470
vt 0.345300 0.457005
vt 0.334666 0.454955
vt 0.336971 0.451470
vt 0.343220 0.460135
vt 0.334666 0.454955
vt 0.320314 0.440401
vt 0.336971 0.451470
vt 0.317559 0.444594
vt 0.320314 0.440401
vt 0.334666 0.454955
vt 0.370286 0.473609
vt 0.353629 0.462540
vt 0.371287 0.472450
vt 0.353629 0.462540
vt 0.355486 0.460190
vt 0.371287 0.472450
vt 0.353629 0.462540
vt 0.345300 0.457005
vt 0.355486 0.460190
vt 0.345300 0.457005
vt 0.347585 0.454060
vt 0.355486 0.460190
vt 0.345300 0.457005
vt 0.339684 0.447930
vt 0.347585 0.454060
vt 0.336971 0.451470
vt 0.339684 0.447930
vt 0.345300 0.457005
vt 0.336971 0.451470
vt 0.323883 0.435670
vt 0.339684 0.447930
vt 0.320314 0.440401
vt 0.323883 0.435670
vt 0.336971 0.451470
vt 0.371287 0.472450
vt 0.355486 0.460190
vt 0.371767 0.472190
vt 0.355486 0.460190
vt 0.357342 0.458337
vt 0.371767 0.472190
vt 0.355486 0.460190
vt 0.347585 0.454060
vt 0.357342 0.458337
vt 0.347585 0.454060
vt 0.350130 0.451410
vt 0.357342 0.458337
vt 0.347585 0.454060
vt 0.342918 0.444483
vt 0.350130 0.451410
vt 0.339684 0.447930
vt 0.342918 0.444483
vt 0.347585 0.454060
vt 0.339684 0.447930
vt 0.328493 0.430630
vt 0.342918 0.444483
vt 0.323883 0.435670
vt 0.328493 0.430630
vt 0.339684 0.447930
vt 0.371767 0.472190
vt 0.357342 0.458337
vt 0.372177 0.472458
vt 0.357342 0.458337
vt 0.360382 0.456306
vt 0.372177 0.472458
vt 0.357342 0.458337
vt 0.350130 0.451410
vt 0.360382 0.456306
vt 0.350130 0.451410
vt 0.354485 0.448230
vt 0.360382 0.456306
vt 0.350130 0.451410
vt 0.348588 0.440154
vt 0.354485 0.448230
vt 0.342918 0.444483
vt 0.348588 0.440154
vt 0.350130 0.451410
vt 0.342918 0.444483
vt 0.336793 0.424002
vt 0.348588 0.440154
vt 0.328493 0.430630
vt 0.336793 0.424002
vt 0.342918 0.444483
vt 0.372177 0.472458
vt 0.360382 0.456306
vt 0.370457 0.474145
vt 0.360382 0.456306
vt 0.363006 0.455585
vt 0.370457 0.474145
vt 0.360382 0.456306
vt 0.354485 0.448230
vt 0.363006 0.455585
vt 0.354485 0.448230
vt 0.359280 0.446305
vt 0.363006 0.455585
vt 0.354485 0.448230
vt 0.355554 0.437025
vt 0.359280 0.446305
vt 0.348588 0.440154
vt 0.355554 0.437025
vt 0.354485 0.448230
vt 0.348588 0.440154
vt 0.348103 0.418465
vt 0.355554 0.437025
vt 0.336793 0.424002
vt 0.348103 0.418465
vt 0.348588 0.440154
vt 0.370457 0.474145
vt 0.363006 0.455585
vt 0.366816 0.475791
vt 0.363006 0.455585
vt 0.365195 0.455857
vt 0.366816 0.475791
vt 0.363006 0.455585
vt 0.359280 0.446305
vt 0.365195 0.455857
vt 0.359280 0.446305
vt 0.364385 0.445890
vt 0.365195 0.455857
vt 0.359280 0.446305
vt 0.363575 0.435923
vt 0.364385 0.445890
vt 0.355554 0.437025
vt 0.363575 0.435923
vt 0.359280 0.446305
vt 0.355554 0.437025
vt 0.361954 0.415989
vt 0.363575 0.435923
vt 0.348103 0.418465
vt 0.361954 0.415989
vt 0.355554 0.437025
vt 0.366816 0.475791
vt 0.365195 0.455857
vt 0.362274 0.476306
vt 0.365195 0.455857
vt 0.367198 0.456922
vt 0.362274 0.476306
vt 0.365195 0.455857
vt 0.364385 0.445890
vt 0.367198 0.456922
vt 0.364385 0.445890
vt 0.369660 0.447230
vt 0.367198 0.456922
vt 0.364385 0.445890
vt 0.372122 0.437538
vt 0.369660 0.447230
vt 0.363575 0.435923
vt 0.372122 0.437538
vt 0.364385 0.445890
vt 0.363575 0.435923
vt 0.377046 0.418153
vt 0.372122 0.437538
vt 0.361954 0.415989
vt 0.377046 0.418153
vt 0.363575 0.435923
vt 0.362274 0.476306
vt 0.367198 0.456922
vt 0.364066 0.477641
vt 0.367198 0.456922
vt 0.372342 0.459434
vt 0.364066 0.477641
vt 0.367198 0.456922
vt 0.369660 0.447230
vt 0.372342 0.459434
vt 0.369660 0.447230
vt 0.376480 0.450330
vt 0.372342 0.459434
vt 0.369660 0.447230
vt 0.380618 0.441226
vt 0.376480 0.450330
vt 0.372122 0.437538
vt 0.380618 0.441226
vt 0.369660 0.447230
vt 0.372122 0.437538
vt 0.388894 0.423019
vt 0.380618 0.441226
vt 0.377046 0.418153
vt 0.388894 0.423019
vt 0.372122 0.437538
vt 0.364066 0.477641
vt 0.372342 0.459434
vt 0.369938 0.480554
vt 0.372342 0.459434
vt 0.378786 0.462618
vt 0.369938 0.480554
vt 0.372342 0.459434
vt 0.376480 0.450330
vt 0.378786 0.462618
vt 0.376480 0.450330
vt 0.383210 0.453650
vt 0.378786 0.462618
vt 0.376480 0.450330
vt 0.387634 0.444682
vt 0.383210 0.453650
vt 0.380618 0.441226
vt 0.387634 0.444682
vt 0.376480 0.450330
vt 0.380618 0.441226
vt 0.396482 0.426746
vt 0.387634 0.444682
vt 0.388894 0.423019
vt 0.396482 0.426746
vt 0.380618 0.441226
vt 0.369938 0.480554
vt 0.378786 0.462618
vt 0.376008 0.483725
vt 0.378786 0.462618
vt 0.385249 0.465988
vt 0.376008 0.483725
vt 0.378786 0.462618
vt 0.383210 0.453650
vt 0.385249 0.465988
vt 0.383210 0.453650
vt 0.389870 0.457120
vt 0.385249 0.465988
vt 0.383210 0.453650
vt 0.394491 0.448252
vt 0.389870 0.457120
vt 0.387634 0.444682
vt 0.394491 0.448252
vt 0.383210 0.453650
vt 0.387634 0.444682
vt 0.403732 0.430515
vt 0.394491 0.448252
vt 0.396482 0.426746
vt 0.403732 0.430515
vt 0.387634 0.444682
vt 0.376008 0.483725
vt 0.385249 0.465988
vt 0.382241 0.487088
vt 0.385249 0.465988
vt 0.391730 0.469483
vt 0.382241 0.487088
vt 0.385249 0.465988
vt 0.389870 0.457120
vt 0.391730 0.469483
vt 0.389870 0.457120
vt 0.396475 0.460680
vt 0.391730 0.469483
vt 0.389870 0.457120
vt 0.401220 0.451877
vt 0.396475 0.460680
vt 0.394491 0.448252
vt 0.401220 0.451877
vt 0.389870 0.457120
vt 0.394491 0.448252
vt 0.410709 0.434272
vt 0.401220 0.451877
vt 0.403732 0.430515
vt 0.410709 0.434272
vt 0.394491 0.448252
vt 0.382241 0.487088
vt 0.391730 0.469483
vt 0.389061 0.490901
vt 0.391730 0.469483
vt 0.398813 0.473440
vt 0.389061 0.490901
vt 0.391730 0.469483
vt 0.396475 0.460680
vt 0.398813 0.473440
vt 0.396475 0.460680
vt 0.403690 0.464710
vt 0.398813 0.473440
vt 0.396475 0.460680
vt 0.408566 0.455980
vt 0.403690 0.464710
vt 0.401220 0.451877
vt 0.408566 0.455980
vt 0.396475 0.460680
vt 0.401220 0.451877
vt 0.418319 0.438519
vt 0.408566 0.455980
vt 0.410709 0.434272
vt 0.418319 0.438519
vt 0.401220 0.451877
vt 0.389061 0.490901
vt 0.398813 0.473440
vt 0.395820 0.494816
vt 0.398813 0.473440
vt 0.405837 0.477506
vt 0.395820 0.494816
vt 0.398813 0.473440
vt 0.403690 0.464710
vt 0.405837 0.477506
vt 0.403690 0.464710
vt 0.410845 0.468850
vt 0.405837 0.477506
vt 0.403690 0.464710
vt 0.415853 0.460195
vt 0.410845 0.468850
vt 0.408566 0.455980
vt 0.415853 0.460195
vt 0.403690 0.464710
vt 0.408566 0.455980
vt 0.425870 0.442884
vt 0.415853 0.460195
vt 0.418319 0.438519
vt 0.425870 0.442884
vt 0.408566 0.455980
vt 0.395820 0.494816
vt 0.405837 0.477506
vt 0.402869 0.498928
vt 0.405837 0.477506
vt 0.412946 0.481653
vt 0.402869 0.498928
vt 0.405837 0.477506
vt 0.410845 0.468850
vt 0.412946 0.481653
vt 0.410845 0.468850
vt 0.417985 0.473015
vt 0.412946 0.481653
vt 0.410845 0.468850
vt 0.423024 0.464377
vt 0.417985 0.473015
vt 0.415853 0.460195
vt 0.423024 0.464377
vt 0.410845 0.468850
vt 0.415853 0.460195
vt 0.433101 0.447102
vt 0.423024 0.464377
vt 0.425870 0.442884
vt 0.433101 0.447102
vt 0.415853 0.460195
vt 0.402869 0.498928
vt 0.412946 0.481653
vt 0.410248 0.503157
vt 0.412946 0.481653
vt 0.420189 0.485802
vt 0.410248 0.503157
vt 0.412946 0.481653
vt 0.417985 0.473015
vt 0.420189 0.485802
vt 0.417985 0.473015
vt 0.425160 0.477125
vt 0.420189 0.485802
vt 0.417985 0.473015
vt 0.430130 0.468448
vt 0.425160 0.477125
vt 0.423024 0.464377
vt 0.430130 0.468448
vt 0.417985 0.473015
vt 0.423024 0.464377
vt 0.440071 0.451093
vt 0.430130 0.468448
vt 0.433101 0.447102
vt 0.440071 0.451093
vt 0.423024 0.464377
vt 0.410248 0.503157
vt 0.420189 0.485802
vt 0.418604 0.506646
vt 0.420189 0.485802
vt 0.425361 0.487822
vt 0.418604 0.506646
vt 0.420189 0.485802
vt 0.425160 0.477125
vt 0.425361 0.487822
vt 0.425160 0.477125
vt 0.428740 0.478410
vt 0.425361 0.487822
vt 0.425160 0.477125
vt 0.432118 0.468998
vt 0.428740 0.478410
vt 0.430130 0.468448
vt 0.432118 0.468998
vt 0.425160 0.477125
vt 0.430130 0.468448
vt 0.438875 0.450174
vt 0.432118 0.468998
vt 0.440071 0.451093
vt 0.438875 0.450174
vt 0.430130 0.468448
vt 0.418604 0.506646
vt 0.425361 0.487822
vt 0.432563 0.508384
vt 0.425361 0.487822
vt 0.432424 0.488385
vt 0.432563 0.508384
vt 0.425361 0.487822
vt 0.428740 0.478410
vt 0.432424 0.488385
vt 0.428740 0.478410
vt 0.432355 0.478385
vt 0.432424 0.488385
vt 0.428740 0.478410
vt 0.432286 0.468385
vt 0.432355 0.478385
vt 0.432118 0.468998
vt 0.432286 0.468385
vt 0.428740 0.478410
vt 0.432118 0.468998
vt 0.432147 0.448386
vt 0.432286 0.468385
vt 0.438875 0.450174
vt 0.432147 0.448386
vt 0.432118 0.468998
vt 0.432563 0.508384
vt 0.432424 0.488385
vt 0.446802 0.504921
vt 0.432424 0.488385
vt 0.439394 0.486344
vt 0.446802 0.504921
vt 0.432424 0.488385
vt 0.432355 0.478385
vt 0.439394 0.486344
vt 0.432355 0.478385
vt 0.435690 0.477055
vt 0.439394 0.486344
vt 0.432355 0.478385
vt 0.431986 0.467766
vt 0.435690 0.477055
vt 0.432286 0.468385
vt 0.431986 0.467766
vt 0.432355 0.478385
vt 0.432286 0.468385
vt 0.424577 0.449189
vt 0.431986 0.467766
vt 0.432147 0.448386
vt 0.424577 0.449189
vt 0.432286 0.468385
vt 0.446802 0.504921
vt 0.439394 0.486344
vt 0.459234 0.496030
vt 0.439394 0.486344
vt 0.445358 0.481627
vt 0.459234 0.496030
vt 0.439394 0.486344
vt 0.435690 0.477055
vt 0.445358 0.481627
vt 0.435690 0.477055
vt 0.438420 0.474425
vt 0.445358 0.481627
vt 0.435690 0.477055
vt 0.431482 0.467223
vt 0.438420 0.474425
vt 0.431986 0.467766
vt 0.431482 0.467223
vt 0.435690 0.477055
vt 0.431986 0.467766
vt 0.417606 0.452820
vt 0.431482 0.467223
vt 0.424577 0.449189
vt 0.417606 0.452820
vt 0.431986 0.467766
vt 0.459234 0.496030
vt 0.445358 0.481627
vt 0.465780 0.486905
vt 0.445358 0.481627
vt 0.448200 0.477368
vt 0.465780 0.486905
vt 0.445358 0.481627
vt 0.438420 0.474425
vt 0.448200 0.477368
vt 0.438420 0.474425
vt 0.439410 0.472600
vt 0.448200 0.477368
vt 0.438420 0.474425
vt 0.430620 0.467832
vt 0.439410 0.472600
vt 0.431482 0.467223
vt 0.430620 0.467832
vt 0.438420 0.474425
vt 0.431482 0.467223
vt 0.413040 0.458295
vt 0.430620 0.467832
vt 0.417606 0.452820
vt 0.413040 0.458295
vt 0.431482 0.467223
vt 0.465780 0.486905
vt 0.448200 0.477368
vt 0.468665 0.479593
vt 0.448200 0.477368
vt 0.449602 0.473544
vt 0.468665 0.479593
vt 0.448200 0.477368
vt 0.439410 0.472600
vt 0.449602 0.473544
vt 0.439410 0.472600
vt 0.440070 0.470520
vt 0.449602 0.473544
vt 0.439410 0.472600
vt 0.430538 0.467496
vt 0.440070 0.470520
vt 0.430620 0.467832
vt 0.430538 0.467496
vt 0.439410 0.472600
vt 0.430620 0.467832
vt 0.411475 0.461447
vt 0.430538 0.467496
vt 0.413040 0.458295
vt 0.411475 0.461447
vt 0.430620 0.467832
vt 0.468665 0.479593
vt 0.449602 0.473544
vt 0.470021 0.473328
vt 0.449602 0.473544
vt 0.450300 0.469996
vt 0.470021 0.473328
vt 0.449602 0.473544
vt 0.440070 0.470520
vt 0.450300 0.469996
vt 0.440070 0.470520
vt 0.440440 0.468330
vt 0.450300 0.469996
vt 0.440070 0.470520
vt 0.430580 0.466664
vt 0.440440 0.468330
vt 0.430538 0.467496
vt 0.430580 0.466664
vt 0.440070 0.470520
vt 0.430538 0.467496
vt 0.410859 0.463332
vt 0.430580 0.466664
vt 0.411475 0.461447
vt 0.410859 0.463332
vt 0.430538 0.467496
vt 0.470021 0.473328
vt 0.450300 0.469996
vt 0.470514 0.467834
vt 0.450300 0.469996
vt 0.450544 0.466725
vt 0.470514 0.467834
vt 0.450300 0.469996
vt 0.440440 0.468330
vt 0.450544 0.466725
vt 0.440440 0.468330
vt 0.440560 0.466170
vt 0.450544 0.466725
vt 0.440440 0.468330
vt 0.430575 0.465615
vt 0.440560 0.466170
vt 0.430580 0.466664
vt 0.430575 0.465615
vt 0.440440 0.468330
vt 0.430580 0.466664
vt 0.410606 0.464506
vt 0.430575 0.465615
vt 0.410859 0.463332
vt 0.410606 0.464506
vt 0.430580 0.466664
vt 0.470514 0.467834
vt 0.450544 0.466725
vt 0.469545 0.458320
vt 0.450544 0.466725
vt 0.450028 0.462690
vt 0.469545 0.458320
vt 0.450544 0.466725
vt 0.440560 0.466170
vt 0.450028 0.462690
vt 0.440560 0.466170
vt 0.440270 0.464875
vt 0.450028 0.462690
vt 0.440560 0.466170
vt 0.430511 0.467060
vt 0.440270 0.464875
vt 0.430575 0.465615
vt 0.430511 0.467060
vt 0.440560 0.466170
vt 0.430575 0.465615
vt 0.410995 0.471430
vt 0.430511 0.467060
vt 0.410606 0.464506
vt 0.410995 0.471430
vt 0.430575 0.465615
vt 0.469545 0.458320
vt 0.450028 0.462690
vt 0.465674 0.448848
vt 0.450028 0.462690
vt 0.448248 0.458663
vt 0.465674 0.448848
vt 0.450028 0.462690
vt 0.440270 0.464875
vt 0.448248 0.458663
vt 0.440270 0.464875
vt 0.439535 0.463570
vt 0.448248 0.458663
vt 0.440270 0.464875
vt 0.430822 0.468477
vt 0.439535 0.463570
vt 0.430511 0.467060
vt 0.430822 0.468477
vt 0.440270 0.464875
vt 0.430511 0.467060
vt 0.413395 0.478292
vt 0.430822 0.468477
vt 0.410995 0.471430
vt 0.413395 0.478292
vt 0.430511 0.467060
vt 0.465674 0.448848
vt 0.448248 0.458663
vt 0.462558 0.444270
vt 0.448248 0.458663
vt 0.446566 0.456280
vt 0.462558 0.444270
vt 0.448248 0.458663
vt 0.439535 0.463570
vt 0.446566 0.456280
vt 0.439535 0.463570
vt 0.438570 0.462285
vt 0.446566 0.456280
vt 0.439535 0.463570
vt 0.430574 0.468290
vt 0.438570 0.462285
vt 0.430822 0.468477
vt 0.430574 0.468290
vt 0.439535 0.463570
vt 0.430822 0.468477
vt 0.414581 0.480300
vt 0.430574 0.468290
vt 0.413395 0.478292
vt 0.414581 0.480300
vt 0.430822 0.468477
vt 0.462558 0.444270
vt 0.446566 0.456280
vt 0.461156 0.442478
vt 0.446566 0.456280
vt 0.445452 0.454863
vt 0.461156 0.442478
vt 0.446566 0.456280
vt 0.438570 0.462285
vt 0.445452 0.454863
vt 0.438570 0.462285
vt 0.437600 0.461055
vt 0.445452 0.454863
vt 0.438570 0.462285
vt 0.429748 0.467247
vt 0.437600 0.461055
vt 0.430574 0.468290
vt 0.429748 0.467247
vt 0.438570 0.462285
vt 0.430574 0.468290
vt 0.414044 0.479632
vt 0.429748 0.467247
vt 0.414581 0.480300
vt 0.414044 0.479632
vt 0.430574 0.468290
vt 0.461156 0.442478
vt 0.445452 0.454863
vt 0.449769 0.427373
vt 0.445452 0.454863
vt 0.433803 0.439418
vt 0.449769 0.427373
vt 0.445452 0.454863
vt 0.437600 0.461055
vt 0.433803 0.439418
vt 0.437600 0.461055
vt 0.425820 0.445440
vt 0.433803 0.439418
vt 0.437600 0.461055
vt 0.417837 0.451463
vt 0.425820 0.445440
vt 0.429748 0.467247
vt 0.417837 0.451463
vt 0.437600 0.461055
vt 0.429748 0.467247
vt 0.401871 0.463507
vt 0.417837 0.451463
vt 0.414044 0.479632
vt 0.401871 0.463507
vt 0.429748 0.467247
vt 0.449769 0.427373
vt 0.433803 0.439418
vt 0.437957 0.411746
vt 0.433803 0.439418
vt 0.422002 0.423805
vt 0.437957 0.411746
vt 0.433803 0.439418
vt 0.425820 0.445440
vt 0.422002 0.423805
vt 0.425820 0.445440
vt 0.414025 0.429835
vt 0.422002 0.423805
vt 0.425820 0.445440
vt 0.406047 0.435865
vt 0.414025 0.429835
vt 0.417837 0.451463
vt 0.406047 0.435865
vt 0.425820 0.445440
vt 0.417837 0.451463
vt 0.390092 0.447925
vt 0.406047 0.435865
vt 0.401871 0.463507
vt 0.390092 0.447925
vt 0.417837 0.451463
vt 0.437957 0.411746
vt 0.422002 0.423805
vt 0.426180 0.396150
vt 0.422002 0.423805
vt 0.410220 0.408204
vt 0.426180 0.396150
vt 0.422002 0.423805
vt 0.414025 0.429835
vt 0.410220 0.408204
vt 0.414025 0.429835
vt 0.402240 0.414230
vt 0.410220 0.408204
vt 0.414025 0.429835
vt 0.394260 0.420257
vt 0.402240 0.414230
vt 0.406047 0.435865
vt 0.394260 0.420257
vt 0.414025 0.429835
vt 0.406047 0.435865
vt 0.378300 0.432310
vt 0.394260 0.420257
vt 0.390092 0.447925
vt 0.378300 0.432310
vt 0.406047 0.435865
vt 0.426180 0.396150
vt 0.410220 0.408204
vt 0.414441 0.380560
vt 0.410220 0.408204
vt 0.398463 0.392590
vt 0.414441 0.380560
vt 0.410220 0.408204
vt 0.402240 0.414230
vt 0.398463 0.392590
vt 0.402240 0.414230
vt 0.390475 0.398605
vt 0.398463 0.392590
vt 0.402240 0.414230
vt 0.382486 0.404620
vt 0.390475 0.398605
vt 0.394260 0.420257
vt 0.382486 0.404620
vt 0.402240 0.414230
vt 0.394260 0.420257
vt 0.366509 0.416650
vt 0.382486 0.404620
vt 0.378300 0.432310
vt 0.366509 0.416650
vt 0.394260 0.420257
vt 0.414441 0.380560
vt 0.398463 0.392590
vt 0.408947 0.374000
vt 0.398463 0.392590
vt 0.393689 0.386930
vt 0.408947 0.374000
vt 0.398463 0.392590
vt 0.390475 0.398605
vt 0.393689 0.386930
vt 0.390475 0.398605
vt 0.386060 0.393395
vt 0.393689 0.386930
vt 0.390475 0.398605
vt 0.378431 0.399860
vt 0.386060 0.393395
vt 0.382486 0.404620
vt 0.378431 0.399860
vt 0.390475 0.398605
vt 0.382486 0.404620
vt 0.363173 0.412790
vt 0.378431 0.399860
vt 0.366509 0.416650
vt 0.363173 0.412790
vt 0.382486 0.404620
vt 0.408947 0.374000
vt 0.393689 0.386930
vt 0.401179 0.366641
vt 0.393689 0.386930
vt 0.387800 0.381507
vt 0.401179 0.366641
vt 0.393689 0.386930
vt 0.386060 0.393395
vt 0.387800 0.381507
vt 0.386060 0.393395
vt 0.381110 0.388940
vt 0.387800 0.381507
vt 0.386060 0.393395
vt 0.374420 0.396373
vt 0.381110 0.388940
vt 0.378431 0.399860
vt 0.374420 0.396373
vt 0.386060 0.393395
vt 0.378431 0.399860
vt 0.361041 0.411239
vt 0.374420 0.396373
vt 0.363173 0.412790
vt 0.361041 0.411239
vt 0.378431 0.399860
vt 0.401179 0.366641
vt 0.387800 0.381507
vt 0.391826 0.360140
vt 0.387800 0.381507
vt 0.380959 0.376930
vt 0.391826 0.360140
vt 0.387800 0.381507
vt 0.381110 0.388940
vt 0.380959 0.376930
vt 0.381110 0.388940
vt 0.375525 0.385325
vt 0.380959 0.376930
vt 0.381110 0.388940
vt 0.370091 0.393720
vt 0.375525 0.385325
vt 0.374420 0.396373
vt 0.370091 0.393720
vt 0.381110 0.388940
vt 0.374420 0.396373
vt 0.359224 0.410510
vt 0.370091 0.393720
vt 0.361041 0.411239
vt 0.359224 0.410510
vt 0.374420 0.396373
vt 0.391826 0.360140
vt 0.380959 0.376930
vt 0.380954 0.355032
vt 0.380959 0.376930
vt 0.373121 0.373434
vt 0.380954 0.355032
vt 0.380959 0.376930
vt 0.375525 0.385325
vt 0.373121 0.373434
vt 0.375525 0.385325
vt 0.369205 0.382635
vt 0.373121 0.373434
vt 0.375525 0.385325
vt 0.365288 0.391836
vt 0.369205 0.382635
vt 0.370091 0.393720
vt 0.365288 0.391836
vt 0.375525 0.385325
vt 0.370091 0.393720
vt 0.357456 0.410239
vt 0.365288 0.391836
vt 0.359224 0.410510
vt 0.357456 0.410239
vt 0.370091 0.393720
vt 0.380954 0.355032
vt 0.373121 0.373434
vt 0.352147 0.345465
vt 0.373121 0.373434
vt 0.345912 0.364469
vt 0.352147 0.345465
vt 0.373121 0.373434
vt 0.369205 0.382635
vt 0.345912 0.364469
vt 0.369205 0.382635
vt 0.342795 0.373970
vt 0.345912 0.364469
vt 0.369205 0.382635
vt 0.339677 0.383472
vt 0.342795 0.373970
vt 0.365288 0.391836
vt 0.339677 0.383472
vt 0.369205 0.382635
vt 0.365288 0.391836
vt 0.333443 0.402475
vt 0.339677 0.383472
vt 0.357456 0.410239
vt 0.333443 0.402475
vt 0.365288 0.391836
vt 0.352147 0.345465
vt 0.345912 0.364469
vt 0.325775 0.336784
vt 0.345912 0.364469
vt 0.319521 0.355782
vt 0.325775 0.336784
vt 0.345912 0.364469
vt 0.342795 0.373970
vt 0.319521 0.355782
vt 0.342795 0.373970
vt 0.316395 0.365280
vt 0.319521 0.355782
vt 0.342795 0.373970
vt 0.313268 0.374779
vt 0.316395 0.365280
vt 0.339677 0.383472
vt 0.313268 0.374779
vt 0.342795 0.373970
vt 0.339677 0.383472
vt 0.307015 0.393776
vt 0.313268 0.374779
vt 0.333443 0.402475
vt 0.307015 0.393776
vt 0.339677 0.383472
vt 0.325775 0.336784
vt 0.319521 0.355782
vt 0.299438 0.328065
vt 0.319521 0.355782
vt 0.293153 0.347052
vt 0.299438 0.328065
vt 0.319521 0.355782
vt 0.316395 0.365280
vt 0.293153 0.347052
vt 0.316395 0.365280
vt 0.290010 0.356545
vt 0.293153 0.347052
vt 0.316395 0.365280
vt 0.286867 0.366038
vt 0.290010 0.356545
vt 0.313268 0.374779
vt 0.286867 0.366038
vt 0.316395 0.365280
vt 0.313268 0.374779
vt 0.280581 0.385025
vt 0.286867 0.366038
vt 0.307015 0.393776
vt 0.280581 0.385025
vt 0.313268 0.374779
vt 0.299438 0.328065
vt 0.293153 0.347052
vt 0.273154 0.319286
vt 0.293153 0.347052
vt 0.266818 0.338255
vt 0.273154 0.319286
vt 0.293153 0.347052
vt 0.290010 0.356545
vt 0.266818 0.338255
vt 0.290010 0.356545
vt 0.263650 0.347740
vt 0.266818 0.338255
vt 0.290010 0.356545
vt 0.260482 0.357225
vt 0.263650 0.347740
vt 0.286867 0.366038
vt 0.260482 0.357225
vt 0.290010 0.356545
vt 0.286867 0.366038
vt 0.254145 0.376195
vt 0.260482 0.357225
vt 0.280581 0.385025
vt 0.254145 0.376195
vt 0.286867 0.366038
vt 0.273154 0.319286
vt 0.266818 0.338255
vt 0.262749 0.316403
vt 0.266818 0.338255
vt 0.257496 0.335701
vt 0.262749 0.316403
vt 0.266818 0.338255
vt 0.263650 0.347740
vt 0.257496 0.335701
vt 0.263650 0.347740
vt 0.254870 0.345350
vt 0.257496 0.335701
vt 0.263650 0.347740
vt 0.252243 0.354999
vt 0.254870 0.345350
vt 0.260482 0.357225
vt 0.252243 0.354999
vt 0.263650 0.347740
vt 0.260482 0.357225
vt 0.246990 0.374297
vt 0.252243 0.354999
vt 0.254145 0.376195
vt 0.246990 0.374297
vt 0.260482 0.357225
vt 0.262749 0.316403
vt 0.257496 0.335701
vt 0.250717 0.314313
vt 0.257496 0.335701
vt 0.247576 0.334064
vt 0.250717 0.314313
vt 0.257496 0.335701
vt 0.254870 0.345350
vt 0.247576 0.334064
vt 0.254870 0.345350
vt 0.246005 0.343940
vt 0.247576 0.334064
vt 0.254870 0.345350
vt 0.244434 0.353816
vt 0.246005 0.343940
vt 0.252243 0.354999
vt 0.244434 0.353816
vt 0.254870 0.345350
vt 0.252243 0.354999
vt 0.241293 0.373568
vt 0.244434 0.353816
vt 0.246990 0.374297
vt 0.241293 0.373568
vt 0.252243 0.354999
vt 0.250717 0.314313
vt 0.247576 0.334064
vt 0.239101 0.313400
vt 0.247576 0.334064
vt 0.237740 0.333353
vt 0.239101 0.313400
vt 0.247576 0.334064
vt 0.246005 0.343940
vt 0.237740 0.333353
vt 0.246005 0.343940
vt 0.237060 0.343330
vt 0.237740 0.333353
vt 0.246005 0.343940
vt 0.236379 0.353307
vt 0.237060 0.343330
vt 0.244434 0.353816
vt 0.236379 0.353307
vt 0.246005 0.343940
vt 0.244434 0.353816
vt 0.235019 0.373261
vt 0.236379 0.353307
vt 0.241293 0.373568
vt 0.235019 0.373261
vt 0.244434 0.353816
vt 0.239101 0.313400
vt 0.237740 0.333353
vt 0.227968 0.313350
vt 0.237740 0.333353
vt 0.228013 0.333350
vt 0.227968 0.313350
vt 0.237740 0.333353
vt 0.237060 0.343330
vt 0.228013 0.333350
vt 0.237060 0.343330
vt 0.228035 0.343350
vt 0.228013 0.333350
vt 0.237060 0.343330
vt 0.228057 0.353350
vt 0.228035 0.343350
vt 0.236379 0.353307
vt 0.228057 0.353350
vt 0.237060 0.343330
vt 0.236379 0.353307
vt 0.228101 0.373350
vt 0.228057 0.353350
vt 0.235019 0.373261
vt 0.228101 0.373350
vt 0.236379 0.353307
vt 0.227968 0.313350
vt 0.228013 0.333350
vt 0.213359 0.315591
vt 0.228013 0.333350
vt 0.217070 0.335244
vt 0.213359 0.315591
vt 0.228013 0.333350
vt 0.228035 0.343350
vt 0.217070 0.335244
vt 0.228035 0.343350
vt 0.218925 0.345070
vt 0.217070 0.335244
vt 0.228035 0.343350
vt 0.220780 0.354897
vt 0.218925 0.345070
vt 0.228057 0.353350
vt 0.220780 0.354897
vt 0.228035 0.343350
vt 0.228057 0.353350
vt 0.224491 0.374549
vt 0.220780 0.354897
vt 0.228101 0.373350
vt 0.224491 0.374549
vt 0.228057 0.353350
vt 0.213359 0.315591
vt 0.217070 0.335244
vt 0.196434 0.323341
vt 0.217070 0.335244
vt 0.206308 0.340734
vt 0.196434 0.323341
vt 0.217070 0.335244
vt 0.218925 0.345070
vt 0.206308 0.340734
vt 0.218925 0.345070
vt 0.211245 0.349430
vt 0.206308 0.340734
vt 0.218925 0.345070
vt 0.216182 0.358127
vt 0.211245 0.349430
vt 0.220780 0.354897
vt 0.216182 0.358127
vt 0.218925 0.345070
vt 0.220780 0.354897
vt 0.226056 0.375519
vt 0.216182 0.358127
vt 0.224491 0.374549
vt 0.226056 0.375519
vt 0.220780 0.354897
vt 0.196434 0.323341
vt 0.206308 0.340734
vt 0.182704 0.336723
vt 0.206308 0.340734
vt 0.197978 0.349634
vt 0.182704 0.336723
vt 0.206308 0.340734
vt 0.211245 0.349430
vt 0.197978 0.349634
vt 0.211245 0.349430
vt 0.205615 0.356090
vt 0.197978 0.349634
vt 0.211245 0.349430
vt 0.213252 0.362546
vt 0.205615 0.356090
vt 0.216182 0.358127
vt 0.213252 0.362546
vt 0.211245 0.349430
vt 0.216182 0.358127
vt 0.228526 0.375458
vt 0.213252 0.362546
vt 0.226056 0.375519
vt 0.228526 0.375458
vt 0.216182 0.358127
vt 0.182704 0.336723
vt 0.197978 0.349634
vt 0.174279 0.354977
vt 0.197978 0.349634
vt 0.193196 0.361469
vt 0.174279 0.354977
vt 0.197978 0.349634
vt 0.205615 0.356090
vt 0.193196 0.361469
vt 0.205615 0.356090
vt 0.202655 0.364715
vt 0.193196 0.361469
vt 0.205615 0.356090
vt 0.212113 0.367961
vt 0.202655 0.364715
vt 0.213252 0.362546
vt 0.212113 0.367961
vt 0.205615 0.356090
vt 0.213252 0.362546
vt 0.231030 0.374453
vt 0.212113 0.367961
vt 0.228526 0.375458
vt 0.231030 0.374453
vt 0.213252 0.362546
vt 0.174279 0.354977
vt 0.193196 0.361469
vt 0.171880 0.369266
vt 0.193196 0.361469
vt 0.191733 0.371682
vt 0.171880 0.369266
vt 0.193196 0.361469
vt 0.202655 0.364715
vt 0.191733 0.371682
vt 0.202655 0.364715
vt 0.201660 0.372890
vt 0.191733 0.371682
vt 0.202655 0.364715
vt 0.211587 0.374098
vt 0.201660 0.372890
vt 0.212113 0.367961
vt 0.211587 0.374098
vt 0.202655 0.364715
vt 0.212113 0.367961
vt 0.231440 0.376515
vt 0.211587 0.374098
vt 0.231030 0.374453
vt 0.231440 0.376515
vt 0.212113 0.367961
vt 0.171880 0.369266
vt 0.191733 0.371682
vt 0.171132 0.378915
vt 0.191733 0.371682
vt 0.191077 0.380392
vt 0.171132 0.378915
vt 0.191733 0.371682
vt 0.201660 0.372890
vt 0.191077 0.380392
vt 0.201660 0.372890
vt 0.201050 0.381130
vt 0.191077 0.380392
vt 0.201660 0.372890
vt 0.211023 0.381868
vt 0.201050 0.381130
vt 0.211587 0.374098
vt 0.211023 0.381868
vt 0.201660 0.372890
vt 0.211587 0.374098
vt 0.230968 0.383345
vt 0.211023 0.381868
vt 0.231440 0.376515
vt 0.230968 0.383345
vt 0.211587 0.374098
vt 0.171132 0.378915
vt 0.191077 0.380392
vt 0.170774 0.388325
vt 0.191077 0.380392
vt 0.190761 0.389038
vt 0.170774 0.388325
vt 0.191077 0.380392
vt 0.201050 0.381130
vt 0.190761 0.389038
vt 0.201050 0.381130
vt 0.200755 0.389395
vt 0.190761 0.389038
vt 0.201050 0.381130
vt 0.210748 0.389752
vt 0.200755 0.389395
vt 0.211023 0.381868
vt 0.210748 0.389752
vt 0.201050 0.381130
vt 0.211023 0.381868
vt 0.230736 0.390465
vt 0.210748 0.389752
vt 0.230968 0.383345
vt 0.230736 0.390465
vt 0.211023 0.381868
vt 0.170774 0.388325
vt 0.190761 0.389038
vt 0.170710 0.397487
vt 0.190761 0.389038
vt 0.190710 0.397596
vt 0.170710 0.397487
vt 0.190761 0.389038
vt 0.200755 0.389395
vt 0.190710 0.397596
vt 0.200755 0.389395
vt 0.200710 0.397650
vt 0.190710 0.397596
vt 0.200755 0.389395
vt 0.210710 0.397705
vt 0.200710 0.397650
vt 0.210748 0.389752
vt 0.210710 0.397705
vt 0.200755 0.389395
vt 0.210748 0.389752
vt 0.230709 0.397814
vt 0.210710 0.397705
vt 0.230736 0.390465
vt 0.230709 0.397814
vt 0.210748 0.389752
vt 0.170710 0.397487
vt 0.190710 0.397596
vt 0.170947 0.419783
vt 0.190710 0.397596
vt 0.190945 0.419568
vt 0.170947 0.419783
vt 0.190710 0.397596
vt 0.200710 0.397650
vt 0.190945 0.419568
vt 0.200710 0.397650
vt 0.200945 0.419460
vt 0.190945 0.419568
vt 0.200710 0.397650
vt 0.210944 0.419352
vt 0.200945 0.419460
vt 0.210710 0.397705
vt 0.210944 0.419352
vt 0.200710 0.397650
vt 0.210710 0.397705
vt 0.230943 0.419137
vt 0.210944 0.419352
vt 0.230709 0.397814
vt 0.230943 0.419137
vt 0.210710 0.397705
vt 0.170947 0.419783
vt 0.190945 0.419568
vt 0.171314 0.441748
vt 0.190945 0.419568
vt 0.191311 0.441413
vt 0.171314 0.441748
vt 0.190945 0.419568
vt 0.200945 0.419460
vt 0.191311 0.441413
vt 0.200945 0.419460
vt 0.201310 0.441245
vt 0.191311 0.441413
vt 0.200945 0.419460
vt 0.211308 0.441078
vt 0.201310 0.441245
vt 0.210944 0.419352
vt 0.211308 0.441078
vt 0.200945 0.419460
vt 0.210944 0.419352
vt 0.231306 0.440743
vt 0.211308 0.441078
vt 0.230943 0.419137
vt 0.231306 0.440743
vt 0.210944 0.419352
vt 0.734565 0.086425
vt 0.723072 0.077776
vt 0.720605 0.057929
vt 0.734565 0.086425
vt 0.724305 0.087700
vt 0.723072 0.077776
vt 0.734565 0.086425
vt 0.725538 0.097624
vt 0.724305 0.087700
vt 0.734565 0.086425
vt 0.728005 0.117471
vt 0.725538 0.097624
vt 0.720605 0.057929
vt 0.723072 0.077776
vt 0.709128 0.059420
vt 0.723072 0.077776
vt 0.711706 0.079253
vt 0.709128 0.059420
vt 0.723072 0.077776
vt 0.724305 0.087700
vt 0.711706 0.079253
vt 0.724305 0.087700
vt 0.712995 0.089170
vt 0.711706 0.079253
vt 0.724305 0.087700
vt 0.714284 0.099087
vt 0.712995 0.089170
vt 0.725538 0.097624
vt 0.714284 0.099087
vt 0.724305 0.087700
vt 0.725538 0.097624
vt 0.716862 0.118920
vt 0.714284 0.099087
vt 0.728005 0.117471
vt 0.716862 0.118920
vt 0.725538 0.097624
vt 0.709128 0.059420
vt 0.711706 0.079253
vt 0.696978 0.061135
vt 0.711706 0.079253
vt 0.699776 0.080938
vt 0.696978 0.061135
vt 0.711706 0.079253
vt 0.712995 0.089170
vt 0.699776 0.080938
vt 0.712995 0.089170
vt 0.701175 0.090840
vt 0.699776 0.080938
vt 0.712995 0.089170
vt 0.702574 0.100742
vt 0.701175 0.090840
vt 0.714284 0.099087
vt 0.702574 0.100742
vt 0.712995 0.089170
vt 0.714284 0.099087
vt 0.705372 0.120545
vt 0.702574 0.100742
vt 0.716862 0.118920
vt 0.705372 0.120545
vt 0.714284 0.099087
vt 0.696978 0.061135
vt 0.699776 0.080938
vt 0.679158 0.064113
vt 0.699776 0.080938
vt 0.682466 0.083838
vt 0.679158 0.064113
vt 0.699776 0.080938
vt 0.701175 0.090840
vt 0.682466 0.083838
vt 0.701175 0.090840
vt 0.684120 0.093700
vt 0.682466 0.083838
vt 0.701175 0.090840
vt 0.685774 0.103562
vt 0.684120 0.093700
vt 0.702574 0.100742
vt 0.685774 0.103562
vt 0.701175 0.090840
vt 0.702574 0.100742
vt 0.689082 0.123287
vt 0.685774 0.103562
vt 0.705372 0.120545
vt 0.689082 0.123287
vt 0.702574 0.100742
vt 0.679158 0.064113
vt 0.682466 0.083838
vt 0.661196 0.067754
vt 0.682466 0.083838
vt 0.665189 0.087351
vt 0.661196 0.067754
vt 0.682466 0.083838
vt 0.684120 0.093700
vt 0.665189 0.087351
vt 0.684120 0.093700
vt 0.667185 0.097150
vt 0.665189 0.087351
vt 0.684120 0.093700
vt 0.669181 0.106949
vt 0.667185 0.097150
vt 0.685774 0.103562
vt 0.669181 0.106949
vt 0.684120 0.093700
vt 0.685774 0.103562
vt 0.673174 0.126546
vt 0.669181 0.106949
vt 0.689082 0.123287
vt 0.673174 0.126546
vt 0.685774 0.103562
vt 0.661196 0.067754
vt 0.665189 0.087351
vt 0.643427 0.071964
vt 0.665189 0.087351
vt 0.648056 0.091421
vt 0.643427 0.071964
vt 0.665189 0.087351
vt 0.667185 0.097150
vt 0.648056 0.091421
vt 0.667185 0.097150
vt 0.650370 0.101150
vt 0.648056 0.091421
vt 0.667185 0.097150
vt 0.652684 0.110878
vt 0.650370 0.101150
vt 0.669181 0.106949
vt 0.652684 0.110878
vt 0.667185 0.097150
vt 0.669181 0.106949
vt 0.657313 0.130336
vt 0.652684 0.110878
vt 0.673174 0.126546
vt 0.657313 0.130336
vt 0.669181 0.106949
vt 0.643427 0.071964
vt 0.648056 0.091421
vt 0.625843 0.076705
vt 0.648056 0.091421
vt 0.631064 0.096012
vt 0.625843 0.076705
vt 0.648056 0.091421
vt 0.650370 0.101150
vt 0.631064 0.096012
vt 0.650370 0.101150
vt 0.633675 0.105665
vt 0.631064 0.096012
vt 0.650370 0.101150
vt 0.636286 0.115318
vt 0.633675 0.105665
vt 0.652684 0.110878
vt 0.636286 0.115318
vt 0.650370 0.101150
vt 0.652684 0.110878
vt 0.641507 0.134625
vt 0.636286 0.115318
vt 0.657313 0.130336
vt 0.641507 0.134625
vt 0.652684 0.110878
vt 0.625843 0.076705
vt 0.631064 0.096012
vt 0.620806 0.078192
vt 0.631064 0.096012
vt 0.626502 0.097364
vt 0.620806 0.078192
vt 0.631064 0.096012
vt 0.633675 0.105665
vt 0.626502 0.097364
vt 0.633675 0.105665
vt 0.629350 0.106950
vt 0.626502 0.097364
vt 0.633675 0.105665
vt 0.632198 0.116536
vt 0.629350 0.106950
vt 0.636286 0.115318
vt 0.632198 0.116536
vt 0.633675 0.105665
vt 0.636286 0.115318
vt 0.637894 0.135707
vt 0.632198 0.116536
vt 0.641507 0.134625
vt 0.637894 0.135707
vt 0.636286 0.115318
vt 0.620806 0.078192
vt 0.626502 0.097364
vt 0.615727 0.079842
vt 0.626502 0.097364
vt 0.621946 0.098851
vt 0.615727 0.079842
vt 0.626502 0.097364
vt 0.629350 0.106950
vt 0.621946 0.098851
vt 0.629350 0.106950
vt 0.625055 0.108355
vt 0.621946 0.098851
vt 0.629350 0.106950
vt 0.628164 0.117859
vt 0.625055 0.108355
vt 0.632198 0.116536
vt 0.628164 0.117859
vt 0.629350 0.106950
vt 0.632198 0.116536
vt 0.634383 0.136868
vt 0.628164 0.117859
vt 0.637894 0.135707
vt 0.634383 0.136868
vt 0.632198 0.116536
vt 0.615727 0.079842
vt 0.621946 0.098851
vt 0.610351 0.081820
vt 0.621946 0.098851
vt 0.617337 0.100560
vt 0.610351 0.081820
vt 0.621946 0.098851
vt 0.625055 0.108355
vt 0.617337 0.100560
vt 0.625055 0.108355
vt 0.620830 0.109930
vt 0.617337 0.100560
vt 0.625055 0.108355
vt 0.624323 0.119300
vt 0.620830 0.109930
vt 0.628164 0.117859
vt 0.624323 0.119300
vt 0.625055 0.108355
vt 0.628164 0.117859
vt 0.631309 0.138040
vt 0.624323 0.119300
vt 0.634383 0.136868
vt 0.631309 0.138040
vt 0.628164 0.117859
vt 0.610351 0.081820
vt 0.617337 0.100560
vt 0.604755 0.084205
vt 0.617337 0.100560
vt 0.612725 0.102548
vt 0.604755 0.084205
vt 0.617337 0.100560
vt 0.620830 0.109930
vt 0.612725 0.102548
vt 0.620830 0.109930
vt 0.616710 0.111720
vt 0.612725 0.102548
vt 0.620830 0.109930
vt 0.620695 0.120892
vt 0.616710 0.111720
vt 0.624323 0.119300
vt 0.620695 0.120892
vt 0.620830 0.109930
vt 0.624323 0.119300
vt 0.628665 0.139235
vt 0.620695 0.120892
vt 0.631309 0.138040
vt 0.628665 0.139235
vt 0.624323 0.119300
vt 0.604755 0.084205
vt 0.612725 0.102548
vt 0.584013 0.097851
vt 0.612725 0.102548
vt 0.595384 0.114304
vt 0.584013 0.097851
vt 0.612725 0.102548
vt 0.616710 0.111720
vt 0.595384 0.114304
vt 0.616710 0.111720
vt 0.601070 0.122530
vt 0.595384 0.114304
vt 0.616710 0.111720
vt 0.606756 0.130756
vt 0.601070 0.122530
vt 0.620695 0.120892
vt 0.606756 0.130756
vt 0.616710 0.111720
vt 0.620695 0.120892
vt 0.618127 0.147209
vt 0.606756 0.130756
vt 0.628665 0.139235
vt 0.618127 0.147209
vt 0.620695 0.120892
vt 0.584013 0.097851
vt 0.595384 0.114304
vt 0.565880 0.119253
vt 0.595384 0.114304
vt 0.581803 0.131354
vt 0.565880 0.119253
vt 0.595384 0.114304
vt 0.601070 0.122530
vt 0.581803 0.131354
vt 0.601070 0.122530
vt 0.589765 0.137405
vt 0.581803 0.131354
vt 0.601070 0.122530
vt 0.597727 0.143456
vt 0.589765 0.137405
vt 0.606756 0.130756
vt 0.597727 0.143456
vt 0.601070 0.122530
vt 0.606756 0.130756
vt 0.613650 0.155558
vt 0.597727 0.143456
vt 0.618127 0.147209
vt 0.613650 0.155558
vt 0.606756 0.130756
vt 0.565880 0.119253
vt 0.581803 0.131354
vt 0.555293 0.144923
vt 0.581803 0.131354
vt 0.574151 0.151584
vt 0.555293 0.144923
vt 0.581803 0.131354
vt 0.589765 0.137405
vt 0.574151 0.151584
vt 0.589765 0.137405
vt 0.583580 0.154915
vt 0.574151 0.151584
vt 0.589765 0.137405
vt 0.593009 0.158246
vt 0.583580 0.154915
vt 0.597727 0.143456
vt 0.593009 0.158246
vt 0.589765 0.137405
vt 0.597727 0.143456
vt 0.611867 0.164907
vt 0.593009 0.158246
vt 0.613650 0.155558
vt 0.611867 0.164907
vt 0.597727 0.143456
vt 0.555293 0.144923
vt 0.574151 0.151584
vt 0.553303 0.173171
vt 0.574151 0.151584
vt 0.573301 0.173470
vt 0.553303 0.173171
vt 0.574151 0.151584
vt 0.583580 0.154915
vt 0.573301 0.173470
vt 0.583580 0.154915
vt 0.583300 0.173620
vt 0.573301 0.173470
vt 0.583580 0.154915
vt 0.593299 0.173770
vt 0.583300 0.173620
vt 0.593009 0.158246
vt 0.593299 0.173770
vt 0.583580 0.154915
vt 0.593009 0.158246
vt 0.613297 0.174069
vt 0.593299 0.173770
vt 0.611867 0.164907
vt 0.613297 0.174069
vt 0.593009 0.158246
vt 0.553303 0.173171
vt 0.573301 0.173470
vt 0.561800 0.211328
vt 0.573301 0.173470
vt 0.581203 0.206479
vt 0.561800 0.211328
vt 0.573301 0.173470
vt 0.583300 0.173620
vt 0.581203 0.206479
vt 0.583300 0.173620
vt 0.590905 0.204055
vt 0.581203 0.206479
vt 0.583300 0.173620
vt 0.600607 0.201631
vt 0.590905 0.204055
vt 0.593299 0.173770
vt 0.600607 0.201631
vt 0.583300 0.173620
vt 0.593299 0.173770
vt 0.620010 0.196782
vt 0.600607 0.201631
vt 0.613297 0.174069
vt 0.620010 0.196782
vt 0.593299 0.173770
vt 0.561800 0.211328
vt 0.581203 0.206479
vt 0.576552 0.244140
vt 0.581203 0.206479
vt 0.594664 0.235657
vt 0.576552 0.244140
vt 0.581203 0.206479
vt 0.590905 0.204055
vt 0.594664 0.235657
vt 0.590905 0.204055
vt 0.603720 0.231415
vt 0.594664 0.235657
vt 0.590905 0.204055
vt 0.612776 0.227173
vt 0.603720 0.231415
vt 0.600607 0.201631
vt 0.612776 0.227173
vt 0.590905 0.204055
vt 0.600607 0.201631
vt 0.630888 0.218690
vt 0.612776 0.227173
vt 0.620010 0.196782
vt 0.630888 0.218690
vt 0.600607 0.201631
vt 0.576552 0.244140
vt 0.594664 0.235657
vt 0.597576 0.273556
vt 0.594664 0.235657
vt 0.613655 0.261662
vt 0.597576 0.273556
vt 0.594664 0.235657
vt 0.603720 0.231415
vt 0.613655 0.261662
vt 0.603720 0.231415
vt 0.621695 0.255715
vt 0.613655 0.261662
vt 0.603720 0.231415
vt 0.629734 0.249768
vt 0.621695 0.255715
vt 0.612776 0.227173
vt 0.629734 0.249768
vt 0.603720 0.231415
vt 0.612776 0.227173
vt 0.645813 0.237874
vt 0.629734 0.249768
vt 0.630888 0.218690
vt 0.645813 0.237874
vt 0.612776 0.227173
vt 0.597576 0.273556
vt 0.613655 0.261662
vt 0.624469 0.299039
vt 0.613655 0.261662
vt 0.638013 0.284323
vt 0.624469 0.299039
vt 0.613655 0.261662
vt 0.621695 0.255715
vt 0.638013 0.284323
vt 0.621695 0.255715
vt 0.644785 0.276965
vt 0.638013 0.284323
vt 0.621695 0.255715
vt 0.651557 0.269607
vt 0.644785 0.276965
vt 0.629734 0.249768
vt 0.651557 0.269607
vt 0.621695 0.255715
vt 0.629734 0.249768
vt 0.665100 0.254890
vt 0.651557 0.269607
vt 0.645813 0.237874
vt 0.665100 0.254890
vt 0.629734 0.249768
vt 0.624469 0.299039
vt 0.638013 0.284323
vt 0.627184 0.301271
vt 0.638013 0.284323
vt 0.639328 0.285380
vt 0.627184 0.301271
vt 0.638013 0.284323
vt 0.644785 0.276965
vt 0.639328 0.285380
vt 0.644785 0.276965
vt 0.645400 0.277435
vt 0.639328 0.285380
vt 0.644785 0.276965
vt 0.651472 0.269489
vt 0.645400 0.277435
vt 0.651557 0.269607
vt 0.651472 0.269489
vt 0.644785 0.276965
vt 0.651557 0.269607
vt 0.663616 0.253599
vt 0.651472 0.269489
vt 0.665100 0.254890
vt 0.663616 0.253599
vt 0.651557 0.269607
vt 0.627184 0.301271
vt 0.639328 0.285380
vt 0.629103 0.302635
vt 0.639328 0.285380
vt 0.640401 0.286132
vt 0.629103 0.302635
vt 0.639328 0.285380
vt 0.645400 0.277435
vt 0.640401 0.286132
vt 0.645400 0.277435
vt 0.646050 0.277880
vt 0.640401 0.286132
vt 0.645400 0.277435
vt 0.651699 0.269628
vt 0.646050 0.277880
vt 0.651472 0.269489
vt 0.651699 0.269628
vt 0.645400 0.277435
vt 0.651472 0.269489
vt 0.662997 0.253125
vt 0.651699 0.269628
vt 0.663616 0.253599
vt 0.662997 0.253125
vt 0.651472 0.269489
vt 0.629103 0.302635
vt 0.640401 0.286132
vt 0.633228 0.305012
vt 0.640401 0.286132
vt 0.642226 0.287151
vt 0.633228 0.305012
vt 0.640401 0.286132
vt 0.646050 0.277880
vt 0.642226 0.287151
vt 0.646050 0.277880
vt 0.646725 0.278220
vt 0.642226 0.287151
vt 0.646050 0.277880
vt 0.651224 0.269289
vt 0.646725 0.278220
vt 0.651699 0.269628
vt 0.651224 0.269289
vt 0.646050 0.277880
vt 0.651699 0.269628
vt 0.660222 0.251428
vt 0.651224 0.269289
vt 0.662997 0.253125
vt 0.660222 0.251428
vt 0.651699 0.269628
vt 0.633228 0.305012
vt 0.642226 0.287151
vt 0.640535 0.307583
vt 0.642226 0.287151
vt 0.645115 0.288114
vt 0.640535 0.307583
vt 0.642226 0.287151
vt 0.646725 0.278220
vt 0.645115 0.288114
vt 0.646725 0.278220
vt 0.647405 0.278380
vt 0.645115 0.288114
vt 0.646725 0.278220
vt 0.649695 0.268646
vt 0.647405 0.278380
vt 0.651224 0.269289
vt 0.649695 0.268646
vt 0.646725 0.278220
vt 0.651224 0.269289
vt 0.654275 0.249177
vt 0.649695 0.268646
vt 0.660222 0.251428
vt 0.654275 0.249177
vt 0.651224 0.269289
vt 0.640535 0.307583
vt 0.645115 0.288114
vt 0.646546 0.308402
vt 0.645115 0.288114
vt 0.648075 0.288461
vt 0.646546 0.308402
vt 0.645115 0.288114
vt 0.647405 0.278380
vt 0.648075 0.288461
vt 0.647405 0.278380
vt 0.648840 0.278490
vt 0.648075 0.288461
vt 0.647405 0.278380
vt 0.649605 0.268519
vt 0.648840 0.278490
vt 0.649695 0.268646
vt 0.649605 0.268519
vt 0.647405 0.278380
vt 0.649695 0.268646
vt 0.651134 0.248578
vt 0.649605 0.268519
vt 0.654275 0.249177
vt 0.651134 0.248578
vt 0.649695 0.268646
vt 0.646546 0.308402
vt 0.648075 0.288461
vt 0.649309 0.308523
vt 0.648075 0.288461
vt 0.649983 0.288534
vt 0.649309 0.308523
vt 0.648075 0.288461
vt 0.648840 0.278490
vt 0.649983 0.288534
vt 0.648840 0.278490
vt 0.650320 0.278540
vt 0.649983 0.288534
vt 0.648840 0.278490
vt 0.650657 0.268546
vt 0.650320 0.278540
vt 0.649605 0.268519
vt 0.650657 0.268546
vt 0.648840 0.278490
vt 0.649605 0.268519
vt 0.651331 0.248557
vt 0.650657 0.268546
vt 0.651134 0.248578
vt 0.651331 0.248557
vt 0.649605 0.268519
vt 0.649309 0.308523
vt 0.649983 0.288534
vt 0.654975 0.308208
vt 0.649983 0.288534
vt 0.652775 0.288329
vt 0.654975 0.308208
vt 0.649983 0.288534
vt 0.650320 0.278540
vt 0.652775 0.288329
vt 0.650320 0.278540
vt 0.651675 0.278390
vt 0.652775 0.288329
vt 0.650320 0.278540
vt 0.650575 0.268451
vt 0.651675 0.278390
vt 0.650657 0.268546
vt 0.650575 0.268451
vt 0.650320 0.278540
vt 0.650657 0.268546
vt 0.648375 0.248572
vt 0.650575 0.268451
vt 0.651331 0.248557
vt 0.648375 0.248572
vt 0.650657 0.268546
vt 0.654975 0.308208
vt 0.652775 0.288329
vt 0.665430 0.305077
vt 0.652775 0.288329
vt 0.656967 0.286955
vt 0.665430 0.305077
vt 0.652775 0.288329
vt 0.651675 0.278390
vt 0.656967 0.286955
vt 0.651675 0.278390
vt 0.652735 0.277895
vt 0.656967 0.286955
vt 0.651675 0.278390
vt 0.648503 0.268834
vt 0.652735 0.277895
vt 0.650575 0.268451
vt 0.648503 0.268834
vt 0.651675 0.278390
vt 0.650575 0.268451
vt 0.640040 0.250713
vt 0.648503 0.268834
vt 0.648375 0.248572
vt 0.640040 0.250713
vt 0.650575 0.268451
vt 0.665430 0.305077
vt 0.656967 0.286955
vt 0.676772 0.295901
vt 0.656967 0.286955
vt 0.661344 0.283173
vt 0.676772 0.295901
vt 0.656967 0.286955
vt 0.652735 0.277895
vt 0.661344 0.283173
vt 0.652735 0.277895
vt 0.653630 0.276810
vt 0.661344 0.283173
vt 0.652735 0.277895
vt 0.645916 0.270446
vt 0.653630 0.276810
vt 0.648503 0.268834
vt 0.645916 0.270446
vt 0.652735 0.277895
vt 0.648503 0.268834
vt 0.630488 0.257719
vt 0.645916 0.270446
vt 0.640040 0.250713
vt 0.630488 0.257719
vt 0.648503 0.268834
vt 0.676772 0.295901
vt 0.661344 0.283173
vt 0.681350 0.288396
vt 0.661344 0.283173
vt 0.663340 0.279699
vt 0.681350 0.288396
vt 0.661344 0.283173
vt 0.653630 0.276810
vt 0.663340 0.279699
vt 0.653630 0.276810
vt 0.654335 0.275350
vt 0.663340 0.279699
vt 0.653630 0.276810
vt 0.645330 0.271001
vt 0.654335 0.275350
vt 0.645916 0.270446
vt 0.645330 0.271001
vt 0.653630 0.276810
vt 0.645916 0.270446
vt 0.627320 0.262304
vt 0.645330 0.271001
vt 0.630488 0.257719
vt 0.627320 0.262304
vt 0.645916 0.270446
vt 0.681350 0.288396
vt 0.663340 0.279699
vt 0.683857 0.280895
vt 0.663340 0.279699
vt 0.664412 0.276215
vt 0.683857 0.280895
vt 0.663340 0.279699
vt 0.654335 0.275350
vt 0.664412 0.276215
vt 0.654335 0.275350
vt 0.654690 0.273875
vt 0.664412 0.276215
vt 0.654335 0.275350
vt 0.644968 0.271535
vt 0.654690 0.273875
vt 0.645330 0.271001
vt 0.644968 0.271535
vt 0.654335 0.275350
vt 0.645330 0.271001
vt 0.625523 0.266855
vt 0.644968 0.271535
vt 0.627320 0.262304
vt 0.625523 0.266855
vt 0.645330 0.271001
vt 0.683857 0.280895
vt 0.664412 0.276215
vt 0.684228 0.268511
vt 0.664412 0.276215
vt 0.664429 0.271340
vt 0.684228 0.268511
vt 0.664412 0.276215
vt 0.654690 0.273875
vt 0.664429 0.271340
vt 0.654690 0.273875
vt 0.654530 0.272755
vt 0.664429 0.271340
vt 0.654690 0.273875
vt 0.644630 0.274169
vt 0.654530 0.272755
vt 0.644968 0.271535
vt 0.644630 0.274169
vt 0.654690 0.273875
vt 0.644968 0.271535
vt 0.624832 0.276998
vt 0.644630 0.274169
vt 0.625523 0.266855
vt 0.624832 0.276998
vt 0.644968 0.271535
vt 0.684228 0.268511
vt 0.664429 0.271340
vt 0.676745 0.251249
vt 0.664429 0.271340
vt 0.659435 0.261266
vt 0.676745 0.251249
vt 0.664429 0.271340
vt 0.654530 0.272755
vt 0.659435 0.261266
vt 0.654530 0.272755
vt 0.650780 0.266275
vt 0.659435 0.261266
vt 0.654530 0.272755
vt 0.642125 0.271284
vt 0.650780 0.266275
vt 0.644630 0.274169
vt 0.642125 0.271284
vt 0.654530 0.272755
vt 0.644630 0.274169
vt 0.624814 0.281301
vt 0.642125 0.271284
vt 0.624832 0.276998
vt 0.624814 0.281301
vt 0.644630 0.274169
vt 0.676745 0.251249
vt 0.659435 0.261266
vt 0.672683 0.244448
vt 0.659435 0.261266
vt 0.655518 0.254713
vt 0.672683 0.244448
vt 0.659435 0.261266
vt 0.650780 0.266275
vt 0.655518 0.254713
vt 0.650780 0.266275
vt 0.646935 0.259845
vt 0.655518 0.254713
vt 0.650780 0.266275
vt 0.638352 0.264977
vt 0.646935 0.259845
vt 0.642125 0.271284
vt 0.638352 0.264977
vt 0.650780 0.266275
vt 0.642125 0.271284
vt 0.621187 0.275241
vt 0.638352 0.264977
vt 0.624814 0.281301
vt 0.621187 0.275241
vt 0.642125 0.271284
vt 0.672683 0.244448
vt 0.655518 0.254713
vt 0.668456 0.237643
vt 0.655518 0.254713
vt 0.651472 0.248204
vt 0.668456 0.237643
vt 0.655518 0.254713
vt 0.646935 0.259845
vt 0.651472 0.248204
vt 0.646935 0.259845
vt 0.642980 0.253485
vt 0.651472 0.248204
vt 0.646935 0.259845
vt 0.634488 0.258766
vt 0.642980 0.253485
vt 0.638352 0.264977
vt 0.634488 0.258766
vt 0.646935 0.259845
vt 0.638352 0.264977
vt 0.617504 0.269327
vt 0.634488 0.258766
vt 0.621187 0.275241
vt 0.617504 0.269327
vt 0.638352 0.264977
vt 0.668456 0.237643
vt 0.651472 0.248204
vt 0.664037 0.230843
vt 0.651472 0.248204
vt 0.647276 0.241754
vt 0.664037 0.230843
vt 0.651472 0.248204
vt 0.642980 0.253485
vt 0.647276 0.241754
vt 0.642980 0.253485
vt 0.638895 0.247210
vt 0.647276 0.241754
vt 0.642980 0.253485
vt 0.630514 0.252666
vt 0.638895 0.247210
vt 0.634488 0.258766
vt 0.630514 0.252666
vt 0.642980 0.253485
vt 0.634488 0.258766
vt 0.613753 0.263577
vt 0.630514 0.252666
vt 0.617504 0.269327
vt 0.613753 0.263577
vt 0.634488 0.258766
vt 0.664037 0.230843
vt 0.647276 0.241754
vt 0.660031 0.224354
vt 0.647276 0.241754
vt 0.643023 0.234878
vt 0.660031 0.224354
vt 0.647276 0.241754
vt 0.638895 0.247210
vt 0.643023 0.234878
vt 0.638895 0.247210
vt 0.634520 0.240140
vt 0.643023 0.234878
vt 0.638895 0.247210
vt 0.626016 0.245402
vt 0.634520 0.240140
vt 0.630514 0.252666
vt 0.626016 0.245402
vt 0.638895 0.247210
vt 0.630514 0.252666
vt 0.609009 0.255926
vt 0.626016 0.245402
vt 0.613753 0.263577
vt 0.609009 0.255926
vt 0.630514 0.252666
vt 0.660031 0.224354
vt 0.643023 0.234878
vt 0.657367 0.219024
vt 0.643023 0.234878
vt 0.639609 0.228225
vt 0.657367 0.219024
vt 0.643023 0.234878
vt 0.634520 0.240140
vt 0.639609 0.228225
vt 0.634520 0.240140
vt 0.630730 0.232825
vt 0.639609 0.228225
vt 0.634520 0.240140
vt 0.621851 0.237425
vt 0.630730 0.232825
vt 0.626016 0.245402
vt 0.621851 0.237425
vt 0.634520 0.240140
vt 0.626016 0.245402
vt 0.604093 0.246626
vt 0.621851 0.237425
vt 0.609009 0.255926
vt 0.604093 0.246626
vt 0.626016 0.245402
vt 0.657367 0.219024
vt 0.639609 0.228225
vt 0.655331 0.213786
vt 0.639609 0.228225
vt 0.636840 0.221409
vt 0.655331 0.213786
vt 0.639609 0.228225
vt 0.630730 0.232825
vt 0.636840 0.221409
vt 0.630730 0.232825
vt 0.627595 0.225220
vt 0.636840 0.221409
vt 0.630730 0.232825
vt 0.618350 0.229031
vt 0.627595 0.225220
vt 0.621851 0.237425
vt 0.618350 0.229031
vt 0.630730 0.232825
vt 0.621851 0.237425
vt 0.599859 0.236654
vt 0.618350 0.229031
vt 0.604093 0.246626
vt 0.599859 0.236654
vt 0.621851 0.237425
vt 0.655331 0.213786
vt 0.636840 0.221409
vt 0.653870 0.208534
vt 0.636840 0.221409
vt 0.634740 0.214368
vt 0.653870 0.208534
vt 0.636840 0.221409
vt 0.627595 0.225220
vt 0.634740 0.214368
vt 0.627595 0.225220
vt 0.625175 0.217285
vt 0.634740 0.214368
vt 0.627595 0.225220
vt 0.615610 0.220202
vt 0.625175 0.217285
vt 0.618350 0.229031
vt 0.615610 0.220202
vt 0.627595 0.225220
vt 0.618350 0.229031
vt 0.596480 0.226036
vt 0.615610 0.220202
vt 0.599859 0.236654
vt 0.596480 0.226036
vt 0.618350 0.229031
vt 0.653870 0.208534
vt 0.634740 0.214368
vt 0.653593 0.198421
vt 0.634740 0.214368
vt 0.633674 0.200220
vt 0.653593 0.198421
vt 0.634740 0.214368
vt 0.625175 0.217285
vt 0.633674 0.200220
vt 0.625175 0.217285
vt 0.623715 0.201120
vt 0.633674 0.200220
vt 0.625175 0.217285
vt 0.613755 0.202019
vt 0.623715 0.201120
vt 0.615610 0.220202
vt 0.613755 0.202019
vt 0.625175 0.217285
vt 0.615610 0.220202
vt 0.593837 0.203819
vt 0.613755 0.202019
vt 0.596480 0.226036
vt 0.593837 0.203819
vt 0.615610 0.220202
vt 0.653593 0.198421
vt 0.633674 0.200220
vt 0.656539 0.193777
vt 0.633674 0.200220
vt 0.637156 0.188846
vt 0.656539 0.193777
vt 0.633674 0.200220
vt 0.623715 0.201120
vt 0.637156 0.188846
vt 0.623715 0.201120
vt 0.627465 0.186380
vt 0.637156 0.188846
vt 0.623715 0.201120
vt 0.617774 0.183914
vt 0.627465 0.186380
vt 0.613755 0.202019
vt 0.617774 0.183914
vt 0.623715 0.201120
vt 0.613755 0.202019
vt 0.598391 0.178983
vt 0.617774 0.183914
vt 0.593837 0.203819
vt 0.598391 0.178983
vt 0.613755 0.202019
vt 0.656539 0.193777
vt 0.637156 0.188846
vt 0.660791 0.190932
vt 0.637156 0.188846
vt 0.644340 0.179557
vt 0.660791 0.190932
vt 0.637156 0.188846
vt 0.627465 0.186380
vt 0.644340 0.179557
vt 0.627465 0.186380
vt 0.636115 0.173870
vt 0.644340 0.179557
vt 0.627465 0.186380
vt 0.627890 0.168183
vt 0.636115 0.173870
vt 0.617774 0.183914
vt 0.627890 0.168183
vt 0.627465 0.186380
vt 0.617774 0.183914
vt 0.611439 0.156808
vt 0.627890 0.168183
vt 0.598391 0.178983
vt 0.611439 0.156808
vt 0.617774 0.183914
vt 0.660791 0.190932
vt 0.644340 0.179557
vt 0.666818 0.188773
vt 0.644340 0.179557
vt 0.655166 0.172518
vt 0.666818 0.188773
vt 0.644340 0.179557
vt 0.636115 0.173870
vt 0.655166 0.172518
vt 0.636115 0.173870
vt 0.649340 0.164390
vt 0.655166 0.172518
vt 0.636115 0.173870
vt 0.643514 0.156262
vt 0.649340 0.164390
vt 0.627890 0.168183
vt 0.643514 0.156262
vt 0.636115 0.173870
vt 0.627890 0.168183
vt 0.631862 0.140007
vt 0.643514 0.156262
vt 0.611439 0.156808
vt 0.631862 0.140007
vt 0.627890 0.168183
vt 0.666818 0.188773
vt 0.655166 0.172518
vt 0.668550 0.188624
vt 0.655166 0.172518
vt 0.660300 0.170405
vt 0.668550 0.188624
vt 0.655166 0.172518
vt 0.649340 0.164390
vt 0.660300 0.170405
vt 0.649340 0.164390
vt 0.656175 0.161295
vt 0.660300 0.170405
vt 0.649340 0.164390
vt 0.652050 0.152185
vt 0.656175 0.161295
vt 0.643514 0.156262
vt 0.652050 0.152185
vt 0.649340 0.164390
vt 0.643514 0.156262
vt 0.643800 0.133966
vt 0.652050 0.152185
vt 0.631862 0.140007
vt 0.643800 0.133966
vt 0.643514 0.156262
vt 0.668550 0.188624
vt 0.660300 0.170405
vt 0.673270 0.187056
vt 0.660300 0.170405
vt 0.666570 0.168212
vt 0.673270 0.187056
vt 0.660300 0.170405
vt 0.656175 0.161295
vt 0.666570 0.168212
vt 0.656175 0.161295
vt 0.663220 0.158790
vt 0.666570 0.168212
vt 0.656175 0.161295
vt 0.659870 0.149368
vt 0.663220 0.158790
vt 0.652050 0.152185
vt 0.659870 0.149368
vt 0.656175 0.161295
vt 0.652050 0.152185
vt 0.653169 0.130524
vt 0.659870 0.149368
vt 0.643800 0.133966
vt 0.653169 0.130524
vt 0.652050 0.152185
vt 0.673270 0.187056
vt 0.666570 0.168212
vt 0.677813 0.186054
vt 0.666570 0.168212
vt 0.672934 0.166658
vt 0.677813 0.186054
vt 0.666570 0.168212
vt 0.663220 0.158790
vt 0.672934 0.166658
vt 0.663220 0.158790
vt 0.670495 0.156960
vt 0.672934 0.166658
vt 0.663220 0.158790
vt 0.668055 0.147262
vt 0.670495 0.156960
vt 0.659870 0.149368
vt 0.668055 0.147262
vt 0.663220 0.158790
vt 0.659870 0.149368
vt 0.663176 0.127866
vt 0.668055 0.147262
vt 0.653169 0.130524
vt 0.663176 0.127866
vt 0.659870 0.149368
vt 0.677813 0.186054
vt 0.672934 0.166658
vt 0.682260 0.185583
vt 0.672934 0.166658
vt 0.679430 0.165784
vt 0.682260 0.185583
vt 0.672934 0.166658
vt 0.670495 0.156960
vt 0.679430 0.165784
vt 0.670495 0.156960
vt 0.678015 0.155885
vt 0.679430 0.165784
vt 0.670495 0.156960
vt 0.676600 0.145986
vt 0.678015 0.155885
vt 0.668055 0.147262
vt 0.676600 0.145986
vt 0.670495 0.156960
vt 0.668055 0.147262
vt 0.673769 0.126187
vt 0.676600 0.145986
vt 0.663176 0.127866
vt 0.673769 0.126187
vt 0.668055 0.147262
vt 0.682260 0.185583
vt 0.679430 0.165784
vt 0.697984 0.184180
vt 0.679430 0.165784
vt 0.696158 0.164263
vt 0.697984 0.184180
vt 0.679430 0.165784
vt 0.678015 0.155885
vt 0.696158 0.164263
vt 0.678015 0.155885
vt 0.695245 0.154305
vt 0.696158 0.164263
vt 0.678015 0.155885
vt 0.694332 0.144347
vt 0.695245 0.154305
vt 0.676600 0.145986
vt 0.694332 0.144347
vt 0.678015 0.155885
vt 0.676600 0.145986
vt 0.692505 0.124430
vt 0.694332 0.144347
vt 0.673769 0.126187
vt 0.692505 0.124430
vt 0.676600 0.145986
vt 0.697984 0.184180
vt 0.696158 0.164263
vt 0.715365 0.182495
vt 0.696158 0.164263
vt 0.713435 0.162588
vt 0.715365 0.182495
vt 0.696158 0.164263
vt 0.695245 0.154305
vt 0.713435 0.162588
vt 0.695245 0.154305
vt 0.712470 0.152635
vt 0.713435 0.162588
vt 0.695245 0.154305
vt 0.711505 0.142682
vt 0.712470 0.152635
vt 0.694332 0.144347
vt 0.711505 0.142682
vt 0.695245 0.154305
vt 0.694332 0.144347
vt 0.709575 0.122775
vt 0.711505 0.142682
vt 0.692505 0.124430
vt 0.709575 0.122775
vt 0.694332 0.144347
vt 0.715365 0.182495
vt 0.713435 0.162588
vt 0.732611 0.180807
vt 0.713435 0.162588
vt 0.730664 0.160902
vt 0.732611 0.180807
vt 0.713435 0.162588
vt 0.712470 0.152635
vt 0.730664 0.160902
vt 0.712470 0.152635
vt 0.729690 0.150950
vt 0.730664 0.160902
vt 0.712470 0.152635
vt 0.728716 0.140998
vt 0.729690 0.150950
vt 0.711505 0.142682
vt 0.728716 0.140998
vt 0.712470 0.152635
vt 0.711505 0.142682
vt 0.726768 0.121093
vt 0.728716 0.140998
vt 0.709575 0.122775
vt 0.726768 0.121093
vt 0.711505 0.142682
vt 0.732611 0.180807
vt 0.730664 0.160902
vt 0.749733 0.179192
vt 0.730664 0.160902
vt 0.747854 0.159281
vt 0.749733 0.179192
vt 0.730664 0.160902
vt 0.729690 0.150950
vt 0.747854 0.159281
vt 0.729690 0.150950
vt 0.746915 0.149325
vt 0.747854 0.159281
vt 0.729690 0.150950
vt 0.745976 0.139369
vt 0.746915 0.149325
vt 0.728716 0.140998
vt 0.745976 0.139369
vt 0.729690 0.150950
vt 0.728716 0.140998
vt 0.744097 0.119458
vt 0.745976 0.139369
vt 0.726768 0.121093
vt 0.744097 0.119458
vt 0.728716 0.140998
vt 0.749733 0.179192
vt 0.747854 0.159281
vt 0.762006 0.177347
vt 0.747854 0.159281
vt 0.758949 0.157582
vt 0.762006 0.177347
vt 0.747854 0.159281
vt 0.746915 0.149325
vt 0.758949 0.157582
vt 0.746915 0.149325
vt 0.757420 0.147700
vt 0.758949 0.157582
vt 0.746915 0.149325
vt 0.755891 0.137818
vt 0.757420 0.147700
vt 0.745976 0.139369
vt 0.755891 0.137818
vt 0.746915 0.149325
vt 0.745976 0.139369
vt 0.752834 0.118053
vt 0.755891 0.137818
vt 0.744097 0.119458
vt 0.752834 0.118053
vt 0.745976 0.139369
vt 0.762006 0.177347
vt 0.758949 0.157582
vt 0.775966 0.173470
vt 0.758949 0.157582
vt 0.770242 0.154307
vt 0.775966 0.173470
vt 0.758949 0.157582
vt 0.757420 0.147700
vt 0.770242 0.154307
vt 0.757420 0.147700
vt 0.767380 0.144725
vt 0.770242 0.154307
vt 0.757420 0.147700
vt 0.764518 0.135143
vt 0.767380 0.144725
vt 0.755891 0.137818
vt 0.764518 0.135143
vt 0.757420 0.147700
vt 0.755891 0.137818
vt 0.758794 0.115980
vt 0.764518 0.135143
vt 0.752834 0.118053
vt 0.758794 0.115980
vt 0.755891 0.137818
vt 0.775966 0.173470
vt 0.770242 0.154307
vt 0.789521 0.167477
vt 0.770242 0.154307
vt 0.781030 0.149369
vt 0.789521 0.167477
vt 0.770242 0.154307
vt 0.767380 0.144725
vt 0.781030 0.149369
vt 0.767380 0.144725
vt 0.776785 0.140315
vt 0.781030 0.149369
vt 0.767380 0.144725
vt 0.772539 0.131261
vt 0.776785 0.140315
vt 0.764518 0.135143
vt 0.772539 0.131261
vt 0.767380 0.144725
vt 0.764518 0.135143
vt 0.764049 0.113153
vt 0.772539 0.131261
vt 0.758794 0.115980
vt 0.764049 0.113153
vt 0.764518 0.135143
vt 0.789521 0.167477
vt 0.781030 0.149369
vt 0.802349 0.159283
vt 0.781030 0.149369
vt 0.791196 0.142681
vt 0.802349 0.159283
vt 0.781030 0.149369
vt 0.776785 0.140315
vt 0.791196 0.142681
vt 0.776785 0.140315
vt 0.785620 0.134380
vt 0.791196 0.142681
vt 0.776785 0.140315
vt 0.780044 0.126079
vt 0.785620 0.134380
vt 0.772539 0.131261
vt 0.780044 0.126079
vt 0.776785 0.140315
vt 0.772539 0.131261
vt 0.768891 0.109477
vt 0.780044 0.126079
vt 0.764049 0.113153
vt 0.768891 0.109477
vt 0.772539 0.131261
vt 0.802349 0.159283
vt 0.791196 0.142681
vt 0.811226 0.151027
vt 0.791196 0.142681
vt 0.796798 0.137176
vt 0.811226 0.151027
vt 0.791196 0.142681
vt 0.785620 0.134380
vt 0.796798 0.137176
vt 0.785620 0.134380
vt 0.789585 0.130250
vt 0.796798 0.137176
vt 0.785620 0.134380
vt 0.782371 0.123324
vt 0.789585 0.130250
vt 0.780044 0.126079
vt 0.782371 0.123324
vt 0.785620 0.134380
vt 0.780044 0.126079
vt 0.767944 0.109473
vt 0.782371 0.123324
vt 0.768891 0.109477
vt 0.767944 0.109473
vt 0.780044 0.126079
vt 0.811226 0.151027
vt 0.796798 0.137176
vt 0.818961 0.138174
vt 0.796798 0.137176
vt 0.800790 0.129818
vt 0.818961 0.138174
vt 0.796798 0.137176
vt 0.789585 0.130250
vt 0.800790 0.129818
vt 0.789585 0.130250
vt 0.791705 0.125640
vt 0.800790 0.129818
vt 0.789585 0.130250
vt 0.782619 0.121462
vt 0.791705 0.125640
vt 0.782371 0.123324
vt 0.782619 0.121462
vt 0.789585 0.130250
vt 0.782371 0.123324
vt 0.764449 0.113106
vt 0.782619 0.121462
vt 0.767944 0.109473
vt 0.764449 0.113106
vt 0.782371 0.123324
vt 0.818961 0.138174
vt 0.800790 0.129818
vt 0.821807 0.121493
vt 0.800790 0.129818
vt 0.801812 0.121038
vt 0.821807 0.121493
vt 0.800790 0.129818
vt 0.791705 0.125640
vt 0.801812 0.121038
vt 0.791705 0.125640
vt 0.791815 0.120810
vt 0.801812 0.121038
vt 0.791705 0.125640
vt 0.781817 0.120582
vt 0.791815 0.120810
vt 0.782619 0.121462
vt 0.781817 0.120582
vt 0.791705 0.125640
vt 0.782619 0.121462
vt 0.761823 0.120127
vt 0.781817 0.120582
vt 0.764449 0.113106
vt 0.761823 0.120127
vt 0.782619 0.121462
vt 0.821807 0.121493
vt 0.801812 0.121038
vt 0.817299 0.104144
vt 0.801812 0.121038
vt 0.798933 0.112061
vt 0.817299 0.104144
vt 0.801812 0.121038
vt 0.791815 0.120810
vt 0.798933 0.112061
vt 0.791815 0.120810
vt 0.789750 0.116020
vt 0.798933 0.112061
vt 0.791815 0.120810
vt 0.780567 0.119979
vt 0.789750 0.116020
vt 0.781817 0.120582
vt 0.780567 0.119979
vt 0.791815 0.120810
vt 0.781817 0.120582
vt 0.762201 0.127896
vt 0.780567 0.119979
vt 0.761823 0.120127
vt 0.762201 0.127896
vt 0.781817 0.120582
vt 0.817299 0.104144
vt 0.798933 0.112061
vt 0.810921 0.093933
vt 0.798933 0.112061
vt 0.794517 0.105374
vt 0.810921 0.093933
vt 0.798933 0.112061
vt 0.789750 0.116020
vt 0.794517 0.105374
vt 0.789750 0.116020
vt 0.786315 0.111095
vt 0.794517 0.105374
vt 0.789750 0.116020
vt 0.778113 0.116816
vt 0.786315 0.111095
vt 0.780567 0.119979
vt 0.778113 0.116816
vt 0.789750 0.116020
vt 0.780567 0.119979
vt 0.761709 0.128257
vt 0.778113 0.116816
vt 0.762201 0.127896
vt 0.761709 0.128257
vt 0.780567 0.119979
vt 0.810921 0.093933
vt 0.794517 0.105374
vt 0.806998 0.088549
vt 0.794517 0.105374
vt 0.790846 0.100343
vt 0.806998 0.088549
vt 0.794517 0.105374
vt 0.786315 0.111095
vt 0.790846 0.100343
vt 0.786315 0.111095
vt 0.782770 0.106240
vt 0.790846 0.100343
vt 0.786315 0.111095
vt 0.774694 0.112137
vt 0.782770 0.106240
vt 0.778113 0.116816
vt 0.774694 0.112137
vt 0.786315 0.111095
vt 0.778113 0.116816
vt 0.758541 0.123931
vt 0.774694 0.112137
vt 0.761709 0.128257
vt 0.758541 0.123931
vt 0.778113 0.116816
vt 0.806998 0.088549
vt 0.790846 0.100343
vt 0.802805 0.083117
vt 0.790846 0.100343
vt 0.786995 0.095366
vt 0.802805 0.083117
vt 0.790846 0.100343
vt 0.782770 0.106240
vt 0.786995 0.095366
vt 0.782770 0.106240
vt 0.779090 0.101490
vt 0.786995 0.095366
vt 0.782770 0.106240
vt 0.771185 0.107615
vt 0.779090 0.101490
vt 0.774694 0.112137
vt 0.771185 0.107615
vt 0.782770 0.106240
vt 0.774694 0.112137
vt 0.755374 0.119863
vt 0.771185 0.107615
vt 0.758541 0.123931
vt 0.755374 0.119863
vt 0.774694 0.112137
vt 0.802805 0.083117
vt 0.786995 0.095366
vt 0.798273 0.077657
vt 0.786995 0.095366
vt 0.782921 0.090476
vt 0.798273 0.077657
vt 0.786995 0.095366
vt 0.779090 0.101490
vt 0.782921 0.090476
vt 0.779090 0.101490
vt 0.775245 0.096885
vt 0.782921 0.090476
vt 0.779090 0.101490
vt 0.767569 0.103294
vt 0.775245 0.096885
vt 0.771185 0.107615
vt 0.767569 0.103294
vt 0.779090 0.101490
vt 0.771185 0.107615
vt 0.752217 0.116113
vt 0.767569 0.103294
vt 0.755374 0.119863
vt 0.752217 0.116113
vt 0.771185 0.107615
vt 0.798273 0.077657
vt 0.782921 0.090476
vt 0.790384 0.069603
vt 0.782921 0.090476
vt 0.776248 0.083751
vt 0.790384 0.069603
vt 0.782921 0.090476
vt 0.775245 0.096885
vt 0.776248 0.083751
vt 0.775245 0.096885
vt 0.769180 0.090825
vt 0.776248 0.083751
vt 0.775245 0.096885
vt 0.762112 0.097899
vt 0.769180 0.090825
vt 0.767569 0.103294
vt 0.762112 0.097899
vt 0.775245 0.096885
vt 0.767569 0.103294
vt 0.747975 0.112047
vt 0.762112 0.097899
vt 0.752217 0.116113
vt 0.747975 0.112047
vt 0.767569 0.103294
vt 0.790384 0.069603
vt 0.776248 0.083751
vt 0.777781 0.061195
vt 0.776248 0.083751
vt 0.767874 0.078568
vt 0.777781 0.061195
vt 0.776248 0.083751
vt 0.769180 0.090825
vt 0.767874 0.078568
vt 0.769180 0.090825
vt 0.762920 0.087255
vt 0.767874 0.078568
vt 0.769180 0.090825
vt 0.757966 0.095942
vt 0.762920 0.087255
vt 0.762112 0.097899
vt 0.757966 0.095942
vt 0.769180 0.090825
vt 0.762112 0.097899
vt 0.748058 0.113315
vt 0.757966 0.095942
vt 0.747975 0.112047
vt 0.748058 0.113315
vt 0.762112 0.097899
vt 0.280880 0.912315
vt 0.296056 0.919816
vt 0.299497 0.939518
vt 0.280880 0.912315
vt 0.294335 0.909965
vt 0.296056 0.919816
vt 0.280880 0.912315
vt 0.292614 0.900114
vt 0.294335 0.909965
vt 0.280880 0.912315
vt 0.289173 0.880412
vt 0.292614 0.900114
vt 0.299497 0.939518
vt 0.296056 0.919816
vt 0.315610 0.935598
vt 0.296056 0.919816
vt 0.310797 0.916186
vt 0.315610 0.935598
vt 0.296056 0.919816
vt 0.294335 0.909965
vt 0.310797 0.916186
vt 0.294335 0.909965
vt 0.308390 0.906480
vt 0.310797 0.916186
vt 0.294335 0.909965
vt 0.305983 0.896774
vt 0.308390 0.906480
vt 0.292614 0.900114
vt 0.305983 0.896774
vt 0.294335 0.909965
vt 0.292614 0.900114
vt 0.301170 0.877362
vt 0.305983 0.896774
vt 0.289173 0.880412
vt 0.301170 0.877362
vt 0.292614 0.900114
vt 0.315610 0.935598
vt 0.310797 0.916186
vt 0.332084 0.930206
vt 0.310797 0.916186
vt 0.325761 0.911232
vt 0.332084 0.930206
vt 0.310797 0.916186
vt 0.308390 0.906480
vt 0.325761 0.911232
vt 0.308390 0.906480
vt 0.322600 0.901745
vt 0.325761 0.911232
vt 0.308390 0.906480
vt 0.319439 0.892258
vt 0.322600 0.901745
vt 0.305983 0.896774
vt 0.319439 0.892258
vt 0.308390 0.906480
vt 0.305983 0.896774
vt 0.313116 0.873284
vt 0.319439 0.892258
vt 0.301170 0.877362
vt 0.313116 0.873284
vt 0.305983 0.896774
vt 0.332084 0.930206
vt 0.325761 0.911232
vt 0.347624 0.922821
vt 0.325761 0.911232
vt 0.338738 0.904904
vt 0.347624 0.922821
vt 0.325761 0.911232
vt 0.322600 0.901745
vt 0.338738 0.904904
vt 0.322600 0.901745
vt 0.334295 0.895945
vt 0.338738 0.904904
vt 0.322600 0.901745
vt 0.329852 0.886986
vt 0.334295 0.895945
vt 0.319439 0.892258
vt 0.329852 0.886986
vt 0.322600 0.901745
vt 0.319439 0.892258
vt 0.320966 0.869069
vt 0.329852 0.886986
vt 0.313116 0.873284
vt 0.320966 0.869069
vt 0.319439 0.892258
vt 0.347624 0.922821
vt 0.338738 0.904904
vt 0.362745 0.911618
vt 0.338738 0.904904
vt 0.350265 0.895989
vt 0.362745 0.911618
vt 0.338738 0.904904
vt 0.334295 0.895945
vt 0.350265 0.895989
vt 0.334295 0.895945
vt 0.344025 0.888175
vt 0.350265 0.895989
vt 0.334295 0.895945
vt 0.337785 0.880361
vt 0.344025 0.888175
vt 0.329852 0.886986
vt 0.337785 0.880361
vt 0.334295 0.895945
vt 0.329852 0.886986
vt 0.325305 0.864733
vt 0.337785 0.880361
vt 0.320966 0.869069
vt 0.325305 0.864733
vt 0.329852 0.886986
vt 0.362745 0.911618
vt 0.350265 0.895989
vt 0.375303 0.896893
vt 0.350265 0.895989
vt 0.359558 0.884561
vt 0.375303 0.896893
vt 0.350265 0.895989
vt 0.344025 0.888175
vt 0.359558 0.884561
vt 0.344025 0.888175
vt 0.351685 0.878395
vt 0.359558 0.884561
vt 0.344025 0.888175
vt 0.343812 0.872229
vt 0.351685 0.878395
vt 0.337785 0.880361
vt 0.343812 0.872229
vt 0.344025 0.888175
vt 0.337785 0.880361
vt 0.328067 0.859897
vt 0.343812 0.872229
vt 0.325305 0.864733
vt 0.328067 0.859897
vt 0.337785 0.880361
vt 0.375303 0.896893
vt 0.359558 0.884561
vt 0.384388 0.879203
vt 0.359558 0.884561
vt 0.366249 0.870778
vt 0.384388 0.879203
vt 0.359558 0.884561
vt 0.351685 0.878395
vt 0.366249 0.870778
vt 0.351685 0.878395
vt 0.357180 0.866565
vt 0.366249 0.870778
vt 0.351685 0.878395
vt 0.348111 0.862352
vt 0.357180 0.866565
vt 0.343812 0.872229
vt 0.348111 0.862352
vt 0.351685 0.878395
vt 0.343812 0.872229
vt 0.329972 0.853927
vt 0.348111 0.862352
vt 0.328067 0.859897
vt 0.329972 0.853927
vt 0.343812 0.872229
vt 0.384388 0.879203
vt 0.366249 0.870778
vt 0.388724 0.866950
vt 0.366249 0.870778
vt 0.369781 0.860533
vt 0.388724 0.866950
vt 0.366249 0.870778
vt 0.357180 0.866565
vt 0.369781 0.860533
vt 0.357180 0.866565
vt 0.360310 0.857325
vt 0.369781 0.860533
vt 0.357180 0.866565
vt 0.350839 0.854117
vt 0.360310 0.857325
vt 0.348111 0.862352
vt 0.350839 0.854117
vt 0.357180 0.866565
vt 0.348111 0.862352
vt 0.331896 0.847700
vt 0.350839 0.854117
vt 0.329972 0.853927
vt 0.331896 0.847700
vt 0.348111 0.862352
vt 0.388724 0.866950
vt 0.369781 0.860533
vt 0.391857 0.857329
vt 0.369781 0.860533
vt 0.372839 0.851140
vt 0.391857 0.857329
vt 0.369781 0.860533
vt 0.360310 0.857325
vt 0.372839 0.851140
vt 0.360310 0.857325
vt 0.363330 0.848045
vt 0.372839 0.851140
vt 0.360310 0.857325
vt 0.353821 0.844950
vt 0.363330 0.848045
vt 0.350839 0.854117
vt 0.353821 0.844950
vt 0.360310 0.857325
vt 0.350839 0.854117
vt 0.334803 0.838761
vt 0.353821 0.844950
vt 0.331896 0.847700
vt 0.334803 0.838761
vt 0.350839 0.854117
vt 0.391857 0.857329
vt 0.372839 0.851140
vt 0.394863 0.847226
vt 0.372839 0.851140
vt 0.375688 0.841542
vt 0.394863 0.847226
vt 0.372839 0.851140
vt 0.363330 0.848045
vt 0.375688 0.841542
vt 0.363330 0.848045
vt 0.366100 0.838700
vt 0.375688 0.841542
vt 0.363330 0.848045
vt 0.356512 0.835858
vt 0.366100 0.838700
vt 0.353821 0.844950
vt 0.356512 0.835858
vt 0.363330 0.848045
vt 0.353821 0.844950
vt 0.337337 0.830174
vt 0.356512 0.835858
vt 0.334803 0.838761
vt 0.337337 0.830174
vt 0.353821 0.844950
vt 0.394863 0.847226
vt 0.375688 0.841542
vt 0.397568 0.836611
vt 0.375688 0.841542
vt 0.378176 0.831717
vt 0.397568 0.836611
vt 0.375688 0.841542
vt 0.366100 0.838700
vt 0.378176 0.831717
vt 0.366100 0.838700
vt 0.368480 0.829270
vt 0.378176 0.831717
vt 0.366100 0.838700
vt 0.358784 0.826823
vt 0.368480 0.829270
vt 0.356512 0.835858
vt 0.358784 0.826823
vt 0.366100 0.838700
vt 0.356512 0.835858
vt 0.339392 0.821929
vt 0.358784 0.826823
vt 0.337337 0.830174
vt 0.339392 0.821929
vt 0.356512 0.835858
vt 0.397568 0.836611
vt 0.378176 0.831717
vt 0.402440 0.814433
vt 0.378176 0.831717
vt 0.382903 0.810154
vt 0.402440 0.814433
vt 0.378176 0.831717
vt 0.368480 0.829270
vt 0.382903 0.810154
vt 0.368480 0.829270
vt 0.373135 0.808015
vt 0.382903 0.810154
vt 0.368480 0.829270
vt 0.363367 0.805876
vt 0.373135 0.808015
vt 0.358784 0.826823
vt 0.363367 0.805876
vt 0.368480 0.829270
vt 0.358784 0.826823
vt 0.343830 0.801597
vt 0.363367 0.805876
vt 0.339392 0.821929
vt 0.343830 0.801597
vt 0.358784 0.826823
vt 0.402440 0.814433
vt 0.382903 0.810154
vt 0.406951 0.792850
vt 0.382903 0.810154
vt 0.387374 0.788760
vt 0.406951 0.792850
vt 0.382903 0.810154
vt 0.373135 0.808015
vt 0.387374 0.788760
vt 0.373135 0.808015
vt 0.377585 0.786715
vt 0.387374 0.788760
vt 0.373135 0.808015
vt 0.367796 0.784670
vt 0.377585 0.786715
vt 0.363367 0.805876
vt 0.367796 0.784670
vt 0.373135 0.808015
vt 0.363367 0.805876
vt 0.348219 0.780580
vt 0.367796 0.784670
vt 0.343830 0.801597
vt 0.348219 0.780580
vt 0.363367 0.805876
vt 0.406951 0.792850
vt 0.387374 0.788760
vt 0.411297 0.771320
vt 0.387374 0.788760
vt 0.391692 0.767363
vt 0.411297 0.771320
vt 0.387374 0.788760
vt 0.377585 0.786715
vt 0.391692 0.767363
vt 0.377585 0.786715
vt 0.381890 0.765385
vt 0.391692 0.767363
vt 0.377585 0.786715
vt 0.372088 0.763407
vt 0.381890 0.765385
vt 0.367796 0.784670
vt 0.372088 0.763407
vt 0.377585 0.786715
vt 0.367796 0.784670
vt 0.352483 0.759450
vt 0.372088 0.763407
vt 0.348219 0.780580
vt 0.352483 0.759450
vt 0.367796 0.784670
vt 0.411297 0.771320
vt 0.391692 0.767363
vt 0.415544 0.749865
vt 0.391692 0.767363
vt 0.395925 0.745982
vt 0.415544 0.749865
vt 0.391692 0.767363
vt 0.381890 0.765385
vt 0.395925 0.745982
vt 0.381890 0.765385
vt 0.386115 0.744040
vt 0.395925 0.745982
vt 0.381890 0.765385
vt 0.376305 0.742098
vt 0.386115 0.744040
vt 0.372088 0.763407
vt 0.376305 0.742098
vt 0.381890 0.765385
vt 0.372088 0.763407
vt 0.356686 0.738215
vt 0.376305 0.742098
vt 0.352483 0.759450
vt 0.356686 0.738215
vt 0.372088 0.763407
vt 0.415544 0.749865
vt 0.395925 0.745982
vt 0.416686 0.743025
vt 0.395925 0.745982
vt 0.396952 0.739775
vt 0.416686 0.743025
vt 0.395925 0.745982
vt 0.386115 0.744040
vt 0.396952 0.739775
vt 0.386115 0.744040
vt 0.387085 0.738150
vt 0.396952 0.739775
vt 0.386115 0.744040
vt 0.377218 0.736525
vt 0.387085 0.738150
vt 0.376305 0.742098
vt 0.377218 0.736525
vt 0.386115 0.744040
vt 0.376305 0.742098
vt 0.357484 0.733275
vt 0.377218 0.736525
vt 0.356686 0.738215
vt 0.357484 0.733275
vt 0.376305 0.742098
vt 0.416686 0.743025
vt 0.396952 0.739775
vt 0.417573 0.735631
vt 0.396952 0.739775
vt 0.397704 0.733344
vt 0.417573 0.735631
vt 0.396952 0.739775
vt 0.387085 0.738150
vt 0.397704 0.733344
vt 0.387085 0.738150
vt 0.387770 0.732200
vt 0.397704 0.733344
vt 0.387085 0.738150
vt 0.377836 0.731056
vt 0.387770 0.732200
vt 0.377218 0.736525
vt 0.377836 0.731056
vt 0.387085 0.738150
vt 0.377218 0.736525
vt 0.357967 0.728769
vt 0.377836 0.731056
vt 0.357484 0.733275
vt 0.357967 0.728769
vt 0.377218 0.736525
vt 0.417573 0.735631
vt 0.397704 0.733344
vt 0.418177 0.728826
vt 0.397704 0.733344
vt 0.398252 0.727092
vt 0.418177 0.728826
vt 0.397704 0.733344
vt 0.387770 0.732200
vt 0.398252 0.727092
vt 0.387770 0.732200
vt 0.388290 0.726225
vt 0.398252 0.727092
vt 0.387770 0.732200
vt 0.378328 0.725358
vt 0.388290 0.726225
vt 0.377836 0.731056
vt 0.378328 0.725358
vt 0.387770 0.732200
vt 0.377836 0.731056
vt 0.358403 0.723624
vt 0.378328 0.725358
vt 0.357967 0.728769
vt 0.358403 0.723624
vt 0.377836 0.731056
vt 0.418177 0.728826
vt 0.398252 0.727092
vt 0.418674 0.722652
vt 0.398252 0.727092
vt 0.398738 0.721051
vt 0.418674 0.722652
vt 0.398252 0.727092
vt 0.388290 0.726225
vt 0.398738 0.721051
vt 0.388290 0.726225
vt 0.388770 0.720250
vt 0.398738 0.721051
vt 0.388290 0.726225
vt 0.378802 0.719449
vt 0.388770 0.720250
vt 0.378328 0.725358
vt 0.378802 0.719449
vt 0.388290 0.726225
vt 0.378328 0.725358
vt 0.358866 0.717848
vt 0.378802 0.719449
vt 0.358403 0.723624
vt 0.358866 0.717848
vt 0.378328 0.725358
vt 0.418674 0.722652
vt 0.398738 0.721051
vt 0.417549 0.711063
vt 0.398738 0.721051
vt 0.397913 0.714861
vt 0.417549 0.711063
vt 0.398738 0.721051
vt 0.388770 0.720250
vt 0.397913 0.714861
vt 0.388770 0.720250
vt 0.388095 0.716760
vt 0.397913 0.714861
vt 0.388770 0.720250
vt 0.378277 0.718659
vt 0.388095 0.716760
vt 0.378802 0.719449
vt 0.378277 0.718659
vt 0.388770 0.720250
vt 0.378802 0.719449
vt 0.358641 0.722457
vt 0.378277 0.718659
vt 0.358866 0.717848
vt 0.358641 0.722457
vt 0.378802 0.719449
vt 0.417549 0.711063
vt 0.397913 0.714861
vt 0.408969 0.694915
vt 0.397913 0.714861
vt 0.393530 0.707628
vt 0.408969 0.694915
vt 0.397913 0.714861
vt 0.388095 0.716760
vt 0.393530 0.707628
vt 0.388095 0.716760
vt 0.385810 0.713985
vt 0.393530 0.707628
vt 0.388095 0.716760
vt 0.378090 0.720342
vt 0.385810 0.713985
vt 0.378277 0.718659
vt 0.378090 0.720342
vt 0.388095 0.716760
vt 0.378277 0.718659
vt 0.362651 0.733055
vt 0.378090 0.720342
vt 0.358641 0.722457
vt 0.362651 0.733055
vt 0.378277 0.718659
vt 0.408969 0.694915
vt 0.393530 0.707628
vt 0.395648 0.685402
vt 0.393530 0.707628
vt 0.386866 0.703371
vt 0.395648 0.685402
vt 0.393530 0.707628
vt 0.385810 0.713985
vt 0.386866 0.703371
vt 0.385810 0.713985
vt 0.382475 0.712355
vt 0.386866 0.703371
vt 0.385810 0.713985
vt 0.378084 0.721339
vt 0.382475 0.712355
vt 0.378090 0.720342
vt 0.378084 0.721339
vt 0.385810 0.713985
vt 0.378090 0.720342
vt 0.369302 0.739308
vt 0.378084 0.721339
vt 0.362651 0.733055
vt 0.369302 0.739308
vt 0.378090 0.720342
vt 0.395648 0.685402
vt 0.386866 0.703371
vt 0.379109 0.682299
vt 0.386866 0.703371
vt 0.378797 0.702296
vt 0.379109 0.682299
vt 0.386866 0.703371
vt 0.382475 0.712355
vt 0.378797 0.702296
vt 0.382475 0.712355
vt 0.378640 0.712295
vt 0.378797 0.702296
vt 0.382475 0.712355
vt 0.378484 0.722294
vt 0.378640 0.712295
vt 0.378084 0.721339
vt 0.378484 0.722294
vt 0.382475 0.712355
vt 0.378084 0.721339
vt 0.378171 0.742291
vt 0.378484 0.722294
vt 0.369302 0.739308
vt 0.378171 0.742291
vt 0.378084 0.721339
vt 0.379109 0.682299
vt 0.378797 0.702296
vt 0.367646 0.684023
vt 0.378797 0.702296
vt 0.372055 0.703531
vt 0.367646 0.684023
vt 0.378797 0.702296
vt 0.378640 0.712295
vt 0.372055 0.703531
vt 0.378640 0.712295
vt 0.374260 0.713285
vt 0.372055 0.703531
vt 0.378640 0.712295
vt 0.376465 0.723039
vt 0.374260 0.713285
vt 0.378484 0.722294
vt 0.376465 0.723039
vt 0.378640 0.712295
vt 0.378484 0.722294
vt 0.380874 0.742547
vt 0.376465 0.723039
vt 0.378171 0.742291
vt 0.380874 0.742547
vt 0.378484 0.722294
vt 0.367646 0.684023
vt 0.372055 0.703531
vt 0.362882 0.685165
vt 0.372055 0.703531
vt 0.367554 0.704612
vt 0.362882 0.685165
vt 0.372055 0.703531
vt 0.374260 0.713285
vt 0.367554 0.704612
vt 0.374260 0.713285
vt 0.369890 0.714335
vt 0.367554 0.704612
vt 0.374260 0.713285
vt 0.372226 0.724058
vt 0.369890 0.714335
vt 0.376465 0.723039
vt 0.372226 0.724058
vt 0.374260 0.713285
vt 0.376465 0.723039
vt 0.376899 0.743505
vt 0.372226 0.724058
vt 0.380874 0.742547
vt 0.376899 0.743505
vt 0.376465 0.723039
vt 0.362882 0.685165
vt 0.367554 0.704612
vt 0.357897 0.686473
vt 0.367554 0.704612
vt 0.362999 0.705811
vt 0.357897 0.686473
vt 0.367554 0.704612
vt 0.369890 0.714335
vt 0.362999 0.705811
vt 0.369890 0.714335
vt 0.365550 0.715480
vt 0.362999 0.705811
vt 0.369890 0.714335
vt 0.368101 0.725149
vt 0.365550 0.715480
vt 0.372226 0.724058
vt 0.368101 0.725149
vt 0.369890 0.714335
vt 0.372226 0.724058
vt 0.373203 0.744487
vt 0.368101 0.725149
vt 0.376899 0.743505
vt 0.373203 0.744487
vt 0.372226 0.724058
vt 0.357897 0.686473
vt 0.362999 0.705811
vt 0.352722 0.687993
vt 0.362999 0.705811
vt 0.358407 0.707168
vt 0.352722 0.687993
vt 0.362999 0.705811
vt 0.365550 0.715480
vt 0.358407 0.707168
vt 0.365550 0.715480
vt 0.361250 0.716755
vt 0.358407 0.707168
vt 0.365550 0.715480
vt 0.364093 0.726342
vt 0.361250 0.716755
vt 0.368101 0.725149
vt 0.364093 0.726342
vt 0.365550 0.715480
vt 0.368101 0.725149
vt 0.369778 0.745517
vt 0.364093 0.726342
vt 0.373203 0.744487
vt 0.369778 0.745517
vt 0.368101 0.725149
vt 0.352722 0.687993
vt 0.358407 0.707168
vt 0.327985 0.697974
vt 0.358407 0.707168
vt 0.335575 0.716478
vt 0.327985 0.697974
vt 0.358407 0.707168
vt 0.361250 0.716755
vt 0.335575 0.716478
vt 0.361250 0.716755
vt 0.339370 0.725730
vt 0.335575 0.716478
vt 0.361250 0.716755
vt 0.343165 0.734982
vt 0.339370 0.725730
vt 0.364093 0.726342
vt 0.343165 0.734982
vt 0.361250 0.716755
vt 0.364093 0.726342
vt 0.350755 0.753486
vt 0.343165 0.734982
vt 0.369778 0.745517
vt 0.350755 0.753486
vt 0.364093 0.726342
vt 0.327985 0.697974
vt 0.335575 0.716478
vt 0.303931 0.712790
vt 0.335575 0.716478
vt 0.314710 0.729637
vt 0.303931 0.712790
vt 0.335575 0.716478
vt 0.339370 0.725730
vt 0.314710 0.729637
vt 0.339370 0.725730
vt 0.320100 0.738060
vt 0.314710 0.729637
vt 0.339370 0.725730
vt 0.325490 0.746483
vt 0.320100 0.738060
vt 0.343165 0.734982
vt 0.325490 0.746483
vt 0.339370 0.725730
vt 0.343165 0.734982
vt 0.336269 0.763330
vt 0.325490 0.746483
vt 0.350755 0.753486
vt 0.336269 0.763330
vt 0.343165 0.734982
vt 0.303931 0.712790
vt 0.314710 0.729637
vt 0.282874 0.732058
vt 0.314710 0.729637
vt 0.296655 0.746553
vt 0.282874 0.732058
vt 0.314710 0.729637
vt 0.320100 0.738060
vt 0.296655 0.746553
vt 0.320100 0.738060
vt 0.303545 0.753800
vt 0.296655 0.746553
vt 0.320100 0.738060
vt 0.310435 0.761047
vt 0.303545 0.753800
vt 0.325490 0.746483
vt 0.310435 0.761047
vt 0.320100 0.738060
vt 0.325490 0.746483
vt 0.324216 0.775542
vt 0.310435 0.761047
vt 0.336269 0.763330
vt 0.324216 0.775542
vt 0.325490 0.746483
vt 0.282874 0.732058
vt 0.296655 0.746553
vt 0.265415 0.755542
vt 0.296655 0.746553
vt 0.281682 0.767177
vt 0.265415 0.755542
vt 0.296655 0.746553
vt 0.303545 0.753800
vt 0.281682 0.767177
vt 0.303545 0.753800
vt 0.289815 0.772995
vt 0.281682 0.767177
vt 0.303545 0.753800
vt 0.297949 0.778813
vt 0.289815 0.772995
vt 0.310435 0.761047
vt 0.297949 0.778813
vt 0.303545 0.753800
vt 0.310435 0.761047
vt 0.314215 0.790448
vt 0.297949 0.778813
vt 0.324216 0.775542
vt 0.314215 0.790448
vt 0.310435 0.761047
vt 0.265415 0.755542
vt 0.281682 0.767177
vt 0.257809 0.768568
vt 0.281682 0.767177
vt 0.275186 0.778469
vt 0.257809 0.768568
vt 0.281682 0.767177
vt 0.289815 0.772995
vt 0.275186 0.778469
vt 0.289815 0.772995
vt 0.283875 0.783420
vt 0.275186 0.778469
vt 0.289815 0.772995
vt 0.292564 0.788371
vt 0.283875 0.783420
vt 0.297949 0.778813
vt 0.292564 0.788371
vt 0.289815 0.772995
vt 0.297949 0.778813
vt 0.309941 0.798272
vt 0.292564 0.788371
vt 0.314215 0.790448
vt 0.309941 0.798272
vt 0.297949 0.778813
vt 0.257809 0.768568
vt 0.275186 0.778469
vt 0.251742 0.779959
vt 0.275186 0.778469
vt 0.269404 0.789343
vt 0.251742 0.779959
vt 0.275186 0.778469
vt 0.283875 0.783420
vt 0.269404 0.789343
vt 0.283875 0.783420
vt 0.278235 0.794035
vt 0.269404 0.789343
vt 0.283875 0.783420
vt 0.287066 0.798727
vt 0.278235 0.794035
vt 0.292564 0.788371
vt 0.287066 0.798727
vt 0.283875 0.783420
vt 0.292564 0.788371
vt 0.304728 0.808111
vt 0.287066 0.798727
vt 0.309941 0.798272
vt 0.304728 0.808111
vt 0.292564 0.788371
vt 0.251742 0.779959
vt 0.269404 0.789343
vt 0.246002 0.791739
vt 0.269404 0.789343
vt 0.263994 0.800473
vt 0.246002 0.791739
vt 0.269404 0.789343
vt 0.278235 0.794035
vt 0.263994 0.800473
vt 0.278235 0.794035
vt 0.272990 0.804840
vt 0.263994 0.800473
vt 0.278235 0.794035
vt 0.281986 0.809207
vt 0.272990 0.804840
vt 0.287066 0.798727
vt 0.281986 0.809207
vt 0.278235 0.794035
vt 0.287066 0.798727
vt 0.299978 0.817941
vt 0.281986 0.809207
vt 0.304728 0.808111
vt 0.299978 0.817941
vt 0.287066 0.798727
vt 0.246002 0.791739
vt 0.263994 0.800473
vt 0.240701 0.803907
vt 0.263994 0.800473
vt 0.259054 0.811856
vt 0.240701 0.803907
vt 0.263994 0.800473
vt 0.272990 0.804840
vt 0.259054 0.811856
vt 0.272990 0.804840
vt 0.268230 0.815830
vt 0.259054 0.811856
vt 0.272990 0.804840
vt 0.277406 0.819804
vt 0.268230 0.815830
vt 0.281986 0.809207
vt 0.277406 0.819804
vt 0.272990 0.804840
vt 0.281986 0.809207
vt 0.295759 0.827753
vt 0.277406 0.819804
vt 0.299978 0.817941
vt 0.295759 0.827753
vt 0.281986 0.809207
vt 0.240701 0.803907
vt 0.259054 0.811856
vt 0.233192 0.823051
vt 0.259054 0.811856
vt 0.251817 0.830337
vt 0.233192 0.823051
vt 0.259054 0.811856
vt 0.268230 0.815830
vt 0.251817 0.830337
vt 0.268230 0.815830
vt 0.261130 0.833980
vt 0.251817 0.830337
vt 0.268230 0.815830
vt 0.270443 0.837623
vt 0.261130 0.833980
vt 0.277406 0.819804
vt 0.270443 0.837623
vt 0.268230 0.815830
vt 0.277406 0.819804
vt 0.289068 0.844909
vt 0.270443 0.837623
vt 0.295759 0.827753
vt 0.289068 0.844909
vt 0.277406 0.819804
vt 0.233192 0.823051
vt 0.251817 0.830337
vt 0.226231 0.841870
vt 0.251817 0.830337
vt 0.244990 0.848803
vt 0.226231 0.841870
vt 0.251817 0.830337
vt 0.261130 0.833980
vt 0.244990 0.848803
vt 0.261130 0.833980
vt 0.254370 0.852270
vt 0.244990 0.848803
vt 0.261130 0.833980
vt 0.263750 0.855737
vt 0.254370 0.852270
vt 0.270443 0.837623
vt 0.263750 0.855737
vt 0.261130 0.833980
vt 0.270443 0.837623
vt 0.282510 0.862670
vt 0.263750 0.855737
vt 0.289068 0.844909
vt 0.282510 0.862670
vt 0.270443 0.837623
vt 0.226231 0.841870
vt 0.244990 0.848803
vt 0.219569 0.860600
vt 0.244990 0.848803
vt 0.238413 0.867300
vt 0.219569 0.860600
vt 0.244990 0.848803
vt 0.254370 0.852270
vt 0.238413 0.867300
vt 0.254370 0.852270
vt 0.247835 0.870650
vt 0.238413 0.867300
vt 0.254370 0.852270
vt 0.257257 0.874000
vt 0.247835 0.870650
vt 0.263750 0.855737
vt 0.257257 0.874000
vt 0.254370 0.852270
vt 0.263750 0.855737
vt 0.276102 0.880700
vt 0.257257 0.874000
vt 0.282510 0.862670
vt 0.276102 0.880700
vt 0.263750 0.855737
vt 0.219569 0.860600
vt 0.238413 0.867300
vt 0.213089 0.879203
vt 0.238413 0.867300
vt 0.231976 0.885781
vt 0.213089 0.879203
vt 0.238413 0.867300
vt 0.247835 0.870650
vt 0.231976 0.885781
vt 0.247835 0.870650
vt 0.241420 0.889070
vt 0.231976 0.885781
vt 0.247835 0.870650
vt 0.250864 0.892359
vt 0.241420 0.889070
vt 0.257257 0.874000
vt 0.250864 0.892359
vt 0.247835 0.870650
vt 0.257257 0.874000
vt 0.269751 0.898937
vt 0.250864 0.892359
vt 0.276102 0.880700
vt 0.269751 0.898937
vt 0.257257 0.874000
vt 0.213089 0.879203
vt 0.231976 0.885781
vt 0.210317 0.894250
vt 0.231976 0.885781
vt 0.230099 0.897197
vt 0.210317 0.894250
vt 0.231976 0.885781
vt 0.241420 0.889070
vt 0.230099 0.897197
vt 0.241420 0.889070
vt 0.239990 0.898670
vt 0.230099 0.897197
vt 0.241420 0.889070
vt 0.249881 0.900143
vt 0.239990 0.898670
vt 0.250864 0.892359
vt 0.249881 0.900143
vt 0.241420 0.889070
vt 0.250864 0.892359
vt 0.269663 0.903090
vt 0.249881 0.900143
vt 0.269751 0.898937
vt 0.269663 0.903090
vt 0.250864 0.892359
vt 0.210317 0.894250
vt 0.230099 0.897197
vt 0.214205 0.916006
vt 0.230099 0.897197
vt 0.233135 0.909552
vt 0.214205 0.916006
vt 0.230099 0.897197
vt 0.239990 0.898670
vt 0.233135 0.909552
vt 0.239990 0.898670
vt 0.242600 0.906325
vt 0.233135 0.909552
vt 0.239990 0.898670
vt 0.252065 0.903098
vt 0.242600 0.906325
vt 0.249881 0.900143
vt 0.252065 0.903098
vt 0.239990 0.898670
vt 0.249881 0.900143
vt 0.270995 0.896644
vt 0.252065 0.903098
vt 0.269663 0.903090
vt 0.270995 0.896644
vt 0.249881 0.900143
vt 0.214205 0.916006
vt 0.233135 0.909552
vt 0.229517 0.934497
vt 0.233135 0.909552
vt 0.242356 0.919163
vt 0.229517 0.934497
vt 0.233135 0.909552
vt 0.242600 0.906325
vt 0.242356 0.919163
vt 0.242600 0.906325
vt 0.248775 0.911495
vt 0.242356 0.919163
vt 0.242600 0.906325
vt 0.255195 0.903828
vt 0.248775 0.911495
vt 0.252065 0.903098
vt 0.255195 0.903828
vt 0.242600 0.906325
vt 0.252065 0.903098
vt 0.268034 0.888493
vt 0.255195 0.903828
vt 0.270995 0.896644
vt 0.268034 0.888493
vt 0.252065 0.903098
vt 0.229517 0.934497
vt 0.242356 0.919163
vt 0.251276 0.942870
vt 0.242356 0.919163
vt 0.255792 0.923387
vt 0.251276 0.942870
vt 0.242356 0.919163
vt 0.248775 0.911495
vt 0.255792 0.923387
vt 0.248775 0.911495
vt 0.258050 0.913645
vt 0.255792 0.923387
vt 0.248775 0.911495
vt 0.260308 0.903903
vt 0.258050 0.913645
vt 0.255195 0.903828
vt 0.260308 0.903903
vt 0.248775 0.911495
vt 0.255195 0.903828
vt 0.264824 0.884420
vt 0.260308 0.903903
vt 0.268034 0.888493
vt 0.264824 0.884420
vt 0.255195 0.903828
vt 0.251276 0.942870
vt 0.255792 0.923387
vt 0.258855 0.943675
vt 0.255792 0.923387
vt 0.259365 0.923682
vt 0.258855 0.943675
vt 0.255792 0.923387
vt 0.258050 0.913645
vt 0.259365 0.923682
vt 0.258050 0.913645
vt 0.259620 0.913685
vt 0.259365 0.923682
vt 0.258050 0.913645
vt 0.259875 0.903688
vt 0.259620 0.913685
vt 0.260308 0.903903
vt 0.259875 0.903688
vt 0.258050 0.913645
vt 0.260308 0.903903
vt 0.260385 0.883695
vt 0.259875 0.903688
vt 0.264824 0.884420
vt 0.260385 0.883695
vt 0.260308 0.903903
vt 0.258855 0.943675
vt 0.259365 0.923682
vt 0.261605 0.943685
vt 0.259365 0.923682
vt 0.261605 0.923685
vt 0.261605 0.943685
vt 0.259365 0.923682
vt 0.259620 0.913685
vt 0.261605 0.923685
vt 0.259620 0.913685
vt 0.261605 0.913685
vt 0.261605 0.923685
vt 0.259620 0.913685
vt 0.261605 0.903685
vt 0.261605 0.913685
vt 0.259875 0.903688
vt 0.261605 0.903685
vt 0.259620 0.913685
vt 0.259875 0.903688
vt 0.261605 0.883685
vt 0.261605 0.903685
vt 0.260385 0.883695
vt 0.261605 0.883685
vt 0.259875 0.903688
vt 0.328935 0.096200
vt 0.313842 0.087520
vt 0.312046 0.067601
vt 0.328935 0.096200
vt 0.314740 0.097480
vt 0.313842 0.087520
vt 0.328935 0.096200
vt 0.315638 0.107440
vt 0.314740 0.097480
vt 0.328935 0.096200
vt 0.317434 0.127359
vt 0.315638 0.107440
vt 0.312046 0.067601
vt 0.313842 0.087520
vt 0.295871 0.070146
vt 0.313842 0.087520
vt 0.299070 0.089889
vt 0.295871 0.070146
vt 0.313842 0.087520
vt 0.314740 0.097480
vt 0.299070 0.089889
vt 0.314740 0.097480
vt 0.300670 0.099760
vt 0.299070 0.089889
vt 0.314740 0.097480
vt 0.302270 0.109631
vt 0.300670 0.099760
vt 0.315638 0.107440
vt 0.302270 0.109631
vt 0.314740 0.097480
vt 0.315638 0.107440
vt 0.305469 0.129374
vt 0.302270 0.109631
vt 0.317434 0.127359
vt 0.305469 0.129374
vt 0.315638 0.107440
vt 0.295871 0.070146
vt 0.299070 0.089889
vt 0.279913 0.073792
vt 0.299070 0.089889
vt 0.284451 0.093271
vt 0.279913 0.073792
vt 0.299070 0.089889
vt 0.300670 0.099760
vt 0.284451 0.093271
vt 0.300670 0.099760
vt 0.286720 0.103010
vt 0.284451 0.093271
vt 0.300670 0.099760
vt 0.288989 0.112749
vt 0.286720 0.103010
vt 0.302270 0.109631
vt 0.288989 0.112749
vt 0.300670 0.099760
vt 0.302270 0.109631
vt 0.293527 0.132228
vt 0.288989 0.112749
vt 0.305469 0.129374
vt 0.293527 0.132228
vt 0.302270 0.109631
vt 0.279913 0.073792
vt 0.284451 0.093271
vt 0.270017 0.076742
vt 0.284451 0.093271
vt 0.275856 0.095871
vt 0.270017 0.076742
vt 0.284451 0.093271
vt 0.286720 0.103010
vt 0.275856 0.095871
vt 0.286720 0.103010
vt 0.278775 0.105435
vt 0.275856 0.095871
vt 0.286720 0.103010
vt 0.281694 0.114999
vt 0.278775 0.105435
vt 0.288989 0.112749
vt 0.281694 0.114999
vt 0.286720 0.103010
vt 0.288989 0.112749
vt 0.287533 0.134128
vt 0.281694 0.114999
vt 0.293527 0.132228
vt 0.287533 0.134128
vt 0.288989 0.112749
vt 0.270017 0.076742
vt 0.275856 0.095871
vt 0.260147 0.080516
vt 0.275856 0.095871
vt 0.267449 0.099135
vt 0.260147 0.080516
vt 0.275856 0.095871
vt 0.278775 0.105435
vt 0.267449 0.099135
vt 0.278775 0.105435
vt 0.271100 0.108445
vt 0.267449 0.099135
vt 0.278775 0.105435
vt 0.274751 0.117755
vt 0.271100 0.108445
vt 0.281694 0.114999
vt 0.274751 0.117755
vt 0.278775 0.105435
vt 0.281694 0.114999
vt 0.282053 0.136374
vt 0.274751 0.117755
vt 0.287533 0.134128
vt 0.282053 0.136374
vt 0.281694 0.114999
vt 0.260147 0.080516
vt 0.267449 0.099135
vt 0.250278 0.085333
vt 0.267449 0.099135
vt 0.259256 0.103204
vt 0.250278 0.085333
vt 0.267449 0.099135
vt 0.271100 0.108445
vt 0.259256 0.103204
vt 0.271100 0.108445
vt 0.263745 0.112140
vt 0.259256 0.103204
vt 0.271100 0.108445
vt 0.268234 0.121076
vt 0.263745 0.112140
vt 0.274751 0.117755
vt 0.268234 0.121076
vt 0.271100 0.108445
vt 0.274751 0.117755
vt 0.277212 0.138947
vt 0.268234 0.121076
vt 0.282053 0.136374
vt 0.277212 0.138947
vt 0.274751 0.117755
vt 0.250278 0.085333
vt 0.259256 0.103204
vt 0.240554 0.091383
vt 0.259256 0.103204
vt 0.251368 0.108208
vt 0.240554 0.091383
vt 0.259256 0.103204
vt 0.263745 0.112140
vt 0.251368 0.108208
vt 0.263745 0.112140
vt 0.256775 0.116620
vt 0.251368 0.108208
vt 0.263745 0.112140
vt 0.262182 0.125032
vt 0.256775 0.116620
vt 0.268234 0.121076
vt 0.262182 0.125032
vt 0.263745 0.112140
vt 0.268234 0.121076
vt 0.272996 0.141856
vt 0.262182 0.125032
vt 0.277212 0.138947
vt 0.272996 0.141856
vt 0.268234 0.121076
vt 0.240554 0.091383
vt 0.251368 0.108208
vt 0.233030 0.097321
vt 0.251368 0.108208
vt 0.245763 0.112743
vt 0.233030 0.097321
vt 0.251368 0.108208
vt 0.256775 0.116620
vt 0.245763 0.112743
vt 0.256775 0.116620
vt 0.252130 0.120455
vt 0.245763 0.112743
vt 0.256775 0.116620
vt 0.258497 0.128166
vt 0.252130 0.120455
vt 0.262182 0.125032
vt 0.258497 0.128166
vt 0.256775 0.116620
vt 0.262182 0.125032
vt 0.271230 0.143589
vt 0.258497 0.128166
vt 0.272996 0.141856
vt 0.271230 0.143589
vt 0.262182 0.125032
vt 0.233030 0.097321
vt 0.245763 0.112743
vt 0.225989 0.104587
vt 0.245763 0.112743
vt 0.240750 0.118082
vt 0.225989 0.104587
vt 0.245763 0.112743
vt 0.252130 0.120455
vt 0.240750 0.118082
vt 0.252130 0.120455
vt 0.248130 0.124830
vt 0.240750 0.118082
vt 0.252130 0.120455
vt 0.255510 0.131578
vt 0.248130 0.124830
vt 0.258497 0.128166
vt 0.255510 0.131578
vt 0.252130 0.120455
vt 0.258497 0.128166
vt 0.270271 0.145073
vt 0.255510 0.131578
vt 0.271230 0.143589
vt 0.270271 0.145073
vt 0.258497 0.128166
vt 0.225989 0.104587
vt 0.240750 0.118082
vt 0.219784 0.113345
vt 0.240750 0.118082
vt 0.236505 0.124318
vt 0.219784 0.113345
vt 0.240750 0.118082
vt 0.248130 0.124830
vt 0.236505 0.124318
vt 0.248130 0.124830
vt 0.244865 0.129805
vt 0.236505 0.124318
vt 0.248130 0.124830
vt 0.253225 0.135292
vt 0.244865 0.129805
vt 0.255510 0.131578
vt 0.253225 0.135292
vt 0.248130 0.124830
vt 0.255510 0.131578
vt 0.269946 0.146265
vt 0.253225 0.135292
vt 0.270271 0.145073
vt 0.269946 0.146265
vt 0.255510 0.131578
vt 0.219784 0.113345
vt 0.236505 0.124318
vt 0.214899 0.123499
vt 0.236505 0.124318
vt 0.233246 0.131460
vt 0.214899 0.123499
vt 0.236505 0.124318
vt 0.244865 0.129805
vt 0.233246 0.131460
vt 0.244865 0.129805
vt 0.242420 0.135440
vt 0.233246 0.131460
vt 0.244865 0.129805
vt 0.251594 0.139420
vt 0.242420 0.135440
vt 0.253225 0.135292
vt 0.251594 0.139420
vt 0.244865 0.129805
vt 0.253225 0.135292
vt 0.269941 0.147381
vt 0.251594 0.139420
vt 0.269946 0.146265
vt 0.269941 0.147381
vt 0.253225 0.135292
vt 0.214899 0.123499
vt 0.233246 0.131460
vt 0.212092 0.132586
vt 0.233246 0.131460
vt 0.231377 0.137885
vt 0.212092 0.132586
vt 0.233246 0.131460
vt 0.242420 0.135440
vt 0.231377 0.137885
vt 0.242420 0.135440
vt 0.241020 0.140535
vt 0.231377 0.137885
vt 0.242420 0.135440
vt 0.250663 0.143185
vt 0.241020 0.140535
vt 0.251594 0.139420
vt 0.250663 0.143185
vt 0.242420 0.135440
vt 0.251594 0.139420
vt 0.269948 0.148484
vt 0.250663 0.143185
vt 0.269941 0.147381
vt 0.269948 0.148484
vt 0.251594 0.139420
vt 0.212092 0.132586
vt 0.231377 0.137885
vt 0.210597 0.141443
vt 0.231377 0.137885
vt 0.230402 0.144227
vt 0.210597 0.141443
vt 0.231377 0.137885
vt 0.241020 0.140535
vt 0.230402 0.144227
vt 0.241020 0.140535
vt 0.240305 0.145620
vt 0.230402 0.144227
vt 0.241020 0.140535
vt 0.250208 0.147012
vt 0.240305 0.145620
vt 0.250663 0.143185
vt 0.250208 0.147012
vt 0.241020 0.140535
vt 0.250663 0.143185
vt 0.270013 0.149797
vt 0.250208 0.147012
vt 0.269948 0.148484
vt 0.270013 0.149797
vt 0.250663 0.143185
vt 0.210597 0.141443
vt 0.230402 0.144227
vt 0.210356 0.151061
vt 0.230402 0.144227
vt 0.230355 0.150867
vt 0.210356 0.151061
vt 0.230402 0.144227
vt 0.240305 0.145620
vt 0.230355 0.150867
vt 0.240305 0.145620
vt 0.240355 0.150770
vt 0.230355 0.150867
vt 0.240305 0.145620
vt 0.250355 0.150673
vt 0.240355 0.150770
vt 0.250208 0.147012
vt 0.250355 0.150673
vt 0.240305 0.145620
vt 0.250208 0.147012
vt 0.270354 0.150479
vt 0.250355 0.150673
vt 0.270013 0.149797
vt 0.270354 0.150479
vt 0.250208 0.147012
vt 0.210356 0.151061
vt 0.230355 0.150867
vt 0.211651 0.161010
vt 0.230355 0.150867
vt 0.231377 0.157710
vt 0.211651 0.161010
vt 0.230355 0.150867
vt 0.240355 0.150770
vt 0.231377 0.157710
vt 0.240355 0.150770
vt 0.241240 0.156060
vt 0.231377 0.157710
vt 0.240355 0.150770
vt 0.251103 0.154410
vt 0.241240 0.156060
vt 0.250355 0.150673
vt 0.251103 0.154410
vt 0.240355 0.150770
vt 0.250355 0.150673
vt 0.270829 0.151110
vt 0.251103 0.154410
vt 0.270354 0.150479
vt 0.270829 0.151110
vt 0.250355 0.150673
vt 0.211651 0.161010
vt 0.231377 0.157710
vt 0.215441 0.173875
vt 0.231377 0.157710
vt 0.234490 0.167782
vt 0.215441 0.173875
vt 0.231377 0.157710
vt 0.241240 0.156060
vt 0.234490 0.167782
vt 0.241240 0.156060
vt 0.244015 0.164735
vt 0.234490 0.167782
vt 0.241240 0.156060
vt 0.253540 0.161688
vt 0.244015 0.164735
vt 0.251103 0.154410
vt 0.253540 0.161688
vt 0.241240 0.156060
vt 0.251103 0.154410
vt 0.272589 0.155595
vt 0.253540 0.161688
vt 0.270829 0.151110
vt 0.272589 0.155595
vt 0.251103 0.154410
vt 0.215441 0.173875
vt 0.234490 0.167782
vt 0.220423 0.185333
vt 0.234490 0.167782
vt 0.238631 0.177057
vt 0.220423 0.185333
vt 0.234490 0.167782
vt 0.244015 0.164735
vt 0.238631 0.177057
vt 0.244015 0.164735
vt 0.247735 0.172920
vt 0.238631 0.177057
vt 0.244015 0.164735
vt 0.256839 0.168782
vt 0.247735 0.172920
vt 0.253540 0.161688
vt 0.256839 0.168782
vt 0.244015 0.164735
vt 0.253540 0.161688
vt 0.275047 0.160507
vt 0.256839 0.168782
vt 0.272589 0.155595
vt 0.275047 0.160507
vt 0.253540 0.161688
vt 0.220423 0.185333
vt 0.238631 0.177057
vt 0.225881 0.195349
vt 0.238631 0.177057
vt 0.243360 0.185630
vt 0.225881 0.195349
vt 0.238631 0.177057
vt 0.247735 0.172920
vt 0.243360 0.185630
vt 0.247735 0.172920
vt 0.252100 0.180770
vt 0.243360 0.185630
vt 0.247735 0.172920
vt 0.260840 0.175910
vt 0.252100 0.180770
vt 0.256839 0.168782
vt 0.260840 0.175910
vt 0.247735 0.172920
vt 0.256839 0.168782
vt 0.278319 0.166191
vt 0.260840 0.175910
vt 0.275047 0.160507
vt 0.278319 0.166191
vt 0.256839 0.168782
vt 0.225881 0.195349
vt 0.243360 0.185630
vt 0.231278 0.204172
vt 0.243360 0.185630
vt 0.248309 0.193687
vt 0.231278 0.204172
vt 0.243360 0.185630
vt 0.252100 0.180770
vt 0.248309 0.193687
vt 0.252100 0.180770
vt 0.256825 0.188445
vt 0.248309 0.193687
vt 0.252100 0.180770
vt 0.265341 0.183202
vt 0.256825 0.188445
vt 0.260840 0.175910
vt 0.265341 0.183202
vt 0.252100 0.180770
vt 0.260840 0.175910
vt 0.282372 0.172717
vt 0.265341 0.183202
vt 0.278319 0.166191
vt 0.282372 0.172717
vt 0.260840 0.175910
vt 0.231278 0.204172
vt 0.248309 0.193687
vt 0.251064 0.235618
vt 0.248309 0.193687
vt 0.267991 0.224966
vt 0.251064 0.235618
vt 0.248309 0.193687
vt 0.256825 0.188445
vt 0.267991 0.224966
vt 0.256825 0.188445
vt 0.276455 0.219640
vt 0.267991 0.224966
vt 0.256825 0.188445
vt 0.284919 0.214314
vt 0.276455 0.219640
vt 0.265341 0.183202
vt 0.284919 0.214314
vt 0.256825 0.188445
vt 0.265341 0.183202
vt 0.301846 0.203662
vt 0.284919 0.214314
vt 0.282372 0.172717
vt 0.301846 0.203662
vt 0.265341 0.183202
vt 0.251064 0.235618
vt 0.267991 0.224966
vt 0.270717 0.266815
vt 0.267991 0.224966
vt 0.287639 0.256155
vt 0.270717 0.266815
vt 0.267991 0.224966
vt 0.276455 0.219640
vt 0.287639 0.256155
vt 0.276455 0.219640
vt 0.296100 0.250825
vt 0.287639 0.256155
vt 0.276455 0.219640
vt 0.304561 0.245495
vt 0.296100 0.250825
vt 0.284919 0.214314
vt 0.304561 0.245495
vt 0.276455 0.219640
vt 0.284919 0.214314
vt 0.321483 0.234835
vt 0.304561 0.245495
vt 0.301846 0.203662
vt 0.321483 0.234835
vt 0.284919 0.214314
vt 0.270717 0.266815
vt 0.287639 0.256155
vt 0.290429 0.298010
vt 0.287639 0.256155
vt 0.307336 0.287327
vt 0.290429 0.298010
vt 0.287639 0.256155
vt 0.296100 0.250825
vt 0.307336 0.287327
vt 0.296100 0.250825
vt 0.315790 0.281985
vt 0.307336 0.287327
vt 0.296100 0.250825
vt 0.324244 0.276643
vt 0.315790 0.281985
vt 0.304561 0.245495
vt 0.324244 0.276643
vt 0.296100 0.250825
vt 0.304561 0.245495
vt 0.341151 0.265959
vt 0.324244 0.276643
vt 0.321483 0.234835
vt 0.341151 0.265959
vt 0.304561 0.245495
vt 0.290429 0.298010
vt 0.307336 0.287327
vt 0.310218 0.329180
vt 0.307336 0.287327
vt 0.327103 0.318460
vt 0.310218 0.329180
vt 0.307336 0.287327
vt 0.315790 0.281985
vt 0.327103 0.318460
vt 0.315790 0.281985
vt 0.335545 0.313100
vt 0.327103 0.318460
vt 0.315790 0.281985
vt 0.343987 0.307740
vt 0.335545 0.313100
vt 0.324244 0.276643
vt 0.343987 0.307740
vt 0.315790 0.281985
vt 0.324244 0.276643
vt 0.360872 0.297020
vt 0.343987 0.307740
vt 0.341151 0.265959
vt 0.360872 0.297020
vt 0.324244 0.276643
vt 0.310218 0.329180
vt 0.327103 0.318460
vt 0.318912 0.342628
vt 0.327103 0.318460
vt 0.335707 0.331769
vt 0.318912 0.342628
vt 0.327103 0.318460
vt 0.335545 0.313100
vt 0.335707 0.331769
vt 0.335545 0.313100
vt 0.344105 0.326340
vt 0.335707 0.331769
vt 0.335545 0.313100
vt 0.352503 0.320910
vt 0.344105 0.326340
vt 0.343987 0.307740
vt 0.352503 0.320910
vt 0.335545 0.313100
vt 0.343987 0.307740
vt 0.369298 0.310052
vt 0.352503 0.320910
vt 0.360872 0.297020
vt 0.369298 0.310052
vt 0.343987 0.307740
vt 0.318912 0.342628
vt 0.335707 0.331769
vt 0.327788 0.356042
vt 0.335707 0.331769
vt 0.344466 0.345004
vt 0.327788 0.356042
vt 0.335707 0.331769
vt 0.344105 0.326340
vt 0.344466 0.345004
vt 0.344105 0.326340
vt 0.352805 0.339485
vt 0.344466 0.345004
vt 0.344105 0.326340
vt 0.361144 0.333966
vt 0.352805 0.339485
vt 0.352503 0.320910
vt 0.361144 0.333966
vt 0.344105 0.326340
vt 0.352503 0.320910
vt 0.377822 0.322927
vt 0.361144 0.333966
vt 0.369298 0.310052
vt 0.377822 0.322927
vt 0.352503 0.320910
vt 0.327788 0.356042
vt 0.344466 0.345004
vt 0.336665 0.369287
vt 0.344466 0.345004
vt 0.353278 0.358152
vt 0.336665 0.369287
vt 0.344466 0.345004
vt 0.352805 0.339485
vt 0.353278 0.358152
vt 0.352805 0.339485
vt 0.361585 0.352585
vt 0.353278 0.358152
vt 0.352805 0.339485
vt 0.369892 0.347017
vt 0.361585 0.352585
vt 0.361144 0.333966
vt 0.369892 0.347017
vt 0.352805 0.339485
vt 0.361144 0.333966
vt 0.386506 0.335882
vt 0.369892 0.347017
vt 0.377822 0.322927
vt 0.386506 0.335882
vt 0.361144 0.333966
vt 0.336665 0.369287
vt 0.353278 0.358152
vt 0.345469 0.382399
vt 0.353278 0.358152
vt 0.362073 0.371250
vt 0.345469 0.382399
vt 0.353278 0.358152
vt 0.361585 0.352585
vt 0.362073 0.371250
vt 0.361585 0.352585
vt 0.370375 0.365675
vt 0.362073 0.371250
vt 0.361585 0.352585
vt 0.378677 0.360100
vt 0.370375 0.365675
vt 0.369892 0.347017
vt 0.378677 0.360100
vt 0.361585 0.352585
vt 0.369892 0.347017
vt 0.395281 0.348951
vt 0.378677 0.360100
vt 0.386506 0.335882
vt 0.395281 0.348951
vt 0.369892 0.347017
vt 0.345469 0.382399
vt 0.362073 0.371250
vt 0.354146 0.390913
vt 0.362073 0.371250
vt 0.365279 0.374297
vt 0.354146 0.390913
vt 0.362073 0.371250
vt 0.370375 0.365675
vt 0.365279 0.374297
vt 0.370375 0.365675
vt 0.370845 0.365990
vt 0.365279 0.374297
vt 0.370375 0.365675
vt 0.376411 0.357682
vt 0.370845 0.365990
vt 0.378677 0.360100
vt 0.376411 0.357682
vt 0.370375 0.365675
vt 0.378677 0.360100
vt 0.387544 0.341067
vt 0.376411 0.357682
vt 0.395281 0.348951
vt 0.387544 0.341067
vt 0.378677 0.360100
vt 0.354146 0.390913
vt 0.365279 0.374297
vt 0.365667 0.395549
vt 0.365279 0.374297
vt 0.369616 0.375943
vt 0.365667 0.395549
vt 0.365279 0.374297
vt 0.370845 0.365990
vt 0.369616 0.375943
vt 0.370845 0.365990
vt 0.371590 0.366140
vt 0.369616 0.375943
vt 0.370845 0.365990
vt 0.373564 0.356337
vt 0.371590 0.366140
vt 0.376411 0.357682
vt 0.373564 0.356337
vt 0.370845 0.365990
vt 0.376411 0.357682
vt 0.377513 0.336730
vt 0.373564 0.356337
vt 0.387544 0.341067
vt 0.377513 0.336730
vt 0.376411 0.357682
vt 0.365667 0.395549
vt 0.369616 0.375943
vt 0.372080 0.396148
vt 0.369616 0.375943
vt 0.372317 0.376149
vt 0.372080 0.396148
vt 0.369616 0.375943
vt 0.371590 0.366140
vt 0.372317 0.376149
vt 0.371590 0.366140
vt 0.372435 0.366150
vt 0.372317 0.376149
vt 0.371590 0.366140
vt 0.372553 0.356150
vt 0.372435 0.366150
vt 0.373564 0.356337
vt 0.372553 0.356150
vt 0.371590 0.366140
vt 0.373564 0.356337
vt 0.372790 0.336152
vt 0.372553 0.356150
vt 0.377513 0.336730
vt 0.372790 0.336152
vt 0.373564 0.356337
vt 0.372080 0.396148
vt 0.372317 0.376149
vt 0.377070 0.395800
vt 0.372317 0.376149
vt 0.374493 0.375966
vt 0.377070 0.395800
vt 0.372317 0.376149
vt 0.372435 0.366150
vt 0.374493 0.375966
vt 0.372435 0.366150
vt 0.373205 0.366050
vt 0.374493 0.375966
vt 0.372435 0.366150
vt 0.371917 0.356133
vt 0.373205 0.366050
vt 0.372553 0.356150
vt 0.371917 0.356133
vt 0.372435 0.366150
vt 0.372553 0.356150
vt 0.369340 0.336300
vt 0.371917 0.356133
vt 0.372790 0.336152
vt 0.369340 0.336300
vt 0.372553 0.356150
vt 0.377070 0.395800
vt 0.374493 0.375966
vt 0.385456 0.393441
vt 0.374493 0.375966
vt 0.377659 0.375024
vt 0.385456 0.393441
vt 0.374493 0.375966
vt 0.373205 0.366050
vt 0.377659 0.375024
vt 0.373205 0.366050
vt 0.373760 0.365815
vt 0.377659 0.375024
vt 0.373205 0.366050
vt 0.369861 0.356606
vt 0.373760 0.365815
vt 0.371917 0.356133
vt 0.369861 0.356606
vt 0.373205 0.366050
vt 0.371917 0.356133
vt 0.362064 0.338189
vt 0.369861 0.356606
vt 0.369340 0.336300
vt 0.362064 0.338189
vt 0.371917 0.356133
vt 0.385456 0.393441
vt 0.377659 0.375024
vt 0.392182 0.389503
vt 0.377659 0.375024
vt 0.380274 0.373434
vt 0.392182 0.389503
vt 0.377659 0.375024
vt 0.373760 0.365815
vt 0.380274 0.373434
vt 0.373760 0.365815
vt 0.374320 0.365400
vt 0.380274 0.373434
vt 0.373760 0.365815
vt 0.368366 0.357365
vt 0.374320 0.365400
vt 0.369861 0.356606
vt 0.368366 0.357365
vt 0.373760 0.365815
vt 0.369861 0.356606
vt 0.356458 0.341297
vt 0.368366 0.357365
vt 0.362064 0.338189
vt 0.356458 0.341297
vt 0.369861 0.356606
vt 0.392182 0.389503
vt 0.380274 0.373434
vt 0.397397 0.384580
vt 0.380274 0.373434
vt 0.382299 0.371463
vt 0.397397 0.384580
vt 0.380274 0.373434
vt 0.374320 0.365400
vt 0.382299 0.371463
vt 0.374320 0.365400
vt 0.374750 0.364905
vt 0.382299 0.371463
vt 0.374320 0.365400
vt 0.367201 0.358346
vt 0.374750 0.364905
vt 0.368366 0.357365
vt 0.367201 0.358346
vt 0.374320 0.365400
vt 0.368366 0.357365
vt 0.352103 0.345229
vt 0.367201 0.358346
vt 0.356458 0.341297
vt 0.352103 0.345229
vt 0.368366 0.357365
vt 0.397397 0.384580
vt 0.382299 0.371463
vt 0.403132 0.374638
vt 0.382299 0.371463
vt 0.384324 0.367836
vt 0.403132 0.374638
vt 0.382299 0.371463
vt 0.374750 0.364905
vt 0.384324 0.367836
vt 0.374750 0.364905
vt 0.374920 0.364435
vt 0.384324 0.367836
vt 0.374750 0.364905
vt 0.365516 0.361034
vt 0.374920 0.364435
vt 0.367201 0.358346
vt 0.365516 0.361034
vt 0.374750 0.364905
vt 0.367201 0.358346
vt 0.346709 0.354231
vt 0.365516 0.361034
vt 0.352103 0.345229
vt 0.346709 0.354231
vt 0.367201 0.358346
vt 0.403132 0.374638
vt 0.384324 0.367836
vt 0.404981 0.361227
vt 0.384324 0.367836
vt 0.384984 0.360879
vt 0.404981 0.361227
vt 0.384324 0.367836
vt 0.374920 0.364435
vt 0.384984 0.360879
vt 0.374920 0.364435
vt 0.374985 0.360705
vt 0.384984 0.360879
vt 0.374920 0.364435
vt 0.364987 0.360531
vt 0.374985 0.360705
vt 0.365516 0.361034
vt 0.364987 0.360531
vt 0.374920 0.364435
vt 0.365516 0.361034
vt 0.344990 0.360182
vt 0.364987 0.360531
vt 0.346709 0.354231
vt 0.344990 0.360182
vt 0.365516 0.361034
vt 0.404981 0.361227
vt 0.384984 0.360879
vt 0.405046 0.357486
vt 0.384984 0.360879
vt 0.385049 0.357138
vt 0.405046 0.357486
vt 0.384984 0.360879
vt 0.374985 0.360705
vt 0.385049 0.357138
vt 0.374985 0.360705
vt 0.375050 0.356965
vt 0.385049 0.357138
vt 0.374985 0.360705
vt 0.365052 0.356791
vt 0.375050 0.356965
vt 0.364987 0.360531
vt 0.365052 0.356791
vt 0.374985 0.360705
vt 0.364987 0.360531
vt 0.345055 0.356444
vt 0.365052 0.356791
vt 0.344990 0.360182
vt 0.345055 0.356444
vt 0.364987 0.360531
vt 0.405046 0.357486
vt 0.385049 0.357138
vt 0.404939 0.352443
vt 0.385049 0.357138
vt 0.384946 0.352981
vt 0.404939 0.352443
vt 0.385049 0.357138
vt 0.375050 0.356965
vt 0.384946 0.352981
vt 0.375050 0.356965
vt 0.374950 0.353250
vt 0.384946 0.352981
vt 0.375050 0.356965
vt 0.364954 0.353519
vt 0.374950 0.353250
vt 0.365052 0.356791
vt 0.364954 0.353519
vt 0.375050 0.356965
vt 0.365052 0.356791
vt 0.344961 0.354057
vt 0.364954 0.353519
vt 0.345055 0.356444
vt 0.344961 0.354057
vt 0.365052 0.356791
vt 0.404939 0.352443
vt 0.384946 0.352981
vt 0.404315 0.346089
vt 0.384946 0.352981
vt 0.384452 0.348426
vt 0.404315 0.346089
vt 0.384946 0.352981
vt 0.374950 0.353250
vt 0.384452 0.348426
vt 0.374950 0.353250
vt 0.374520 0.349595
vt 0.384452 0.348426
vt 0.374950 0.353250
vt 0.364589 0.350763
vt 0.374520 0.349595
vt 0.364954 0.353519
vt 0.364589 0.350763
vt 0.374950 0.353250
vt 0.364954 0.353519
vt 0.344726 0.353100
vt 0.364589 0.350763
vt 0.344961 0.354057
vt 0.344726 0.353100
vt 0.364954 0.353519
vt 0.404315 0.346089
vt 0.384452 0.348426
vt 0.398773 0.315372
vt 0.384452 0.348426
vt 0.379098 0.318960
vt 0.398773 0.315372
vt 0.384452 0.348426
vt 0.374520 0.349595
vt 0.379098 0.318960
vt 0.374520 0.349595
vt 0.369260 0.320755
vt 0.379098 0.318960
vt 0.374520 0.349595
vt 0.359422 0.322549
vt 0.369260 0.320755
vt 0.364589 0.350763
vt 0.359422 0.322549
vt 0.374520 0.349595
vt 0.364589 0.350763
vt 0.339747 0.326138
vt 0.359422 0.322549
vt 0.344726 0.353100
vt 0.339747 0.326138
vt 0.364589 0.350763
vt 0.398773 0.315372
vt 0.379098 0.318960
vt 0.393436 0.286476
vt 0.379098 0.318960
vt 0.373769 0.290109
vt 0.393436 0.286476
vt 0.379098 0.318960
vt 0.369260 0.320755
vt 0.373769 0.290109
vt 0.369260 0.320755
vt 0.363935 0.291925
vt 0.373769 0.290109
vt 0.369260 0.320755
vt 0.354101 0.293741
vt 0.363935 0.291925
vt 0.359422 0.322549
vt 0.354101 0.293741
vt 0.369260 0.320755
vt 0.359422 0.322549
vt 0.334434 0.297374
vt 0.354101 0.293741
vt 0.339747 0.326138
vt 0.334434 0.297374
vt 0.359422 0.322549
vt 0.393436 0.286476
vt 0.373769 0.290109
vt 0.388087 0.257630
vt 0.373769 0.290109
vt 0.368422 0.261277
vt 0.388087 0.257630
vt 0.373769 0.290109
vt 0.363935 0.291925
vt 0.368422 0.261277
vt 0.363935 0.291925
vt 0.358590 0.263100
vt 0.368422 0.261277
vt 0.363935 0.291925
vt 0.348758 0.264923
vt 0.358590 0.263100
vt 0.354101 0.293741
vt 0.348758 0.264923
vt 0.363935 0.291925
vt 0.354101 0.293741
vt 0.329093 0.268569
vt 0.348758 0.264923
vt 0.334434 0.297374
vt 0.329093 0.268569
vt 0.354101 0.293741
vt 0.388087 0.257630
vt 0.368422 0.261277
vt 0.382784 0.228832
vt 0.368422 0.261277
vt 0.363115 0.232454
vt 0.382784 0.228832
vt 0.368422 0.261277
vt 0.358590 0.263100
vt 0.363115 0.232454
vt 0.358590 0.263100
vt 0.353280 0.234265
vt 0.363115 0.232454
vt 0.358590 0.263100
vt 0.343445 0.236076
vt 0.353280 0.234265
vt 0.348758 0.264923
vt 0.343445 0.236076
vt 0.358590 0.263100
vt 0.348758 0.264923
vt 0.323776 0.239698
vt 0.343445 0.236076
vt 0.329093 0.268569
vt 0.323776 0.239698
vt 0.348758 0.264923
vt 0.382784 0.228832
vt 0.363115 0.232454
vt 0.380812 0.217858
vt 0.363115 0.232454
vt 0.361127 0.221396
vt 0.380812 0.217858
vt 0.363115 0.232454
vt 0.353280 0.234265
vt 0.361127 0.221396
vt 0.353280 0.234265
vt 0.351285 0.223165
vt 0.361127 0.221396
vt 0.353280 0.234265
vt 0.341443 0.224934
vt 0.351285 0.223165
vt 0.343445 0.236076
vt 0.341443 0.224934
vt 0.353280 0.234265
vt 0.343445 0.236076
vt 0.321758 0.228472
vt 0.341443 0.224934
vt 0.323776 0.239698
vt 0.321758 0.228472
vt 0.343445 0.236076
vt 0.380812 0.217858
vt 0.361127 0.221396
vt 0.378920 0.206933
vt 0.361127 0.221396
vt 0.359213 0.210348
vt 0.378920 0.206933
vt 0.361127 0.221396
vt 0.351285 0.223165
vt 0.359213 0.210348
vt 0.351285 0.223165
vt 0.349360 0.212055
vt 0.359213 0.210348
vt 0.351285 0.223165
vt 0.339507 0.213762
vt 0.349360 0.212055
vt 0.341443 0.224934
vt 0.339507 0.213762
vt 0.351285 0.223165
vt 0.341443 0.224934
vt 0.319800 0.217176
vt 0.339507 0.213762
vt 0.321758 0.228472
vt 0.319800 0.217176
vt 0.341443 0.224934
vt 0.378920 0.206933
vt 0.359213 0.210348
vt 0.377096 0.195996
vt 0.359213 0.210348
vt 0.357369 0.199285
vt 0.377096 0.195996
vt 0.359213 0.210348
vt 0.349360 0.212055
vt 0.357369 0.199285
vt 0.349360 0.212055
vt 0.347505 0.200930
vt 0.357369 0.199285
vt 0.349360 0.212055
vt 0.337641 0.202574
vt 0.347505 0.200930
vt 0.339507 0.213762
vt 0.337641 0.202574
vt 0.349360 0.212055
vt 0.339507 0.213762
vt 0.317914 0.205864
vt 0.337641 0.202574
vt 0.319800 0.217176
vt 0.317914 0.205864
vt 0.339507 0.213762
vt 0.377096 0.195996
vt 0.357369 0.199285
vt 0.375342 0.185046
vt 0.357369 0.199285
vt 0.355594 0.188212
vt 0.375342 0.185046
vt 0.357369 0.199285
vt 0.347505 0.200930
vt 0.355594 0.188212
vt 0.347505 0.200930
vt 0.345720 0.189795
vt 0.355594 0.188212
vt 0.347505 0.200930
vt 0.335846 0.191378
vt 0.345720 0.189795
vt 0.337641 0.202574
vt 0.335846 0.191378
vt 0.347505 0.200930
vt 0.337641 0.202574
vt 0.316098 0.194543
vt 0.335846 0.191378
vt 0.317914 0.205864
vt 0.316098 0.194543
vt 0.337641 0.202574
vt 0.375342 0.185046
vt 0.355594 0.188212
vt 0.375745 0.184206
vt 0.355594 0.188212
vt 0.355745 0.184118
vt 0.375745 0.184206
vt 0.355594 0.188212
vt 0.345720 0.189795
vt 0.355745 0.184118
vt 0.345720 0.189795
vt 0.345745 0.184075
vt 0.355745 0.184118
vt 0.345720 0.189795
vt 0.335745 0.184031
vt 0.345745 0.184075
vt 0.335846 0.191378
vt 0.335745 0.184031
vt 0.345720 0.189795
vt 0.335846 0.191378
vt 0.315745 0.183944
vt 0.335745 0.184031
vt 0.316098 0.194543
vt 0.315745 0.183944
vt 0.335846 0.191378
vt 0.375745 0.184206
vt 0.355745 0.184118
vt 0.375284 0.191248
vt 0.355745 0.184118
vt 0.356865 0.183456
vt 0.375284 0.191248
vt 0.355745 0.184118
vt 0.345745 0.184075
vt 0.356865 0.183456
vt 0.345745 0.184075
vt 0.347655 0.179560
vt 0.356865 0.183456
vt 0.345745 0.184075
vt 0.338445 0.175664
vt 0.347655 0.179560
vt 0.335745 0.184031
vt 0.338445 0.175664
vt 0.345745 0.184075
vt 0.335745 0.184031
vt 0.320026 0.167872
vt 0.338445 0.175664
vt 0.315745 0.183944
vt 0.320026 0.167872
vt 0.335745 0.184031
vt 0.375284 0.191248
vt 0.356865 0.183456
vt 0.370897 0.199123
vt 0.356865 0.183456
vt 0.357816 0.183994
vt 0.370897 0.199123
vt 0.356865 0.183456
vt 0.347655 0.179560
vt 0.357816 0.183994
vt 0.347655 0.179560
vt 0.351275 0.176430
vt 0.357816 0.183994
vt 0.347655 0.179560
vt 0.344734 0.168865
vt 0.351275 0.176430
vt 0.338445 0.175664
vt 0.344734 0.168865
vt 0.347655 0.179560
vt 0.338445 0.175664
vt 0.331653 0.153736
vt 0.344734 0.168865
vt 0.320026 0.167872
vt 0.331653 0.153736
vt 0.338445 0.175664
vt 0.370897 0.199123
vt 0.357816 0.183994
vt 0.365148 0.203569
vt 0.357816 0.183994
vt 0.359333 0.184433
vt 0.365148 0.203569
vt 0.357816 0.183994
vt 0.351275 0.176430
vt 0.359333 0.184433
vt 0.351275 0.176430
vt 0.356425 0.174865
vt 0.359333 0.184433
vt 0.351275 0.176430
vt 0.353517 0.165297
vt 0.356425 0.174865
vt 0.344734 0.168865
vt 0.353517 0.165297
vt 0.351275 0.176430
vt 0.344734 0.168865
vt 0.347702 0.146161
vt 0.353517 0.165297
vt 0.331653 0.153736
vt 0.347702 0.146161
vt 0.344734 0.168865
vt 0.365148 0.203569
vt 0.359333 0.184433
vt 0.378890 0.203356
vt 0.359333 0.184433
vt 0.377483 0.183405
vt 0.378890 0.203356
vt 0.359333 0.184433
vt 0.356425 0.174865
vt 0.377483 0.183405
vt 0.356425 0.174865
vt 0.376780 0.173430
vt 0.377483 0.183405
vt 0.356425 0.174865
vt 0.376077 0.163455
vt 0.376780 0.173430
vt 0.353517 0.165297
vt 0.376077 0.163455
vt 0.356425 0.174865
vt 0.353517 0.165297
vt 0.374670 0.143504
vt 0.376077 0.163455
vt 0.347702 0.146161
vt 0.374670 0.143504
vt 0.353517 0.165297
vt 0.378890 0.203356
vt 0.377483 0.183405
vt 0.395645 0.204239
vt 0.377483 0.183405
vt 0.396475 0.184256
vt 0.395645 0.204239
vt 0.377483 0.183405
vt 0.376780 0.173430
vt 0.396475 0.184256
vt 0.376780 0.173430
vt 0.396890 0.174265
vt 0.396475 0.184256
vt 0.376780 0.173430
vt 0.397305 0.164273
vt 0.396890 0.174265
vt 0.376077 0.163455
vt 0.397305 0.164273
vt 0.376780 0.173430
vt 0.376077 0.163455
vt 0.398134 0.144291
vt 0.397305 0.164273
vt 0.374670 0.143504
vt 0.398134 0.144291
vt 0.376077 0.163455
vt 0.395645 0.204239
vt 0.396475 0.184256
vt 0.411875 0.207140
vt 0.396475 0.184256
vt 0.415128 0.187407
vt 0.411875 0.207140
vt 0.396475 0.184256
vt 0.396890 0.174265
vt 0.415128 0.187407
vt 0.396890 0.174265
vt 0.416755 0.177540
vt 0.415128 0.187407
vt 0.396890 0.174265
vt 0.418382 0.167673
vt 0.416755 0.177540
vt 0.397305 0.164273
vt 0.418382 0.167673
vt 0.396890 0.174265
vt 0.397305 0.164273
vt 0.421635 0.147939
vt 0.418382 0.167673
vt 0.398134 0.144291
vt 0.421635 0.147939
vt 0.397305 0.164273
vt 0.411875 0.207140
vt 0.415128 0.187407
vt 0.427755 0.212153
vt 0.415128 0.187407
vt 0.433495 0.192994
vt 0.427755 0.212153
vt 0.415128 0.187407
vt 0.416755 0.177540
vt 0.433495 0.192994
vt 0.416755 0.177540
vt 0.436365 0.183415
vt 0.433495 0.192994
vt 0.416755 0.177540
vt 0.439235 0.173835
vt 0.436365 0.183415
vt 0.418382 0.167673
vt 0.439235 0.173835
vt 0.416755 0.177540
vt 0.418382 0.167673
vt 0.444975 0.154677
vt 0.439235 0.173835
vt 0.421635 0.147939
vt 0.444975 0.154677
vt 0.418382 0.167673
vt 0.427755 0.212153
vt 0.433495 0.192994
vt 0.439678 0.217179
vt 0.433495 0.192994
vt 0.447246 0.198666
vt 0.439678 0.217179
vt 0.433495 0.192994
vt 0.436365 0.183415
vt 0.447246 0.198666
vt 0.436365 0.183415
vt 0.451030 0.189410
vt 0.447246 0.198666
vt 0.436365 0.183415
vt 0.454814 0.180153
vt 0.451030 0.189410
vt 0.439235 0.173835
vt 0.454814 0.180153
vt 0.436365 0.183415
vt 0.439235 0.173835
vt 0.462382 0.161641
vt 0.454814 0.180153
vt 0.444975 0.154677
vt 0.462382 0.161641
vt 0.439235 0.173835
vt 0.439678 0.217179
vt 0.447246 0.198666
vt 0.452009 0.223282
vt 0.447246 0.198666
vt 0.460793 0.205314
vt 0.452009 0.223282
vt 0.447246 0.198666
vt 0.451030 0.189410
vt 0.460793 0.205314
vt 0.451030 0.189410
vt 0.465185 0.196330
vt 0.460793 0.205314
vt 0.451030 0.189410
vt 0.469577 0.187346
vt 0.465185 0.196330
vt 0.454814 0.180153
vt 0.469577 0.187346
vt 0.451030 0.189410
vt 0.454814 0.180153
vt 0.478361 0.169378
vt 0.469577 0.187346
vt 0.462382 0.161641
vt 0.478361 0.169378
vt 0.454814 0.180153
vt 0.452009 0.223282
vt 0.460793 0.205314
vt 0.463814 0.230180
vt 0.460793 0.205314
vt 0.473815 0.212860
vt 0.463814 0.230180
vt 0.460793 0.205314
vt 0.465185 0.196330
vt 0.473815 0.212860
vt 0.465185 0.196330
vt 0.478815 0.204200
vt 0.473815 0.212860
vt 0.465185 0.196330
vt 0.483815 0.195540
vt 0.478815 0.204200
vt 0.469577 0.187346
vt 0.483815 0.195540
vt 0.465185 0.196330
vt 0.469577 0.187346
vt 0.493816 0.178220
vt 0.483815 0.195540
vt 0.478361 0.169378
vt 0.493816 0.178220
vt 0.469577 0.187346
vt 0.463814 0.230180
vt 0.473815 0.212860
vt 0.475099 0.237899
vt 0.473815 0.212860
vt 0.486300 0.221330
vt 0.475099 0.237899
vt 0.473815 0.212860
vt 0.478815 0.204200
vt 0.486300 0.221330
vt 0.478815 0.204200
vt 0.491900 0.213045
vt 0.486300 0.221330
vt 0.478815 0.204200
vt 0.497500 0.204760
vt 0.491900 0.213045
vt 0.483815 0.195540
vt 0.497500 0.204760
vt 0.478815 0.204200
vt 0.483815 0.195540
vt 0.508701 0.188190
vt 0.497500 0.204760
vt 0.493816 0.178220
vt 0.508701 0.188190
vt 0.483815 0.195540
vt 0.475099 0.237899
vt 0.486300 0.221330
vt 0.486053 0.246090
vt 0.486300 0.221330
vt 0.497994 0.230047
vt 0.486053 0.246090
vt 0.486300 0.221330
vt 0.491900 0.213045
vt 0.497994 0.230047
vt 0.491900 0.213045
vt 0.503965 0.222025
vt 0.497994 0.230047
vt 0.491900 0.213045
vt 0.509936 0.214003
vt 0.503965 0.222025
vt 0.497500 0.204760
vt 0.509936 0.214003
vt 0.491900 0.213045
vt 0.497500 0.204760
vt 0.521877 0.197959
vt 0.509936 0.214003
vt 0.508701 0.188190
vt 0.521877 0.197959
vt 0.497500 0.204760
vt 0.486053 0.246090
vt 0.497994 0.230047
vt 0.497689 0.254994
vt 0.497994 0.230047
vt 0.509840 0.239108
vt 0.497689 0.254994
vt 0.497994 0.230047
vt 0.503965 0.222025
vt 0.509840 0.239108
vt 0.503965 0.222025
vt 0.515915 0.231165
vt 0.509840 0.239108
vt 0.503965 0.222025
vt 0.521990 0.223222
vt 0.515915 0.231165
vt 0.509936 0.214003
vt 0.521990 0.223222
vt 0.503965 0.222025
vt 0.509936 0.214003
vt 0.534141 0.207336
vt 0.521990 0.223222
vt 0.521877 0.197959
vt 0.534141 0.207336
vt 0.509936 0.214003
vt 0.497689 0.254994
vt 0.509840 0.239108
vt 0.509530 0.264113
vt 0.509840 0.239108
vt 0.521733 0.248268
vt 0.509530 0.264113
vt 0.509840 0.239108
vt 0.515915 0.231165
vt 0.521733 0.248268
vt 0.515915 0.231165
vt 0.527835 0.240345
vt 0.521733 0.248268
vt 0.515915 0.231165
vt 0.533937 0.232422
vt 0.527835 0.240345
vt 0.521990 0.223222
vt 0.533937 0.232422
vt 0.515915 0.231165
vt 0.521990 0.223222
vt 0.546140 0.216576
vt 0.533937 0.232422
vt 0.534141 0.207336
vt 0.546140 0.216576
vt 0.521990 0.223222
vt 0.509530 0.264113
vt 0.521733 0.248268
vt 0.521691 0.273337
vt 0.521733 0.248268
vt 0.533777 0.257402
vt 0.521691 0.273337
vt 0.521733 0.248268
vt 0.527835 0.240345
vt 0.533777 0.257402
vt 0.527835 0.240345
vt 0.539820 0.249435
vt 0.533777 0.257402
vt 0.527835 0.240345
vt 0.545863 0.241467
vt 0.539820 0.249435
vt 0.533937 0.232422
vt 0.545863 0.241467
vt 0.527835 0.240345
vt 0.533937 0.232422
vt 0.557949 0.225532
vt 0.545863 0.241467
vt 0.546140 0.216576
vt 0.557949 0.225532
vt 0.533937 0.232422
vt 0.521691 0.273337
vt 0.533777 0.257402
vt 0.535159 0.283375
vt 0.533777 0.257402
vt 0.547110 0.267338
vt 0.535159 0.283375
vt 0.533777 0.257402
vt 0.539820 0.249435
vt 0.547110 0.267338
vt 0.539820 0.249435
vt 0.553085 0.259320
vt 0.547110 0.267338
vt 0.539820 0.249435
vt 0.559060 0.251301
vt 0.553085 0.259320
vt 0.545863 0.241467
vt 0.559060 0.251301
vt 0.539820 0.249435
vt 0.545863 0.241467
vt 0.571011 0.235264
vt 0.559060 0.251301
vt 0.557949 0.225532
vt 0.571011 0.235264
vt 0.545863 0.241467
vt 0.535159 0.283375
vt 0.547110 0.267338
vt 0.548578 0.293281
vt 0.547110 0.267338
vt 0.560456 0.277190
vt 0.548578 0.293281
vt 0.547110 0.267338
vt 0.553085 0.259320
vt 0.560456 0.277190
vt 0.553085 0.259320
vt 0.566395 0.269145
vt 0.560456 0.277190
vt 0.553085 0.259320
vt 0.572334 0.261099
vt 0.566395 0.269145
vt 0.559060 0.251301
vt 0.572334 0.261099
vt 0.553085 0.259320
vt 0.559060 0.251301
vt 0.584212 0.245008
vt 0.572334 0.261099
vt 0.571011 0.235264
vt 0.584212 0.245008
vt 0.559060 0.251301
vt 0.548578 0.293281
vt 0.560456 0.277190
vt 0.562085 0.303130
vt 0.560456 0.277190
vt 0.573868 0.286970
vt 0.562085 0.303130
vt 0.560456 0.277190
vt 0.566395 0.269145
vt 0.573868 0.286970
vt 0.566395 0.269145
vt 0.579760 0.278890
vt 0.573868 0.286970
vt 0.566395 0.269145
vt 0.585652 0.270810
vt 0.579760 0.278890
vt 0.572334 0.261099
vt 0.585652 0.270810
vt 0.566395 0.269145
vt 0.572334 0.261099
vt 0.597435 0.254649
vt 0.585652 0.270810
vt 0.584212 0.245008
vt 0.597435 0.254649
vt 0.572334 0.261099
vt 0.562085 0.303130
vt 0.573868 0.286970
vt 0.575730 0.312910
vt 0.573868 0.286970
vt 0.587380 0.296653
vt 0.575730 0.312910
vt 0.573868 0.286970
vt 0.579760 0.278890
vt 0.587380 0.296653
vt 0.579760 0.278890
vt 0.593205 0.288525
vt 0.587380 0.296653
vt 0.579760 0.278890
vt 0.599030 0.280397
vt 0.593205 0.288525
vt 0.585652 0.270810
vt 0.599030 0.280397
vt 0.579760 0.278890
vt 0.585652 0.270810
vt 0.610680 0.264140
vt 0.599030 0.280397
vt 0.597435 0.254649
vt 0.610680 0.264140
vt 0.585652 0.270810
vt 0.575730 0.312910
vt 0.587380 0.296653
vt 0.581057 0.316314
vt 0.587380 0.296653
vt 0.591669 0.299361
vt 0.581057 0.316314
vt 0.587380 0.296653
vt 0.593205 0.288525
vt 0.591669 0.299361
vt 0.593205 0.288525
vt 0.596975 0.290885
vt 0.591669 0.299361
vt 0.593205 0.288525
vt 0.602281 0.282409
vt 0.596975 0.290885
vt 0.599030 0.280397
vt 0.602281 0.282409
vt 0.593205 0.288525
vt 0.599030 0.280397
vt 0.612893 0.265456
vt 0.602281 0.282409
vt 0.610680 0.264140
vt 0.612893 0.265456
vt 0.599030 0.280397
vt 0.581057 0.316314
vt 0.591669 0.299361
vt 0.587443 0.319682
vt 0.591669 0.299361
vt 0.596468 0.301834
vt 0.587443 0.319682
vt 0.591669 0.299361
vt 0.596975 0.290885
vt 0.596468 0.301834
vt 0.596975 0.290885
vt 0.600980 0.292910
vt 0.596468 0.301834
vt 0.596975 0.290885
vt 0.605492 0.283986
vt 0.600980 0.292910
vt 0.602281 0.282409
vt 0.605492 0.283986
vt 0.596975 0.290885
vt 0.602281 0.282409
vt 0.614517 0.266138
vt 0.605492 0.283986
vt 0.612893 0.265456
vt 0.614517 0.266138
vt 0.602281 0.282409
vt 0.587443 0.319682
vt 0.596468 0.301834
vt 0.593103 0.322208
vt 0.596468 0.301834
vt 0.601114 0.303883
vt 0.593103 0.322208
vt 0.596468 0.301834
vt 0.600980 0.292910
vt 0.601114 0.303883
vt 0.600980 0.292910
vt 0.605120 0.294720
vt 0.601114 0.303883
vt 0.600980 0.292910
vt 0.609126 0.285557
vt 0.605120 0.294720
vt 0.605492 0.283986
vt 0.609126 0.285557
vt 0.600980 0.292910
vt 0.605492 0.283986
vt 0.617137 0.267232
vt 0.609126 0.285557
vt 0.614517 0.266138
vt 0.617137 0.267232
vt 0.605492 0.283986
vt 0.593103 0.322208
vt 0.601114 0.303883
vt 0.597845 0.324170
vt 0.601114 0.303883
vt 0.605468 0.305680
vt 0.597845 0.324170
vt 0.601114 0.303883
vt 0.605120 0.294720
vt 0.605468 0.305680
vt 0.605120 0.294720
vt 0.609280 0.296435
vt 0.605468 0.305680
vt 0.605120 0.294720
vt 0.613091 0.287190
vt 0.609280 0.296435
vt 0.609126 0.285557
vt 0.613091 0.287190
vt 0.605120 0.294720
vt 0.609126 0.285557
vt 0.620714 0.268699
vt 0.613091 0.287190
vt 0.617137 0.267232
vt 0.620714 0.268699
vt 0.609126 0.285557
vt 0.597845 0.324170
vt 0.605468 0.305680
vt 0.609575 0.326451
vt 0.605468 0.305680
vt 0.610062 0.306457
vt 0.609575 0.326451
vt 0.605468 0.305680
vt 0.609280 0.296435
vt 0.610062 0.306457
vt 0.609280 0.296435
vt 0.610305 0.296460
vt 0.610062 0.306457
vt 0.609280 0.296435
vt 0.610548 0.286463
vt 0.610305 0.296460
vt 0.613091 0.287190
vt 0.610548 0.286463
vt 0.609280 0.296435
vt 0.613091 0.287190
vt 0.611035 0.266469
vt 0.610548 0.286463
vt 0.620714 0.268699
vt 0.611035 0.266469
vt 0.613091 0.287190
vt 0.609575 0.326451
vt 0.610062 0.306457
vt 0.622472 0.323914
vt 0.610062 0.306457
vt 0.615187 0.305288
vt 0.622472 0.323914
vt 0.610062 0.306457
vt 0.610305 0.296460
vt 0.615187 0.305288
vt 0.610305 0.296460
vt 0.611545 0.295975
vt 0.615187 0.305288
vt 0.610305 0.296460
vt 0.607902 0.286662
vt 0.611545 0.295975
vt 0.610548 0.286463
vt 0.607902 0.286662
vt 0.610305 0.296460
vt 0.610548 0.286463
vt 0.600617 0.268036
vt 0.607902 0.286662
vt 0.611035 0.266469
vt 0.600617 0.268036
vt 0.610548 0.286463
vt 0.622472 0.323914
vt 0.615187 0.305288
vt 0.627875 0.321185
vt 0.615187 0.305288
vt 0.617852 0.303878
vt 0.627875 0.321185
vt 0.615187 0.305288
vt 0.611545 0.295975
vt 0.617852 0.303878
vt 0.611545 0.295975
vt 0.612840 0.295225
vt 0.617852 0.303878
vt 0.611545 0.295975
vt 0.607828 0.286571
vt 0.612840 0.295225
vt 0.607902 0.286662
vt 0.607828 0.286571
vt 0.611545 0.295975
vt 0.607902 0.286662
vt 0.597805 0.269264
vt 0.607828 0.286571
vt 0.600617 0.268036
vt 0.597805 0.269264
vt 0.607902 0.286662
vt 0.627875 0.321185
vt 0.617852 0.303878
vt 0.630359 0.319620
vt 0.617852 0.303878
vt 0.619476 0.302840
vt 0.630359 0.319620
vt 0.617852 0.303878
vt 0.612840 0.295225
vt 0.619476 0.302840
vt 0.612840 0.295225
vt 0.614035 0.294450
vt 0.619476 0.302840
vt 0.612840 0.295225
vt 0.608594 0.286060
vt 0.614035 0.294450
vt 0.607828 0.286571
vt 0.608594 0.286060
vt 0.612840 0.295225
vt 0.607828 0.286571
vt 0.597711 0.269280
vt 0.608594 0.286060
vt 0.597805 0.269264
vt 0.597711 0.269280
vt 0.607828 0.286571
vt 0.630359 0.319620
vt 0.619476 0.302840
vt 0.642668 0.303413
vt 0.619476 0.302840
vt 0.623673 0.297154
vt 0.642668 0.303413
vt 0.619476 0.302840
vt 0.614035 0.294450
vt 0.623673 0.297154
vt 0.614035 0.294450
vt 0.614175 0.294025
vt 0.623673 0.297154
vt 0.614035 0.294450
vt 0.604677 0.290896
vt 0.614175 0.294025
vt 0.608594 0.286060
vt 0.604677 0.290896
vt 0.614035 0.294450
vt 0.608594 0.286060
vt 0.585682 0.284637
vt 0.604677 0.290896
vt 0.597711 0.269280
vt 0.585682 0.284637
vt 0.608594 0.286060
vt 0.642668 0.303413
vt 0.623673 0.297154
vt 0.644025 0.290932
vt 0.623673 0.297154
vt 0.624085 0.292477
vt 0.644025 0.290932
vt 0.623673 0.297154
vt 0.614175 0.294025
vt 0.624085 0.292477
vt 0.614175 0.294025
vt 0.614115 0.293250
vt 0.624085 0.292477
vt 0.614175 0.294025
vt 0.604145 0.294023
vt 0.614115 0.293250
vt 0.604677 0.290896
vt 0.604145 0.294023
vt 0.614175 0.294025
vt 0.604677 0.290896
vt 0.584205 0.295568
vt 0.604145 0.294023
vt 0.585682 0.284637
vt 0.584205 0.295568
vt 0.604677 0.290896
vt 0.644025 0.290932
vt 0.624085 0.292477
vt 0.643043 0.285251
vt 0.624085 0.292477
vt 0.623614 0.289997
vt 0.643043 0.285251
vt 0.624085 0.292477
vt 0.614115 0.293250
vt 0.623614 0.289997
vt 0.614115 0.293250
vt 0.613900 0.292370
vt 0.623614 0.289997
vt 0.614115 0.293250
vt 0.604186 0.294743
vt 0.613900 0.292370
vt 0.604145 0.294023
vt 0.604186 0.294743
vt 0.614115 0.293250
vt 0.604145 0.294023
vt 0.584757 0.299489
vt 0.604186 0.294743
vt 0.584205 0.295568
vt 0.584757 0.299489
vt 0.604145 0.294023
vt 0.643043 0.285251
vt 0.623614 0.289997
vt 0.641145 0.279786
vt 0.623614 0.289997
vt 0.622768 0.287679
vt 0.641145 0.279786
vt 0.623614 0.289997
vt 0.613900 0.292370
vt 0.622768 0.287679
vt 0.613900 0.292370
vt 0.613580 0.291625
vt 0.622768 0.287679
vt 0.613900 0.292370
vt 0.604392 0.295571
vt 0.613580 0.291625
vt 0.604186 0.294743
vt 0.604392 0.295571
vt 0.613900 0.292370
vt 0.604186 0.294743
vt 0.586015 0.303464
vt 0.604392 0.295571
vt 0.584757 0.299489
vt 0.586015 0.303464
vt 0.604186 0.294743
vt 0.641145 0.279786
vt 0.622768 0.287679
vt 0.638048 0.274203
vt 0.622768 0.287679
vt 0.621203 0.284984
vt 0.638048 0.274203
vt 0.622768 0.287679
vt 0.613580 0.291625
vt 0.621203 0.284984
vt 0.613580 0.291625
vt 0.612780 0.290375
vt 0.621203 0.284984
vt 0.613580 0.291625
vt 0.604357 0.295765
vt 0.612780 0.290375
vt 0.604392 0.295571
vt 0.604357 0.295765
vt 0.613580 0.291625
vt 0.604392 0.295571
vt 0.587512 0.306546
vt 0.604357 0.295765
vt 0.586015 0.303464
vt 0.587512 0.306546
vt 0.604392 0.295571
vt 0.638048 0.274203
vt 0.621203 0.284984
vt 0.636354 0.271761
vt 0.621203 0.284984
vt 0.620061 0.283360
vt 0.636354 0.271761
vt 0.621203 0.284984
vt 0.612780 0.290375
vt 0.620061 0.283360
vt 0.612780 0.290375
vt 0.611915 0.289160
vt 0.620061 0.283360
vt 0.612780 0.290375
vt 0.603769 0.294960
vt 0.611915 0.289160
vt 0.604357 0.295765
vt 0.603769 0.294960
vt 0.612780 0.290375
vt 0.604357 0.295765
vt 0.587476 0.306559
vt 0.603769 0.294960
vt 0.587512 0.306546
vt 0.587476 0.306559
vt 0.604357 0.295765
vt 0.636354 0.271761
vt 0.620061 0.283360
vt 0.634523 0.269384
vt 0.620061 0.283360
vt 0.618834 0.281788
vt 0.634523 0.269384
vt 0.620061 0.283360
vt 0.611915 0.289160
vt 0.618834 0.281788
vt 0.611915 0.289160
vt 0.610990 0.287990
vt 0.618834 0.281788
vt 0.611915 0.289160
vt 0.603145 0.294192
vt 0.610990 0.287990
vt 0.603769 0.294960
vt 0.603145 0.294192
vt 0.611915 0.289160
vt 0.603769 0.294960
vt 0.587456 0.306596
vt 0.603145 0.294192
vt 0.587476 0.306559
vt 0.587456 0.306596
vt 0.603769 0.294960
vt 0.634523 0.269384
vt 0.618834 0.281788
vt 0.632488 0.267013
vt 0.618834 0.281788
vt 0.617499 0.280254
vt 0.632488 0.267013
vt 0.618834 0.281788
vt 0.610990 0.287990
vt 0.617499 0.280254
vt 0.610990 0.287990
vt 0.610005 0.286875
vt 0.617499 0.280254
vt 0.610990 0.287990
vt 0.602510 0.293496
vt 0.610005 0.286875
vt 0.603145 0.294192
vt 0.602510 0.293496
vt 0.610990 0.287990
vt 0.603145 0.294192
vt 0.587521 0.306737
vt 0.602510 0.293496
vt 0.587456 0.306596
vt 0.587521 0.306737
vt 0.603145 0.294192
vt 0.632488 0.267013
vt 0.617499 0.280254
vt 0.604227 0.236701
vt 0.617499 0.280254
vt 0.589602 0.250344
vt 0.604227 0.236701
vt 0.617499 0.280254
vt 0.610005 0.286875
vt 0.589602 0.250344
vt 0.610005 0.286875
vt 0.582290 0.257165
vt 0.589602 0.250344
vt 0.610005 0.286875
vt 0.574978 0.263986
vt 0.582290 0.257165
vt 0.602510 0.293496
vt 0.574978 0.263986
vt 0.610005 0.286875
vt 0.602510 0.293496
vt 0.560353 0.277629
vt 0.574978 0.263986
vt 0.587521 0.306737
vt 0.560353 0.277629
vt 0.602510 0.293496
vt 0.604227 0.236701
vt 0.589602 0.250344
vt 0.576503 0.206992
vt 0.589602 0.250344
vt 0.561881 0.220637
vt 0.576503 0.206992
vt 0.589602 0.250344
vt 0.582290 0.257165
vt 0.561881 0.220637
vt 0.582290 0.257165
vt 0.554570 0.227460
vt 0.561881 0.220637
vt 0.582290 0.257165
vt 0.547259 0.234283
vt 0.554570 0.227460
vt 0.574978 0.263986
vt 0.547259 0.234283
vt 0.582290 0.257165
vt 0.574978 0.263986
vt 0.532637 0.247928
vt 0.547259 0.234283
vt 0.560353 0.277629
vt 0.532637 0.247928
vt 0.574978 0.263986
vt 0.576503 0.206992
vt 0.561881 0.220637
vt 0.548741 0.177293
vt 0.561881 0.220637
vt 0.534130 0.190951
vt 0.548741 0.177293
vt 0.561881 0.220637
vt 0.554570 0.227460
vt 0.534130 0.190951
vt 0.554570 0.227460
vt 0.526825 0.197780
vt 0.534130 0.190951
vt 0.554570 0.227460
vt 0.519520 0.204609
vt 0.526825 0.197780
vt 0.547259 0.234283
vt 0.519520 0.204609
vt 0.554570 0.227460
vt 0.547259 0.234283
vt 0.504909 0.218267
vt 0.519520 0.204609
vt 0.532637 0.247928
vt 0.504909 0.218267
vt 0.547259 0.234283
vt 0.548741 0.177293
vt 0.534130 0.190951
vt 0.520912 0.147622
vt 0.534130 0.190951
vt 0.506324 0.161304
vt 0.520912 0.147622
vt 0.534130 0.190951
vt 0.526825 0.197780
vt 0.506324 0.161304
vt 0.526825 0.197780
vt 0.499030 0.168145
vt 0.506324 0.161304
vt 0.526825 0.197780
vt 0.491736 0.174986
vt 0.499030 0.168145
vt 0.519520 0.204609
vt 0.491736 0.174986
vt 0.526825 0.197780
vt 0.519520 0.204609
vt 0.477148 0.188668
vt 0.491736 0.174986
vt 0.504909 0.218267
vt 0.477148 0.188668
vt 0.519520 0.204609
vt 0.520912 0.147622
vt 0.506324 0.161304
vt 0.514935 0.141397
vt 0.506324 0.161304
vt 0.500512 0.155252
vt 0.514935 0.141397
vt 0.506324 0.161304
vt 0.499030 0.168145
vt 0.500512 0.155252
vt 0.499030 0.168145
vt 0.493300 0.162180
vt 0.500512 0.155252
vt 0.499030 0.168145
vt 0.486088 0.169108
vt 0.493300 0.162180
vt 0.491736 0.174986
vt 0.486088 0.169108
vt 0.499030 0.168145
vt 0.491736 0.174986
vt 0.471665 0.182963
vt 0.486088 0.169108
vt 0.477148 0.188668
vt 0.471665 0.182963
vt 0.491736 0.174986
vt 0.514935 0.141397
vt 0.500512 0.155252
vt 0.508589 0.135072
vt 0.500512 0.155252
vt 0.494483 0.149251
vt 0.508589 0.135072
vt 0.500512 0.155252
vt 0.493300 0.162180
vt 0.494483 0.149251
vt 0.493300 0.162180
vt 0.487430 0.156340
vt 0.494483 0.149251
vt 0.493300 0.162180
vt 0.480377 0.163429
vt 0.487430 0.156340
vt 0.486088 0.169108
vt 0.480377 0.163429
vt 0.493300 0.162180
vt 0.486088 0.169108
vt 0.466271 0.177607
vt 0.480377 0.163429
vt 0.471665 0.182963
vt 0.466271 0.177607
vt 0.486088 0.169108
vt 0.508589 0.135072
vt 0.494483 0.149251
vt 0.502078 0.128881
vt 0.494483 0.149251
vt 0.488309 0.143387
vt 0.502078 0.128881
vt 0.494483 0.149251
vt 0.487430 0.156340
vt 0.488309 0.143387
vt 0.487430 0.156340
vt 0.481425 0.150640
vt 0.488309 0.143387
vt 0.487430 0.156340
vt 0.474540 0.157893
vt 0.481425 0.150640
vt 0.480377 0.163429
vt 0.474540 0.157893
vt 0.487430 0.156340
vt 0.480377 0.163429
vt 0.460771 0.172398
vt 0.474540 0.157893
vt 0.466271 0.177607
vt 0.460771 0.172398
vt 0.480377 0.163429
vt 0.502078 0.128881
vt 0.488309 0.143387
vt 0.495392 0.122830
vt 0.488309 0.143387
vt 0.481987 0.137673
vt 0.495392 0.122830
vt 0.488309 0.143387
vt 0.481425 0.150640
vt 0.481987 0.137673
vt 0.481425 0.150640
vt 0.475285 0.145095
vt 0.481987 0.137673
vt 0.481425 0.150640
vt 0.468583 0.152516
vt 0.475285 0.145095
vt 0.474540 0.157893
vt 0.468583 0.152516
vt 0.481425 0.150640
vt 0.474540 0.157893
vt 0.455178 0.167359
vt 0.468583 0.152516
vt 0.460771 0.172398
vt 0.455178 0.167359
vt 0.474540 0.157893
vt 0.495392 0.122830
vt 0.481987 0.137673
vt 0.474114 0.106097
vt 0.481987 0.137673
vt 0.461795 0.121852
vt 0.474114 0.106097
vt 0.481987 0.137673
vt 0.475285 0.145095
vt 0.461795 0.121852
vt 0.475285 0.145095
vt 0.455635 0.129730
vt 0.461795 0.121852
vt 0.475285 0.145095
vt 0.449475 0.137607
vt 0.455635 0.129730
vt 0.468583 0.152516
vt 0.449475 0.137607
vt 0.475285 0.145095
vt 0.468583 0.152516
vt 0.437156 0.153363
vt 0.449475 0.137607
vt 0.455178 0.167359
vt 0.437156 0.153363
vt 0.468583 0.152516
vt 0.474114 0.106097
vt 0.461795 0.121852
vt 0.450061 0.091348
vt 0.461795 0.121852
vt 0.439740 0.108479
vt 0.450061 0.091348
vt 0.461795 0.121852
vt 0.455635 0.129730
vt 0.439740 0.108479
vt 0.455635 0.129730
vt 0.434580 0.117045
vt 0.439740 0.108479
vt 0.455635 0.129730
vt 0.429419 0.125611
vt 0.434580 0.117045
vt 0.449475 0.137607
vt 0.429419 0.125611
vt 0.455635 0.129730
vt 0.449475 0.137607
vt 0.419098 0.142742
vt 0.429419 0.125611
vt 0.437156 0.153363
vt 0.419098 0.142742
vt 0.449475 0.137607
vt 0.450061 0.091348
vt 0.439740 0.108479
vt 0.424236 0.079651
vt 0.439740 0.108479
vt 0.416135 0.097937
vt 0.424236 0.079651
vt 0.439740 0.108479
vt 0.434580 0.117045
vt 0.416135 0.097937
vt 0.434580 0.117045
vt 0.412085 0.107080
vt 0.416135 0.097937
vt 0.434580 0.117045
vt 0.408035 0.116223
vt 0.412085 0.107080
vt 0.429419 0.125611
vt 0.408035 0.116223
vt 0.434580 0.117045
vt 0.429419 0.125611
vt 0.399934 0.134509
vt 0.408035 0.116223
vt 0.419098 0.142742
vt 0.399934 0.134509
vt 0.429419 0.125611
vt 0.424236 0.079651
vt 0.416135 0.097937
vt 0.396737 0.071144
vt 0.416135 0.097937
vt 0.390982 0.090298
vt 0.396737 0.071144
vt 0.416135 0.097937
vt 0.412085 0.107080
vt 0.390982 0.090298
vt 0.412085 0.107080
vt 0.388105 0.099875
vt 0.390982 0.090298
vt 0.412085 0.107080
vt 0.385227 0.109452
vt 0.388105 0.099875
vt 0.408035 0.116223
vt 0.385227 0.109452
vt 0.412085 0.107080
vt 0.408035 0.116223
vt 0.379472 0.128606
vt 0.385227 0.109452
vt 0.399934 0.134509
vt 0.379472 0.128606
vt 0.408035 0.116223
vt 0.396737 0.071144
vt 0.390982 0.090298
vt 0.382299 0.068328
vt 0.390982 0.090298
vt 0.378723 0.088006
vt 0.382299 0.068328
vt 0.390982 0.090298
vt 0.388105 0.099875
vt 0.378723 0.088006
vt 0.388105 0.099875
vt 0.376935 0.097845
vt 0.378723 0.088006
vt 0.388105 0.099875
vt 0.375147 0.107684
vt 0.376935 0.097845
vt 0.385227 0.109452
vt 0.375147 0.107684
vt 0.388105 0.099875
vt 0.385227 0.109452
vt 0.371571 0.127361
vt 0.375147 0.107684
vt 0.379472 0.128606
vt 0.371571 0.127361
vt 0.385227 0.109452
vt 0.382299 0.068328
vt 0.378723 0.088006
vt 0.368653 0.066896
vt 0.378723 0.088006
vt 0.366714 0.086802
vt 0.368653 0.066896
vt 0.378723 0.088006
vt 0.376935 0.097845
vt 0.366714 0.086802
vt 0.376935 0.097845
vt 0.365745 0.096755
vt 0.366714 0.086802
vt 0.376935 0.097845
vt 0.364775 0.106708
vt 0.365745 0.096755
vt 0.375147 0.107684
vt 0.364775 0.106708
vt 0.376935 0.097845
vt 0.375147 0.107684
vt 0.362837 0.126614
vt 0.364775 0.106708
vt 0.371571 0.127361
vt 0.362837 0.126614
vt 0.375147 0.107684
vt 0.201650 0.505860
vt 0.191148 0.526776
vt 0.171154 0.526299
vt 0.201650 0.505860
vt 0.201145 0.527015
vt 0.191148 0.526776
vt 0.201650 0.505860
vt 0.211142 0.527254
vt 0.201145 0.527015
vt 0.201650 0.505860
vt 0.231136 0.527731
vt 0.211142 0.527254
vt 0.171154 0.526299
vt 0.191148 0.526776
vt 0.170682 0.547442
vt 0.191148 0.526776
vt 0.190677 0.547887
vt 0.170682 0.547442
vt 0.191148 0.526776
vt 0.201145 0.527015
vt 0.190677 0.547887
vt 0.201145 0.527015
vt 0.200675 0.548110
vt 0.190677 0.547887
vt 0.201145 0.527015
vt 0.210673 0.548333
vt 0.200675 0.548110
vt 0.211142 0.527254
vt 0.210673 0.548333
vt 0.201145 0.527015
vt 0.211142 0.527254
vt 0.230668 0.548778
vt 0.210673 0.548333
vt 0.231136 0.527731
vt 0.230668 0.548778
vt 0.211142 0.527254
vt 0.170682 0.547442
vt 0.190677 0.547887
vt 0.170280 0.568605
vt 0.190677 0.547887
vt 0.190277 0.568985
vt 0.170280 0.568605
vt 0.190677 0.547887
vt 0.200675 0.548110
vt 0.190277 0.568985
vt 0.200675 0.548110
vt 0.200275 0.569175
vt 0.190277 0.568985
vt 0.200675 0.548110
vt 0.210273 0.569365
vt 0.200275 0.569175
vt 0.210673 0.548333
vt 0.210273 0.569365
vt 0.200675 0.548110
vt 0.210673 0.548333
vt 0.230270 0.569744
vt 0.210273 0.569365
vt 0.230668 0.548778
vt 0.230270 0.569744
vt 0.210673 0.548333
vt 0.170280 0.568605
vt 0.190277 0.568985
vt 0.170226 0.576485
vt 0.190277 0.568985
vt 0.190225 0.576618
vt 0.170226 0.576485
vt 0.190277 0.568985
vt 0.200275 0.569175
vt 0.190225 0.576618
vt 0.200275 0.569175
vt 0.200225 0.576685
vt 0.190225 0.576618
vt 0.200275 0.569175
vt 0.210225 0.576752
vt 0.200225 0.576685
vt 0.210273 0.569365
vt 0.210225 0.576752
vt 0.200275 0.569175
vt 0.210273 0.569365
vt 0.230224 0.576885
vt 0.210225 0.576752
vt 0.230270 0.569744
vt 0.230224 0.576885
vt 0.210273 0.569365
vt 0.170226 0.576485
vt 0.190225 0.576618
vt 0.170328 0.584594
vt 0.190225 0.576618
vt 0.190326 0.584328
vt 0.170328 0.584594
vt 0.190225 0.576618
vt 0.200225 0.576685
vt 0.190326 0.584328
vt 0.200225 0.576685
vt 0.200325 0.584195
vt 0.190326 0.584328
vt 0.200225 0.576685
vt 0.210324 0.584062
vt 0.200325 0.584195
vt 0.210225 0.576752
vt 0.210324 0.584062
vt 0.200225 0.576685
vt 0.210225 0.576752
vt 0.230322 0.583795
vt 0.210324 0.584062
vt 0.230224 0.576885
vt 0.230322 0.583795
vt 0.210225 0.576752
vt 0.170328 0.584594
vt 0.190326 0.584328
vt 0.170586 0.592683
vt 0.190326 0.584328
vt 0.190575 0.592031
vt 0.170586 0.592683
vt 0.190326 0.584328
vt 0.200325 0.584195
vt 0.190575 0.592031
vt 0.200325 0.584195
vt 0.200570 0.591705
vt 0.190575 0.592031
vt 0.200325 0.584195
vt 0.210565 0.591379
vt 0.200570 0.591705
vt 0.210324 0.584062
vt 0.210565 0.591379
vt 0.200325 0.584195
vt 0.210324 0.584062
vt 0.230554 0.590727
vt 0.210565 0.591379
vt 0.230322 0.583795
vt 0.230554 0.590727
vt 0.210324 0.584062
vt 0.170586 0.592683
vt 0.190575 0.592031
vt 0.170994 0.600743
vt 0.190575 0.592031
vt 0.190968 0.599718
vt 0.170994 0.600743
vt 0.190575 0.592031
vt 0.200570 0.591705
vt 0.190968 0.599718
vt 0.200570 0.591705
vt 0.200955 0.599205
vt 0.190968 0.599718
vt 0.200570 0.591705
vt 0.210942 0.598692
vt 0.200955 0.599205
vt 0.210565 0.591379
vt 0.210942 0.598692
vt 0.200570 0.591705
vt 0.210565 0.591379
vt 0.230916 0.597667
vt 0.210942 0.598692
vt 0.230554 0.590727
vt 0.230916 0.597667
vt 0.210565 0.591379
vt 0.170994 0.600743
vt 0.190968 0.599718
vt 0.173104 0.613243
vt 0.190968 0.599718
vt 0.192745 0.609468
vt 0.173104 0.613243
vt 0.190968 0.599718
vt 0.200955 0.599205
vt 0.192745 0.609468
vt 0.200955 0.599205
vt 0.202565 0.607580
vt 0.192745 0.609468
vt 0.200955 0.599205
vt 0.212385 0.605692
vt 0.202565 0.607580
vt 0.210942 0.598692
vt 0.212385 0.605692
vt 0.200955 0.599205
vt 0.210942 0.598692
vt 0.232026 0.601916
vt 0.212385 0.605692
vt 0.230916 0.597667
vt 0.232026 0.601916
vt 0.210942 0.598692
vt 0.173104 0.613243
vt 0.192745 0.609468
vt 0.179250 0.628102
vt 0.192745 0.609468
vt 0.197173 0.619227
vt 0.179250 0.628102
vt 0.192745 0.609468
vt 0.202565 0.607580
vt 0.197173 0.619227
vt 0.202565 0.607580
vt 0.206135 0.614790
vt 0.197173 0.619227
vt 0.202565 0.607580
vt 0.215097 0.610353
vt 0.206135 0.614790
vt 0.212385 0.605692
vt 0.215097 0.610353
vt 0.202565 0.607580
vt 0.212385 0.605692
vt 0.233020 0.601478
vt 0.215097 0.610353
vt 0.232026 0.601916
vt 0.233020 0.601478
vt 0.212385 0.605692
vt 0.179250 0.628102
vt 0.197173 0.619227
vt 0.188754 0.640539
vt 0.197173 0.619227
vt 0.203865 0.627436
vt 0.188754 0.640539
vt 0.197173 0.619227
vt 0.206135 0.614790
vt 0.203865 0.627436
vt 0.206135 0.614790
vt 0.211420 0.620885
vt 0.203865 0.627436
vt 0.206135 0.614790
vt 0.218975 0.614334
vt 0.211420 0.620885
vt 0.215097 0.610353
vt 0.218975 0.614334
vt 0.206135 0.614790
vt 0.215097 0.610353
vt 0.234086 0.601231
vt 0.218975 0.614334
vt 0.233020 0.601478
vt 0.234086 0.601231
vt 0.215097 0.610353
vt 0.188754 0.640539
vt 0.203865 0.627436
vt 0.200258 0.649977
vt 0.203865 0.627436
vt 0.212203 0.633936
vt 0.200258 0.649977
vt 0.203865 0.627436
vt 0.211420 0.620885
vt 0.212203 0.633936
vt 0.211420 0.620885
vt 0.218175 0.625915
vt 0.212203 0.633936
vt 0.211420 0.620885
vt 0.224147 0.617894
vt 0.218175 0.625915
vt 0.218975 0.614334
vt 0.224147 0.617894
vt 0.211420 0.620885
vt 0.218975 0.614334
vt 0.236092 0.601853
vt 0.224147 0.617894
vt 0.234086 0.601231
vt 0.236092 0.601853
vt 0.218975 0.614334
vt 0.200258 0.649977
vt 0.212203 0.633936
vt 0.208368 0.654894
vt 0.212203 0.633936
vt 0.218369 0.637575
vt 0.208368 0.654894
vt 0.212203 0.633936
vt 0.218175 0.625915
vt 0.218369 0.637575
vt 0.218175 0.625915
vt 0.223370 0.628915
vt 0.218369 0.637575
vt 0.218175 0.625915
vt 0.228371 0.620255
vt 0.223370 0.628915
vt 0.224147 0.617894
vt 0.228371 0.620255
vt 0.218175 0.625915
vt 0.224147 0.617894
vt 0.238372 0.602936
vt 0.228371 0.620255
vt 0.236092 0.601853
vt 0.238372 0.602936
vt 0.224147 0.617894
vt 0.208368 0.654894
vt 0.218369 0.637575
vt 0.214827 0.658294
vt 0.218369 0.637575
vt 0.224076 0.640561
vt 0.214827 0.658294
vt 0.218369 0.637575
vt 0.223370 0.628915
vt 0.224076 0.640561
vt 0.223370 0.628915
vt 0.228700 0.631695
vt 0.224076 0.640561
vt 0.223370 0.628915
vt 0.233324 0.622828
vt 0.228700 0.631695
vt 0.228371 0.620255
vt 0.233324 0.622828
vt 0.223370 0.628915
vt 0.228371 0.620255
vt 0.242573 0.605096
vt 0.233324 0.622828
vt 0.238372 0.602936
vt 0.242573 0.605096
vt 0.228371 0.620255
vt 0.214827 0.658294
vt 0.224076 0.640561
vt 0.221229 0.661367
vt 0.224076 0.640561
vt 0.229833 0.643312
vt 0.221229 0.661367
vt 0.224076 0.640561
vt 0.228700 0.631695
vt 0.229833 0.643312
vt 0.228700 0.631695
vt 0.234135 0.634285
vt 0.229833 0.643312
vt 0.228700 0.631695
vt 0.238437 0.625258
vt 0.234135 0.634285
vt 0.233324 0.622828
vt 0.238437 0.625258
vt 0.228700 0.631695
vt 0.233324 0.622828
vt 0.247041 0.607203
vt 0.238437 0.625258
vt 0.242573 0.605096
vt 0.247041 0.607203
vt 0.233324 0.622828
vt 0.221229 0.661367
vt 0.229833 0.643312
vt 0.227497 0.664152
vt 0.229833 0.643312
vt 0.235586 0.645861
vt 0.227497 0.664152
vt 0.229833 0.643312
vt 0.234135 0.634285
vt 0.235586 0.645861
vt 0.234135 0.634285
vt 0.239630 0.636715
vt 0.235586 0.645861
vt 0.234135 0.634285
vt 0.243674 0.627569
vt 0.239630 0.636715
vt 0.238437 0.625258
vt 0.243674 0.627569
vt 0.234135 0.634285
vt 0.238437 0.625258
vt 0.251763 0.609278
vt 0.243674 0.627569
vt 0.247041 0.607203
vt 0.251763 0.609278
vt 0.238437 0.625258
vt 0.227497 0.664152
vt 0.235586 0.645861
vt 0.238379 0.668737
vt 0.235586 0.645861
vt 0.246136 0.650302
vt 0.238379 0.668737
vt 0.235586 0.645861
vt 0.239630 0.636715
vt 0.246136 0.650302
vt 0.239630 0.636715
vt 0.250015 0.641085
vt 0.246136 0.650302
vt 0.239630 0.636715
vt 0.253894 0.631868
vt 0.250015 0.641085
vt 0.243674 0.627569
vt 0.253894 0.631868
vt 0.239630 0.636715
vt 0.243674 0.627569
vt 0.261651 0.613433
vt 0.253894 0.631868
vt 0.251763 0.609278
vt 0.261651 0.613433
vt 0.243674 0.627569
vt 0.238379 0.668737
vt 0.246136 0.650302
vt 0.249090 0.673118
vt 0.246136 0.650302
vt 0.256660 0.654606
vt 0.249090 0.673118
vt 0.246136 0.650302
vt 0.250015 0.641085
vt 0.256660 0.654606
vt 0.250015 0.641085
vt 0.260445 0.645350
vt 0.256660 0.654606
vt 0.250015 0.641085
vt 0.264230 0.636094
vt 0.260445 0.645350
vt 0.253894 0.631868
vt 0.264230 0.636094
vt 0.250015 0.641085
vt 0.253894 0.631868
vt 0.271800 0.617582
vt 0.264230 0.636094
vt 0.261651 0.613433
vt 0.271800 0.617582
vt 0.253894 0.631868
vt 0.249090 0.673118
vt 0.256660 0.654606
vt 0.259759 0.677391
vt 0.256660 0.654606
vt 0.267193 0.658824
vt 0.259759 0.677391
vt 0.256660 0.654606
vt 0.260445 0.645350
vt 0.267193 0.658824
vt 0.260445 0.645350
vt 0.270910 0.649540
vt 0.267193 0.658824
vt 0.260445 0.645350
vt 0.274627 0.640256
vt 0.270910 0.649540
vt 0.264230 0.636094
vt 0.274627 0.640256
vt 0.260445 0.645350
vt 0.264230 0.636094
vt 0.282061 0.621689
vt 0.274627 0.640256
vt 0.271800 0.617582
vt 0.282061 0.621689
vt 0.264230 0.636094
vt 0.259759 0.677391
vt 0.267193 0.658824
vt 0.270377 0.681584
vt 0.267193 0.658824
vt 0.277722 0.662981
vt 0.270377 0.681584
vt 0.267193 0.658824
vt 0.270910 0.649540
vt 0.277722 0.662981
vt 0.270910 0.649540
vt 0.281395 0.653680
vt 0.277722 0.662981
vt 0.270910 0.649540
vt 0.285068 0.644379
vt 0.281395 0.653680
vt 0.274627 0.640256
vt 0.285068 0.644379
vt 0.270910 0.649540
vt 0.274627 0.640256
vt 0.292413 0.625776
vt 0.285068 0.644379
vt 0.282061 0.621689
vt 0.292413 0.625776
vt 0.274627 0.640256
vt 0.270377 0.681584
vt 0.277722 0.662981
vt 0.288109 0.688434
vt 0.277722 0.662981
vt 0.295316 0.669778
vt 0.288109 0.688434
vt 0.277722 0.662981
vt 0.281395 0.653680
vt 0.295316 0.669778
vt 0.281395 0.653680
vt 0.298920 0.660450
vt 0.295316 0.669778
vt 0.281395 0.653680
vt 0.302524 0.651122
vt 0.298920 0.660450
vt 0.285068 0.644379
vt 0.302524 0.651122
vt 0.281395 0.653680
vt 0.285068 0.644379
vt 0.309731 0.632466
vt 0.302524 0.651122
vt 0.292413 0.625776
vt 0.309731 0.632466
vt 0.285068 0.644379
vt 0.288109 0.688434
vt 0.295316 0.669778
vt 0.305785 0.695176
vt 0.295316 0.669778
vt 0.312912 0.676489
vt 0.305785 0.695176
vt 0.295316 0.669778
vt 0.298920 0.660450
vt 0.312912 0.676489
vt 0.298920 0.660450
vt 0.316475 0.667145
vt 0.312912 0.676489
vt 0.298920 0.660450
vt 0.320038 0.657801
vt 0.316475 0.667145
vt 0.302524 0.651122
vt 0.320038 0.657801
vt 0.298920 0.660450
vt 0.302524 0.651122
vt 0.327165 0.639114
vt 0.320038 0.657801
vt 0.309731 0.632466
vt 0.327165 0.639114
vt 0.302524 0.651122
vt 0.305785 0.695176
vt 0.312912 0.676489
vt 0.323103 0.701914
vt 0.312912 0.676489
vt 0.330354 0.683275
vt 0.323103 0.701914
vt 0.312912 0.676489
vt 0.316475 0.667145
vt 0.330354 0.683275
vt 0.316475 0.667145
vt 0.333980 0.673955
vt 0.330354 0.683275
vt 0.316475 0.667145
vt 0.337606 0.664635
vt 0.333980 0.673955
vt 0.320038 0.657801
vt 0.337606 0.664635
vt 0.316475 0.667145
vt 0.320038 0.657801
vt 0.344857 0.645996
vt 0.337606 0.664635
vt 0.327165 0.639114
vt 0.344857 0.645996
vt 0.320038 0.657801
vt 0.323103 0.701914
vt 0.330354 0.683275
vt 0.340008 0.708829
vt 0.330354 0.683275
vt 0.347576 0.690316
vt 0.340008 0.708829
vt 0.330354 0.683275
vt 0.333980 0.673955
vt 0.347576 0.690316
vt 0.333980 0.673955
vt 0.351360 0.681060
vt 0.347576 0.690316
vt 0.333980 0.673955
vt 0.355144 0.671804
vt 0.351360 0.681060
vt 0.337606 0.664635
vt 0.355144 0.671804
vt 0.333980 0.673955
vt 0.337606 0.664635
vt 0.362712 0.653291
vt 0.355144 0.671804
vt 0.344857 0.645996
vt 0.362712 0.653291
vt 0.337606 0.664635
vt 0.340008 0.708829
vt 0.347576 0.690316
vt 0.357004 0.714957
vt 0.347576 0.690316
vt 0.363758 0.696132
vt 0.357004 0.714957
vt 0.347576 0.690316
vt 0.351360 0.681060
vt 0.363758 0.696132
vt 0.351360 0.681060
vt 0.367135 0.686720
vt 0.363758 0.696132
vt 0.351360 0.681060
vt 0.370512 0.677308
vt 0.367135 0.686720
vt 0.355144 0.671804
vt 0.370512 0.677308
vt 0.351360 0.681060
vt 0.355144 0.671804
vt 0.377266 0.658483
vt 0.370512 0.677308
vt 0.362712 0.653291
vt 0.377266 0.658483
vt 0.355144 0.671804
vt 0.357004 0.714957
vt 0.363758 0.696132
vt 0.376963 0.719388
vt 0.363758 0.696132
vt 0.381014 0.699803
vt 0.376963 0.719388
vt 0.363758 0.696132
vt 0.367135 0.686720
vt 0.381014 0.699803
vt 0.367135 0.686720
vt 0.383040 0.690010
vt 0.381014 0.699803
vt 0.367135 0.686720
vt 0.385066 0.680217
vt 0.383040 0.690010
vt 0.370512 0.677308
vt 0.385066 0.680217
vt 0.367135 0.686720
vt 0.370512 0.677308
vt 0.389117 0.660632
vt 0.385066 0.680217
vt 0.377266 0.658483
vt 0.389117 0.660632
vt 0.370512 0.677308
vt 0.376963 0.719388
vt 0.381014 0.699803
vt 0.398491 0.720387
vt 0.381014 0.699803
vt 0.398967 0.700392
vt 0.398491 0.720387
vt 0.381014 0.699803
vt 0.383040 0.690010
vt 0.398967 0.700392
vt 0.383040 0.690010
vt 0.399205 0.690395
vt 0.398967 0.700392
vt 0.383040 0.690010
vt 0.399443 0.680398
vt 0.399205 0.690395
vt 0.385066 0.680217
vt 0.399443 0.680398
vt 0.383040 0.690010
vt 0.385066 0.680217
vt 0.399919 0.660403
vt 0.399443 0.680398
vt 0.389117 0.660632
vt 0.399919 0.660403
vt 0.385066 0.680217
vt 0.398491 0.720387
vt 0.398967 0.700392
vt 0.421209 0.716835
vt 0.398967 0.700392
vt 0.417573 0.697168
vt 0.421209 0.716835
vt 0.398967 0.700392
vt 0.399205 0.690395
vt 0.417573 0.697168
vt 0.399205 0.690395
vt 0.415755 0.687335
vt 0.417573 0.697168
vt 0.399205 0.690395
vt 0.413937 0.677502
vt 0.415755 0.687335
vt 0.399443 0.680398
vt 0.413937 0.677502
vt 0.399205 0.690395
vt 0.399443 0.680398
vt 0.410301 0.657835
vt 0.413937 0.677502
vt 0.399919 0.660403
vt 0.410301 0.657835
vt 0.399443 0.680398
vt 0.421209 0.716835
vt 0.417573 0.697168
vt 0.428145 0.715151
vt 0.417573 0.697168
vt 0.423258 0.695757
vt 0.428145 0.715151
vt 0.417573 0.697168
vt 0.415755 0.687335
vt 0.423258 0.695757
vt 0.415755 0.687335
vt 0.420815 0.686060
vt 0.423258 0.695757
vt 0.415755 0.687335
vt 0.418372 0.676363
vt 0.420815 0.686060
vt 0.413937 0.677502
vt 0.418372 0.676363
vt 0.415755 0.687335
vt 0.413937 0.677502
vt 0.413485 0.656969
vt 0.418372 0.676363
vt 0.410301 0.657835
vt 0.413485 0.656969
vt 0.413937 0.677502
vt 0.428145 0.715151
vt 0.423258 0.695757
vt 0.431740 0.714486
vt 0.423258 0.695757
vt 0.427880 0.694862
vt 0.431740 0.714486
vt 0.423258 0.695757
vt 0.420815 0.686060
vt 0.427880 0.694862
vt 0.420815 0.686060
vt 0.425950 0.685050
vt 0.427880 0.694862
vt 0.420815 0.686060
vt 0.424020 0.675238
vt 0.425950 0.685050
vt 0.418372 0.676363
vt 0.424020 0.675238
vt 0.420815 0.686060
vt 0.418372 0.676363
vt 0.420160 0.655614
vt 0.424020 0.675238
vt 0.413485 0.656969
vt 0.420160 0.655614
vt 0.418372 0.676363
vt 0.431740 0.714486
vt 0.427880 0.694862
vt 0.436625 0.713572
vt 0.427880 0.694862
vt 0.432942 0.693914
vt 0.436625 0.713572
vt 0.427880 0.694862
vt 0.425950 0.685050
vt 0.432942 0.693914
vt 0.425950 0.685050
vt 0.431100 0.684085
vt 0.432942 0.693914
vt 0.425950 0.685050
vt 0.429258 0.674256
vt 0.431100 0.684085
vt 0.424020 0.675238
vt 0.429258 0.674256
vt 0.425950 0.685050
vt 0.424020 0.675238
vt 0.425575 0.654598
vt 0.429258 0.674256
vt 0.420160 0.655614
vt 0.425575 0.654598
vt 0.424020 0.675238
vt 0.436625 0.713572
vt 0.432942 0.693914
vt 0.442743 0.712224
vt 0.432942 0.693914
vt 0.438384 0.692705
vt 0.442743 0.712224
vt 0.432942 0.693914
vt 0.431100 0.684085
vt 0.438384 0.692705
vt 0.431100 0.684085
vt 0.436205 0.682945
vt 0.438384 0.692705
vt 0.431100 0.684085
vt 0.434026 0.673185
vt 0.436205 0.682945
vt 0.429258 0.674256
vt 0.434026 0.673185
vt 0.431100 0.684085
vt 0.429258 0.674256
vt 0.429667 0.653666
vt 0.434026 0.673185
vt 0.425575 0.654598
vt 0.429667 0.653666
vt 0.429258 0.674256
vt 0.442743 0.712224
vt 0.438384 0.692705
vt 0.456796 0.705152
vt 0.438384 0.692705
vt 0.445332 0.688764
vt 0.456796 0.705152
vt 0.438384 0.692705
vt 0.436205 0.682945
vt 0.445332 0.688764
vt 0.436205 0.682945
vt 0.439600 0.680570
vt 0.445332 0.688764
vt 0.436205 0.682945
vt 0.433868 0.672376
vt 0.439600 0.680570
vt 0.434026 0.673185
vt 0.433868 0.672376
vt 0.436205 0.682945
vt 0.434026 0.673185
vt 0.422403 0.655988
vt 0.433868 0.672376
vt 0.429667 0.653666
vt 0.422403 0.655988
vt 0.434026 0.673185
vt 0.456796 0.705152
vt 0.445332 0.688764
vt 0.468604 0.689562
vt 0.445332 0.688764
vt 0.450648 0.680754
vt 0.468604 0.689562
vt 0.445332 0.688764
vt 0.439600 0.680570
vt 0.450648 0.680754
vt 0.439600 0.680570
vt 0.441670 0.676350
vt 0.450648 0.680754
vt 0.439600 0.680570
vt 0.432692 0.671946
vt 0.441670 0.676350
vt 0.433868 0.672376
vt 0.432692 0.671946
vt 0.439600 0.680570
vt 0.433868 0.672376
vt 0.414736 0.663138
vt 0.432692 0.671946
vt 0.422403 0.655988
vt 0.414736 0.663138
vt 0.433868 0.672376
vt 0.468604 0.689562
vt 0.450648 0.680754
vt 0.471971 0.674211
vt 0.450648 0.680754
vt 0.452047 0.672470
vt 0.471971 0.674211
vt 0.450648 0.680754
vt 0.441670 0.676350
vt 0.452047 0.672470
vt 0.441670 0.676350
vt 0.442085 0.671600
vt 0.452047 0.672470
vt 0.441670 0.676350
vt 0.432123 0.670730
vt 0.442085 0.671600
vt 0.432692 0.671946
vt 0.432123 0.670730
vt 0.441670 0.676350
vt 0.432692 0.671946
vt 0.412199 0.668989
vt 0.432123 0.670730
vt 0.414736 0.663138
vt 0.412199 0.668989
vt 0.432692 0.671946
vt 0.471971 0.674211
vt 0.452047 0.672470
vt 0.468391 0.656560
vt 0.452047 0.672470
vt 0.449804 0.663943
vt 0.468391 0.656560
vt 0.452047 0.672470
vt 0.442085 0.671600
vt 0.449804 0.663943
vt 0.442085 0.671600
vt 0.440510 0.667635
vt 0.449804 0.663943
vt 0.442085 0.671600
vt 0.431216 0.671327
vt 0.440510 0.667635
vt 0.432123 0.670730
vt 0.431216 0.671327
vt 0.442085 0.671600
vt 0.432123 0.670730
vt 0.412629 0.678710
vt 0.431216 0.671327
vt 0.412199 0.668989
vt 0.412629 0.678710
vt 0.432123 0.670730
vt 0.468391 0.656560
vt 0.449804 0.663943
vt 0.461713 0.646295
vt 0.449804 0.663943
vt 0.446601 0.659395
vt 0.461713 0.646295
vt 0.449804 0.663943
vt 0.440510 0.667635
vt 0.446601 0.659395
vt 0.440510 0.667635
vt 0.439045 0.665945
vt 0.446601 0.659395
vt 0.440510 0.667635
vt 0.431489 0.672495
vt 0.439045 0.665945
vt 0.431216 0.671327
vt 0.431489 0.672495
vt 0.440510 0.667635
vt 0.431216 0.671327
vt 0.416377 0.685595
vt 0.431489 0.672495
vt 0.412629 0.678710
vt 0.416377 0.685595
vt 0.431216 0.671327
vt 0.461713 0.646295
vt 0.446601 0.659395
vt 0.459697 0.644070
vt 0.446601 0.659395
vt 0.444922 0.657550
vt 0.459697 0.644070
vt 0.446601 0.659395
vt 0.439045 0.665945
vt 0.444922 0.657550
vt 0.439045 0.665945
vt 0.437535 0.664290
vt 0.444922 0.657550
vt 0.439045 0.665945
vt 0.430148 0.671030
vt 0.437535 0.664290
vt 0.431489 0.672495
vt 0.430148 0.671030
vt 0.439045 0.665945
vt 0.431489 0.672495
vt 0.415373 0.684510
vt 0.430148 0.671030
vt 0.416377 0.685595
vt 0.415373 0.684510
vt 0.431489 0.672495
vt 0.459697 0.644070
vt 0.444922 0.657550
vt 0.457168 0.641497
vt 0.444922 0.657550
vt 0.443026 0.655639
vt 0.457168 0.641497
vt 0.444922 0.657550
vt 0.437535 0.664290
vt 0.443026 0.655639
vt 0.437535 0.664290
vt 0.435955 0.662710
vt 0.443026 0.655639
vt 0.437535 0.664290
vt 0.428884 0.669781
vt 0.435955 0.662710
vt 0.430148 0.671030
vt 0.428884 0.669781
vt 0.437535 0.664290
vt 0.430148 0.671030
vt 0.414742 0.683923
vt 0.428884 0.669781
vt 0.415373 0.684510
vt 0.414742 0.683923
vt 0.430148 0.671030
vt 0.457168 0.641497
vt 0.443026 0.655639
vt 0.454069 0.638693
vt 0.443026 0.655639
vt 0.440880 0.653728
vt 0.454069 0.638693
vt 0.443026 0.655639
vt 0.435955 0.662710
vt 0.440880 0.653728
vt 0.435955 0.662710
vt 0.434285 0.661245
vt 0.440880 0.653728
vt 0.435955 0.662710
vt 0.427690 0.668762
vt 0.434285 0.661245
vt 0.428884 0.669781
vt 0.427690 0.668762
vt 0.435955 0.662710
vt 0.428884 0.669781
vt 0.414501 0.683797
vt 0.427690 0.668762
vt 0.414742 0.683923
vt 0.414501 0.683797
vt 0.428884 0.669781
vt 0.454069 0.638693
vt 0.440880 0.653728
vt 0.442325 0.629927
vt 0.440880 0.653728
vt 0.430485 0.646046
vt 0.442325 0.629927
vt 0.440880 0.653728
vt 0.434285 0.661245
vt 0.430485 0.646046
vt 0.434285 0.661245
vt 0.424565 0.654105
vt 0.430485 0.646046
vt 0.434285 0.661245
vt 0.418645 0.662164
vt 0.424565 0.654105
vt 0.427690 0.668762
vt 0.418645 0.662164
vt 0.434285 0.661245
vt 0.427690 0.668762
vt 0.406805 0.678283
vt 0.418645 0.662164
vt 0.414501 0.683797
vt 0.406805 0.678283
vt 0.427690 0.668762
vt 0.442325 0.629927
vt 0.430485 0.646046
vt 0.429693 0.622224
vt 0.430485 0.646046
vt 0.419438 0.639395
vt 0.429693 0.622224
vt 0.430485 0.646046
vt 0.424565 0.654105
vt 0.419438 0.639395
vt 0.424565 0.654105
vt 0.414310 0.647980
vt 0.419438 0.639395
vt 0.424565 0.654105
vt 0.409182 0.656565
vt 0.414310 0.647980
vt 0.418645 0.662164
vt 0.409182 0.656565
vt 0.424565 0.654105
vt 0.418645 0.662164
vt 0.398927 0.673736
vt 0.409182 0.656565
vt 0.406805 0.678283
vt 0.398927 0.673736
vt 0.418645 0.662164
vt 0.429693 0.622224
vt 0.419438 0.639395
vt 0.416169 0.615738
vt 0.419438 0.639395
vt 0.407706 0.633859
vt 0.416169 0.615738
vt 0.419438 0.639395
vt 0.414310 0.647980
vt 0.407706 0.633859
vt 0.414310 0.647980
vt 0.403475 0.642920
vt 0.407706 0.633859
vt 0.414310 0.647980
vt 0.399244 0.651981
vt 0.403475 0.642920
vt 0.409182 0.656565
vt 0.399244 0.651981
vt 0.414310 0.647980
vt 0.409182 0.656565
vt 0.390781 0.670102
vt 0.399244 0.651981
vt 0.398927 0.673736
vt 0.390781 0.670102
vt 0.409182 0.656565
vt 0.416169 0.615738
vt 0.407706 0.633859
vt 0.401819 0.610609
vt 0.407706 0.633859
vt 0.395290 0.629513
vt 0.401819 0.610609
vt 0.407706 0.633859
vt 0.403475 0.642920
vt 0.395290 0.629513
vt 0.403475 0.642920
vt 0.392025 0.638965
vt 0.395290 0.629513
vt 0.403475 0.642920
vt 0.388760 0.648417
vt 0.392025 0.638965
vt 0.399244 0.651981
vt 0.388760 0.648417
vt 0.403475 0.642920
vt 0.399244 0.651981
vt 0.382230 0.667321
vt 0.388760 0.648417
vt 0.390781 0.670102
vt 0.382230 0.667321
vt 0.399244 0.651981
vt 0.401819 0.610609
vt 0.395290 0.629513
vt 0.395114 0.608527
vt 0.395290 0.629513
vt 0.389231 0.627642
vt 0.395114 0.608527
vt 0.395290 0.629513
vt 0.392025 0.638965
vt 0.389231 0.627642
vt 0.392025 0.638965
vt 0.386290 0.637200
vt 0.389231 0.627642
vt 0.392025 0.638965
vt 0.383349 0.646758
vt 0.386290 0.637200
vt 0.388760 0.648417
vt 0.383349 0.646758
vt 0.392025 0.638965
vt 0.388760 0.648417
vt 0.377466 0.665873
vt 0.383349 0.646758
vt 0.382230 0.667321
vt 0.377466 0.665873
vt 0.388760 0.648417
vt 0.395114 0.608527
vt 0.389231 0.627642
vt 0.390653 0.606914
vt 0.389231 0.627642
vt 0.383961 0.625761
vt 0.390653 0.606914
vt 0.389231 0.627642
vt 0.386290 0.637200
vt 0.383961 0.625761
vt 0.386290 0.637200
vt 0.380615 0.635185
vt 0.383961 0.625761
vt 0.386290 0.637200
vt 0.377269 0.644609
vt 0.380615 0.635185
vt 0.383349 0.646758
vt 0.377269 0.644609
vt 0.386290 0.637200
vt 0.383349 0.646758
vt 0.370577 0.663456
vt 0.377269 0.644609
vt 0.377466 0.665873
vt 0.370577 0.663456
vt 0.383349 0.646758
vt 0.390653 0.606914
vt 0.383961 0.625761
vt 0.386607 0.605182
vt 0.383961 0.625761
vt 0.378916 0.623644
vt 0.386607 0.605182
vt 0.383961 0.625761
vt 0.380615 0.635185
vt 0.378916 0.623644
vt 0.380615 0.635185
vt 0.375070 0.632875
vt 0.378916 0.623644
vt 0.380615 0.635185
vt 0.371224 0.642106
vt 0.375070 0.632875
vt 0.377269 0.644609
vt 0.371224 0.642106
vt 0.380615 0.635185
vt 0.377269 0.644609
vt 0.363533 0.660568
vt 0.371224 0.642106
vt 0.370577 0.663456
vt 0.363533 0.660568
vt 0.377269 0.644609
vt 0.386607 0.605182
vt 0.378916 0.623644
vt 0.383021 0.603337
vt 0.378916 0.623644
vt 0.374150 0.621262
vt 0.383021 0.603337
vt 0.378916 0.623644
vt 0.375070 0.632875
vt 0.374150 0.621262
vt 0.375070 0.632875
vt 0.369715 0.630225
vt 0.374150 0.621262
vt 0.375070 0.632875
vt 0.365280 0.639188
vt 0.369715 0.630225
vt 0.371224 0.642106
vt 0.365280 0.639188
vt 0.375070 0.632875
vt 0.371224 0.642106
vt 0.356409 0.657113
vt 0.365280 0.639188
vt 0.363533 0.660568
vt 0.356409 0.657113
vt 0.371224 0.642106
vt 0.383021 0.603337
vt 0.374150 0.621262
vt 0.375548 0.598063
vt 0.374150 0.621262
vt 0.364459 0.614708
vt 0.375548 0.598063
vt 0.374150 0.621262
vt 0.369715 0.630225
vt 0.364459 0.614708
vt 0.369715 0.630225
vt 0.358915 0.623030
vt 0.364459 0.614708
vt 0.369715 0.630225
vt 0.353371 0.631352
vt 0.358915 0.623030
vt 0.365280 0.639188
vt 0.353371 0.631352
vt 0.369715 0.630225
vt 0.365280 0.639188
vt 0.342282 0.647997
vt 0.353371 0.631352
vt 0.356409 0.657113
vt 0.342282 0.647997
vt 0.365280 0.639188
vt 0.375548 0.598063
vt 0.364459 0.614708
vt 0.371363 0.593002
vt 0.364459 0.614708
vt 0.357181 0.607104
vt 0.371363 0.593002
vt 0.364459 0.614708
vt 0.358915 0.623030
vt 0.357181 0.607104
vt 0.358915 0.623030
vt 0.350090 0.614155
vt 0.357181 0.607104
vt 0.358915 0.623030
vt 0.342999 0.621206
vt 0.350090 0.614155
vt 0.353371 0.631352
vt 0.342999 0.621206
vt 0.358915 0.623030
vt 0.353371 0.631352
vt 0.328817 0.635308
vt 0.342999 0.621206
vt 0.342282 0.647997
vt 0.328817 0.635308
vt 0.353371 0.631352
vt 0.371363 0.593002
vt 0.357181 0.607104
vt 0.368603 0.587429
vt 0.357181 0.607104
vt 0.351758 0.598210
vt 0.368603 0.587429
vt 0.357181 0.607104
vt 0.350090 0.614155
vt 0.351758 0.598210
vt 0.350090 0.614155
vt 0.343335 0.603600
vt 0.351758 0.598210
vt 0.350090 0.614155
vt 0.334912 0.608990
vt 0.343335 0.603600
vt 0.342999 0.621206
vt 0.334912 0.608990
vt 0.350090 0.614155
vt 0.342999 0.621206
vt 0.318067 0.619771
vt 0.334912 0.608990
vt 0.328817 0.635308
vt 0.318067 0.619771
vt 0.342999 0.621206
vt 0.368603 0.587429
vt 0.351758 0.598210
vt 0.366841 0.580839
vt 0.351758 0.598210
vt 0.348114 0.587860
vt 0.366841 0.580839
vt 0.351758 0.598210
vt 0.343335 0.603600
vt 0.348114 0.587860
vt 0.343335 0.603600
vt 0.338750 0.591370
vt 0.348114 0.587860
vt 0.343335 0.603600
vt 0.329386 0.594880
vt 0.338750 0.591370
vt 0.334912 0.608990
vt 0.329386 0.594880
vt 0.343335 0.603600
vt 0.334912 0.608990
vt 0.310659 0.601901
vt 0.329386 0.594880
vt 0.318067 0.619771
vt 0.310659 0.601901
vt 0.334912 0.608990
vt 0.366841 0.580839
vt 0.348114 0.587860
vt 0.366363 0.578512
vt 0.348114 0.587860
vt 0.347044 0.583687
vt 0.366363 0.578512
vt 0.348114 0.587860
vt 0.338750 0.591370
vt 0.347044 0.583687
vt 0.338750 0.591370
vt 0.337385 0.586275
vt 0.347044 0.583687
vt 0.338750 0.591370
vt 0.327726 0.588863
vt 0.337385 0.586275
vt 0.329386 0.594880
vt 0.327726 0.588863
vt 0.338750 0.591370
vt 0.329386 0.594880
vt 0.308407 0.594038
vt 0.327726 0.588863
vt 0.310659 0.601901
vt 0.308407 0.594038
vt 0.329386 0.594880
vt 0.366363 0.578512
vt 0.347044 0.583687
vt 0.365199 0.573854
vt 0.347044 0.583687
vt 0.345800 0.578718
vt 0.365199 0.573854
vt 0.347044 0.583687
vt 0.337385 0.586275
vt 0.345800 0.578718
vt 0.337385 0.586275
vt 0.336100 0.581150
vt 0.345800 0.578718
vt 0.337385 0.586275
vt 0.326400 0.583582
vt 0.336100 0.581150
vt 0.327726 0.588863
vt 0.326400 0.583582
vt 0.337385 0.586275
vt 0.327726 0.588863
vt 0.307001 0.588446
vt 0.326400 0.583582
vt 0.308407 0.594038
vt 0.307001 0.588446
vt 0.327726 0.588863
vt 0.365199 0.573854
vt 0.345800 0.578718
vt 0.364446 0.570007
vt 0.345800 0.578718
vt 0.344849 0.573999
vt 0.364446 0.570007
vt 0.345800 0.578718
vt 0.336100 0.581150
vt 0.344849 0.573999
vt 0.336100 0.581150
vt 0.335050 0.575995
vt 0.344849 0.573999
vt 0.336100 0.581150
vt 0.325251 0.577991
vt 0.335050 0.575995
vt 0.326400 0.583582
vt 0.325251 0.577991
vt 0.336100 0.581150
vt 0.326400 0.583582
vt 0.305654 0.581982
vt 0.325251 0.577991
vt 0.307001 0.588446
vt 0.305654 0.581982
vt 0.326400 0.583582
vt 0.364446 0.570007
vt 0.344849 0.573999
vt 0.364167 0.567078
vt 0.344849 0.573999
vt 0.344322 0.569566
vt 0.364167 0.567078
vt 0.344849 0.573999
vt 0.335050 0.575995
vt 0.344322 0.569566
vt 0.335050 0.575995
vt 0.334400 0.570810
vt 0.344322 0.569566
vt 0.335050 0.575995
vt 0.324478 0.572054
vt 0.334400 0.570810
vt 0.325251 0.577991
vt 0.324478 0.572054
vt 0.335050 0.575995
vt 0.325251 0.577991
vt 0.304633 0.574542
vt 0.324478 0.572054
vt 0.305654 0.581982
vt 0.304633 0.574542
vt 0.325251 0.577991
vt 0.364167 0.567078
vt 0.344322 0.569566
vt 0.362995 0.544353
vt 0.344322 0.569566
vt 0.343025 0.545448
vt 0.362995 0.544353
vt 0.344322 0.569566
vt 0.334400 0.570810
vt 0.343025 0.545448
vt 0.334400 0.570810
vt 0.333040 0.545995
vt 0.343025 0.545448
vt 0.334400 0.570810
vt 0.323055 0.546542
vt 0.333040 0.545995
vt 0.324478 0.572054
vt 0.323055 0.546542
vt 0.334400 0.570810
vt 0.324478 0.572054
vt 0.303085 0.547637
vt 0.323055 0.546542
vt 0.304633 0.574542
vt 0.303085 0.547637
vt 0.324478 0.572054
vt 0.362995 0.544353
vt 0.343025 0.545448
vt 0.363050 0.521237
vt 0.343025 0.545448
vt 0.343050 0.521229
vt 0.363050 0.521237
vt 0.343025 0.545448
vt 0.333040 0.545995
vt 0.343050 0.521229
vt 0.333040 0.545995
vt 0.333050 0.521225
vt 0.343050 0.521229
vt 0.333040 0.545995
vt 0.323050 0.521221
vt 0.333050 0.521225
vt 0.323055 0.546542
vt 0.323050 0.521221
vt 0.333040 0.545995
vt 0.323055 0.546542
vt 0.303050 0.521213
vt 0.323050 0.521221
vt 0.303085 0.547637
vt 0.303050 0.521213
vt 0.323055 0.546542
vt 0.363050 0.521237
vt 0.343050 0.521229
vt 0.364752 0.498687
vt 0.343050 0.521229
vt 0.344804 0.497249
vt 0.364752 0.498687
vt 0.343050 0.521229
vt 0.333050 0.521225
vt 0.344804 0.497249
vt 0.333050 0.521225
vt 0.334830 0.496530
vt 0.344804 0.497249
vt 0.333050 0.521225
vt 0.324856 0.495811
vt 0.334830 0.496530
vt 0.323050 0.521221
vt 0.324856 0.495811
vt 0.333050 0.521225
vt 0.323050 0.521221
vt 0.304908 0.494373
vt 0.324856 0.495811
vt 0.303050 0.521213
vt 0.304908 0.494373
vt 0.323050 0.521221
vt 0.364752 0.498687
vt 0.344804 0.497249
vt 0.368392 0.476680
vt 0.344804 0.497249
vt 0.348644 0.473517
vt 0.368392 0.476680
vt 0.344804 0.497249
vt 0.334830 0.496530
vt 0.348644 0.473517
vt 0.334830 0.496530
vt 0.338770 0.471935
vt 0.348644 0.473517
vt 0.334830 0.496530
vt 0.328896 0.470353
vt 0.338770 0.471935
vt 0.324856 0.495811
vt 0.328896 0.470353
vt 0.334830 0.496530
vt 0.324856 0.495811
vt 0.309148 0.467190
vt 0.328896 0.470353
vt 0.304908 0.494373
vt 0.309148 0.467190
vt 0.324856 0.495811
vt 0.368392 0.476680
vt 0.348644 0.473517
vt 0.368635 0.475576
vt 0.348644 0.473517
vt 0.349022 0.471662
vt 0.368635 0.475576
vt 0.348644 0.473517
vt 0.338770 0.471935
vt 0.349022 0.471662
vt 0.338770 0.471935
vt 0.339215 0.469705
vt 0.349022 0.471662
vt 0.338770 0.471935
vt 0.329408 0.467748
vt 0.339215 0.469705
vt 0.328896 0.470353
vt 0.329408 0.467748
vt 0.338770 0.471935
vt 0.328896 0.470353
vt 0.309795 0.463834
vt 0.329408 0.467748
vt 0.309148 0.467190
vt 0.309795 0.463834
vt 0.328896 0.470353
vt 0.368635 0.475576
vt 0.349022 0.471662
vt 0.369009 0.473895
vt 0.349022 0.471662
vt 0.349473 0.469612
vt 0.369009 0.473895
vt 0.349022 0.471662
vt 0.339215 0.469705
vt 0.349473 0.469612
vt 0.339215 0.469705
vt 0.339705 0.467470
vt 0.349473 0.469612
vt 0.339215 0.469705
vt 0.329937 0.465328
vt 0.339705 0.467470
vt 0.329408 0.467748
vt 0.329937 0.465328
vt 0.339215 0.469705
vt 0.329408 0.467748
vt 0.310401 0.461045
vt 0.329937 0.465328
vt 0.309795 0.463834
vt 0.310401 0.461045
vt 0.329408 0.467748
vt 0.369009 0.473895
vt 0.349473 0.469612
vt 0.369077 0.473978
vt 0.349473 0.469612
vt 0.349929 0.468203
vt 0.369077 0.473978
vt 0.349473 0.469612
vt 0.339705 0.467470
vt 0.349929 0.468203
vt 0.339705 0.467470
vt 0.340355 0.465315
vt 0.349929 0.468203
vt 0.339705 0.467470
vt 0.330781 0.462427
vt 0.340355 0.465315
vt 0.329937 0.465328
vt 0.330781 0.462427
vt 0.339705 0.467470
vt 0.329937 0.465328
vt 0.311633 0.456652
vt 0.330781 0.462427
vt 0.310401 0.461045
vt 0.311633 0.456652
vt 0.329937 0.465328
vt 0.369077 0.473978
vt 0.349929 0.468203
vt 0.368451 0.476058
vt 0.349929 0.468203
vt 0.350340 0.467573
vt 0.368451 0.476058
vt 0.349929 0.468203
vt 0.340355 0.465315
vt 0.350340 0.467573
vt 0.340355 0.465315
vt 0.341285 0.463330
vt 0.350340 0.467573
vt 0.340355 0.465315
vt 0.332230 0.459087
vt 0.341285 0.463330
vt 0.330781 0.462427
vt 0.332230 0.459087
vt 0.340355 0.465315
vt 0.330781 0.462427
vt 0.314119 0.450602
vt 0.332230 0.459087
vt 0.311633 0.456652
vt 0.314119 0.450602
vt 0.330781 0.462427
vt 0.368451 0.476058
vt 0.350340 0.467573
vt 0.368881 0.475676
vt 0.350340 0.467573
vt 0.351774 0.465315
vt 0.368881 0.475676
vt 0.350340 0.467573
vt 0.341285 0.463330
vt 0.351774 0.465315
vt 0.341285 0.463330
vt 0.343220 0.460135
vt 0.351774 0.465315
vt 0.341285 0.463330
vt 0.334666 0.454955
vt 0.343220 0.460135
vt 0.332230 0.459087
vt 0.334666 0.454955
vt 0.341285 0.463330
vt 0.332230 0.459087
vt 0.317559 0.444594
vt 0.334666 0.454955
vt 0.314119 0.450602
vt 0.317559 0.444594
vt 0.332230 0.459087
vt 0.368881 0.475676
vt 0.351774 0.465315
vt 0.370286 0.473609
vt 0.351774 0.465315
vt 0.353629 0.462540
vt 0.370286 0.473609
vt 0.351774 0.465315
vt 0.343220 0.460135
vt 0.353629 0.462540
vt 0.343220 0.460135
vt 0.345300 0.457005
vt 0.353629 0.462540
vt 0.343220 0.460135
vt 0.336971 0.451470
vt 0.345300 0.457005
vt 0.334666 0.454955
vt 0.336971 0.451470
vt 0.343220 0.460135
vt 0.334666 0.454955
vt 0.320314 0.440401
vt 0.336971 0.451470
vt 0.317559 0.444594
vt 0.320314 0.440401
vt 0.334666 0.454955
vt 0.370286 0.473609
vt 0.353629 0.462540
vt 0.371287 0.472450
vt 0.353629 0.462540
vt 0.355486 0.460190
vt 0.371287 0.472450
vt 0.353629 0.462540
vt 0.345300 0.457005
vt 0.355486 0.460190
vt 0.345300 0.457005
vt 0.347585 0.454060
vt 0.355486 0.460190
vt 0.345300 0.457005
vt 0.339684 0.447930
vt 0.347585 0.454060
vt 0.336971 0.451470
vt 0.339684 0.447930
vt 0.345300 0.457005
vt 0.336971 0.451470
vt 0.323883 0.435670
vt 0.339684 0.447930
vt 0.320314 0.440401
vt 0.323883 0.435670
vt 0.336971 0.451470
vt 0.371287 0.472450
vt 0.355486 0.460190
vt 0.371767 0.472190
vt 0.355486 0.460190
vt 0.357342 0.458337
vt 0.371767 0.472190
vt 0.355486 0.460190
vt 0.347585 0.454060
vt 0.357342 0.458337
vt 0.347585 0.454060
vt 0.350130 0.451410
vt 0.357342 0.458337
vt 0.347585 0.454060
vt 0.342918 0.444483
vt 0.350130 0.451410
vt 0.339684 0.447930
vt 0.342918 0.444483
vt 0.347585 0.454060
vt 0.339684 0.447930
vt 0.328493 0.430630
vt 0.342918 0.444483
vt 0.323883 0.435670
vt 0.328493 0.430630
vt 0.339684 0.447930
vt 0.371767 0.472190
vt 0.357342 0.458337
vt 0.372177 0.472458
vt 0.357342 0.458337
vt 0.360382 0.456306
vt 0.372177 0.472458
vt 0.357342 0.458337
vt 0.350130 0.451410
vt 0.360382 0.456306
vt 0.350130 0.451410
vt 0.354485 0.448230
vt 0.360382 0.456306
vt 0.350130 0.451410
vt 0.348588 0.440154
vt 0.354485 0.448230
vt 0.342918 0.444483
vt 0.348588 0.440154
vt 0.350130 0.451410
vt 0.342918 0.444483
vt 0.336793 0.424002
vt 0.348588 0.440154
vt 0.328493 0.430630
vt 0.336793 0.424002
vt 0.342918 0.444483
vt 0.372177 0.472458
vt 0.360382 0.456306
vt 0.370457 0.474145
vt 0.360382 0.456306
vt 0.363006 0.455585
vt 0.370457 0.474145
vt 0.360382 0.456306
vt 0.354485 0.448230
vt 0.363006 0.455585
vt 0.354485 0.448230
vt 0.359280 0.446305
vt 0.363006 0.455585
vt 0.354485 0.448230
vt 0.355554 0.437025
vt 0.359280 0.446305
vt 0.348588 0.440154
vt 0.355554 0.437025
vt 0.354485 0.448230
vt 0.348588 0.440154
vt 0.348103 0.418465
vt 0.355554 0.437025
vt 0.336793 0.424002
vt 0.348103 0.418465
vt 0.348588 0.440154
vt 0.370457 0.474145
vt 0.363006 0.455585
vt 0.366816 0.475791
vt 0.363006 0.455585
vt 0.365195 0.455857
vt 0.366816 0.475791
vt 0.363006 0.455585
vt 0.359280 0.446305
vt 0.365195 0.455857
vt 0.359280 0.446305
vt 0.364385 0.445890
vt 0.365195 0.455857
vt 0.359280 0.446305
vt 0.363575 0.435923
vt 0.364385 0.445890
vt 0.355554 0.437025
vt 0.363575 0.435923
vt 0.359280 0.446305
vt 0.355554 0.437025
vt 0.361954 0.415989
vt 0.363575 0.435923
vt 0.348103 0.418465
vt 0.361954 0.415989
vt 0.355554 0.437025
vt 0.366816 0.475791
vt 0.365195 0.455857
vt 0.362274 0.476306
vt 0.365195 0.455857
vt 0.367198 0.456922
vt 0.362274 0.476306
vt 0.365195 0.455857
vt 0.364385 0.445890
vt 0.367198 0.456922
vt 0.364385 0.445890
vt 0.369660 0.447230
vt 0.367198 0.456922
vt 0.364385 0.445890
vt 0.372122 0.437538
vt 0.369660 0.447230
vt 0.363575 0.435923
vt 0.372122 0.437538
vt 0.364385 0.445890
vt 0.363575 0.435923
vt 0.377046 0.418153
vt 0.372122 0.437538
vt 0.361954 0.415989
vt 0.377046 0.418153
vt 0.363575 0.435923
vt 0.362274 0.476306
vt 0.367198 0.456922
vt 0.364066 0.477641
vt 0.367198 0.456922
vt 0.372342 0.459434
vt 0.364066 0.477641
vt 0.367198 0.456922
vt 0.369660 0.447230
vt 0.372342 0.459434
vt 0.369660 0.447230
vt 0.376480 0.450330
vt 0.372342 0.459434
vt 0.369660 0.447230
vt 0.380618 0.441226
vt 0.376480 0.450330
vt 0.372122 0.437538
vt 0.380618 0.441226
vt 0.369660 0.447230
vt 0.372122 0.437538
vt 0.388894 0.423019
vt 0.380618 0.441226
vt 0.377046 0.418153
vt 0.388894 0.423019
vt 0.372122 0.437538
vt 0.364066 0.477641
vt 0.372342 0.459434
vt 0.369938 0.480554
vt 0.372342 0.459434
vt 0.378786 0.462618
vt 0.369938 0.480554
vt 0.372342 0.459434
vt 0.376480 0.450330
vt 0.378786 0.462618
vt 0.376480 0.450330
vt 0.383210 0.453650
vt 0.378786 0.462618
vt 0.376480 0.450330
vt 0.387634 0.444682
vt 0.383210 0.453650
vt 0.380618 0.441226
vt 0.387634 0.444682
vt 0.376480 0.450330
vt 0.380618 0.441226
vt 0.396482 0.426746
vt 0.387634 0.444682
vt 0.388894 0.423019
vt 0.396482 0.426746
vt 0.380618 0.441226
vt 0.369938 0.480554
vt 0.378786 0.462618
vt 0.376008 0.483725
vt 0.378786 0.462618
vt 0.385249 0.465988
vt 0.376008 0.483725
vt 0.378786 0.462618
vt 0.383210 0.453650
vt 0.385249 0.465988
vt 0.383210 0.453650
vt 0.389870 0.457120
vt 0.385249 0.465988
vt 0.383210 0.453650
vt 0.394491 0.448252
vt 0.389870 0.457120
vt 0.387634 0.444682
vt 0.394491 0.448252
vt 0.383210 0.453650
vt 0.387634 0.444682
vt 0.403732 0.430515
vt 0.394491 0.448252
vt 0.396482 0.426746
vt 0.403732 0.430515
vt 0.387634 0.444682
vt 0.376008 0.483725
vt 0.385249 0.465988
vt 0.382241 0.487088
vt 0.385249 0.465988
vt 0.391730 0.469483
vt 0.382241 0.487088
vt 0.385249 0.465988
vt 0.389870 0.457120
vt 0.391730 0.469483
vt 0.389870 0.457120
vt 0.396475 0.460680
vt 0.391730 0.469483
vt 0.389870 0.457120
vt 0.401220 0.451877
vt 0.396475 0.460680
vt 0.394491 0.448252
vt 0.401220 0.451877
vt 0.389870 0.457120
vt 0.394491 0.448252
vt 0.410709 0.434272
vt 0.401220 0.451877
vt 0.403732 0.430515
vt 0.410709 0.434272
vt 0.394491 0.448252
vt 0.382241 0.487088
vt 0.391730 0.469483
vt 0.389061 0.490901
vt 0.391730 0.469483
vt 0.398813 0.473440
vt 0.389061 0.490901
vt 0.391730 0.469483
vt 0.396475 0.460680
vt 0.398813 0.473440
vt 0.396475 0.460680
vt 0.403690 0.464710
vt 0.398813 0.473440
vt 0.396475 0.460680
vt 0.408566 0.455980
vt 0.403690 0.464710
vt 0.401220 0.451877
vt 0.408566 0.455980
vt 0.396475 0.460680
vt 0.401220 0.451877
vt 0.418319 0.438519
vt 0.408566 0.455980
vt 0.410709 0.434272
vt 0.418319 0.438519
vt 0.401220 0.451877
vt 0.389061 0.490901
vt 0.398813 0.473440
vt 0.395820 0.494816
vt 0.398813 0.473440
vt 0.405837 0.477506
vt 0.395820 0.494816
vt 0.398813 0.473440
vt 0.403690 0.464710
vt 0.405837 0.477506
vt 0.403690 0.464710
vt 0.410845 0.468850
vt 0.405837 0.477506
vt 0.403690 0.464710
vt 0.415853 0.460195
vt 0.410845 0.468850
vt 0.408566 0.455980
vt 0.415853 0.460195
vt 0.403690 0.464710
vt 0.408566 0.455980
vt 0.425870 0.442884
vt 0.415853 0.460195
vt 0.418319 0.438519
vt 0.425870 0.442884
vt 0.408566 0.455980
vt 0.395820 0.494816
vt 0.405837 0.477506
vt 0.402869 0.498928
vt 0.405837 0.477506
vt 0.412946 0.481653
vt 0.402869 0.498928
vt 0.405837 0.477506
vt 0.410845 0.468850
vt 0.412946 0.481653
vt 0.410845 0.468850
vt 0.417985 0.473015
vt 0.412946 0.481653
vt 0.410845 0.468850
vt 0.423024 0.464377
vt 0.417985 0.473015
vt 0.415853 0.460195
vt 0.423024 0.464377
vt 0.410845 0.468850
vt 0.415853 0.460195
vt 0.433101 0.447102
vt 0.423024 0.464377
vt 0.425870 0.442884
vt 0.433101 0.447102
vt 0.415853 0.460195
vt 0.402869 0.498928
vt 0.412946 0.481653
vt 0.410248 0.503157
vt 0.412946 0.481653
vt 0.420189 0.485802
vt 0.410248 0.503157
vt 0.412946 0.481653
vt 0.417985 0.473015
vt 0.420189 0.485802
vt 0.417985 0.473015
vt 0.425160 0.477125
vt 0.420189 0.485802
vt 0.417985 0.473015
vt 0.430130 0.468448
vt 0.425160 0.477125
vt 0.423024 0.464377
vt 0.430130 0.468448
vt 0.417985 0.473015
vt 0.423024 0.464377
vt 0.440071 0.451093
vt 0.430130 0.468448
vt 0.433101 0.447102
vt 0.440071 0.451093
vt 0.423024 0.464377
vt 0.410248 0.503157
vt 0.420189 0.485802
vt 0.418604 0.506646
vt 0.420189 0.485802
vt 0.425361 0.487822
vt 0.418604 0.506646
vt 0.420189 0.485802
vt 0.425160 0.477125
vt 0.425361 0.487822
vt 0.425160 0.477125
vt 0.428740 0.478410
vt 0.425361 0.487822
vt 0.425160 0.477125
vt 0.432118 0.468998
vt 0.428740 0.478410
vt 0.430130 0.468448
vt 0.432118 0.468998
vt 0.425160 0.477125
vt 0.430130 0.468448
vt 0.438875 0.450174
vt 0.432118 0.468998
vt 0.440071 0.451093
vt 0.438875 0.450174
vt 0.430130 0.468448
vt 0.418604 0.506646
vt 0.425361 0.487822
vt 0.432563 0.508384
vt 0.425361 0.487822
vt 0.432424 0.488385
vt 0.432563 0.508384
vt 0.425361 0.487822
vt 0.428740 0.478410
vt 0.432424 0.488385
vt 0.428740 0.478410
vt 0.432355 0.478385
vt 0.432424 0.488385
vt 0.428740 0.478410
vt 0.432286 0.468385
vt 0.432355 0.478385
vt 0.432118 0.468998
vt 0.432286 0.468385
vt 0.428740 0.478410
vt 0.432118 0.468998
vt 0.432147 0.448386
vt 0.432286 0.468385
vt 0.438875 0.450174
vt 0.432147 0.448386
vt 0.432118 0.468998
vt 0.432563 0.508384
vt 0.432424 0.488385
vt 0.446802 0.504921
vt 0.432424 0.488385
vt 0.439394 0.486344
vt 0.446802 0.504921
vt 0.432424 0.488385
vt 0.432355 0.478385
vt 0.439394 0.486344
vt 0.432355 0.478385
vt 0.435690 0.477055
vt 0.439394 0.486344
vt 0.432355 0.478385
vt 0.431986 0.467766
vt 0.435690 0.477055
vt 0.432286 0.468385
vt 0.431986 0.467766
vt 0.432355 0.478385
vt 0.432286 0.468385
vt 0.424577 0.449189
vt 0.431986 0.467766
vt 0.432147 0.448386
vt 0.424577 0.449189
vt 0.432286 0.468385
vt 0.446802 0.504921
vt 0.439394 0.486344
vt 0.459234 0.496030
vt 0.439394 0.486344
vt 0.445358 0.481627
vt 0.459234 0.496030
vt 0.439394 0.486344
vt 0.435690 0.477055
vt 0.445358 0.481627
vt 0.435690 0.477055
vt 0.438420 0.474425
vt 0.445358 0.481627
vt 0.435690 0.477055
vt 0.431482 0.467223
vt 0.438420 0.474425
vt 0.431986 0.467766
vt 0.431482 0.467223
vt 0.435690 0.477055
vt 0.431986 0.467766
vt 0.417606 0.452820
vt 0.431482 0.467223
vt 0.424577 0.449189
vt 0.417606 0.452820
vt 0.431986 0.467766
vt 0.459234 0.496030
vt 0.445358 0.481627
vt 0.465780 0.486905
vt 0.445358 0.481627
vt 0.448200 0.477368
vt 0.465780 0.486905
vt 0.445358 0.481627
vt 0.438420 0.474425
vt 0.448200 0.477368
vt 0.438420 0.474425
vt 0.439410 0.472600
vt 0.448200 0.477368
vt 0.438420 0.474425
vt 0.430620 0.467832
vt 0.439410 0.472600
vt 0.431482 0.467223
vt 0.430620 0.467832
vt 0.438420 0.474425
vt 0.431482 0.467223
vt 0.413040 0.458295
vt 0.430620 0.467832
vt 0.417606 0.452820
vt 0.413040 0.458295
vt 0.431482 0.467223
vt 0.465780 0.486905
vt 0.448200 0.477368
vt 0.468665 0.479593
vt 0.448200 0.477368
vt 0.449602 0.473544
vt 0.468665 0.479593
vt 0.448200 0.477368
vt 0.439410 0.472600
vt 0.449602 0.473544
vt 0.439410 0.472600
vt 0.440070 0.470520
vt 0.449602 0.473544
vt 0.439410 0.472600
vt 0.430538 0.467496
vt 0.440070 0.470520
vt 0.430620 0.467832
vt 0.430538 0.467496
vt 0.439410 0.472600
vt 0.430620 0.467832
vt 0.411475 0.461447
vt 0.430538 0.467496
vt 0.413040 0.458295
vt 0.411475 0.461447
vt 0.430620 0.467832
vt 0.468665 0.479593
vt 0.449602 0.473544
vt 0.470021 0.473328
vt 0.449602 0.473544
vt 0.450300 0.469996
vt 0.470021 0.473328
vt 0.449602 0.473544
vt 0.440070 0.470520
vt 0.450300 0.469996
vt 0.440070 0.470520
vt 0.440440 0.468330
vt 0.450300 0.469996
vt 0.440070 0.470520
vt 0.430580 0.466664
vt 0.440440 0.468330
vt 0.430538 0.467496
vt 0.430580 0.466664
vt 0.440070 0.470520
vt 0.430538 0.467496
vt 0.410859 0.463332
vt 0.430580 0.466664
vt 0.411475 0.461447
vt 0.410859 0.463332
vt 0.430538 0.467496
vt 0.470021 0.473328
vt 0.450300 0.469996
vt 0.470514 0.467834
vt 0.450300 0.469996
vt 0.450544 0.466725
vt 0.470514 0.467834
vt 0.450300 0.469996
vt 0.440440 0.468330
vt 0.450544 0.466725
vt 0.440440 0.468330
vt 0.440560 0.466170
vt 0.450544 0.466725
vt 0.440440 0.468330
vt 0.430575 0.465615
vt 0.440560 0.466170
vt 0.430580 0.466664
vt 0.430575 0.465615
vt 0.440440 0.468330
vt 0.430580 0.466664
vt 0.410606 0.464506
vt 0.430575 0.465615
vt 0.410859 0.463332
vt 0.410606 0.464506
vt 0.430580 0.466664
vt 0.470514 0.467834
vt 0.450544 0.466725
vt 0.469545 0.458320
vt 0.450544 0.466725
vt 0.450028 0.462690
vt 0.469545 0.458320
vt 0.450544 0.466725
vt 0.440560 0.466170
vt 0.450028 0.462690
vt 0.440560 0.466170
vt 0.440270 0.464875
vt 0.450028 0.462690
vt 0.440560 0.466170
vt 0.430511 0.467060
vt 0.440270 0.464875
vt 0.430575 0.465615
vt 0.430511 0.467060
vt 0.440560 0.466170
vt 0.430575 0.465615
vt 0.410995 0.471430
vt 0.430511 0.467060
vt 0.410606 0.464506
vt 0.410995 0.471430
vt 0.430575 0.465615
vt 0.469545 0.458320
vt 0.450028 0.462690
vt 0.465674 0.448848
vt 0.450028 0.462690
vt 0.448248 0.458663
vt 0.465674 0.448848
vt 0.450028 0.462690
vt 0.440270 0.464875
vt 0.448248 0.458663
vt 0.440270 0.464875
vt 0.439535 0.463570
vt 0.448248 0.458663
vt 0.440270 0.464875
vt 0.430822 0.468477
vt 0.439535 0.463570
vt 0.430511 0.467060
vt 0.430822 0.468477
vt 0.440270 0.464875
vt 0.430511 0.467060
vt 0.413395 0.478292
vt 0.430822 0.468477
vt 0.410995 0.471430
vt 0.413395 0.478292
vt 0.430511 0.467060
vt 0.465674 0.448848
vt 0.448248 0.458663
vt 0.462558 0.444270
vt 0.448248 0.458663
vt 0.446566 0.456280
vt 0.462558 0.444270
vt 0.448248 0.458663
vt 0.439535 0.463570
vt 0.446566 0.456280
vt 0.439535 0.463570
vt 0.438570 0.462285
vt 0.446566 0.456280
vt 0.439535 0.463570
vt 0.430574 0.468290
vt 0.438570 0.462285
vt 0.430822 0.468477
vt 0.430574 0.468290
vt 0.439535 0.463570
vt 0.430822 0.468477
vt 0.414581 0.480300
vt 0.430574 0.468290
vt 0.413395 0.478292
vt 0.414581 0.480300
vt 0.430822 0.468477
vt 0.462558 0.444270
vt 0.446566 0.456280
vt 0.461156 0.442478
vt 0.446566 0.456280
vt 0.445452 0.454863
vt 0.461156 0.442478
vt 0.446566 0.456280
vt 0.438570 0.462285
vt 0.445452 0.454863
vt 0.438570 0.462285
vt 0.437600 0.461055
vt 0.445452 0.454863
vt 0.438570 0.462285
vt 0.429748 0.467247
vt 0.437600 0.461055
vt 0.430574 0.468290
vt 0.429748 0.467247
vt 0.438570 0.462285
vt 0.430574 0.468290
vt 0.414044 0.479632
vt 0.429748 0.467247
vt 0.414581 0.480300
vt 0.414044 0.479632
vt 0.430574 0.468290
vt 0.461156 0.442478
vt 0.445452 0.454863
vt 0.449769 0.427373
vt 0.445452 0.454863
vt 0.433803 0.439418
vt 0.449769 0.427373
vt 0.445452 0.454863
vt 0.437600 0.461055
vt 0.433803 0.439418
vt 0.437600 0.461055
vt 0.425820 0.445440
vt 0.433803 0.439418
vt 0.437600 0.461055
vt 0.417837 0.451463
vt 0.425820 0.445440
vt 0.429748 0.467247
vt 0.417837 0.451463
vt 0.437600 0.461055
vt 0.429748 0.467247
vt 0.401871 0.463507
vt 0.417837 0.451463
vt 0.414044 0.479632
vt 0.401871 0.463507
vt 0.429748 0.467247
vt 0.449769 0.427373
vt 0.433803 0.439418
vt 0.437957 0.411746
vt 0.433803 0.439418
vt 0.422002 0.423805
vt 0.437957 0.411746
vt 0.433803 0.439418
vt 0.425820 0.445440
vt 0.422002 0.423805
vt 0.425820 0.445440
vt 0.414025 0.429835
vt 0.422002 0.423805
vt 0.425820 0.445440
vt 0.406047 0.435865
vt 0.414025 0.429835
vt 0.417837 0.451463
vt 0.406047 0.435865
vt 0.425820 0.445440
vt 0.417837 0.451463
vt 0.390092 0.447925
vt 0.406047 0.435865
vt 0.401871 0.463507
vt 0.390092 0.447925
vt 0.417837 0.451463
vt 0.437957 0.411746
vt 0.422002 0.423805
vt 0.426180 0.396150
vt 0.422002 0.423805
vt 0.410220 0.408204
vt 0.426180 0.396150
vt 0.422002 0.423805
vt 0.414025 0.429835
vt 0.410220 0.408204
vt 0.414025 0.429835
vt 0.402240 0.414230
vt 0.410220 0.408204
vt 0.414025 0.429835
vt 0.394260 0.420257
vt 0.402240 0.414230
vt 0.406047 0.435865
vt 0.394260 0.420257
vt 0.414025 0.429835
vt 0.406047 0.435865
vt 0.378300 0.432310
vt 0.394260 0.420257
vt 0.390092 0.447925
vt 0.378300 0.432310
vt 0.406047 0.435865
vt 0.426180 0.396150
vt 0.410220 0.408204
vt 0.414441 0.380560
vt 0.410220 0.408204
vt 0.398463 0.392590
vt 0.414441 0.380560
vt 0.410220 0.408204
vt 0.402240 0.414230
vt 0.398463 0.392590
vt 0.402240 0.414230
vt 0.390475 0.398605
vt 0.398463 0.392590
vt 0.402240 0.414230
vt 0.382486 0.404620
vt 0.390475 0.398605
vt 0.394260 0.420257
vt 0.382486 0.404620
vt 0.402240 0.414230
vt 0.394260 0.420257
vt 0.366509 0.416650
vt 0.382486 0.404620
vt 0.378300 0.432310
vt 0.366509 0.416650
vt 0.394260 0.420257
vt 0.414441 0.380560
vt 0.398463 0.392590
vt 0.408947 0.374000
vt 0.398463 0.392590
vt 0.393689 0.386930
vt 0.408947 0.374000
vt 0.398463 0.392590
vt 0.390475 0.398605
vt 0.393689 0.386930
vt 0.390475 0.398605
vt 0.386060 0.393395
vt 0.393689 0.386930
vt 0.390475 0.398605
vt 0.378431 0.399860
vt 0.386060 0.393395
vt 0.382486 0.404620
vt 0.378431 0.399860
vt 0.390475 0.398605
vt 0.382486 0.404620
vt 0.363173 0.412790
vt 0.378431 0.399860
vt 0.366509 0.416650
vt 0.363173 0.412790
vt 0.382486 0.404620
vt 0.408947 0.374000
vt 0.393689 0.386930
vt 0.401179 0.366641
vt 0.393689 0.386930
vt 0.387800 0.381507
vt 0.401179 0.366641
vt 0.393689 0.386930
vt 0.386060 0.393395
vt 0.387800 0.381507
vt 0.386060 0.393395
vt 0.381110 0.388940
vt 0.387800 0.381507
vt 0.386060 0.393395
vt 0.374420 0.396373
vt 0.381110 0.388940
vt 0.378431 0.399860
vt 0.374420 0.396373
vt 0.386060 0.393395
vt 0.378431 0.399860
vt 0.361041 0.411239
vt 0.374420 0.396373
vt 0.363173 0.412790
vt 0.361041 0.411239
vt 0.378431 0.399860
vt 0.401179 0.366641
vt 0.387800 0.381507
vt 0.391826 0.360140
vt 0.387800 0.381507
vt 0.380959 0.376930
vt 0.391826 0.360140
vt 0.387800 0.381507
vt 0.381110 0.388940
vt 0.380959 0.376930
vt 0.381110 0.388940
vt 0.375525 0.385325
vt 0.380959 0.376930
vt 0.381110 0.388940
vt 0.370091 0.393720
vt 0.375525 0.385325
vt 0.374420 0.396373
vt 0.370091 0.393720
vt 0.381110 0.388940
vt 0.374420 0.396373
vt 0.359224 0.410510
vt 0.370091 0.393720
vt 0.361041 0.411239
vt 0.359224 0.410510
vt 0.374420 0.396373
vt 0.391826 0.360140
vt 0.380959 0.376930
vt 0.380954 0.355032
vt 0.380959 0.376930
vt 0.373121 0.373434
vt 0.380954 0.355032
vt 0.380959 0.376930
vt 0.375525 0.385325
vt 0.373121 0.373434
vt 0.375525 0.385325
vt 0.369205 0.382635
vt 0.373121 0.373434
vt 0.375525 0.385325
vt 0.365288 0.391836
vt 0.369205 0.382635
vt 0.370091 0.393720
vt 0.365288 0.391836
vt 0.375525 0.385325
vt 0.370091 0.393720
vt 0.357456 0.410239
vt 0.365288 0.391836
vt 0.359224 0.410510
vt 0.357456 0.410239
vt 0.370091 0.393720
vt 0.380954 0.355032
vt 0.373121 0.373434
vt 0.352147 0.345465
vt 0.373121 0.373434
vt 0.345912 0.364469
vt 0.352147 0.345465
vt 0.373121 0.373434
vt 0.369205 0.382635
vt 0.345912 0.364469
vt 0.369205 0.382635
vt 0.342795 0.373970
vt 0.345912 0.364469
vt 0.369205 0.382635
vt 0.339677 0.383472
vt 0.342795 0.373970
vt 0.365288 0.391836
vt 0.339677 0.383472
vt 0.369205 0.382635
vt 0.365288 0.391836
vt 0.333443 0.402475
vt 0.339677 0.383472
vt 0.357456 0.410239
vt 0.333443 0.402475
vt 0.365288 0.391836
vt 0.352147 0.345465
vt 0.345912 0.364469
vt 0.325775 0.336784
vt 0.345912 0.364469
vt 0.319521 0.355782
vt 0.325775 0.336784
vt 0.345912 0.364469
vt 0.342795 0.373970
vt 0.319521 0.355782
vt 0.342795 0.373970
vt 0.316395 0.365280
vt 0.319521 0.355782
vt 0.342795 0.373970
vt 0.313268 0.374779
vt 0.316395 0.365280
vt 0.339677 0.383472
vt 0.313268 0.374779
vt 0.342795 0.373970
vt 0.339677 0.383472
vt 0.307015 0.393776
vt 0.313268 0.374779
vt 0.333443 0.402475
vt 0.307015 0.393776
vt 0.339677 0.383472
vt 0.325775 0.336784
vt 0.319521 0.355782
vt 0.299438 0.328065
vt 0.319521 0.355782
vt 0.293153 0.347052
vt 0.299438 0.328065
vt 0.319521 0.355782
vt 0.316395 0.365280
vt 0.293153 0.347052
vt 0.316395 0.365280
vt 0.290010 0.356545
vt 0.293153 0.347052
vt 0.316395 0.365280
vt 0.286867 0.366038
vt 0.290010 0.356545
vt 0.313268 0.374779
vt 0.286867 0.366038
vt 0.316395 0.365280
vt 0.313268 0.374779
vt 0.280581 0.385025
vt 0.286867 0.366038
vt 0.307015 0.393776
vt 0.280581 0.385025
vt 0.313268 0.374779
vt 0.299438 0.328065
vt 0.293153 0.347052
vt 0.273154 0.319286
vt 0.293153 0.347052
vt 0.266818 0.338255
vt 0.273154 0.319286
vt 0.293153 0.347052
vt 0.290010 0.356545
vt 0.266818 0.338255
vt 0.290010 0.356545
vt 0.263650 0.347740
vt 0.266818 0.338255
vt 0.290010 0.356545
vt 0.260482 0.357225
vt 0.263650 0.347740
vt 0.286867 0.366038
vt 0.260482 0.357225
vt 0.290010 0.356545
vt 0.286867 0.366038
vt 0.254145 0.376195
vt 0.260482 0.357225
vt 0.280581 0.385025
vt 0.254145 0.376195
vt 0.286867 0.366038
vt 0.273154 0.319286
vt 0.266818 0.338255
vt 0.262749 0.316403
vt 0.266818 0.338255
vt 0.257496 0.335701
vt 0.262749 0.316403
vt 0.266818 0.338255
vt 0.263650 0.347740
vt 0.257496 0.335701
vt 0.263650 0.347740
vt 0.254870 0.345350
vt 0.257496 0.335701
vt 0.263650 0.347740
vt 0.252243 0.354999
vt 0.254870 0.345350
vt 0.260482 0.357225
vt 0.252243 0.354999
vt 0.263650 0.347740
vt 0.260482 0.357225
vt 0.246990 0.374297
vt 0.252243 0.354999
vt 0.254145 0.376195
vt 0.246990 0.374297
vt 0.260482 0.357225
vt 0.262749 0.316403
vt 0.257496 0.335701
vt 0.250717 0.314313
vt 0.257496 0.335701
vt 0.247576 0.334064
vt 0.250717 0.314313
vt 0.257496 0.335701
vt 0.254870 0.345350
vt 0.247576 0.334064
vt 0.254870 0.345350
vt 0.246005 0.343940
vt 0.247576 0.334064
vt 0.254870 0.345350
vt 0.244434 0.353816
vt 0.246005 0.343940
vt 0.252243 0.354999
vt 0.244434 0.353816
vt 0.254870 0.345350
vt 0.252243 0.354999
vt 0.241293 0.373568
vt 0.244434 0.353816
vt 0.246990 0.374297
vt 0.241293 0.373568
vt 0.252243 0.354999
vt 0.250717 0.314313
vt 0.247576 0.334064
vt 0.239101 0.313400
vt 0.247576 0.334064
vt 0.237740 0.333353
vt 0.239101 0.313400
vt 0.247576 0.334064
vt 0.246005 0.343940
vt 0.237740 0.333353
vt 0.246005 0.343940
vt 0.237060 0.343330
vt 0.237740 0.333353
vt 0.246005 0.343940
vt 0.236379 0.353307
vt 0.237060 0.343330
vt 0.244434 0.353816
vt 0.236379 0.353307
vt 0.246005 0.343940
vt 0.244434 0.353816
vt 0.235019 0.373261
vt 0.236379 0.353307
vt 0.241293 0.373568
vt 0.235019 0.373261
vt 0.244434 0.353816
vt 0.239101 0.313400
vt 0.237740 0.333353
vt 0.227968 0.313350
vt 0.237740 0.333353
vt 0.228013 0.333350
vt 0.227968 0.313350
vt 0.237740 0.333353
vt 0.237060 0.343330
vt 0.228013 0.333350
vt 0.237060 0.343330
vt 0.228035 0.343350
vt 0.228013 0.333350
vt 0.237060 0.343330
vt 0.228057 0.353350
vt 0.228035 0.343350
vt 0.236379 0.353307
vt 0.228057 0.353350
vt 0.237060 0.343330
vt 0.236379 0.353307
vt 0.228101 0.373350
vt 0.228057 0.353350
vt 0.235019 0.373261
vt 0.228101 0.373350
vt 0.236379 0.353307
vt 0.227968 0.313350
vt 0.228013 0.333350
vt 0.213359 0.315591
vt 0.228013 0.333350
vt 0.217070 0.335244
vt 0.213359 0.315591
vt 0.228013 0.333350
vt 0.228035 0.343350
vt 0.217070 0.335244
vt 0.228035 0.343350
vt 0.218925 0.345070
vt 0.217070 0.335244
vt 0.228035 0.343350
vt 0.220780 0.354897
vt 0.218925 0.345070
vt 0.228057 0.353350
vt 0.220780 0.354897
vt 0.228035 0.343350
vt 0.228057 0.353350
vt 0.224491 0.374549
vt 0.220780 0.354897
vt 0.228101 0.373350
vt 0.224491 0.374549
vt 0.228057 0.353350
vt 0.213359 0.315591
vt 0.217070 0.335244
vt 0.196434 0.323341
vt 0.217070 0.335244
vt 0.206308 0.340734
vt 0.196434 0.323341
vt 0.217070 0.335244
vt 0.218925 0.345070
vt 0.206308 0.340734
vt 0.218925 0.345070
vt 0.211245 0.349430
vt 0.206308 0.340734
vt 0.218925 0.345070
vt 0.216182 0.358127
vt 0.211245 0.349430
vt 0.220780 0.354897
vt 0.216182 0.358127
vt 0.218925 0.345070
vt 0.220780 0.354897
vt 0.226056 0.375519
vt 0.216182 0.358127
vt 0.224491 0.374549
vt 0.226056 0.375519
vt 0.220780 0.354897
vt 0.196434 0.323341
vt 0.206308 0.340734
vt 0.182704 0.336723
vt 0.206308 0.340734
vt 0.197978 0.349634
vt 0.182704 0.336723
vt 0.206308 0.340734
vt 0.211245 0.349430
vt 0.197978 0.349634
vt 0.211245 0.349430
vt 0.205615 0.356090
vt 0.197978 0.349634
vt 0.211245 0.349430
vt 0.213252 0.362546
vt 0.205615 0.356090
vt 0.216182 0.358127
vt 0.213252 0.362546
vt 0.211245 0.349430
vt 0.216182 0.358127
vt 0.228526 0.375458
vt 0.213252 0.362546
vt 0.226056 0.375519
vt 0.228526 0.375458
vt 0.216182 0.358127
vt 0.182704 0.336723
vt 0.197978 0.349634
vt 0.174279 0.354977
vt 0.197978 0.349634
vt 0.193196 0.361469
vt 0.174279 0.354977
vt 0.197978 0.349634
vt 0.205615 0.356090
vt 0.193196 0.361469
vt 0.205615 0.356090
vt 0.202655 0.364715
vt 0.193196 0.361469
vt 0.205615 0.356090
vt 0.212113 0.367961
vt 0.202655 0.364715
vt 0.213252 0.362546
vt 0.212113 0.367961
vt 0.205615 0.356090
vt 0.213252 0.362546
vt 0.231030 0.374453
vt 0.212113 0.367961
vt 0.228526 0.375458
vt 0.231030 0.374453
vt 0.213252 0.362546
vt 0.174279 0.354977
vt 0.193196 0.361469
vt 0.171880 0.369266
vt 0.193196 0.361469
vt 0.191733 0.371682
vt 0.171880 0.369266
vt 0.193196 0.361469
vt 0.202655 0.364715
vt 0.191733 0.371682
vt 0.202655 0.364715
vt 0.201660 0.372890
vt 0.191733 0.371682
vt 0.202655 0.364715
vt 0.211587 0.374098
vt 0.201660 0.372890
vt 0.212113 0.367961
vt 0.211587 0.374098
vt 0.202655 0.364715
vt 0.212113 0.367961
vt 0.231440 0.376515
vt 0.211587 0.374098
vt 0.231030 0.374453
vt 0.231440 0.376515
vt 0.212113 0.367961
vt 0.171880 0.369266
vt 0.191733 0.371682
vt 0.171132 0.378915
vt 0.191733 0.371682
vt 0.191077 0.380392
vt 0.171132 0.378915
vt 0.191733 0.371682
vt 0.201660 0.372890
vt 0.191077 0.380392
vt 0.201660 0.372890
vt 0.201050 0.381130
vt 0.191077 0.380392
vt 0.201660 0.372890
vt 0.211023 0.381868
vt 0.201050 0.381130
vt 0.211587 0.374098
vt 0.211023 0.381868
vt 0.201660 0.372890
vt 0.211587 0.374098
vt 0.230968 0.383345
vt 0.211023 0.381868
vt 0.231440 0.376515
vt 0.230968 0.383345
vt 0.211587 0.374098
vt 0.171132 0.378915
vt 0.191077 0.380392
vt 0.170774 0.388325
vt 0.191077 0.380392
vt 0.190761 0.389038
vt 0.170774 0.388325
vt 0.191077 0.380392
vt 0.201050 0.381130
vt 0.190761 0.389038
vt 0.201050 0.381130
vt 0.200755 0.389395
vt 0.190761 0.389038
vt 0.201050 0.381130
vt 0.210748 0.389752
vt 0.200755 0.389395
vt 0.211023 0.381868
vt 0.210748 0.389752
vt 0.201050 0.381130
vt 0.211023 0.381868
vt 0.230736 0.390465
vt 0.210748 0.389752
vt 0.230968 0.383345
vt 0.230736 0.390465
vt 0.211023 0.381868
vt 0.170774 0.388325
vt 0.190761 0.389038
vt 0.170710 0.397487
vt 0.190761 0.389038
vt 0.190710 0.397596
vt 0.170710 0.397487
vt 0.190761 0.389038
vt 0.200755 0.389395
vt 0.190710 0.397596
vt 0.200755 0.389395
vt 0.200710 0.397650
vt 0.190710 0.397596
vt 0.200755 0.389395
vt 0.210710 0.397705
vt 0.200710 0.397650
vt 0.210748 0.389752
vt 0.210710 0.397705
vt 0.200755 0.389395
vt 0.210748 0.389752
vt 0.230709 0.397814
vt 0.210710 0.397705
vt 0.230736 0.390465
vt 0.230709 0.397814
vt 0.210748 0.389752
vt 0.170710 0.397487
vt 0.190710 0.397596
vt 0.170947 0.419783
vt 0.190710 0.397596
vt 0.190945 0.419568
vt 0.170947 0.419783
vt 0.190710 0.397596
vt 0.200710 0.397650
vt 0.190945 0.419568
vt 0.200710 0.397650
vt 0.200945 0.419460
vt 0.190945 0.419568
vt 0.200710 0.397650
vt 0.210944 0.419352
vt 0.200945 0.419460
vt 0.210710 0.397705
vt 0.210944 0.419352
vt 0.200710 0.397650
vt 0.210710 0.397705
vt 0.230943 0.419137
vt 0.210944 0.419352
vt 0.230709 0.397814
vt 0.230943 0.419137
vt 0.210710 0.397705
vt 0.170947 0.419783
vt 0.190945 0.419568
vt 0.171314 0.441748
vt 0.190945 0.419568
vt 0.191311 0.441413
vt 0.171314 0.441748
vt 0.190945 0.419568
vt 0.200945 0.419460
vt 0.191311 0.441413
vt 0.200945 0.419460
vt 0.201310 0.441245
vt 0.191311 0.441413
vt 0.200945 0.419460
vt 0.211308 0.441078
vt 0.201310 0.441245
vt 0.210944 0.419352
vt 0.211308 0.441078
vt 0.200945 0.419460
vt 0.210944 0.419352
vt 0.231306 0.440743
vt 0.211308 0.441078
vt 0.230943 0.419137
vt 0.231306 0.440743
vt 0.210944 0.419352
vn 0.817078 -0.101541 0.567514
vn 0.387363 -0.452769 0.803088
vn 0.295598 -0.458894 0.837877
vn 0.401772 0.371735 0.836895
vn 0.488576 0.343419 0.802096
vn 0.318818 -0.039622 0.946987
vn -0.059252 -0.443275 0.894425
vn -0.060082 -0.443162 0.894426
vn 0.060124 0.443156 0.894426
vn 0.059314 0.443266 0.894425
vn 0.000008 -0.000002 1.000000
vn -0.066260 -0.442298 0.894417
vn -0.068195 -0.441997 0.894421
vn 0.068352 0.441974 0.894420
vn 0.066492 0.442264 0.894417
vn 0.000032 -0.000004 1.000000
vn -0.078834 -0.440271 0.894397
vn -0.081487 -0.439764 0.894409
vn 0.081802 0.439710 0.894407
vn 0.079372 0.440183 0.894393
vn 0.000058 -0.000011 1.000000
vn -0.093722 -0.437371 0.894384
vn -0.096251 -0.436785 0.894402
vn 0.096578 0.436716 0.894400
vn 0.094404 0.437240 0.894377
vn 0.000050 -0.000011 1.000000
vn -0.107663 -0.434138 0.894389
vn -0.110010 -0.433516 0.894406
vn 0.110295 0.433448 0.894404
vn 0.108258 0.434003 0.894383
vn 0.000044 -0.000010 1.000000
vn -0.119916 -0.430901 0.894396
vn -0.121824 -0.430337 0.894410
vn 0.122396 0.430181 0.894407
vn 0.120829 0.430660 0.894389
vn 0.000109 -0.000030 1.000000
vn -0.130648 -0.427748 0.894406
vn -0.132878 -0.427045 0.894414
vn 0.133675 0.426804 0.894410
vn 0.132173 0.427310 0.894392
vn 0.000133 -0.000041 1.000000
vn -0.143798 -0.423530 0.894396
vn -0.147023 -0.422396 0.894408
vn 0.148619 0.421859 0.894398
vn 0.146448 0.422673 0.894372
vn 0.000292 -0.000098 1.000000
vn -0.161841 -0.417018 0.894373
vn -0.166199 -0.415260 0.894392
vn 0.169097 0.414152 0.894363
vn 0.167035 0.415120 0.894301
vn 0.000495 -0.000194 1.000000
vn -0.200574 -0.400446 0.894099
vn -0.214620 -0.392922 0.894176
vn 0.222757 0.388958 0.893919
vn 0.213663 0.394691 0.893626
vn 0.001555 -0.000753 0.999999
vn -0.284015 -0.349130 0.892997
vn -0.304415 -0.330348 0.893421
vn 0.327113 0.312503 0.891818
vn 0.323674 0.322101 0.889655
vn 0.003848 -0.003057 0.999988
vn -0.375915 -0.250881 0.892046
vn -0.391492 -0.222961 0.892761
vn 0.410727 0.196015 0.890439
vn 0.426725 0.194779 0.883157
vn 0.002621 -0.003960 0.999989
vn -0.435078 -0.122188 0.892063
vn -0.441455 -0.089971 0.892761
vn 0.452071 0.055921 0.890227
vn 0.466523 0.050616 0.883059
vn 0.001394 -0.005011 0.999986
vn -0.451629 0.016582 0.892052
vn -0.448250 0.044780 0.892786
vn 0.448905 -0.062164 0.891414
vn 0.460787 -0.072107 0.884577
vn -0.000072 -0.001889 0.999998
vn -0.431798 0.129851 0.892575
vn -0.424697 0.147199 0.893289
vn 0.422792 -0.155024 0.892869
vn 0.428929 -0.149337 0.890909
vn -0.000297 -0.001017 0.999999
vn -0.396301 0.212382 0.893218
vn -0.386933 0.227222 0.893674
vn 0.383849 -0.233455 0.893397
vn 0.391045 -0.225280 0.892375
vn -0.000518 -0.000998 0.999999
vn -0.347381 0.285540 0.893193
vn -0.335651 0.297832 0.893663
vn 0.331756 -0.302939 0.893401
vn 0.339958 -0.296936 0.892333
vn -0.000616 -0.000769 1.000000
vn -0.300176 0.334010 0.893494
vn -0.293660 0.338704 0.893892
vn -0.725855 -0.686236 0.047064
vn 0.308330 -0.334872 0.890389
vn -0.175877 0.166715 0.970192
vn -0.274644 0.353102 0.894366
vn -0.267500 0.358510 0.894379
vn -0.770506 -0.636761 0.029252
vn -0.314026 0.321867 -0.893190
vn -0.004140 -0.003068 0.999987
vn -0.246533 0.373246 0.894376
vn -0.237821 0.378893 0.894361
vn -0.860087 -0.509381 0.027941
vn -0.271596 0.355165 -0.894480
vn -0.129825 0.204981 0.970118
vn -0.197297 0.401548 0.894334
vn -0.178829 0.410304 0.894243
vn -0.207666 0.396157 -0.894390
vn -0.218570 0.390289 -0.894372
vn -0.085824 0.228032 0.969864
vn -0.117419 0.432053 0.894172
vn -0.092068 0.437777 0.894357
vn -0.325260 0.383793 -0.864239
vn -0.139548 0.425887 -0.893950
vn -0.134086 0.204727 0.969592
vn -0.044068 0.445465 0.894214
vn -0.032082 0.446372 0.894272
vn -0.386724 -0.456387 0.801346
vn -0.590610 0.323280 -0.739372
vn -0.001125 -0.000079 0.999999
vn -0.003951 0.447365 0.894343
vn 0.006840 0.447330 0.894343
vn -0.965607 -0.077786 0.248099
vn -0.034264 -0.450602 0.892067
vn -0.109815 0.220971 0.969078
vn 0.062628 0.443270 0.894197
vn 0.087885 0.439331 0.894016
vn -0.188775 0.446917 -0.874431
vn -0.133693 0.456677 -0.879530
vn 0.060582 0.236823 0.969662
vn 0.186654 0.407165 0.894079
vn 0.226770 0.386609 0.893929
vn 0.183202 0.409723 -0.893624
vn 0.155406 0.419712 -0.894254
vn 0.146326 0.198248 0.969168
vn 0.323671 0.311796 0.893320
vn 0.352086 0.277125 0.894001
vn 0.286193 0.355075 -0.889952
vn 0.295731 0.340150 -0.892660
vn 0.190324 0.149739 0.970234
vn 0.400534 0.200430 0.894092
vn 0.412053 0.175211 0.894155
vn 0.353546 0.290016 -0.889323
vn 0.371294 0.254843 -0.892858
vn 0.218197 0.104734 0.970268
vn 0.437352 0.096205 0.894130
vn 0.443654 0.064457 0.893877
vn 0.423597 0.140960 -0.894816
vn 0.421414 0.154126 -0.893675
vn 0.244882 0.015907 0.969422
vn 0.444509 -0.056177 0.894011
vn 0.433844 -0.108641 0.894414
vn 0.218235 0.975291 -0.034349
vn 0.453128 0.030340 -0.890929
vn 0.005868 0.024115 0.999692
vn 0.402641 -0.203858 0.892369
vn 0.392973 -0.219738 0.892909
vn -0.378295 0.257903 0.889033
vn -0.256401 0.492628 0.831611
vn 0.000011 0.000020 1.000000
vn 0.382586 -0.231609 0.894419
vn 0.381870 -0.232777 0.894422
vn -0.381770 0.232940 0.894422
vn -0.382409 0.231909 0.894417
vn 0.000018 0.000029 1.000000
vn 0.378276 -0.238599 0.894415
vn 0.377385 -0.239987 0.894420
vn -0.377239 0.240220 0.894419
vn -0.378013 0.239027 0.894412
vn 0.000026 0.000041 1.000000
vn 0.376847 -0.240869 0.894410
vn 0.377673 -0.239547 0.894416
vn -0.377500 0.239816 0.894417
vn -0.376509 0.241401 0.894409
vn 0.000029 0.000044 1.000000
vn 0.387518 -0.223631 0.894326
vn 0.389940 -0.219254 0.894357
vn -0.388481 0.221715 0.894385
vn -0.385532 0.226871 0.894369
vn 0.000303 0.000510 1.000000
vn 0.406080 -0.189234 0.894030
vn 0.407205 -0.185817 0.894235
vn -0.405073 0.190059 0.894311
vn -0.401773 0.197222 0.894250
vn 0.000347 0.000700 1.000000
vn 0.422254 -0.150577 0.893884
vn 0.422744 -0.147427 0.894177
vn -0.420596 0.152826 0.894284
vn -0.417639 0.161145 0.894209
vn 0.000335 0.000861 1.000000
vn 0.441363 -0.087105 0.893091
vn 0.441892 -0.077958 0.893674
vn -0.438705 0.090238 0.894089
vn -0.435066 0.107438 0.893966
vn 0.000572 0.002205 0.999997
vn 0.457217 0.080703 0.885686
vn 0.449913 0.075182 0.889902
vn -0.448666 -0.024897 0.893353
vn -0.450140 0.005272 0.892942
vn 0.000126 0.007183 0.999974
vn 0.400870 0.296875 0.866700
vn 0.396796 0.237320 0.886697
vn -0.416261 -0.173211 0.892594
vn -0.430416 -0.138437 0.891952
vn -0.002565 0.007593 0.999968
vn 0.282606 0.413568 0.865503
vn 0.298652 0.350265 0.887762
vn -0.331433 -0.305920 0.892505
vn -0.356724 -0.278192 0.891828
vn -0.004318 0.005357 0.999976
vn 0.155415 0.458916 0.874782
vn 0.192597 0.414064 0.889639
vn -0.234544 -0.384391 0.892879
vn -0.256329 -0.371933 0.892167
vn -0.003966 0.002601 0.999989
vn 0.118575 0.448037 0.886117
vn 0.161006 0.419335 0.893440
vn -0.171794 -0.413893 0.893969
vn -0.183772 -0.409141 0.893774
vn -0.000727 0.000317 1.000000
vn 0.128750 0.429410 0.893885
vn 0.125893 0.429648 0.894177
vn -0.131973 -0.427576 0.894294
vn -0.140440 -0.425014 0.894226
vn -0.000976 0.000326 0.999999
vn 0.083538 0.440873 0.893673
vn 0.081477 0.440395 0.894099
vn -0.089182 -0.438568 0.894262
vn -0.098941 -0.436636 0.894181
vn -0.001198 0.000276 0.999999
vn 0.048949 0.445837 0.893775
vn 0.050610 0.444791 0.894203
vn -0.053311 -0.444332 0.894275
vn -0.059376 -0.443736 0.894188
vn -0.000122 0.000016 1.000000
vn 0.041150 0.445484 0.894344
vn 0.041889 0.445326 0.894388
vn -0.042114 -0.445301 0.894390
vn -0.042036 -0.445375 0.894357
vn -0.000001 0.000001 1.000000
vn 0.043283 0.445116 0.894426
vn 0.043353 0.445108 0.894427
vn -0.043355 -0.445108 0.894427
vn -0.043293 -0.445114 0.894427
vn -0.000000 -0.000000 1.000000
vn 0.043034 0.445139 0.894427
vn 0.042777 0.445163 0.894427
vn -0.042779 -0.445164 0.894427
vn -0.043038 -0.445138 0.894427
vn -0.000001 0.000001 1.000000
vn 0.050191 0.444450 0.894396
vn 0.054671 0.443905 0.894404
vn -0.055928 -0.443767 0.894395
vn -0.051719 -0.444298 0.894385
vn -0.000277 0.000029 1.000000
vn 0.084887 0.439522 0.894212
vn 0.095730 0.437152 0.894279
vn -0.103666 -0.435670 0.894117
vn -0.096442 -0.437688 0.893940
vn -0.001521 0.000280 0.999999
vn 0.142369 0.425000 0.893927
vn 0.155687 0.419959 0.894090
vn -0.166974 -0.416353 0.893739
vn -0.165686 -0.418835 0.892819
vn -0.001733 0.000574 0.999998
vn 0.203596 0.399437 0.893867
vn 0.216711 0.392065 0.894048
vn -0.228155 -0.386460 0.893641
vn -0.228674 -0.388831 0.892479
vn -0.001697 0.000859 0.999998
vn 0.265453 0.361518 0.893778
vn 0.280568 0.349429 0.893969
vn -0.358466 -0.290572 0.887169
vn -0.487074 -0.195720 0.851148
vn -0.006452 0.004793 0.999968
vn 0.337910 0.295517 0.893581
vn 0.357897 0.270627 0.893684
vn -0.423169 -0.181066 0.887774
vn -0.021778 0.531892 -0.846532
vn -0.022126 0.028180 0.999358
vn 0.413806 0.175911 0.893208
vn 0.428991 0.134253 0.893276
vn -0.517152 0.197733 0.832739
vn 0.274613 0.394426 -0.876935
vn -0.023547 0.114451 0.993150
vn 0.450107 0.004423 0.892964
vn 0.447444 -0.046851 0.893084
vn -0.403800 0.530859 0.745074
vn 0.377911 0.437976 -0.815696
vn 0.021552 0.107383 0.993984
vn 0.419635 -0.164365 0.892687
vn 0.403514 -0.198998 0.893071
vn -0.245390 0.561775 0.790059
vn 0.498638 0.808687 -0.312067
vn 0.002863 0.005918 0.999978
vn 0.372564 -0.249687 0.893785
vn 0.367034 -0.257093 0.893974
vn -0.361045 0.267269 0.893428
vn -0.092761 0.675553 0.731453
vn 0.000038 0.000055 1.000000
vn 0.358976 -0.266778 0.894408
vn 0.357578 -0.268624 0.894415
vn -0.357206 0.269128 0.894412
vn -0.358338 0.267658 0.894401
vn 0.000067 0.000091 1.000000
vn 0.350698 -0.277609 0.894396
vn 0.348784 -0.279974 0.894408
vn -0.348136 0.280797 0.894402
vn -0.349573 0.279078 0.894379
vn 0.000115 0.000143 1.000000
vn 0.336095 -0.295298 0.894338
vn 0.331187 -0.300716 0.894363
vn -0.328476 0.303828 0.894311
vn -0.332181 0.299976 0.894243
vn 0.000526 0.000608 1.000000
vn 0.296890 -0.335835 0.893908
vn 0.280341 -0.349460 0.894028
vn -0.191372 0.425934 0.884283
vn -0.064075 0.534841 0.842520
vn 0.007511 0.006665 0.999950
vn 0.243781 -0.379167 0.892638
vn 0.232491 -0.385836 0.892793
vn -0.204429 0.406084 0.890676
vn 0.694560 0.709707 0.117907
vn -0.000000 -0.000003 1.000000
vn -0.728367 0.127215 0.673274
vn -0.287815 0.472952 0.832754
vn -0.206020 0.471090 0.857689
vn -0.389062 -0.361804 0.847189
vn -0.459096 -0.337025 0.821976
vn -0.273589 0.047790 0.960659
vn 0.117419 0.431883 0.894254
vn 0.123770 0.429968 0.894320
vn -0.125778 -0.429447 0.894290
vn -0.121280 -0.430994 0.894167
vn -0.000335 0.000089 1.000000
vn 0.157741 0.419094 0.894135
vn 0.168294 0.414756 0.894234
vn -0.174462 -0.412494 0.894098
vn -0.167194 -0.415966 0.893878
vn -0.001182 0.000433 0.999999
vn 0.219760 0.391046 0.893750
vn 0.235776 0.381114 0.893959
vn -0.252824 -0.371764 0.893237
vn -0.249181 -0.376733 0.892178
vn -0.002835 0.001571 0.999995
vn 0.296484 0.337747 0.893322
vn 0.313100 0.321500 0.893648
vn -0.333907 -0.303819 0.892300
vn -0.343520 -0.303545 0.888737
vn -0.002925 0.002580 0.999992
vn 0.365710 0.261601 0.893208
vn 0.378487 0.241432 0.893565
vn -0.394128 -0.220526 0.892206
vn -0.407204 -0.215250 0.887611
vn -0.002083 0.002939 0.999994
vn 0.409841 0.184182 0.893369
vn 0.414819 0.170806 0.893728
vn -0.419848 -0.160888 0.893220
vn -0.429778 -0.151570 0.890122
vn -0.000409 0.000936 0.999999
vn 0.423725 0.144665 0.894164
vn 0.424457 0.141833 0.894271
vn -0.425130 -0.140086 0.894226
vn -0.426762 -0.137308 0.893879
vn -0.000006 0.000011 1.000000
vn 0.426426 0.134827 0.894417
vn 0.427027 0.132891 0.894420
vn -0.427116 -0.132615 0.894419
vn -0.426553 -0.134435 0.894416
vn -0.000017 0.000058 1.000000
vn 0.430385 0.121771 0.894394
vn 0.431233 0.118635 0.894407
vn -0.431442 -0.117908 0.894402
vn -0.430733 -0.120606 0.894384
vn -0.000040 0.000139 1.000000
vn 0.434714 0.105434 0.894375
vn 0.435305 0.102784 0.894397
vn -0.435412 -0.102370 0.894392
vn -0.435041 -0.104231 0.894357
vn -0.000009 0.000038 1.000000
vn 0.437192 0.094421 0.894398
vn 0.437337 0.093615 0.894412
vn -0.437356 -0.093533 0.894411
vn -0.437260 -0.094135 0.894395
vn -0.000000 0.000004 1.000000
vn 0.437971 0.090482 0.894424
vn 0.438073 0.089975 0.894425
vn -0.438076 -0.089961 0.894425
vn -0.437979 -0.090448 0.894424
vn -0.000001 0.000002 1.000000
vn 0.438485 0.087938 0.894426
vn 0.438540 0.087660 0.894426
vn -0.438541 -0.087655 0.894426
vn -0.438490 -0.087923 0.894425
vn -0.000000 0.000000 1.000000
vn 0.439567 0.082458 0.894417
vn 0.440005 0.080052 0.894420
vn -0.440128 -0.079404 0.894417
vn -0.439719 -0.081671 0.894414
vn -0.000027 0.000143 1.000000
vn 0.442301 0.066678 0.894384
vn 0.442856 0.062676 0.894399
vn -0.443132 -0.060905 0.894385
vn -0.442791 -0.063783 0.894354
vn -0.000051 0.000327 1.000000
vn 0.444722 0.048271 0.894367
vn 0.444971 0.045463 0.894390
vn -0.445099 -0.044392 0.894380
vn -0.445139 -0.045241 0.894318
vn -0.000010 0.000106 1.000000
vn 0.445624 0.038151 0.894407
vn 0.445671 0.037399 0.894415
vn -0.445688 -0.037181 0.894416
vn -0.445708 -0.037341 0.894399
vn -0.000001 0.000005 1.000000
vn 0.447749 0.009322 0.894110
vn 0.447694 -0.009275 0.894139
vn -0.439572 0.120443 0.890096
vn -0.444634 -0.049680 0.894333
vn 0.000809 0.044571 0.999006
vn 0.436042 -0.107127 0.893528
vn 0.423494 -0.150424 0.893323
vn 0.287570 0.956787 0.043156
vn 0.459256 0.121618 -0.879939
vn 0.234471 -0.052323 0.970714
vn 0.355583 -0.276307 0.892869
vn 0.316837 -0.319165 0.893167
vn 0.585528 0.020369 -0.810397
vn 0.445829 -0.144159 -0.883433
vn 0.213347 -0.104117 0.971413
vn 0.198818 -0.403390 0.893168
vn 0.149715 -0.423867 0.893265
vn 0.637359 -0.136738 -0.758338
vn 0.427561 -0.265450 -0.864134
vn 0.153155 -0.180965 0.971491
vn 0.025725 -0.449445 0.892937
vn -0.017007 -0.449085 0.893327
vn 0.958266 0.212332 0.191417
vn 0.319785 -0.414808 -0.851864
vn 0.015283 -0.000655 0.999883
vn -0.084056 -0.440793 0.893665
vn -0.095690 -0.438004 0.893866
vn 0.122057 0.434571 0.892328
vn 0.294359 0.399357 0.868255
vn 0.000033 -0.000007 1.000000
vn -0.107374 -0.434151 0.894418
vn -0.109084 -0.433717 0.894422
vn 0.109544 0.433606 0.894419
vn 0.108098 0.433976 0.894416
vn 0.000089 -0.000021 1.000000
vn -0.117809 -0.431458 0.894408
vn -0.120233 -0.430774 0.894415
vn 0.121148 0.430528 0.894410
vn 0.119374 0.431050 0.894397
vn 0.000166 -0.000047 1.000000
vn -0.140280 -0.424868 0.894320
vn -0.147862 -0.422229 0.894349
vn 0.149711 0.421636 0.894321
vn 0.143383 0.423948 0.894265
vn 0.000346 -0.000109 1.000000
vn -0.191408 -0.405316 0.893914
vn -0.204348 -0.398557 0.894088
vn 0.209998 0.395982 0.893923
vn 0.200186 0.401760 0.893596
vn 0.001106 -0.000498 0.999999
vn -0.260568 -0.365941 0.893416
vn -0.273942 -0.355116 0.893783
vn 0.280953 0.350405 0.893466
vn 0.275053 0.357568 0.892463
vn 0.001129 -0.000782 0.999999
vn -0.325053 -0.310311 0.893335
vn -0.336232 -0.296967 0.893733
vn 0.342230 0.291060 0.893400
vn 0.338412 0.298918 0.892259
vn 0.000915 -0.000938 0.999999
vn -0.370955 -0.253057 0.893507
vn -0.376232 -0.243777 0.893881
vn 0.379635 0.239127 0.893698
vn 0.379854 0.242357 0.892734
vn 0.000422 -0.000617 1.000000
vn -0.390024 -0.219852 0.894173
vn -0.391692 -0.216432 0.894279
vn 0.392528 0.215065 0.894242
vn 0.393242 0.214890 0.893971
vn 0.000028 -0.000053 1.000000
vn -0.397318 -0.205434 0.894391
vn -0.398616 -0.202837 0.894406
vn 0.398859 0.202374 0.894403
vn 0.397758 0.204611 0.894384
vn 0.000042 -0.000083 1.000000
vn -0.404919 -0.190088 0.894375
vn -0.406351 -0.186904 0.894397
vn 0.406676 0.186227 0.894390
vn 0.405525 0.188859 0.894361
vn 0.000055 -0.000119 1.000000
vn -0.412362 -0.173395 0.894367
vn -0.413471 -0.170598 0.894392
vn 0.413664 0.170159 0.894387
vn 0.412871 0.172271 0.894349
vn 0.000022 -0.000051 1.000000
vn -0.417488 -0.160540 0.894388
vn -0.418009 -0.159079 0.894406
vn 0.418071 0.158925 0.894405
vn 0.417669 0.160101 0.894383
vn 0.000006 -0.000014 1.000000
vn -0.420115 -0.153377 0.894415
vn -0.420437 -0.152464 0.894420
vn 0.420455 0.152410 0.894421
vn 0.420165 0.153242 0.894415
vn 0.000002 -0.000006 1.000000
vn -0.421695 -0.148938 0.894422
vn -0.421857 -0.148463 0.894425
vn 0.421863 0.148444 0.894425
vn 0.421714 0.148884 0.894422
vn 0.000000 -0.000002 1.000000
vn -0.429768 -0.125387 0.894191
vn -0.433443 -0.111584 0.894246
vn 0.438663 0.094190 0.893702
vn 0.437635 0.101588 0.893396
vn 0.000938 -0.003063 0.999995
vn -0.449498 -0.024158 0.892954
vn -0.449510 0.015168 0.893147
vn 0.441717 -0.135013 0.886937
vn 0.469104 -0.024620 0.882800
vn 0.000440 -0.043480 0.999054
vn -0.421790 0.164233 0.891695
vn -0.395184 0.219858 0.891904
vn 0.283953 -0.450159 0.846598
vn -0.463376 -0.204415 -0.862263
vn -0.037079 -0.064381 0.997236
vn -0.286673 0.351246 0.891316
vn -0.235440 0.386484 0.891739
vn 0.052834 -0.550505 0.833159
vn -0.589566 -0.036886 -0.806877
vn -0.025417 -0.016501 0.999541
vn -0.116742 0.437604 0.891557
vn -0.083366 0.443876 0.892202
vn -0.926350 -0.367283 -0.083536
vn -0.412506 0.261778 -0.872532
vn -0.065143 0.232746 0.970354
vn -0.028663 0.447067 0.894041
vn -0.014717 0.447503 0.894161
vn -0.197436 -0.454025 0.868838
vn -0.285802 0.420313 -0.861193
vn -0.000280 -0.000001 1.000000
vn -0.001122 0.447255 0.894406
vn -0.000436 0.447252 0.894408
vn -0.000565 -0.447256 0.894406
vn -0.002217 -0.447308 0.894377
vn 0.000000 0.000002 1.000000
vn 0.722007 -0.065106 0.688815
vn 0.315896 -0.448287 0.836211
vn 0.236343 -0.452709 0.859765
vn 0.350267 0.394619 0.849464
vn 0.420158 0.376596 0.825617
vn 0.269671 -0.024322 0.962645
vn -0.080079 -0.440317 0.894264
vn -0.085813 -0.439104 0.894329
vn 0.087544 0.438813 0.894304
vn 0.083665 0.439812 0.894184
vn 0.000268 -0.000047 1.000000
vn -0.109508 -0.433911 0.894276
vn -0.115066 -0.432346 0.894336
vn 0.117599 0.431729 0.894305
vn 0.113977 0.432932 0.894192
vn 0.000446 -0.000110 1.000000
vn -0.139157 -0.425317 0.894282
vn -0.145668 -0.423022 0.894334
vn 0.149189 0.421904 0.894281
vn 0.145857 0.423378 0.894134
vn 0.000586 -0.000189 1.000000
vn -0.172890 -0.412847 0.894241
vn -0.180456 -0.409456 0.894305
vn 0.185306 0.407476 0.894218
vn 0.182100 0.409401 0.893997
vn 0.000803 -0.000333 1.000000
vn -0.210928 -0.394903 0.894182
vn -0.219445 -0.390045 0.894264
vn 0.225791 0.386737 0.894121
vn 0.223418 0.388928 0.893767
vn 0.001018 -0.000538 0.999999
vn -0.251630 -0.370430 0.894128
vn -0.260740 -0.363832 0.894226
vn 0.272266 0.356104 0.893902
vn 0.273263 0.356912 0.893275
vn 0.001701 -0.001153 0.999998
vn -0.294164 -0.337721 0.894099
vn -0.304396 -0.328279 0.894190
vn 0.322578 0.312591 0.893438
vn 0.333332 0.306320 0.891660
vn 0.002225 -0.001949 0.999996
vn -0.338808 -0.293162 0.894016
vn -0.349154 -0.280421 0.894123
vn 0.375641 0.249933 0.892428
vn 0.401471 0.226105 0.887523
vn 0.002551 -0.002987 0.999992
vn -0.381130 -0.235827 0.893938
vn -0.390212 -0.219985 0.894059
vn 0.417388 0.176073 0.891507
vn 0.458145 0.122599 0.880382
vn 0.002286 -0.003774 0.999990
vn -0.414224 -0.171248 0.893920
vn -0.420001 -0.155783 0.894053
vn 0.434633 0.120714 0.892481
vn 0.471109 0.054840 0.880368
vn 0.001274 -0.003191 0.999994
vn -0.434018 -0.110794 0.894066
vn -0.437176 -0.096723 0.894160
vn 0.444220 0.069681 0.893204
vn 0.460509 0.027208 0.887238
vn 0.000691 -0.002806 0.999996
vn -0.444936 -0.051338 0.894089
vn -0.446266 -0.036039 0.894174
vn 0.452256 -0.016753 0.891731
vn 0.461304 -0.067985 0.884633
vn 0.000433 -0.003983 0.999992
vn -0.447785 0.014553 0.894023
vn -0.446722 0.031456 0.894120
vn 0.444659 -0.089676 0.891199
vn 0.448019 -0.190789 0.873429
vn -0.000179 -0.004202 0.999991
vn -0.440181 0.083779 0.893992
vn -0.436606 0.099819 0.894098
vn 0.433703 -0.117128 0.893411
vn 0.430036 -0.191428 0.882283
vn -0.000382 -0.001932 0.999998
vn -0.423651 0.146132 0.893960
vn -0.419156 0.157703 0.894113
vn 0.416130 -0.167076 0.893824
vn 0.417311 -0.170140 0.892695
vn -0.000426 -0.001230 0.999999
vn -0.404628 0.191954 0.894108
vn -0.400650 0.199617 0.894222
vn 0.398538 -0.204340 0.894099
vn 0.399481 -0.204895 0.893551
vn -0.000263 -0.000556 1.000000
vn -0.388977 0.221333 0.894265
vn -0.386545 0.225298 0.894329
vn 0.385629 -0.226988 0.894297
vn 0.386430 -0.226344 0.894114
vn -0.000091 -0.000159 1.000000
vn -0.380457 0.235255 0.894375
vn -0.379807 0.236215 0.894399
vn 0.379635 -0.236504 0.894395
vn 0.379785 -0.236410 0.894356
vn -0.000001 -0.000002 1.000000
vn -0.378479 0.238242 0.894424
vn -0.378454 0.238276 0.894426
vn 0.378452 -0.238279 0.894426
vn 0.378471 -0.238255 0.894424
vn 0.000000 0.000000 1.000000
vn -0.378281 0.238544 0.894427
vn -0.378226 0.238632 0.894427
vn 0.378226 -0.238632 0.894427
vn 0.378281 -0.238545 0.894427
vn -0.000000 0.000000 1.000000
vn -0.377889 0.239166 0.894427
vn -0.377803 0.239301 0.894427
vn 0.377803 -0.239301 0.894427
vn 0.377889 -0.239166 0.894427
vn -0.000000 0.000000 1.000000
vn -0.376893 0.240735 0.894426
vn -0.376561 0.241253 0.894427
vn 0.376552 -0.241267 0.894427
vn 0.376882 -0.240751 0.894426
vn -0.000002 -0.000004 1.000000
vn -0.374708 0.244130 0.894424
vn -0.374263 0.244808 0.894425
vn 0.374244 -0.244836 0.894425
vn 0.374677 -0.244179 0.894424
vn -0.000004 -0.000005 1.000000
vn -0.372474 0.247527 0.894424
vn -0.372222 0.247899 0.894425
vn 0.372212 -0.247915 0.894425
vn 0.372445 -0.247572 0.894423
vn -0.000001 -0.000002 1.000000
vn -0.371425 0.249089 0.894426
vn -0.371385 0.249147 0.894427
vn 0.371383 -0.249150 0.894427
vn 0.371418 -0.249100 0.894426
vn 0.000000 0.000000 1.000000
vn -0.354001 0.274656 0.894006
vn -0.343428 0.288807 0.893671
vn 0.554335 0.831100 0.044555
vn 0.416091 -0.179825 0.891365
vn -0.174552 0.173331 0.969272
vn -0.267594 0.359401 0.893993
vn -0.228574 0.384811 0.894245
vn -0.246723 0.373629 -0.894164
vn -0.279883 0.349846 -0.894021
vn -0.096193 0.226364 0.969281
vn -0.124219 0.431443 0.893547
vn -0.086925 0.439128 0.894209
vn -0.129688 0.429309 -0.893798
vn -0.143638 0.425879 -0.893306
vn -0.031251 0.240984 0.970026
vn -0.014886 0.447322 0.894249
vn 0.005426 0.447399 0.894318
vn -0.040786 0.446287 -0.893960
vn -0.039114 0.446160 -0.894098
vn 0.006866 0.242554 0.970114
vn 0.063636 0.442886 0.894317
vn 0.085412 0.439507 0.894169
vn 0.058391 0.443241 -0.894499
vn 0.040028 0.445430 -0.894421
vn 0.062277 0.236049 0.969743
vn 0.159521 0.418373 0.894157
vn 0.187979 0.406028 0.894318
vn 0.163663 0.416444 -0.894309
vn 0.144371 0.423884 -0.894136
vn 0.118545 0.212896 0.969857
vn 0.256689 0.366739 0.894211
vn 0.278480 0.350265 0.894295
vn 0.255856 0.366831 -0.894412
vn 0.241492 0.376957 -0.894195
vn 0.163433 0.180462 0.969909
vn 0.338837 0.292272 0.894296
vn 0.358890 0.268186 0.894021
vn 0.350696 0.278161 -0.894226
vn 0.327422 0.304460 -0.894483
vn 0.211376 0.125115 0.969364
vn 0.414259 0.170304 0.894084
vn 0.429177 0.124069 0.894659
vn -0.112152 0.965602 -0.234595
vn 0.402196 0.199992 -0.893444
vn -0.015689 0.118723 0.992803
vn 0.448232 0.037423 0.893133
vn 0.448670 0.019454 0.893486
vn -0.472682 0.166876 0.865289
vn -0.401258 0.515559 0.757094
vn -0.000001 -0.000001 1.000000
vn 0.447238 0.002031 0.894413
vn 0.447234 -0.001350 0.894416
vn -0.447248 0.003503 0.894403
vn -0.447278 0.000674 0.894395
vn -0.000004 0.000447 1.000000
vn 0.446865 -0.021424 0.894345
vn 0.446385 -0.029104 0.894368
vn -0.445698 0.044257 0.894089
vn -0.446036 0.046633 0.893799
vn 0.000091 0.001971 0.999998
vn 0.443841 -0.057232 0.894276
vn 0.442722 -0.064763 0.894317
vn -0.442346 0.068769 0.894204
vn -0.442178 0.082992 0.893079
vn 0.000015 0.000113 1.000000
vn 0.440186 -0.080230 0.894315
vn 0.439999 -0.080658 0.894368
vn -0.439967 0.080860 0.894366
vn -0.440070 0.081041 0.894299
vn 0.000000 -0.000000 1.000000
vn 0.439757 -0.081330 0.894427
vn 0.439747 -0.081382 0.894427
vn -0.439747 0.081382 0.894427
vn -0.439756 0.081331 0.894427
vn -0.000000 0.000000 1.000000
vn 0.439752 -0.081355 0.894427
vn 0.439768 -0.081265 0.894427
vn -0.439768 0.081265 0.894427
vn -0.439751 0.081355 0.894427
vn 0.000000 0.000000 1.000000
vn 0.439935 -0.080362 0.894427
vn 0.439991 -0.080049 0.894427
vn -0.439991 0.080055 0.894427
vn -0.439934 0.080370 0.894427
vn 0.000001 0.000001 1.000000
vn 0.440329 -0.078178 0.894426
vn 0.440409 -0.077723 0.894427
vn -0.440406 0.077737 0.894427
vn -0.440325 0.078202 0.894426
vn 0.000001 0.000003 1.000000
vn 0.440815 -0.075400 0.894426
vn 0.440891 -0.074943 0.894426
vn -0.440888 0.074961 0.894426
vn -0.440808 0.075437 0.894426
vn 0.000000 0.000002 1.000000
vn 0.441283 -0.072613 0.894425
vn 0.441355 -0.072161 0.894426
vn -0.441352 0.072179 0.894426
vn -0.441276 0.072650 0.894426
vn 0.000001 0.000003 1.000000
vn 0.455156 0.027960 0.889973
vn 0.451602 0.007619 0.892187
vn -0.445672 0.039970 0.894303
vn -0.444476 0.052211 0.894268
vn 0.000536 0.004278 0.999991
vn 0.469993 0.212384 0.856738
vn 0.398116 0.276956 0.874528
vn -0.444087 -0.064856 0.893633
vn -0.447732 -0.032405 0.893580
vn -0.016679 0.088096 0.995972
vn -0.510672 0.184851 -0.839669
vn -0.076392 0.802925 0.591165
vn -0.386973 -0.229655 0.893034
vn -0.410795 -0.183926 0.892983
vn -0.189648 0.121735 0.974276
vn -0.655529 0.091052 -0.749661
vn -0.340450 0.764520 0.547360
vn -0.252393 -0.372685 0.892975
vn -0.295743 -0.339890 0.892755
vn -0.069682 0.041568 0.996703
vn -0.365496 0.535566 0.761303
vn -0.023848 0.494089 0.869084
vn -0.098975 -0.438848 0.893094
vn -0.137015 -0.429117 0.892796
vn -0.002092 0.000532 0.999998
vn 0.002918 0.452528 0.891746
vn 0.003128 0.449251 0.893400
vn -0.009223 -0.448586 0.893692
vn -0.021970 -0.449050 0.893236
vn -0.000524 0.000025 1.000000
vn -0.041012 0.446684 0.893751
vn -0.047921 0.445341 0.894078
vn 0.044166 -0.445555 0.894164
vn 0.033760 -0.446788 0.894003
vn -0.000622 -0.000041 1.000000
vn -0.096529 0.438309 0.893626
vn -0.103233 0.435970 0.894021
vn 0.099132 -0.436707 0.894125
vn 0.088330 -0.439396 0.893940
vn -0.000662 -0.000127 1.000000
vn -0.146836 0.424034 0.893664
vn -0.151016 0.421711 0.894066
vn 0.147698 -0.422713 0.894147
vn 0.139397 -0.425919 0.893958
vn -0.000476 -0.000152 1.000000
vn -0.181295 0.409732 0.894009
vn -0.184041 0.408016 0.894232
vn 0.182230 -0.408746 0.894270
vn 0.176660 -0.411419 0.894162
vn -0.000217 -0.000092 1.000000
vn -0.207325 0.396742 0.894210
vn -0.211001 0.394565 0.894314
vn 0.209603 -0.395262 0.894335
vn 0.204533 -0.398046 0.894274
vn -0.000226 -0.000114 1.000000
vn -0.234506 0.381342 0.894195
vn -0.238074 0.378863 0.894306
vn 0.236652 -0.379699 0.894329
vn 0.231639 -0.382929 0.894264
vn -0.000228 -0.000137 1.000000
vn -0.257413 0.366199 0.894224
vn -0.259338 0.364580 0.894329
vn 0.258516 -0.365130 0.894343
vn 0.255267 -0.367560 0.894281
vn -0.000095 -0.000065 1.000000
vn -0.269040 0.357412 0.894357
vn -0.269503 0.356971 0.894394
vn 0.269302 -0.357116 0.894396
vn 0.268326 -0.357916 0.894370
vn -0.000008 -0.000005 1.000000
vn -0.272122 0.354907 0.894422
vn -0.272294 0.354768 0.894425
vn 0.272278 -0.354781 0.894424
vn 0.272065 -0.354950 0.894422
vn -0.000000 -0.000000 1.000000
vn -0.272009 0.354983 0.894426
vn -0.271570 0.355317 0.894427
vn 0.271558 -0.355326 0.894427
vn 0.271993 -0.354994 0.894427
vn -0.000002 -0.000002 1.000000
vn -0.269263 0.357073 0.894425
vn -0.268750 0.357457 0.894426
vn 0.268733 -0.357470 0.894426
vn 0.269231 -0.357098 0.894425
vn -0.000002 -0.000003 1.000000
vn -0.266697 0.358995 0.894425
vn -0.266416 0.359200 0.894426
vn 0.266408 -0.359206 0.894426
vn 0.266672 -0.359013 0.894425
vn -0.000001 -0.000002 1.000000
vn -0.264900 0.360319 0.894426
vn -0.264544 0.360578 0.894427
vn 0.264537 -0.360585 0.894427
vn 0.264886 -0.360329 0.894426
vn -0.000001 -0.000002 1.000000
vn -0.262504 0.362070 0.894425
vn -0.262001 0.362432 0.894426
vn 0.261987 -0.362443 0.894426
vn 0.262479 -0.362088 0.894425
vn -0.000002 -0.000003 1.000000
vn -0.254050 0.368121 0.894397
vn -0.250089 0.370802 0.894405
vn 0.247019 -0.372930 0.894374
vn 0.250124 -0.370901 0.894355
vn -0.000614 -0.000430 1.000000
vn -0.229674 0.384008 0.894309
vn -0.222458 0.388151 0.894344
vn 0.213162 -0.393755 0.894158
vn 0.213280 -0.394352 0.893867
vn -0.001388 -0.000835 0.999999
vn -0.198812 0.400947 0.894268
vn -0.192602 0.403858 0.894317
vn 0.187502 -0.406491 0.894208
vn 0.181595 -0.410607 0.893547
vn -0.000528 -0.000258 1.000000
vn -0.177951 0.410433 0.894359
vn -0.175420 0.411469 0.894383
vn 0.174122 -0.412055 0.894367
vn 0.173330 -0.412626 0.894258
vn -0.000075 -0.000034 1.000000
vn -0.142928 0.424618 0.894020
vn -0.125115 0.430640 0.893809
vn 0.907383 0.416809 0.054093
vn 0.237204 -0.384764 0.892015
vn -0.054145 0.239243 0.969449
vn -0.024724 0.447395 0.893995
vn 0.021411 0.447341 0.894107
vn -0.025872 0.447976 -0.893671
vn -0.053647 0.444798 -0.894023
vn 0.036794 0.242740 0.969393
vn 0.130414 0.429930 0.893394
vn 0.164719 0.416702 0.893995
vn -0.366451 0.574004 -0.732279
vn 0.093942 0.440896 -0.892628
vn -0.109479 0.229843 0.967051
vn 0.216766 0.391636 0.894222
vn 0.227384 0.385442 0.894277
vn -0.883629 0.207348 0.419771
vn -0.184378 0.568861 -0.801500
vn -0.001464 0.000858 0.999999
vn 0.285252 0.347448 0.893259
vn 0.309866 0.329353 0.891913
vn 0.824703 -0.560691 0.074096
vn 0.201989 0.392296 -0.897387
vn 0.200467 0.154973 0.967366
vn 0.403008 0.204567 0.892041
vn 0.425373 0.138404 0.894372
vn 0.415861 0.167212 -0.893924
vn 0.397230 0.216697 -0.891768
vn 0.243993 0.031431 0.969268
vn 0.449121 0.004157 0.893461
vn 0.446484 -0.033120 0.894179
vn 0.449138 0.018477 -0.893271
vn 0.449039 0.025095 -0.893160
vn 0.240865 -0.029572 0.970108
vn 0.435587 -0.102450 0.894298
vn 0.430655 -0.121427 0.894311
vn 0.441654 -0.074346 -0.894100
vn 0.441549 -0.074504 -0.894138
vn 0.232209 -0.071044 0.970068
vn 0.412679 -0.172964 0.894304
vn 0.403963 -0.192246 0.894347
vn 0.484567 -0.012272 -0.874668
vn 0.423103 -0.146718 -0.894124
vn 0.240144 -0.036665 0.970045
vn 0.382501 -0.232617 0.894194
vn 0.375442 -0.243598 0.894262
vn 0.112395 0.783675 0.610918
vn 0.639802 0.386974 -0.664006
vn 0.000841 0.001297 0.999999
vn 0.362715 -0.261744 0.894387
vn 0.359406 -0.266241 0.894395
vn -0.260289 0.394005 0.881481
vn 0.349097 0.858275 0.376160
vn 0.000941 0.001292 0.999999
vn 0.348901 -0.279895 0.894386
vn 0.345148 -0.284484 0.894395
vn -0.322315 0.312619 0.893522
vn 0.675090 0.408333 -0.614425
vn 0.001216 0.001497 0.999998
vn 0.334713 -0.296722 0.894384
vn 0.331924 -0.299813 0.894393
vn -0.329641 0.302484 0.894338
vn -0.237495 0.407055 0.881988
vn 0.000009 0.000013 1.000000
vn 0.327067 -0.305068 0.894405
vn 0.327015 -0.305091 0.894416
vn -0.326997 0.305111 0.894416
vn -0.326994 0.305148 0.894405
vn 0.000000 0.000000 1.000000
vn 0.326875 -0.305210 0.894427
vn 0.326831 -0.305257 0.894427
vn -0.326830 0.305257 0.894427
vn -0.326875 0.305210 0.894427
vn 0.000001 -0.000000 1.000000
vn 0.326530 -0.305579 0.894427
vn 0.326445 -0.305669 0.894427
vn -0.326445 0.305669 0.894427
vn -0.326530 0.305579 0.894427
vn 0.000000 -0.000000 1.000000
vn 0.325000 -0.307209 0.894426
vn 0.324383 -0.307860 0.894426
vn -0.324339 0.307905 0.894426
vn -0.324946 0.307265 0.894426
vn 0.000010 0.000009 1.000000
vn 0.320305 -0.312122 0.894419
vn 0.319080 -0.313367 0.894421
vn -0.318901 0.313551 0.894420
vn -0.320040 0.312398 0.894417
vn 0.000036 0.000038 1.000000
vn 0.313173 -0.319306 0.894408
vn 0.311803 -0.320622 0.894416
vn -0.311561 0.320862 0.894415
vn -0.312700 0.319783 0.894403
vn 0.000040 0.000040 1.000000
vn 0.305464 -0.326690 0.894408
vn 0.303981 -0.328049 0.894416
vn -0.303706 0.328309 0.894414
vn -0.304933 0.327201 0.894402
vn 0.000045 0.000044 1.000000
vn 0.292354 -0.338583 0.894366
vn 0.288147 -0.342124 0.894384
vn -0.287494 0.342694 0.894376
vn -0.291347 0.339492 0.894350
vn 0.000127 0.000112 1.000000
vn 0.262669 -0.362586 0.894168
vn 0.254705 -0.368001 0.894260
vn -0.252629 0.369539 0.894214
vn -0.259546 0.365053 0.894076
vn 0.000406 0.000302 1.000000
vn 0.217536 -0.391877 0.893930
vn 0.207947 -0.396612 0.894124
vn -0.205074 0.398289 0.894042
vn -0.211993 0.395465 0.893681
vn 0.000468 0.000266 1.000000
vn 0.166989 -0.415985 0.893908
vn 0.156820 -0.419491 0.894111
vn -0.153754 0.420805 0.894026
vn -0.160889 0.418947 0.893643
vn 0.000488 0.000201 1.000000
vn 0.116292 -0.432834 0.893941
vn 0.106706 -0.434891 0.894139
vn -0.101564 0.436343 0.894030
vn -0.107462 0.435711 0.893649
vn 0.000906 0.000251 1.000000
vn 0.071644 -0.442092 0.894104
vn 0.063483 -0.443093 0.894225
vn -0.059533 0.443823 0.894135
vn -0.061894 0.444300 0.893737
vn 0.000505 0.000083 1.000000
vn 0.045701 -0.445382 0.894174
vn 0.044234 -0.445404 0.894236
vn -0.042424 0.445640 0.894206
vn -0.040091 0.446213 0.894028
vn -0.000000 -0.000000 1.000000
vn 0.013802 -0.578134 0.815825
vn -0.422760 -0.288613 0.859055
vn -0.430602 -0.232573 0.872062
vn 0.441144 -0.212607 0.871889
vn 0.435977 -0.268798 0.858878
vn 0.004916 -0.205890 0.978563
vn -0.447114 -0.009473 0.894427
vn -0.447118 -0.009227 0.894427
vn 0.447119 0.009225 0.894427
vn 0.447114 0.009470 0.894427
vn -0.000000 -0.000000 1.000000
vn -0.447167 -0.006697 0.894425
vn -0.447179 -0.005771 0.894426
vn 0.447181 0.005695 0.894425
vn 0.447169 0.006604 0.894425
vn 0.000001 -0.000017 1.000000
vn -0.447229 -0.000168 0.894419
vn -0.447222 0.001380 0.894422
vn 0.447221 -0.001609 0.894422
vn 0.447232 -0.000191 0.894418
vn 0.000000 -0.000044 1.000000
vn -0.447159 0.008579 0.894414
vn -0.447116 0.010143 0.894419
vn 0.447111 -0.010407 0.894418
vn 0.447155 -0.009121 0.894410
vn -0.000000 -0.000041 1.000000
vn -0.446912 0.017130 0.894414
vn -0.446841 0.018638 0.894419
vn 0.446831 -0.018886 0.894419
vn 0.446899 -0.017636 0.894411
vn -0.000001 -0.000039 1.000000
vn -0.445695 0.040112 0.894286
vn -0.444541 0.050736 0.894321
vn 0.443674 -0.060946 0.894114
vn 0.444852 -0.053795 0.893987
vn -0.000157 -0.001947 0.999998
vn -0.434951 0.109709 0.893746
vn -0.428265 0.132337 0.893911
vn 0.372534 -0.333881 0.865876
vn 0.283209 -0.578226 0.765145
vn -0.002205 -0.008680 0.999960
vn -0.396609 0.211711 0.893241
vn -0.381522 0.236828 0.893506
vn 0.294091 -0.390700 0.872275
vn -0.086297 -0.903449 0.419920
vn -0.003834 -0.006778 0.999970
vn -0.331818 0.302998 0.893358
vn -0.313586 0.321116 0.893615
vn 0.277150 -0.361722 0.890138
vn 0.096364 -0.609037 0.787266
vn -0.003531 -0.003716 0.999987
vn -0.264989 0.362241 0.893623
vn -0.251687 0.371039 0.893859
vn 0.235744 -0.383360 0.893006
vn 0.199987 -0.422061 0.884234
vn -0.001610 -0.001141 0.999998
vn -0.222833 0.388334 0.894172
vn -0.217115 0.391364 0.894257
vn 0.213129 -0.393822 0.894137
vn 0.205918 -0.399642 0.893244
vn -0.000222 -0.000129 1.000000
vn -0.203139 0.398534 0.894374
vn -0.200170 0.399986 0.894395
vn 0.199036 -0.400580 0.894383
vn 0.200592 -0.399909 0.894335
vn -0.000160 -0.000085 1.000000
vn -0.189345 0.405237 0.894389
vn -0.187011 0.406286 0.894404
vn 0.186263 -0.406642 0.894398
vn 0.187611 -0.406088 0.894368
vn -0.000101 -0.000048 1.000000
vn -0.178807 0.409963 0.894404
vn -0.177315 0.410588 0.894414
vn 0.177034 -0.410716 0.894411
vn 0.177952 -0.410355 0.894395
vn -0.000022 -0.000012 1.000000
vn -0.172165 0.412769 0.894417
vn -0.171404 0.413074 0.894422
vn 0.171332 -0.413104 0.894422
vn 0.171967 -0.412852 0.894416
vn -0.000006 -0.000006 1.000000
vn -0.168294 0.414348 0.894423
vn -0.167765 0.414557 0.894426
vn 0.167737 -0.414571 0.894424
vn 0.168223 -0.414375 0.894424
vn -0.000002 -0.000005 1.000000
vn -0.165585 0.415433 0.894426
vn -0.165243 0.415568 0.894426
vn 0.165230 -0.415574 0.894426
vn 0.165550 -0.415447 0.894426
vn -0.000002 -0.000002 1.000000
vn -0.163226 0.416364 0.894426
vn -0.162707 0.416567 0.894427
vn 0.162693 -0.416571 0.894427
vn 0.163203 -0.416374 0.894426
vn -0.000002 -0.000001 1.000000
vn -0.160568 0.417398 0.894425
vn -0.160262 0.417515 0.894426
vn 0.160254 -0.417516 0.894426
vn 0.160548 -0.417405 0.894426
vn -0.000001 0.000000 1.000000
vn -0.160296 0.417501 0.894426
vn -0.160758 0.417323 0.894426
vn 0.160747 -0.417326 0.894427
vn 0.160281 -0.417506 0.894426
vn -0.000002 0.000000 1.000000
vn -0.164553 0.415849 0.894423
vn -0.165723 0.415382 0.894424
vn 0.165665 -0.415403 0.894425
vn 0.164475 -0.415879 0.894423
vn -0.000012 -0.000003 1.000000
vn -0.163475 0.416320 0.894401
vn -0.160376 0.417507 0.894409
vn 0.159959 -0.417669 0.894408
vn 0.162916 -0.416546 0.894398
vn -0.000088 -0.000033 1.000000
vn -0.133581 0.427230 0.894221
vn -0.123047 0.430257 0.894281
vn 0.118326 -0.431769 0.894189
vn 0.127362 -0.429412 0.894083
vn -0.000983 -0.000323 0.999999
vn -0.070543 0.442952 0.893766
vn -0.054673 0.444736 0.893992
vn 0.044775 -0.446477 0.893674
vn 0.052960 -0.447021 0.892954
vn -0.001707 -0.000291 0.999999
vn 0.011463 0.448969 0.893474
vn 0.030641 0.447436 0.893791
vn -0.044320 -0.447376 0.893247
vn -0.038235 -0.450664 0.891874
vn -0.002209 0.000040 0.999998
vn 0.084005 0.441174 0.893481
vn 0.092764 0.438668 0.893849
vn -0.099775 -0.437624 0.893605
vn -0.105277 -0.439378 0.892112
vn -0.000654 0.000128 1.000000
vn 0.098299 0.436577 0.894280
vn 0.096096 0.436951 0.894337
vn -0.099302 -0.436212 0.894348
vn -0.105980 -0.434885 0.894228
vn -0.000434 0.000102 1.000000
vn 0.082912 0.439712 0.894304
vn 0.083898 0.439370 0.894380
vn -0.084734 -0.439190 0.894389
vn -0.086298 -0.438936 0.894364
vn -0.000013 0.000001 1.000000
vn 0.086955 0.438702 0.894416
vn 0.089560 0.438171 0.894419
vn -0.090436 -0.438001 0.894414
vn -0.088087 -0.438488 0.894410
vn -0.000187 0.000035 1.000000
vn 0.133273 0.428219 0.893794
vn 0.158237 0.419615 0.893803
vn -0.599892 -0.171354 0.781516
vn -0.060671 -0.444627 0.893659
vn -0.162715 0.128617 0.978254
vn 0.267231 0.361772 0.893145
vn 0.309216 0.326754 0.893094
vn -0.771210 0.629683 -0.093458
vn -0.211666 0.602653 -0.769420
vn 0.044200 0.230682 0.972025
vn 0.399176 0.210076 0.892484
vn 0.420879 0.160134 0.892870
vn -0.597231 0.758171 0.261708
vn 0.154016 0.575178 -0.803399
vn -0.020725 0.064913 0.997676
vn 0.449030 0.027037 0.893108
vn 0.449303 -0.022606 0.893094
vn -0.088755 0.957063 0.275960
vn 0.379615 0.344920 -0.858442
vn 0.210778 0.106791 0.971683
vn 0.424195 -0.151797 0.892758
vn 0.405422 -0.195240 0.893036
vn 0.492917 0.290756 -0.820057
vn 0.519520 0.206754 -0.829067
vn 0.220757 -0.099273 0.970263
vn 0.359978 -0.269011 0.893336
vn 0.345444 -0.286287 0.893705
vn -0.193657 0.468561 0.861944
vn 0.531557 -0.022469 -0.846725
vn 0.000161 0.000182 1.000000
vn 0.327118 -0.305028 0.894400
vn 0.324392 -0.307901 0.894409
vn -0.320800 0.311766 0.894365
vn -0.321284 0.311412 0.894315
vn 0.000560 0.000593 1.000000
vn 0.312335 -0.320223 0.894374
vn 0.307845 -0.324497 0.894390
vn -0.290629 0.341238 0.893919
vn -0.278769 0.353197 0.893051
vn 0.001258 0.001224 0.999998
vn 0.288689 -0.341813 0.894328
vn 0.281828 -0.347435 0.894350
vn -0.277671 0.351085 0.894225
vn -0.255853 0.372412 0.892103
vn 0.000397 0.000338 1.000000
vn 0.255879 -0.367365 0.894186
vn 0.248838 -0.371955 0.894276
vn -0.245685 0.374214 0.894205
vn -0.249952 0.371912 0.893983
vn 0.000522 0.000368 1.000000
vn 0.219454 -0.390307 0.894148
vn 0.211364 -0.394517 0.894249
vn -0.207465 0.396781 0.894161
vn -0.211930 0.395051 0.893879
vn 0.000633 0.000360 1.000000
vn 0.178687 -0.410639 0.894118
vn 0.169845 -0.414131 0.894231
vn -0.165458 0.416119 0.894130
vn -0.169949 0.415011 0.893802
vn 0.000695 0.000307 1.000000
vn 0.143827 -0.424007 0.894166
vn 0.139787 -0.425127 0.894274
vn -0.137833 0.425851 0.894233
vn -0.137740 0.426477 0.893949
vn 0.000152 0.000053 1.000000
vn 0.138936 -0.425202 0.894371
vn 0.141413 -0.424341 0.894392
vn -0.140034 0.424782 0.894400
vn -0.136470 0.425995 0.894374
vn 0.000242 0.000075 1.000000
vn 0.159616 -0.418012 0.894309
vn 0.162186 -0.416900 0.894366
vn -0.160004 0.417697 0.894387
vn -0.155675 0.419379 0.894364
vn 0.000377 0.000139 1.000000
vn 0.184845 -0.407670 0.894225
vn 0.187301 -0.406322 0.894327
vn -0.184049 0.407718 0.894367
vn -0.178779 0.410124 0.894336
vn 0.000544 0.000237 1.000000
vn 0.221908 -0.389407 0.893935
vn 0.227095 -0.385884 0.894160
vn -0.221688 0.388730 0.894284
vn -0.212141 0.394148 0.894228
vn 0.000952 0.000503 0.999999
vn 0.289723 -0.345378 0.892622
vn 0.293801 -0.339736 0.893454
vn -0.280432 0.349421 0.894015
vn -0.266770 0.360426 0.893827
vn 0.002285 0.001662 0.999996
vn 0.366580 -0.270882 0.890080
vn 0.360607 -0.270100 0.892753
vn -0.345551 0.286055 0.893737
vn -0.332098 0.302469 0.893434
vn 0.002163 0.002376 0.999995
vn 0.416874 -0.186912 0.889539
vn 0.409100 -0.189019 0.892698
vn -0.398086 0.207016 0.893685
vn -0.388254 0.226202 0.893359
vn 0.001504 0.002591 0.999996
vn 0.437861 -0.119843 0.891019
vn 0.430558 -0.128485 0.893371
vn -0.425551 0.141282 0.893838
vn -0.422034 0.153357 0.893515
vn 0.000514 0.001456 0.999999
vn 0.436536 -0.103425 0.893722
vn 0.433676 -0.110672 0.894247
vn -0.432818 0.113479 0.894310
vn -0.431967 0.117171 0.894246
vn 0.000009 0.000040 1.000000
vn 0.435727 -0.101031 0.894391
vn 0.436361 -0.098147 0.894403
vn -0.436000 0.099659 0.894411
vn -0.435216 0.103083 0.894405
vn 0.000074 0.000311 1.000000
vn 0.441756 -0.072354 0.894213
vn 0.442092 -0.069069 0.894306
vn -0.441105 0.074331 0.894372
vn -0.440032 0.080743 0.894345
vn 0.000174 0.000934 1.000000
vn 0.446328 -0.039500 0.893997
vn 0.445845 -0.038743 0.894271
vn -0.445516 0.041155 0.894327
vn -0.444910 0.048137 0.894281
vn 0.000018 0.000163 1.000000
vn 0.447344 -0.015347 0.894230
vn 0.447261 -0.011763 0.894326
vn -0.447221 0.012516 0.894336
vn -0.447207 0.017077 0.894268
vn 0.000004 0.000103 1.000000
vn 0.447374 0.011758 0.894270
vn 0.447082 0.016697 0.894337
vn -0.447093 -0.015738 0.894349
vn -0.447358 -0.010087 0.894298
vn -0.000002 0.000173 1.000000
vn 0.445309 0.046540 0.894167
vn 0.444435 0.052308 0.894283
vn -0.444559 -0.050863 0.894304
vn -0.445459 -0.043924 0.894224
vn -0.000023 0.000253 1.000000
vn 0.440558 0.080258 0.894129
vn 0.440036 0.081402 0.894283
vn -0.440575 -0.078096 0.894312
vn -0.441366 -0.074654 0.894216
vn -0.000093 0.000542 1.000000
vn 0.437421 0.094143 0.894315
vn 0.437590 0.092572 0.894397
vn -0.437891 -0.091018 0.894409
vn -0.438392 -0.088680 0.894398
vn -0.000026 0.000127 1.000000
vn 0.314701 0.479074 0.819422
vn 0.402487 0.230625 0.885899
vn -0.433629 -0.109626 0.894398
vn -0.435080 -0.103787 0.894390
vn -0.000579 0.002439 0.999997
vn -0.485798 0.404115 -0.775043
vn 0.404969 0.194180 0.893473
vn -0.421136 -0.151174 0.894310
vn -0.425395 -0.138848 0.894293
vn -0.004770 0.013761 0.999894
vn 0.258449 0.460242 0.849342
vn 0.374703 0.254966 0.891398
vn -0.398275 -0.204168 0.894255
vn -0.405058 -0.190545 0.894215
vn -0.001233 0.002481 0.999996
vn 0.355759 0.283466 0.890552
vn 0.375729 0.243615 0.894136
vn -0.379118 -0.237698 0.894298
vn -0.382812 -0.231908 0.894245
vn -0.000208 0.000335 1.000000
vn 0.360991 0.264898 0.894156
vn 0.360032 0.265787 0.894279
vn -0.364513 -0.259255 0.894381
vn -0.368199 -0.254065 0.894360
vn -0.000710 0.001035 0.999999
vn 0.307659 0.332299 0.891585
vn 0.320424 0.315120 0.893324
vn -0.341457 -0.289116 0.894326
vn -0.347861 -0.281497 0.894289
vn -0.001742 0.002147 0.999996
vn 0.011841 0.583660 0.811912
vn 0.171921 0.451336 0.875636
vn -0.300589 -0.331712 0.894211
vn -0.312837 -0.320339 0.894156
vn -0.003882 0.003751 0.999985
vn -0.539864 0.776736 0.324389
vn 0.173540 0.419834 0.890855
vn -0.229938 -0.384698 0.893944
vn -0.250754 -0.371725 0.893836
vn -0.011492 0.007397 0.999907
vn -0.375213 -0.291770 -0.879821
vn 0.027371 0.461440 0.886749
vn -0.123510 -0.431347 0.893692
vn -0.154400 -0.421524 0.893576
vn -0.023149 0.007211 0.999706
vn -0.283604 -0.391010 -0.875603
vn -0.147031 0.451529 0.880059
vn 0.012335 -0.448878 0.893508
vn -0.025453 -0.448582 0.893379
vn -0.028960 -0.000279 0.999581
vn -0.505232 0.313652 0.803967
vn -0.207812 0.414151 0.886167
vn 0.134812 -0.428378 0.893486
vn 0.106522 -0.436771 0.893244
vn -0.003658 -0.001076 0.999993
vn -0.226635 0.395145 0.890223
vn -0.196021 0.403454 0.893757
vn 0.189277 -0.406018 0.894049
vn 0.182206 -0.409639 0.893866
vn -0.000101 -0.000046 1.000000
vn -0.201369 0.399405 0.894386
vn -0.202485 0.398793 0.894407
vn 0.202089 -0.398987 0.894410
vn 0.200379 -0.399877 0.894397
vn -0.000048 -0.000025 1.000000
vn -0.208751 0.395545 0.894409
vn -0.209517 0.395119 0.894418
vn 0.209344 -0.395209 0.894419
vn 0.208300 -0.395774 0.894413
vn -0.000020 -0.000010 1.000000
vn -0.214294 0.392548 0.894418
vn -0.215208 0.392038 0.894423
vn 0.215084 -0.392105 0.894423
vn 0.214047 -0.392679 0.894420
vn -0.000020 -0.000011 1.000000
vn -0.220192 0.389274 0.894417
vn -0.221105 0.388745 0.894422
vn 0.220978 -0.388816 0.894422
vn 0.219939 -0.389411 0.894419
vn -0.000021 -0.000011 1.000000
vn -0.224516 0.386789 0.894420
vn -0.224681 0.386685 0.894423
vn 0.224640 -0.386708 0.894424
vn 0.224365 -0.386876 0.894420
vn -0.000001 -0.000000 1.000000
vn -0.224340 0.386876 0.894426
vn -0.223826 0.387174 0.894426
vn 0.223801 -0.387186 0.894427
vn 0.224304 -0.386895 0.894427
vn -0.000006 -0.000004 1.000000
vn -0.206086 0.397251 0.894271
vn -0.194622 0.402928 0.894299
vn 0.158576 -0.420316 0.893414
vn 0.169360 -0.417432 0.892786
vn -0.007797 -0.004057 0.999961
vn -0.131034 0.428831 0.893831
vn -0.101266 0.436841 0.893820
vn -0.520293 -0.461959 0.718254
vn -0.270394 0.358939 -0.893336
vn -0.223511 0.044808 0.973671
vn 0.005350 0.449102 0.893465
vn 0.049253 0.446291 0.893531
vn -0.986937 0.079920 -0.139884
vn -0.530813 0.375364 -0.759829
vn -0.140662 0.196809 0.970299
vn 0.167312 0.416949 0.893398
vn 0.209506 0.397237 0.893482
vn -0.767451 0.530654 -0.359758
vn -0.265110 0.532058 -0.804134
vn -0.076994 0.228778 0.970429
vn 0.304998 0.330246 0.893260
vn 0.333357 0.301121 0.893420
vn -0.240421 0.628455 -0.739758
vn -0.080861 0.613341 -0.785668
vn 0.173475 0.168704 0.970281
vn 0.387106 0.226390 0.893810
vn 0.401684 0.198491 0.894008
vn -0.434074 0.898478 -0.065696
vn 0.343821 0.296268 -0.891074
vn -0.022576 0.054172 0.998276
vn 0.425995 0.138091 0.894125
vn 0.431641 0.118832 0.894184
vn -0.487493 0.052684 0.871536
vn 0.308810 0.421257 -0.852748
vn -0.003295 0.011926 0.999923
vn 0.441490 0.073816 0.894225
vn 0.443623 0.059108 0.894262
vn -0.452784 -0.005433 0.891604
vn 0.409976 0.208940 -0.887842
vn -0.000934 0.006587 0.999978
vn 0.447632 0.009221 0.894170
vn 0.447756 -0.011454 0.894082
vn 0.722005 -0.557772 0.409388
vn 0.439384 0.071169 -0.895476
vn 0.243215 -0.010262 0.969918
vn 0.438458 -0.091419 0.894090
vn 0.430010 -0.124940 0.894137
vn 0.447220 -0.051523 -0.892939
vn 0.445396 -0.051278 -0.893864
vn 0.231279 -0.075784 0.969931
vn 0.400354 -0.201813 0.893861
vn 0.386753 -0.225814 0.894109
vn 0.502363 0.864309 -0.024538
vn 0.421513 -0.158613 -0.892843
vn 0.014642 0.023030 0.999628
vn 0.362861 -0.262018 0.894247
vn 0.357590 -0.269022 0.894291
vn -0.329544 0.309693 0.891903
vn -0.238743 0.416736 0.877116
vn 0.000187 0.000238 1.000000
vn 0.353667 -0.273774 0.894409
vn 0.354290 -0.272944 0.894416
vn -0.353904 0.273445 0.894416
vn -0.352057 0.275872 0.894400
vn 0.000011 0.000016 1.000000
vn 0.356998 -0.269402 0.894413
vn 0.356913 -0.269492 0.894420
vn -0.356891 0.269519 0.894421
vn -0.356912 0.269513 0.894414
vn -0.000000 0.000001 1.000000
vn 0.356804 -0.269613 0.894427
vn 0.356822 -0.269588 0.894428
vn -0.356822 0.269589 0.894427
vn -0.356803 0.269614 0.894427
vn -0.000000 0.000000 1.000000
vn 0.357005 -0.269346 0.894427
vn 0.357070 -0.269260 0.894427
vn -0.357069 0.269260 0.894427
vn -0.357005 0.269346 0.894427
vn -0.000000 0.000000 1.000000
vn 0.352606 -0.275167 0.894401
vn 0.349874 -0.278608 0.894408
vn -0.348714 0.280105 0.894393
vn -0.351196 0.277020 0.894383
vn 0.000248 0.000324 1.000000
vn 0.331458 -0.300767 0.894245
vn 0.323790 -0.308855 0.894298
vn -0.313853 0.319909 0.893955
vn -0.316602 0.318046 0.893650
vn 0.001607 0.001792 0.999997
vn 0.289748 -0.341753 0.894008
vn 0.277350 -0.351596 0.894124
vn -0.256170 0.369742 0.893123
vn -0.246440 0.382063 0.890671
vn 0.002592 0.002184 0.999994
vn 0.232520 -0.383217 0.893912
vn 0.216841 -0.391995 0.894047
vn -0.186409 0.410664 0.892528
vn -0.161011 0.432208 0.887283
vn 0.003357 0.002006 0.999992
vn 0.171758 -0.414029 0.893912
vn 0.160529 -0.418192 0.894061
vn -0.153449 0.421635 0.893687
vn -0.124878 0.439977 0.889284
vn 0.000204 0.000083 1.000000
vn 0.140369 -0.425034 0.894227
vn 0.139868 -0.425001 0.894321
vn -0.139500 0.425136 0.894315
vn -0.138896 0.425603 0.894187
vn 0.000000 -0.000001 1.000000
vn 0.140069 -0.424713 0.894427
vn 0.140190 -0.424673 0.894427
vn -0.140190 0.424673 0.894427
vn -0.140069 0.424713 0.894427
vn 0.000000 -0.000001 1.000000
vn 0.140931 -0.424427 0.894427
vn 0.141120 -0.424365 0.894427
vn -0.141119 0.424365 0.894427
vn -0.140930 0.424428 0.894427
vn 0.000000 -0.000001 1.000000
vn 0.134304 -0.426628 0.894400
vn 0.130188 -0.427887 0.894407
vn -0.128906 0.428295 0.894397
vn -0.132750 0.427140 0.894387
vn 0.000281 0.000090 1.000000
vn 0.104863 -0.435070 0.894270
vn 0.096143 -0.436974 0.894321
vn -0.090443 0.438382 0.894226
vn -0.096270 0.437412 0.894093
vn 0.001075 0.000268 0.999999
vn 0.061600 -0.443540 0.894135
vn 0.052655 -0.444484 0.894238
vn -0.047187 0.445339 0.894118
vn -0.048727 0.446085 0.893663
vn 0.000751 0.000106 1.000000
vn 0.023122 -0.447033 0.894218
vn 0.016216 -0.447182 0.894296
vn -0.012751 0.447420 0.894233
vn -0.014795 0.447876 0.893973
vn 0.000460 0.000026 1.000000
vn -0.022106 -0.447306 0.894108
vn -0.037110 -0.446133 0.894197
vn 0.056766 0.445291 0.893585
vn 0.051769 0.446910 0.893080
vn 0.003255 -0.000131 0.999995
vn -0.111959 -0.435086 0.893401
vn -0.140351 -0.426300 0.893627
vn 0.267680 0.390605 0.880781
vn 0.460066 0.346025 0.817683
vn 0.012476 -0.003332 0.999917
vn -0.238753 -0.382215 0.892697
vn -0.270757 -0.359446 0.893023
vn 0.376854 0.290415 0.879568
vn 0.474214 -0.528151 -0.704398
vn 0.012890 -0.008778 0.999878
vn -0.356121 -0.276656 0.892546
vn -0.379833 -0.241856 0.892879
vn 0.460477 0.134462 0.877429
vn 0.160761 -0.629788 -0.759949
vn 0.009658 -0.013664 0.999860
vn -0.426934 -0.145384 0.892520
vn -0.435148 -0.115149 0.892965
vn 0.458191 0.053374 0.887250
vn 0.598463 -0.369770 0.710713
vn 0.001384 -0.004696 0.999988
vn -0.445005 -0.057641 0.893671
vn -0.445750 -0.047269 0.893909
vn 0.447572 0.037856 0.893446
vn 0.462216 -0.009513 0.886716
vn 0.000025 -0.000224 1.000000
vn -0.446445 -0.028392 0.894360
vn -0.446595 -0.024982 0.894388
vn 0.446673 0.023914 0.894378
vn 0.446667 0.025947 0.894324
vn 0.000010 -0.000147 1.000000
vn -0.447138 -0.012147 0.894383
vn -0.447164 -0.009515 0.894401
vn 0.447190 0.008835 0.894395
vn 0.447216 0.010578 0.894364
vn 0.000004 -0.000093 1.000000
vn -0.447267 -0.000348 0.894400
vn -0.447241 0.001088 0.894413
vn 0.447245 -0.001300 0.894410
vn 0.447282 -0.000373 0.894393
vn 0.000000 -0.000010 1.000000
vn -0.447194 0.005671 0.894419
vn -0.447180 0.006143 0.894423
vn 0.447180 -0.006167 0.894423
vn 0.447193 -0.005750 0.894419
vn 0.000000 -0.000001 1.000000
vn -0.447155 0.007484 0.894425
vn -0.447153 0.007489 0.894426
vn 0.447154 -0.007494 0.894426
vn 0.447153 -0.007499 0.894426
vn -0.000000 -0.000000 1.000000
vn -0.817078 0.101541 0.567514
vn -0.387363 0.452769 0.803088
vn -0.295598 0.458894 0.837877
vn -0.401772 -0.371735 0.836895
vn -0.488576 -0.343419 0.802096
vn -0.318818 0.039622 0.946987
vn 0.059252 0.443275 0.894425
vn 0.060082 0.443162 0.894426
vn -0.060124 -0.443156 0.894426
vn -0.059314 -0.443266 0.894425
vn -0.000008 0.000002 1.000000
vn 0.066260 0.442298 0.894417
vn 0.068195 0.441997 0.894421
vn -0.068352 -0.441974 0.894420
vn -0.066492 -0.442264 0.894417
vn -0.000032 0.000004 1.000000
vn 0.078834 0.440271 0.894397
vn 0.081487 0.439764 0.894409
vn -0.081802 -0.439710 0.894407
vn -0.079372 -0.440183 0.894393
vn -0.000058 0.000011 1.000000
vn 0.093722 0.437371 0.894384
vn 0.096251 0.436785 0.894402
vn -0.096578 -0.436716 0.894400
vn -0.094404 -0.437240 0.894377
vn -0.000050 0.000011 1.000000
vn 0.107663 0.434138 0.894389
vn 0.110010 0.433516 0.894406
vn -0.110295 -0.433448 0.894404
vn -0.108258 -0.434003 0.894383
vn -0.000044 0.000010 1.000000
vn 0.119916 0.430901 0.894396
vn 0.121824 0.430337 0.894410
vn -0.122396 -0.430181 0.894407
vn -0.120829 -0.430660 0.894389
vn -0.000109 0.000030 1.000000
vn 0.130648 0.427748 0.894406
vn 0.132878 0.427045 0.894414
vn -0.133675 -0.426804 0.894410
vn -0.132173 -0.427310 0.894392
vn -0.000133 0.000041 1.000000
vn 0.143798 0.423530 0.894396
vn 0.147023 0.422396 0.894408
vn -0.148619 -0.421859 0.894398
vn -0.146448 -0.422673 0.894372
vn -0.000292 0.000098 1.000000
vn 0.161841 0.417018 0.894373
vn 0.166199 0.415260 0.894392
vn -0.169097 -0.414152 0.894363
vn -0.167035 -0.415120 0.894301
vn -0.000495 0.000194 1.000000
vn 0.200574 0.400446 0.894099
vn 0.214620 0.392922 0.894176
vn -0.222757 -0.388958 0.893919
vn -0.213663 -0.394691 0.893626
vn -0.001555 0.000753 0.999999
vn 0.284015 0.349130 0.892997
vn 0.304415 0.330348 0.893421
vn -0.327113 -0.312503 0.891818
vn -0.323674 -0.322101 0.889655
vn -0.003848 0.003057 0.999988
vn 0.375915 0.250881 0.892046
vn 0.391492 0.222961 0.892761
vn -0.410727 -0.196015 0.890439
vn -0.426725 -0.194779 0.883157
vn -0.002621 0.003960 0.999989
vn 0.435078 0.122188 0.892063
vn 0.441455 0.089971 0.892761
vn -0.452071 -0.055921 0.890227
vn -0.466523 -0.050616 0.883059
vn -0.001394 0.005011 0.999986
vn 0.451629 -0.016582 0.892052
vn 0.448250 -0.044780 0.892786
vn -0.448905 0.062164 0.891414
vn -0.460787 0.072107 0.884577
vn 0.000072 0.001889 0.999998
vn 0.431798 -0.129851 0.892575
vn 0.424697 -0.147199 0.893289
vn -0.422792 0.155024 0.892869
vn -0.428929 0.149337 0.890909
vn 0.000297 0.001017 0.999999
vn 0.396301 -0.212382 0.893218
vn 0.386933 -0.227222 0.893674
vn -0.383849 0.233455 0.893397
vn -0.391045 0.225280 0.892375
vn 0.000518 0.000998 0.999999
vn 0.347381 -0.285540 0.893193
vn 0.335651 -0.297832 0.893663
vn -0.331756 0.302939 0.893401
vn -0.339958 0.296936 0.892333
vn 0.000616 0.000769 1.000000
vn 0.300176 -0.334010 0.893494
vn 0.293660 -0.338704 0.893892
vn 0.725855 0.686236 0.047064
vn -0.308330 0.334872 0.890389
vn 0.175877 -0.166715 0.970192
vn 0.274644 -0.353102 0.894366
vn 0.267500 -0.358510 0.894379
vn 0.770506 0.636761 0.029252
vn 0.314026 -0.321867 -0.893190
vn 0.004140 0.003068 0.999987
vn 0.246533 -0.373246 0.894376
vn 0.237821 -0.378893 0.894361
vn 0.860087 0.509381 0.027941
vn 0.271596 -0.355165 -0.894480
vn 0.129825 -0.204981 0.970118
vn 0.197297 -0.401548 0.894334
vn 0.178829 -0.410304 0.894243
vn 0.207666 -0.396157 -0.894390
vn 0.218570 -0.390289 -0.894372
vn 0.085824 -0.228032 0.969864
vn 0.117419 -0.432053 0.894172
vn 0.092068 -0.437777 0.894357
vn 0.325260 -0.383793 -0.864239
vn 0.139548 -0.425887 -0.893950
vn 0.134086 -0.204727 0.969592
vn 0.044068 -0.445465 0.894214
vn 0.032082 -0.446372 0.894272
vn 0.386724 0.456387 0.801346
vn 0.590610 -0.323280 -0.739372
vn 0.001125 0.000079 0.999999
vn 0.003951 -0.447365 0.894343
vn -0.006840 -0.447330 0.894343
vn 0.965607 0.077786 0.248099
vn 0.034264 0.450602 0.892067
vn 0.109815 -0.220971 0.969078
vn -0.062628 -0.443270 0.894197
vn -0.087885 -0.439331 0.894016
vn 0.188775 -0.446917 -0.874431
vn 0.133693 -0.456677 -0.879530
vn -0.060582 -0.236823 0.969662
vn -0.186654 -0.407165 0.894079
vn -0.226770 -0.386609 0.893929
vn -0.183202 -0.409723 -0.893624
vn -0.155406 -0.419712 -0.894254
vn -0.146326 -0.198248 0.969168
vn -0.323671 -0.311796 0.893320
vn -0.352086 -0.277125 0.894001
vn -0.286193 -0.355075 -0.889952
vn -0.295731 -0.340150 -0.892660
vn -0.190324 -0.149739 0.970234
vn -0.400534 -0.200430 0.894092
vn -0.412053 -0.175211 0.894155
vn -0.353546 -0.290016 -0.889323
vn -0.371294 -0.254843 -0.892858
vn -0.218197 -0.104734 0.970268
vn -0.437352 -0.096205 0.894130
vn -0.443654 -0.064457 0.893877
vn -0.423597 -0.140960 -0.894816
vn -0.421414 -0.154126 -0.893675
vn -0.244882 -0.015907 0.969422
vn -0.444509 0.056177 0.894011
vn -0.433844 0.108641 0.894414
vn -0.218235 -0.975291 -0.034349
vn -0.453128 -0.030340 -0.890929
vn -0.005868 -0.024115 0.999692
vn -0.402641 0.203858 0.892369
vn -0.392973 0.219738 0.892909
vn 0.378295 -0.257903 0.889033
vn 0.256401 -0.492628 0.831611
vn -0.000011 -0.000020 1.000000
vn -0.382586 0.231609 0.894419
vn -0.381870 0.232777 0.894422
vn 0.381770 -0.232940 0.894422
vn 0.382409 -0.231909 0.894417
vn -0.000018 -0.000029 1.000000
vn -0.378276 0.238599 0.894415
vn -0.377385 0.239987 0.894420
vn 0.377239 -0.240220 0.894419
vn 0.378013 -0.239027 0.894412
vn -0.000026 -0.000041 1.000000
vn -0.376847 0.240869 0.894410
vn -0.377673 0.239547 0.894416
vn 0.377500 -0.239816 0.894417
vn 0.376509 -0.241401 0.894409
vn -0.000029 -0.000044 1.000000
vn -0.387518 0.223631 0.894326
vn -0.389940 0.219254 0.894357
vn 0.388481 -0.221715 0.894385
vn 0.385532 -0.226871 0.894369
vn -0.000303 -0.000510 1.000000
vn -0.406080 0.189234 0.894030
vn -0.407205 0.185817 0.894235
vn 0.405073 -0.190059 0.894311
vn 0.401773 -0.197222 0.894250
vn -0.000347 -0.000700 1.000000
vn -0.422254 0.150577 0.893884
vn -0.422744 0.147427 0.894177
vn 0.420596 -0.152826 0.894284
vn 0.417639 -0.161145 0.894209
vn -0.000335 -0.000861 1.000000
vn -0.441363 0.087105 0.893091
vn -0.441892 0.077958 0.893674
vn 0.438705 -0.090238 0.894089
vn 0.435066 -0.107438 0.893966
vn -0.000572 -0.002205 0.999997
vn -0.457217 -0.080703 0.885686
vn -0.449913 -0.075182 0.889902
vn 0.448666 0.024897 0.893353
vn 0.450140 -0.005272 0.892942
vn -0.000126 -0.007183 0.999974
vn -0.400870 -0.296875 0.866700
vn -0.396796 -0.237320 0.886697
vn 0.416261 0.173211 0.892594
vn 0.430416 0.138437 0.891952
vn 0.002565 -0.007593 0.999968
vn -0.282606 -0.413568 0.865503
vn -0.298652 -0.350265 0.887762
vn 0.331433 0.305920 0.892505
vn 0.356724 0.278192 0.891828
vn 0.004318 -0.005357 0.999976
vn -0.155415 -0.458916 0.874782
vn -0.192597 -0.414064 0.889639
vn 0.234544 0.384391 0.892879
vn 0.256329 0.371933 0.892167
vn 0.003966 -0.002601 0.999989
vn -0.118575 -0.448037 0.886117
vn -0.161006 -0.419335 0.893440
vn 0.171794 0.413893 0.893969
vn 0.183772 0.409141 0.893774
vn 0.000727 -0.000317 1.000000
vn -0.128750 -0.429410 0.893885
vn -0.125893 -0.429648 0.894177
vn 0.131973 0.427576 0.894294
vn 0.140440 0.425014 0.894226
vn 0.000976 -0.000326 0.999999
vn -0.083538 -0.440873 0.893673
vn -0.081477 -0.440395 0.894099
vn 0.089182 0.438568 0.894262
vn 0.098941 0.436636 0.894181
vn 0.001198 -0.000276 0.999999
vn -0.048949 -0.445837 0.893775
vn -0.050610 -0.444791 0.894203
vn 0.053311 0.444332 0.894275
vn 0.059376 0.443736 0.894188
vn 0.000122 -0.000016 1.000000
vn -0.041150 -0.445484 0.894344
vn -0.041889 -0.445326 0.894388
vn 0.042114 0.445301 0.894390
vn 0.042036 0.445375 0.894357
vn 0.000001 -0.000001 1.000000
vn -0.043283 -0.445116 0.894426
vn -0.043353 -0.445108 0.894427
vn 0.043355 0.445108 0.894427
vn 0.043293 0.445114 0.894427
vn 0.000000 0.000000 1.000000
vn -0.043034 -0.445139 0.894427
vn -0.042777 -0.445163 0.894427
vn 0.042779 0.445164 0.894427
vn 0.043038 0.445138 0.894427
vn 0.000001 -0.000001 1.000000
vn -0.050191 -0.444450 0.894396
vn -0.054671 -0.443905 0.894404
vn 0.055928 0.443767 0.894395
vn 0.051719 0.444298 0.894385
vn 0.000277 -0.000029 1.000000
vn -0.084887 -0.439522 0.894212
vn -0.095730 -0.437152 0.894279
vn 0.103666 0.435670 0.894117
vn 0.096442 0.437688 0.893940
vn 0.001521 -0.000280 0.999999
vn -0.142369 -0.425000 0.893927
vn -0.155687 -0.419959 0.894090
vn 0.166974 0.416353 0.893739
vn 0.165686 0.418835 0.892819
vn 0.001733 -0.000574 0.999998
vn -0.203596 -0.399437 0.893867
vn -0.216711 -0.392065 0.894048
vn 0.228155 0.386460 0.893641
vn 0.228674 0.388831 0.892479
vn 0.001697 -0.000859 0.999998
vn -0.265453 -0.361518 0.893778
vn -0.280568 -0.349429 0.893969
vn 0.358466 0.290572 0.887169
vn 0.487074 0.195720 0.851148
vn 0.006452 -0.004793 0.999968
vn -0.337910 -0.295517 0.893581
vn -0.357897 -0.270627 0.893684
vn 0.423169 0.181066 0.887774
vn 0.021778 -0.531892 -0.846532
vn 0.022126 -0.028180 0.999358
vn -0.413806 -0.175911 0.893208
vn -0.428991 -0.134253 0.893276
vn 0.517152 -0.197733 0.832739
vn -0.274613 -0.394426 -0.876935
vn 0.023547 -0.114451 0.993150
vn -0.450107 -0.004423 0.892964
vn -0.447444 0.046851 0.893084
vn 0.403800 -0.530859 0.745074
vn -0.377911 -0.437976 -0.815696
vn -0.021552 -0.107383 0.993984
vn -0.419635 0.164365 0.892687
vn -0.403514 0.198998 0.893071
vn 0.245390 -0.561775 0.790059
vn -0.498638 -0.808687 -0.312067
vn -0.002863 -0.005918 0.999978
vn -0.372564 0.249687 0.893785
vn -0.367034 0.257093 0.893974
vn 0.361045 -0.267269 0.893428
vn 0.092761 -0.675553 0.731453
vn -0.000038 -0.000055 1.000000
vn -0.358976 0.266778 0.894408
vn -0.357578 0.268624 0.894415
vn 0.357206 -0.269128 0.894412
vn 0.358338 -0.267658 0.894401
vn -0.000067 -0.000091 1.000000
vn -0.350698 0.277609 0.894396
vn -0.348784 0.279974 0.894408
vn 0.348136 -0.280797 0.894402
vn 0.349573 -0.279078 0.894379
vn -0.000115 -0.000143 1.000000
vn -0.336095 0.295298 0.894338
vn -0.331187 0.300716 0.894363
vn 0.328476 -0.303828 0.894311
vn 0.332181 -0.299976 0.894243
vn -0.000526 -0.000608 1.000000
vn -0.296890 0.335835 0.893908
vn -0.280341 0.349460 0.894028
vn 0.191372 -0.425934 0.884283
vn 0.064075 -0.534841 0.842520
vn -0.007511 -0.006665 0.999950
vn -0.243781 0.379167 0.892638
vn -0.232491 0.385836 0.892793
vn 0.204429 -0.406084 0.890676
vn -0.694560 -0.709707 0.117907
vn 0.000000 0.000003 1.000000
vn 0.728367 -0.127215 0.673274
vn 0.287815 -0.472952 0.832754
vn 0.206020 -0.471090 0.857689
vn 0.389062 0.361804 0.847189
vn 0.459096 0.337025 0.821976
vn 0.273589 -0.047790 0.960659
vn -0.117419 -0.431883 0.894254
vn -0.123770 -0.429968 0.894320
vn 0.125778 0.429447 0.894290
vn 0.121280 0.430994 0.894167
vn 0.000335 -0.000089 1.000000
vn -0.157741 -0.419094 0.894135
vn -0.168294 -0.414756 0.894234
vn 0.174462 0.412494 0.894098
vn 0.167194 0.415966 0.893878
vn 0.001182 -0.000433 0.999999
vn -0.219760 -0.391046 0.893750
vn -0.235776 -0.381114 0.893959
vn 0.252824 0.371764 0.893237
vn 0.249181 0.376733 0.892178
vn 0.002835 -0.001571 0.999995
vn -0.296484 -0.337747 0.893322
vn -0.313100 -0.321500 0.893648
vn 0.333907 0.303819 0.892300
vn 0.343520 0.303545 0.888737
vn 0.002925 -0.002580 0.999992
vn -0.365710 -0.261601 0.893208
vn -0.378487 -0.241432 0.893565
vn 0.394128 0.220526 0.892206
vn 0.407204 0.215250 0.887611
vn 0.002083 -0.002939 0.999994
vn -0.409841 -0.184182 0.893369
vn -0.414819 -0.170806 0.893728
vn 0.419848 0.160888 0.893220
vn 0.429778 0.151570 0.890122
vn 0.000409 -0.000936 0.999999
vn -0.423725 -0.144665 0.894164
vn -0.424457 -0.141833 0.894271
vn 0.425130 0.140086 0.894226
vn 0.426762 0.137308 0.893879
vn 0.000006 -0.000011 1.000000
vn -0.426426 -0.134827 0.894417
vn -0.427027 -0.132891 0.894420
vn 0.427116 0.132615 0.894419
vn 0.426553 0.134435 0.894416
vn 0.000017 -0.000058 1.000000
vn -0.430385 -0.121771 0.894394
vn -0.431233 -0.118635 0.894407
vn 0.431442 0.117908 0.894402
vn 0.430733 0.120606 0.894384
vn 0.000040 -0.000139 1.000000
vn -0.434714 -0.105434 0.894375
vn -0.435305 -0.102784 0.894397
vn 0.435412 0.102370 0.894392
vn 0.435041 0.104231 0.894357
vn 0.000009 -0.000038 1.000000
vn -0.437192 -0.094421 0.894398
vn -0.437337 -0.093615 0.894412
vn 0.437356 0.093533 0.894411
vn 0.437260 0.094135 0.894395
vn 0.000000 -0.000004 1.000000
vn -0.437971 -0.090482 0.894424
vn -0.438073 -0.089975 0.894425
vn 0.438076 0.089961 0.894425
vn 0.437979 0.090448 0.894424
vn 0.000001 -0.000002 1.000000
vn -0.438485 -0.087938 0.894426
vn -0.438540 -0.087660 0.894426
vn 0.438541 0.087655 0.894426
vn 0.438490 0.087923 0.894425
vn 0.000000 -0.000000 1.000000
vn -0.439567 -0.082458 0.894417
vn -0.440005 -0.080052 0.894420
vn 0.440128 0.079404 0.894417
vn 0.439719 0.081671 0.894414
vn 0.000027 -0.000143 1.000000
vn -0.442301 -0.066678 0.894384
vn -0.442856 -0.062676 0.894399
vn 0.443132 0.060905 0.894385
vn 0.442791 0.063783 0.894354
vn 0.000051 -0.000327 1.000000
vn -0.444722 -0.048271 0.894367
vn -0.444971 -0.045463 0.894390
vn 0.445099 0.044392 0.894380
vn 0.445139 0.045241 0.894318
vn 0.000010 -0.000106 1.000000
vn -0.445624 -0.038151 0.894407
vn -0.445671 -0.037399 0.894415
vn 0.445688 0.037181 0.894416
vn 0.445708 0.037341 0.894399
vn 0.000001 -0.000005 1.000000
vn -0.447749 -0.009322 0.894110
vn -0.447694 0.009275 0.894139
vn 0.439572 -0.120443 0.890096
vn 0.444634 0.049680 0.894333
vn -0.000809 -0.044571 0.999006
vn -0.436042 0.107127 0.893528
vn -0.423494 0.150424 0.893323
vn -0.287570 -0.956787 0.043156
vn -0.459256 -0.121618 -0.879939
vn -0.234471 0.052323 0.970714
vn -0.355583 0.276307 0.892869
vn -0.316837 0.319165 0.893167
vn -0.585528 -0.020369 -0.810397
vn -0.445829 0.144159 -0.883433
vn -0.213347 0.104117 0.971413
vn -0.198818 0.403390 0.893168
vn -0.149715 0.423867 0.893265
vn -0.637359 0.136738 -0.758338
vn -0.427561 0.265450 -0.864134
vn -0.153155 0.180965 0.971491
vn -0.025725 0.449445 0.892937
vn 0.017007 0.449085 0.893327
vn -0.958266 -0.212332 0.191417
vn -0.319785 0.414808 -0.851864
vn -0.015283 0.000655 0.999883
vn 0.084056 0.440793 0.893665
vn 0.095690 0.438004 0.893866
vn -0.122057 -0.434571 0.892328
vn -0.294359 -0.399357 0.868255
vn -0.000033 0.000007 1.000000
vn 0.107374 0.434151 0.894418
vn 0.109084 0.433717 0.894422
vn -0.109544 -0.433606 0.894419
vn -0.108098 -0.433976 0.894416
vn -0.000089 0.000021 1.000000
vn 0.117809 0.431458 0.894408
vn 0.120233 0.430774 0.894415
vn -0.121148 -0.430528 0.894410
vn -0.119374 -0.431050 0.894397
vn -0.000166 0.000047 1.000000
vn 0.140280 0.424868 0.894320
vn 0.147862 0.422229 0.894349
vn -0.149711 -0.421636 0.894321
vn -0.143383 -0.423948 0.894265
vn -0.000346 0.000109 1.000000
vn 0.191408 0.405316 0.893914
vn 0.204348 0.398557 0.894088
vn -0.209998 -0.395982 0.893923
vn -0.200186 -0.401760 0.893596
vn -0.001106 0.000498 0.999999
vn 0.260568 0.365941 0.893416
vn 0.273942 0.355116 0.893783
vn -0.280953 -0.350405 0.893466
vn -0.275053 -0.357568 0.892463
vn -0.001129 0.000782 0.999999
vn 0.325053 0.310311 0.893335
vn 0.336232 0.296967 0.893733
vn -0.342230 -0.291060 0.893400
vn -0.338412 -0.298918 0.892259
vn -0.000915 0.000938 0.999999
vn 0.370955 0.253057 0.893507
vn 0.376232 0.243777 0.893881
vn -0.379635 -0.239127 0.893698
vn -0.379854 -0.242357 0.892734
vn -0.000422 0.000617 1.000000
vn 0.390024 0.219852 0.894173
vn 0.391692 0.216432 0.894279
vn -0.392528 -0.215065 0.894242
vn -0.393242 -0.214890 0.893971
vn -0.000028 0.000053 1.000000
vn 0.397318 0.205434 0.894391
vn 0.398616 0.202837 0.894406
vn -0.398859 -0.202374 0.894403
vn -0.397758 -0.204611 0.894384
vn -0.000042 0.000083 1.000000
vn 0.404919 0.190088 0.894375
vn 0.406351 0.186904 0.894397
vn -0.406676 -0.186227 0.894390
vn -0.405525 -0.188859 0.894361
vn -0.000055 0.000119 1.000000
vn 0.412362 0.173395 0.894367
vn 0.413471 0.170598 0.894392
vn -0.413664 -0.170159 0.894387
vn -0.412871 -0.172271 0.894349
vn -0.000022 0.000051 1.000000
vn 0.417488 0.160540 0.894388
vn 0.418009 0.159079 0.894406
vn -0.418071 -0.158925 0.894405
vn -0.417669 -0.160101 0.894383
vn -0.000006 0.000014 1.000000
vn 0.420115 0.153377 0.894415
vn 0.420437 0.152464 0.894420
vn -0.420455 -0.152410 0.894421
vn -0.420165 -0.153242 0.894415
vn -0.000002 0.000006 1.000000
vn 0.421695 0.148938 0.894422
vn 0.421857 0.148463 0.894425
vn -0.421863 -0.148444 0.894425
vn -0.421714 -0.148884 0.894422
vn -0.000000 0.000002 1.000000
vn 0.429768 0.125387 0.894191
vn 0.433443 0.111584 0.894246
vn -0.438663 -0.094190 0.893702
vn -0.437635 -0.101588 0.893396
vn -0.000938 0.003063 0.999995
vn 0.449498 0.024158 0.892954
vn 0.449510 -0.015168 0.893147
vn -0.441717 0.135013 0.886937
vn -0.469104 0.024620 0.882800
vn -0.000440 0.043480 0.999054
vn 0.421790 -0.164233 0.891695
vn 0.395184 -0.219858 0.891904
vn -0.283953 0.450159 0.846598
vn 0.463376 0.204415 -0.862263
vn 0.037079 0.064381 0.997236
vn 0.286673 -0.351246 0.891316
vn 0.235440 -0.386484 0.891739
vn -0.052834 0.550505 0.833159
vn 0.589566 0.036886 -0.806877
vn 0.025417 0.016501 0.999541
vn 0.116742 -0.437604 0.891557
vn 0.083366 -0.443876 0.892202
vn 0.926350 0.367283 -0.083536
vn 0.412506 -0.261778 -0.872532
vn 0.065143 -0.232746 0.970354
vn 0.028663 -0.447067 0.894041
vn 0.014717 -0.447503 0.894161
vn 0.197436 0.454025 0.868838
vn 0.285802 -0.420313 -0.861193
vn 0.000280 0.000001 1.000000
vn 0.001122 -0.447255 0.894406
vn 0.000436 -0.447252 0.894408
vn 0.000565 0.447256 0.894406
vn 0.002217 0.447308 0.894377
vn 0.000000 -0.000002 1.000000
vn -0.722007 0.065106 0.688815
vn -0.315896 0.448287 0.836211
vn -0.236343 0.452709 0.859765
vn -0.350267 -0.394619 0.849464
vn -0.420158 -0.376596 0.825617
vn -0.269671 0.024322 0.962645
vn 0.080079 0.440317 0.894264
vn 0.085813 0.439104 0.894329
vn -0.087544 -0.438813 0.894304
vn -0.083665 -0.439812 0.894184
vn -0.000268 0.000047 1.000000
vn 0.109508 0.433911 0.894276
vn 0.115066 0.432346 0.894336
vn -0.117599 -0.431729 0.894305
vn -0.113977 -0.432932 0.894192
vn -0.000446 0.000110 1.000000
vn 0.139157 0.425317 0.894282
vn 0.145668 0.423022 0.894334
vn -0.149189 -0.421904 0.894281
vn -0.145857 -0.423378 0.894134
vn -0.000586 0.000189 1.000000
vn 0.172890 0.412847 0.894241
vn 0.180456 0.409456 0.894305
vn -0.185306 -0.407476 0.894218
vn -0.182100 -0.409401 0.893997
vn -0.000803 0.000333 1.000000
vn 0.210928 0.394903 0.894182
vn 0.219445 0.390045 0.894264
vn -0.225791 -0.386737 0.894121
vn -0.223418 -0.388928 0.893767
vn -0.001018 0.000538 0.999999
vn 0.251630 0.370430 0.894128
vn 0.260740 0.363832 0.894226
vn -0.272266 -0.356104 0.893902
vn -0.273263 -0.356912 0.893275
vn -0.001701 0.001153 0.999998
vn 0.294164 0.337721 0.894099
vn 0.304396 0.328279 0.894190
vn -0.322578 -0.312591 0.893438
vn -0.333332 -0.306320 0.891660
vn -0.002225 0.001949 0.999996
vn 0.338808 0.293162 0.894016
vn 0.349154 0.280421 0.894123
vn -0.375641 -0.249933 0.892428
vn -0.401471 -0.226105 0.887523
vn -0.002551 0.002987 0.999992
vn 0.381130 0.235827 0.893938
vn 0.390212 0.219985 0.894059
vn -0.417388 -0.176073 0.891507
vn -0.458145 -0.122599 0.880382
vn -0.002286 0.003774 0.999990
vn 0.414224 0.171248 0.893920
vn 0.420001 0.155783 0.894053
vn -0.434633 -0.120714 0.892481
vn -0.471109 -0.054840 0.880368
vn -0.001274 0.003191 0.999994
vn 0.434018 0.110794 0.894066
vn 0.437176 0.096723 0.894160
vn -0.444220 -0.069681 0.893204
vn -0.460509 -0.027208 0.887238
vn -0.000691 0.002806 0.999996
vn 0.444936 0.051338 0.894089
vn 0.446266 0.036039 0.894174
vn -0.452256 0.016753 0.891731
vn -0.461304 0.067985 0.884633
vn -0.000433 0.003983 0.999992
vn 0.447785 -0.014553 0.894023
vn 0.446722 -0.031456 0.894120
vn -0.444659 0.089676 0.891199
vn -0.448019 0.190789 0.873429
vn 0.000179 0.004202 0.999991
vn 0.440181 -0.083779 0.893992
vn 0.436606 -0.099819 0.894098
vn -0.433703 0.117128 0.893411
vn -0.430036 0.191428 0.882283
vn 0.000382 0.001932 0.999998
vn 0.423651 -0.146132 0.893960
vn 0.419156 -0.157703 0.894113
vn -0.416130 0.167076 0.893824
vn -0.417311 0.170140 0.892695
vn 0.000426 0.001230 0.999999
vn 0.404628 -0.191954 0.894108
vn 0.400650 -0.199617 0.894222
vn -0.398538 0.204340 0.894099
vn -0.399481 0.204895 0.893551
vn 0.000263 0.000556 1.000000
vn 0.388977 -0.221333 0.894265
vn 0.386545 -0.225298 0.894329
vn -0.385629 0.226988 0.894297
vn -0.386430 0.226344 0.894114
vn 0.000091 0.000159 1.000000
vn 0.380457 -0.235255 0.894375
vn 0.379807 -0.236215 0.894399
vn -0.379635 0.236504 0.894395
vn -0.379785 0.236410 0.894356
vn 0.000001 0.000002 1.000000
vn 0.378479 -0.238242 0.894424
vn 0.378454 -0.238276 0.894426
vn -0.378452 0.238279 0.894426
vn -0.378471 0.238255 0.894424
vn -0.000000 -0.000000 1.000000
vn 0.378281 -0.238544 0.894427
vn 0.378226 -0.238632 0.894427
vn -0.378226 0.238632 0.894427
vn -0.378281 0.238545 0.894427
vn 0.000000 -0.000000 1.000000
vn 0.377889 -0.239166 0.894427
vn 0.377803 -0.239301 0.894427
vn -0.377803 0.239301 0.894427
vn -0.377889 0.239166 0.894427
vn 0.000000 -0.000000 1.000000
vn 0.376893 -0.240735 0.894426
vn 0.376561 -0.241253 0.894427
vn -0.376552 0.241267 0.894427
vn -0.376882 0.240751 0.894426
vn 0.000002 0.000004 1.000000
vn 0.374708 -0.244130 0.894424
vn 0.374263 -0.244808 0.894425
vn -0.374244 0.244836 0.894425
vn -0.374677 0.244179 0.894424
vn 0.000004 0.000005 1.000000
vn 0.372474 -0.247527 0.894424
vn 0.372222 -0.247899 0.894425
vn -0.372212 0.247915 0.894425
vn -0.372445 0.247572 0.894423
vn 0.000001 0.000002 1.000000
vn 0.371425 -0.249089 0.894426
vn 0.371385 -0.249147 0.894427
vn -0.371383 0.249150 0.894427
vn -0.371418 0.249100 0.894426
vn -0.000000 -0.000000 1.000000
vn 0.354001 -0.274656 0.894006
vn 0.343428 -0.288807 0.893671
vn -0.554335 -0.831100 0.044555
vn -0.416091 0.179825 0.891365
vn 0.174552 -0.173331 0.969272
vn 0.267594 -0.359401 0.893993
vn 0.228574 -0.384811 0.894245
vn 0.246723 -0.373629 -0.894164
vn 0.279883 -0.349846 -0.894021
vn 0.096193 -0.226364 0.969281
vn 0.124219 -0.431443 0.893547
vn 0.086925 -0.439128 0.894209
vn 0.129688 -0.429309 -0.893798
vn 0.143638 -0.425879 -0.893306
vn 0.031251 -0.240984 0.970026
vn 0.014886 -0.447322 0.894249
vn -0.005426 -0.447399 0.894318
vn 0.040786 -0.446287 -0.893960
vn 0.039114 -0.446160 -0.894098
vn -0.006866 -0.242554 0.970114
vn -0.063636 -0.442886 0.894317
vn -0.085412 -0.439507 0.894169
vn -0.058391 -0.443241 -0.894499
vn -0.040028 -0.445430 -0.894421
vn -0.062277 -0.236049 0.969743
vn -0.159521 -0.418373 0.894157
vn -0.187979 -0.406028 0.894318
vn -0.163663 -0.416444 -0.894309
vn -0.144371 -0.423884 -0.894136
vn -0.118545 -0.212896 0.969857
vn -0.256689 -0.366739 0.894211
vn -0.278480 -0.350265 0.894295
vn -0.255856 -0.366831 -0.894412
vn -0.241492 -0.376957 -0.894195
vn -0.163433 -0.180462 0.969909
vn -0.338837 -0.292272 0.894296
vn -0.358890 -0.268186 0.894021
vn -0.350696 -0.278161 -0.894226
vn -0.327422 -0.304460 -0.894483
vn -0.211376 -0.125115 0.969364
vn -0.414259 -0.170304 0.894084
vn -0.429177 -0.124069 0.894659
vn 0.112152 -0.965602 -0.234595
vn -0.402196 -0.199992 -0.893444
vn 0.015689 -0.118723 0.992803
vn -0.448232 -0.037423 0.893133
vn -0.448670 -0.019454 0.893486
vn 0.472682 -0.166876 0.865289
vn 0.401258 -0.515559 0.757094
vn 0.000001 0.000001 1.000000
vn -0.447238 -0.002031 0.894413
vn -0.447234 0.001350 0.894416
vn 0.447248 -0.003503 0.894403
vn 0.447278 -0.000674 0.894395
vn 0.000004 -0.000447 1.000000
vn -0.446865 0.021424 0.894345
vn -0.446385 0.029104 0.894368
vn 0.445698 -0.044257 0.894089
vn 0.446036 -0.046633 0.893799
vn -0.000091 -0.001971 0.999998
vn -0.443841 0.057232 0.894276
vn -0.442722 0.064763 0.894317
vn 0.442346 -0.068769 0.894204
vn 0.442178 -0.082992 0.893079
vn -0.000015 -0.000113 1.000000
vn -0.440186 0.080230 0.894315
vn -0.439999 0.080658 0.894368
vn 0.439967 -0.080860 0.894366
vn 0.440070 -0.081041 0.894299
vn -0.000000 0.000000 1.000000
vn -0.439757 0.081330 0.894427
vn -0.439747 0.081382 0.894427
vn 0.439747 -0.081382 0.894427
vn 0.439756 -0.081331 0.894427
vn 0.000000 -0.000000 1.000000
vn -0.439752 0.081355 0.894427
vn -0.439768 0.081265 0.894427
vn 0.439768 -0.081265 0.894427
vn 0.439751 -0.081355 0.894427
vn -0.000000 -0.000000 1.000000
vn -0.439935 0.080362 0.894427
vn -0.439991 0.080049 0.894427
vn 0.439991 -0.080055 0.894427
vn 0.439934 -0.080370 0.894427
vn -0.000001 -0.000001 1.000000
vn -0.440329 0.078178 0.894426
vn -0.440409 0.077723 0.894427
vn 0.440406 -0.077737 0.894427
vn 0.440325 -0.078202 0.894426
vn -0.000001 -0.000003 1.000000
vn -0.440815 0.075400 0.894426
vn -0.440891 0.074943 0.894426
vn 0.440888 -0.074961 0.894426
vn 0.440808 -0.075437 0.894426
vn -0.000000 -0.000002 1.000000
vn -0.441283 0.072613 0.894425
vn -0.441355 0.072161 0.894426
vn 0.441352 -0.072179 0.894426
vn 0.441276 -0.072650 0.894426
vn -0.000001 -0.000003 1.000000
vn -0.455156 -0.027960 0.889973
vn -0.451602 -0.007619 0.892187
vn 0.445672 -0.039970 0.894303
vn 0.444476 -0.052211 0.894268
vn -0.000536 -0.004278 0.999991
vn -0.469993 -0.212384 0.856738
vn -0.398116 -0.276956 0.874528
vn 0.444087 0.064856 0.893633
vn 0.447732 0.032405 0.893580
vn 0.016679 -0.088096 0.995972
vn 0.510672 -0.184851 -0.839669
vn 0.076392 -0.802925 0.591165
vn 0.386973 0.229655 0.893034
vn 0.410795 0.183926 0.892983
vn 0.189648 -0.121735 0.974276
vn 0.655529 -0.091052 -0.749661
vn 0.340450 -0.764520 0.547360
vn 0.252393 0.372685 0.892975
vn 0.295743 0.339890 0.892755
vn 0.069682 -0.041568 0.996703
vn 0.365496 -0.535566 0.761303
vn 0.023848 -0.494089 0.869084
vn 0.098975 0.438848 0.893094
vn 0.137015 0.429117 0.892796
vn 0.002092 -0.000532 0.999998
vn -0.002918 -0.452528 0.891746
vn -0.003128 -0.449251 0.893400
vn 0.009223 0.448586 0.893692
vn 0.021970 0.449050 0.893236
vn 0.000524 -0.000025 1.000000
vn 0.041012 -0.446684 0.893751
vn 0.047921 -0.445341 0.894078
vn -0.044166 0.445555 0.894164
vn -0.033760 0.446788 0.894003
vn 0.000622 0.000041 1.000000
vn 0.096529 -0.438309 0.893626
vn 0.103233 -0.435970 0.894021
vn -0.099132 0.436707 0.894125
vn -0.088330 0.439396 0.893940
vn 0.000662 0.000127 1.000000
vn 0.146836 -0.424034 0.893664
vn 0.151016 -0.421711 0.894066
vn -0.147698 0.422713 0.894147
vn -0.139397 0.425919 0.893958
vn 0.000476 0.000152 1.000000
vn 0.181295 -0.409732 0.894009
vn 0.184041 -0.408016 0.894232
vn -0.182230 0.408746 0.894270
vn -0.176660 0.411419 0.894162
vn 0.000217 0.000092 1.000000
vn 0.207325 -0.396742 0.894210
vn 0.211001 -0.394565 0.894314
vn -0.209603 0.395262 0.894335
vn -0.204533 0.398046 0.894274
vn 0.000226 0.000114 1.000000
vn 0.234506 -0.381342 0.894195
vn 0.238074 -0.378863 0.894306
vn -0.236652 0.379699 0.894329
vn -0.231639 0.382929 0.894264
vn 0.000228 0.000137 1.000000
vn 0.257413 -0.366199 0.894224
vn 0.259338 -0.364580 0.894329
vn -0.258516 0.365130 0.894343
vn -0.255267 0.367560 0.894281
vn 0.000095 0.000065 1.000000
vn 0.269040 -0.357412 0.894357
vn 0.269503 -0.356971 0.894394
vn -0.269302 0.357116 0.894396
vn -0.268326 0.357916 0.894370
vn 0.000008 0.000005 1.000000
vn 0.272122 -0.354907 0.894422
vn 0.272294 -0.354768 0.894425
vn -0.272278 0.354781 0.894424
vn -0.272065 0.354950 0.894422
vn 0.000000 0.000000 1.000000
vn 0.272009 -0.354983 0.894426
vn 0.271570 -0.355317 0.894427
vn -0.271558 0.355326 0.894427
vn -0.271993 0.354994 0.894427
vn 0.000002 0.000002 1.000000
vn 0.269263 -0.357073 0.894425
vn 0.268750 -0.357457 0.894426
vn -0.268733 0.357470 0.894426
vn -0.269231 0.357098 0.894425
vn 0.000002 0.000003 1.000000
vn 0.266697 -0.358995 0.894425
vn 0.266416 -0.359200 0.894426
vn -0.266408 0.359206 0.894426
vn -0.266672 0.359013 0.894425
vn 0.000001 0.000002 1.000000
vn 0.264900 -0.360319 0.894426
vn 0.264544 -0.360578 0.894427
vn -0.264537 0.360585 0.894427
vn -0.264886 0.360329 0.894426
vn 0.000001 0.000002 1.000000
vn 0.262504 -0.362070 0.894425
vn 0.262001 -0.362432 0.894426
vn -0.261987 0.362443 0.894426
vn -0.262479 0.362088 0.894425
vn 0.000002 0.000003 1.000000
vn 0.254050 -0.368121 0.894397
vn 0.250089 -0.370802 0.894405
vn -0.247019 0.372930 0.894374
vn -0.250124 0.370901 0.894355
vn 0.000614 0.000430 1.000000
vn 0.229674 -0.384008 0.894309
vn 0.222458 -0.388151 0.894344
vn -0.213162 0.393755 0.894158
vn -0.213280 0.394352 0.893867
vn 0.001388 0.000835 0.999999
vn 0.198812 -0.400947 0.894268
vn 0.192602 -0.403858 0.894317
vn -0.187502 0.406491 0.894208
vn -0.181595 0.410607 0.893547
vn 0.000528 0.000258 1.000000
vn 0.177951 -0.410433 0.894359
vn 0.175420 -0.411469 0.894383
vn -0.174122 0.412055 0.894367
vn -0.173330 0.412626 0.894258
vn 0.000075 0.000034 1.000000
vn 0.142928 -0.424618 0.894020
vn 0.125115 -0.430640 0.893809
vn -0.907383 -0.416809 0.054093
vn -0.237204 0.384764 0.892015
vn 0.054145 -0.239243 0.969449
vn 0.024724 -0.447395 0.893995
vn -0.021411 -0.447341 0.894107
vn 0.025872 -0.447976 -0.893671
vn 0.053647 -0.444798 -0.894023
vn -0.036794 -0.242740 0.969393
vn -0.130414 -0.429930 0.893394
vn -0.164719 -0.416702 0.893995
vn 0.366451 -0.574004 -0.732279
vn -0.093942 -0.440896 -0.892628
vn 0.109479 -0.229843 0.967051
vn -0.216766 -0.391636 0.894222
vn -0.227384 -0.385442 0.894277
vn 0.883629 -0.207348 0.419771
vn 0.184378 -0.568861 -0.801500
vn 0.001464 -0.000858 0.999999
vn -0.285252 -0.347448 0.893259
vn -0.309866 -0.329353 0.891913
vn -0.824703 0.560691 0.074096
vn -0.201989 -0.392296 -0.897387
vn -0.200467 -0.154973 0.967366
vn -0.403008 -0.204567 0.892041
vn -0.425373 -0.138404 0.894372
vn -0.415861 -0.167212 -0.893924
vn -0.397230 -0.216697 -0.891768
vn -0.243993 -0.031431 0.969268
vn -0.449121 -0.004157 0.893461
vn -0.446484 0.033120 0.894179
vn -0.449138 -0.018477 -0.893271
vn -0.449039 -0.025095 -0.893160
vn -0.240865 0.029572 0.970108
vn -0.435587 0.102450 0.894298
vn -0.430655 0.121427 0.894311
vn -0.441654 0.074346 -0.894100
vn -0.441549 0.074504 -0.894138
vn -0.232209 0.071044 0.970068
vn -0.412679 0.172964 0.894304
vn -0.403963 0.192246 0.894347
vn -0.484567 0.012272 -0.874668
vn -0.423103 0.146718 -0.894124
vn -0.240144 0.036665 0.970045
vn -0.382501 0.232617 0.894194
vn -0.375442 0.243598 0.894262
vn -0.112395 -0.783675 0.610918
vn -0.639802 -0.386974 -0.664006
vn -0.000841 -0.001297 0.999999
vn -0.362715 0.261744 0.894387
vn -0.359406 0.266241 0.894395
vn 0.260289 -0.394005 0.881481
vn -0.349097 -0.858275 0.376160
vn -0.000941 -0.001292 0.999999
vn -0.348901 0.279895 0.894386
vn -0.345148 0.284484 0.894395
vn 0.322315 -0.312619 0.893522
vn -0.675090 -0.408333 -0.614425
vn -0.001216 -0.001497 0.999998
vn -0.334713 0.296722 0.894384
vn -0.331924 0.299813 0.894393
vn 0.329641 -0.302484 0.894338
vn 0.237495 -0.407055 0.881988
vn -0.000009 -0.000013 1.000000
vn -0.327067 0.305068 0.894405
vn -0.327015 0.305091 0.894416
vn 0.326997 -0.305111 0.894416
vn 0.326994 -0.305148 0.894405
vn -0.000000 -0.000000 1.000000
vn -0.326875 0.305210 0.894427
vn -0.326831 0.305257 0.894427
vn 0.326830 -0.305257 0.894427
vn 0.326875 -0.305210 0.894427
vn -0.000001 0.000000 1.000000
vn -0.326530 0.305579 0.894427
vn -0.326445 0.305669 0.894427
vn 0.326445 -0.305669 0.894427
vn 0.326530 -0.305579 0.894427
vn -0.000000 0.000000 1.000000
vn -0.325000 0.307209 0.894426
vn -0.324383 0.307860 0.894426
vn 0.324339 -0.307905 0.894426
vn 0.324946 -0.307265 0.894426
vn -0.000010 -0.000009 1.000000
vn -0.320305 0.312122 0.894419
vn -0.319080 0.313367 0.894421
vn 0.318901 -0.313551 0.894420
vn 0.320040 -0.312398 0.894417
vn -0.000036 -0.000038 1.000000
vn -0.313173 0.319306 0.894408
vn -0.311803 0.320622 0.894416
vn 0.311561 -0.320862 0.894415
vn 0.312700 -0.319783 0.894403
vn -0.000040 -0.000040 1.000000
vn -0.305464 0.326690 0.894408
vn -0.303981 0.328049 0.894416
vn 0.303706 -0.328309 0.894414
vn 0.304933 -0.327201 0.894402
vn -0.000045 -0.000044 1.000000
vn -0.292354 0.338583 0.894366
vn -0.288147 0.342124 0.894384
vn 0.287494 -0.342694 0.894376
vn 0.291347 -0.339492 0.894350
vn -0.000127 -0.000112 1.000000
vn -0.262669 0.362586 0.894168
vn -0.254705 0.368001 0.894260
vn 0.252629 -0.369539 0.894214
vn 0.259546 -0.365053 0.894076
vn -0.000406 -0.000302 1.000000
vn -0.217536 0.391877 0.893930
vn -0.207947 0.396612 0.894124
vn 0.205074 -0.398289 0.894042
vn 0.211993 -0.395465 0.893681
vn -0.000468 -0.000266 1.000000
vn -0.166989 0.415985 0.893908
vn -0.156820 0.419491 0.894111
vn 0.153754 -0.420805 0.894026
vn 0.160889 -0.418947 0.893643
vn -0.000488 -0.000201 1.000000
vn -0.116292 0.432834 0.893941
vn -0.106706 0.434891 0.894139
vn 0.101564 -0.436343 0.894030
vn 0.107462 -0.435711 0.893649
vn -0.000906 -0.000251 1.000000
vn -0.071644 0.442092 0.894104
vn -0.063483 0.443093 0.894225
vn 0.059533 -0.443823 0.894135
vn 0.061894 -0.444300 0.893737
vn -0.000505 -0.000083 1.000000
vn -0.045701 0.445382 0.894174
vn -0.044234 0.445404 0.894236
vn 0.042424 -0.445640 0.894206
vn 0.040091 -0.446213 0.894028
vn 0.000000 0.000000 1.000000
vn -0.013802 0.578134 0.815825
vn 0.422760 0.288613 0.859055
vn 0.430602 0.232573 0.872062
vn -0.441144 0.212607 0.871889
vn -0.435977 0.268798 0.858878
vn -0.004916 0.205890 0.978563
vn 0.447114 0.009473 0.894427
vn 0.447118 0.009227 0.894427
vn -0.447119 -0.009225 0.894427
vn -0.447114 -0.009470 0.894427
vn 0.000000 0.000000 1.000000
vn 0.447167 0.006697 0.894425
vn 0.447179 0.005771 0.894426
vn -0.447181 -0.005695 0.894425
vn -0.447169 -0.006604 0.894425
vn -0.000001 0.000017 1.000000
vn 0.447229 0.000168 0.894419
vn 0.447222 -0.001380 0.894422
vn -0.447221 0.001609 0.894422
vn -0.447232 0.000191 0.894418
vn -0.000000 0.000044 1.000000
vn 0.447159 -0.008579 0.894414
vn 0.447116 -0.010143 0.894419
vn -0.447111 0.010407 0.894418
vn -0.447155 0.009121 0.894410
vn 0.000000 0.000041 1.000000
vn 0.446912 -0.017130 0.894414
vn 0.446841 -0.018638 0.894419
vn -0.446831 0.018886 0.894419
vn -0.446899 0.017636 0.894411
vn 0.000001 0.000039 1.000000
vn 0.445695 -0.040112 0.894286
vn 0.444541 -0.050736 0.894321
vn -0.443674 0.060946 0.894114
vn -0.444852 0.053795 0.893987
vn 0.000157 0.001947 0.999998
vn 0.434951 -0.109709 0.893746
vn 0.428265 -0.132337 0.893911
vn -0.372534 0.333881 0.865876
vn -0.283209 0.578226 0.765145
vn 0.002205 0.008680 0.999960
vn 0.396609 -0.211711 0.893241
vn 0.381522 -0.236828 0.893506
vn -0.294091 0.390700 0.872275
vn 0.086297 0.903449 0.419920
vn 0.003834 0.006778 0.999970
vn 0.331818 -0.302998 0.893358
vn 0.313586 -0.321116 0.893615
vn -0.277150 0.361722 0.890138
vn -0.096364 0.609037 0.787266
vn 0.003531 0.003716 0.999987
vn 0.264989 -0.362241 0.893623
vn 0.251687 -0.371039 0.893859
vn -0.235744 0.383360 0.893006
vn -0.199987 0.422061 0.884234
vn 0.001610 0.001141 0.999998
vn 0.222833 -0.388334 0.894172
vn 0.217115 -0.391364 0.894257
vn -0.213129 0.393822 0.894137
vn -0.205918 0.399642 0.893244
vn 0.000222 0.000129 1.000000
vn 0.203139 -0.398534 0.894374
vn 0.200170 -0.399986 0.894395
vn -0.199036 0.400580 0.894383
vn -0.200592 0.399909 0.894335
vn 0.000160 0.000085 1.000000
vn 0.189345 -0.405237 0.894389
vn 0.187011 -0.406286 0.894404
vn -0.186263 0.406642 0.894398
vn -0.187611 0.406088 0.894368
vn 0.000101 0.000048 1.000000
vn 0.178807 -0.409963 0.894404
vn 0.177315 -0.410588 0.894414
vn -0.177034 0.410716 0.894411
vn -0.177952 0.410355 0.894395
vn 0.000022 0.000012 1.000000
vn 0.172165 -0.412769 0.894417
vn 0.171404 -0.413074 0.894422
vn -0.171332 0.413104 0.894422
vn -0.171967 0.412852 0.894416
vn 0.000006 0.000006 1.000000
vn 0.168294 -0.414348 0.894423
vn 0.167765 -0.414557 0.894426
vn -0.167737 0.414571 0.894424
vn -0.168223 0.414375 0.894424
vn 0.000002 0.000005 1.000000
vn 0.165585 -0.415433 0.894426
vn 0.165243 -0.415568 0.894426
vn -0.165230 0.415574 0.894426
vn -0.165550 0.415447 0.894426
vn 0.000002 0.000002 1.000000
vn 0.163226 -0.416364 0.894426
vn 0.162707 -0.416567 0.894427
vn -0.162693 0.416571 0.894427
vn -0.163203 0.416374 0.894426
vn 0.000002 0.000001 1.000000
vn 0.160568 -0.417398 0.894425
vn 0.160262 -0.417515 0.894426
vn -0.160254 0.417516 0.894426
vn -0.160548 0.417405 0.894426
vn 0.000001 -0.000000 1.000000
vn 0.160296 -0.417501 0.894426
vn 0.160758 -0.417323 0.894426
vn -0.160747 0.417326 0.894427
vn -0.160281 0.417506 0.894426
vn 0.000002 -0.000000 1.000000
vn 0.164553 -0.415849 0.894423
vn 0.165723 -0.415382 0.894424
vn -0.165665 0.415403 0.894425
vn -0.164475 0.415879 0.894423
vn 0.000012 0.000003 1.000000
vn 0.163475 -0.416320 0.894401
vn 0.160376 -0.417507 0.894409
vn -0.159959 0.417669 0.894408
vn -0.162916 0.416546 0.894398
vn 0.000088 0.000033 1.000000
vn 0.133581 -0.427230 0.894221
vn 0.123047 -0.430257 0.894281
vn -0.118326 0.431769 0.894189
vn -0.127362 0.429412 0.894083
vn 0.000983 0.000323 0.999999
vn 0.070543 -0.442952 0.893766
vn 0.054673 -0.444736 0.893992
vn -0.044775 0.446477 0.893674
vn -0.052960 0.447021 0.892954
vn 0.001707 0.000291 0.999999
vn -0.011463 -0.448969 0.893474
vn -0.030641 -0.447436 0.893791
vn 0.044320 0.447376 0.893247
vn 0.038235 0.450664 0.891874
vn 0.002209 -0.000040 0.999998
vn -0.084005 -0.441174 0.893481
vn -0.092764 -0.438668 0.893849
vn 0.099775 0.437624 0.893605
vn 0.105277 0.439378 0.892112
vn 0.000654 -0.000128 1.000000
vn -0.098299 -0.436577 0.894280
vn -0.096096 -0.436951 0.894337
vn 0.099302 0.436212 0.894348
vn 0.105980 0.434885 0.894228
vn 0.000434 -0.000102 1.000000
vn -0.082912 -0.439712 0.894304
vn -0.083898 -0.439370 0.894380
vn 0.084734 0.439190 0.894389
vn 0.086298 0.438936 0.894364
vn 0.000013 -0.000001 1.000000
vn -0.086955 -0.438702 0.894416
vn -0.089560 -0.438171 0.894419
vn 0.090436 0.438001 0.894414
vn 0.088087 0.438488 0.894410
vn 0.000187 -0.000035 1.000000
vn -0.133273 -0.428219 0.893794
vn -0.158237 -0.419615 0.893803
vn 0.599892 0.171354 0.781516
vn 0.060671 0.444627 0.893659
vn 0.162715 -0.128617 0.978254
vn -0.267231 -0.361772 0.893145
vn -0.309216 -0.326754 0.893094
vn 0.771210 -0.629683 -0.093458
vn 0.211666 -0.602653 -0.769420
vn -0.044200 -0.230682 0.972025
vn -0.399176 -0.210076 0.892484
vn -0.420879 -0.160134 0.892870
vn 0.597231 -0.758171 0.261708
vn -0.154016 -0.575178 -0.803399
vn 0.020725 -0.064913 0.997676
vn -0.449030 -0.027037 0.893108
vn -0.449303 0.022606 0.893094
vn 0.088755 -0.957063 0.275960
vn -0.379615 -0.344920 -0.858442
vn -0.210778 -0.106791 0.971683
vn -0.424195 0.151797 0.892758
vn -0.405422 0.195240 0.893036
vn -0.492917 -0.290756 -0.820057
vn -0.519520 -0.206754 -0.829067
vn -0.220757 0.099273 0.970263
vn -0.359978 0.269011 0.893336
vn -0.345444 0.286287 0.893705
vn 0.193657 -0.468561 0.861944
vn -0.531557 0.022469 -0.846725
vn -0.000161 -0.000182 1.000000
vn -0.327118 0.305028 0.894400
vn -0.324392 0.307901 0.894409
vn 0.320800 -0.311766 0.894365
vn 0.321284 -0.311412 0.894315
vn -0.000560 -0.000593 1.000000
vn -0.312335 0.320223 0.894374
vn -0.307845 0.324497 0.894390
vn 0.290629 -0.341238 0.893919
vn 0.278769 -0.353197 0.893051
vn -0.001258 -0.001224 0.999998
vn -0.288689 0.341813 0.894328
vn -0.281828 0.347435 0.894350
vn 0.277671 -0.351085 0.894225
vn 0.255853 -0.372412 0.892103
vn -0.000397 -0.000338 1.000000
vn -0.255879 0.367365 0.894186
vn -0.248838 0.371955 0.894276
vn 0.245685 -0.374214 0.894205
vn 0.249952 -0.371912 0.893983
vn -0.000522 -0.000368 1.000000
vn -0.219454 0.390307 0.894148
vn -0.211364 0.394517 0.894249
vn 0.207465 -0.396781 0.894161
vn 0.211930 -0.395051 0.893879
vn -0.000633 -0.000360 1.000000
vn -0.178687 0.410639 0.894118
vn -0.169845 0.414131 0.894231
vn 0.165458 -0.416119 0.894130
vn 0.169949 -0.415011 0.893802
vn -0.000695 -0.000307 1.000000
vn -0.143827 0.424007 0.894166
vn -0.139787 0.425127 0.894274
vn 0.137833 -0.425851 0.894233
vn 0.137740 -0.426477 0.893949
vn -0.000152 -0.000053 1.000000
vn -0.138936 0.425202 0.894371
vn -0.141413 0.424341 0.894392
vn 0.140034 -0.424782 0.894400
vn 0.136470 -0.425995 0.894374
vn -0.000242 -0.000075 1.000000
vn -0.159616 0.418012 0.894309
vn -0.162186 0.416900 0.894366
vn 0.160004 -0.417697 0.894387
vn 0.155675 -0.419379 0.894364
vn -0.000377 -0.000139 1.000000
vn -0.184845 0.407670 0.894225
vn -0.187301 0.406322 0.894327
vn 0.184049 -0.407718 0.894367
vn 0.178779 -0.410124 0.894336
vn -0.000544 -0.000237 1.000000
vn -0.221908 0.389407 0.893935
vn -0.227095 0.385884 0.894160
vn 0.221688 -0.388730 0.894284
vn 0.212141 -0.394148 0.894228
vn -0.000952 -0.000503 0.999999
vn -0.289723 0.345378 0.892622
vn -0.293801 0.339736 0.893454
vn 0.280432 -0.349421 0.894015
vn 0.266770 -0.360426 0.893827
vn -0.002285 -0.001662 0.999996
vn -0.366580 0.270882 0.890080
vn -0.360607 0.270100 0.892753
vn 0.345551 -0.286055 0.893737
vn 0.332098 -0.302469 0.893434
vn -0.002163 -0.002376 0.999995
vn -0.416874 0.186912 0.889539
vn -0.409100 0.189019 0.892698
vn 0.398086 -0.207016 0.893685
vn 0.388254 -0.226202 0.893359
vn -0.001504 -0.002591 0.999996
vn -0.437861 0.119843 0.891019
vn -0.430558 0.128485 0.893371
vn 0.425551 -0.141282 0.893838
vn 0.422034 -0.153357 0.893515
vn -0.000514 -0.001456 0.999999
vn -0.436536 0.103425 0.893722
vn -0.433676 0.110672 0.894247
vn 0.432818 -0.113479 0.894310
vn 0.431967 -0.117171 0.894246
vn -0.000009 -0.000040 1.000000
vn -0.435727 0.101031 0.894391
vn -0.436361 0.098147 0.894403
vn 0.436000 -0.099659 0.894411
vn 0.435216 -0.103083 0.894405
vn -0.000074 -0.000311 1.000000
vn -0.441756 0.072354 0.894213
vn -0.442092 0.069069 0.894306
vn 0.441105 -0.074331 0.894372
vn 0.440032 -0.080743 0.894345
vn -0.000174 -0.000934 1.000000
vn -0.446328 0.039500 0.893997
vn -0.445845 0.038743 0.894271
vn 0.445516 -0.041155 0.894327
vn 0.444910 -0.048137 0.894281
vn -0.000018 -0.000163 1.000000
vn -0.447344 0.015347 0.894230
vn -0.447261 0.011763 0.894326
vn 0.447221 -0.012516 0.894336
vn 0.447207 -0.017077 0.894268
vn -0.000004 -0.000103 1.000000
vn -0.447374 -0.011758 0.894270
vn -0.447082 -0.016697 0.894337
vn 0.447093 0.015738 0.894349
vn 0.447358 0.010087 0.894298
vn 0.000002 -0.000173 1.000000
vn -0.445309 -0.046540 0.894167
vn -0.444435 -0.052308 0.894283
vn 0.444559 0.050863 0.894304
vn 0.445459 0.043924 0.894224
vn 0.000023 -0.000253 1.000000
vn -0.440558 -0.080258 0.894129
vn -0.440036 -0.081402 0.894283
vn 0.440575 0.078096 0.894312
vn 0.441366 0.074654 0.894216
vn 0.000093 -0.000542 1.000000
vn -0.437421 -0.094143 0.894315
vn -0.437590 -0.092572 0.894397
vn 0.437891 0.091018 0.894409
vn 0.438392 0.088680 0.894398
vn 0.000026 -0.000127 1.000000
vn -0.314701 -0.479074 0.819422
vn -0.402487 -0.230625 0.885899
vn 0.433629 0.109626 0.894398
vn 0.435080 0.103787 0.894390
vn 0.000579 -0.002439 0.999997
vn 0.485798 -0.404115 -0.775043
vn -0.404969 -0.194180 0.893473
vn 0.421136 0.151174 0.894310
vn 0.425395 0.138848 0.894293
vn 0.004770 -0.013761 0.999894
vn -0.258449 -0.460242 0.849342
vn -0.374703 -0.254966 0.891398
vn 0.398275 0.204168 0.894255
vn 0.405058 0.190545 0.894215
vn 0.001233 -0.002481 0.999996
vn -0.355759 -0.283466 0.890552
vn -0.375729 -0.243615 0.894136
vn 0.379118 0.237698 0.894298
vn 0.382812 0.231908 0.894245
vn 0.000208 -0.000335 1.000000
vn -0.360991 -0.264898 0.894156
vn -0.360032 -0.265787 0.894279
vn 0.364513 0.259255 0.894381
vn 0.368199 0.254065 0.894360
vn 0.000710 -0.001035 0.999999
vn -0.307659 -0.332299 0.891585
vn -0.320424 -0.315120 0.893324
vn 0.341457 0.289116 0.894326
vn 0.347861 0.281497 0.894289
vn 0.001742 -0.002147 0.999996
vn -0.011841 -0.583660 0.811912
vn -0.171921 -0.451336 0.875636
vn 0.300589 0.331712 0.894211
vn 0.312837 0.320339 0.894156
vn 0.003882 -0.003751 0.999985
vn 0.539864 -0.776736 0.324389
vn -0.173540 -0.419834 0.890855
vn 0.229938 0.384698 0.893944
vn 0.250754 0.371725 0.893836
vn 0.011492 -0.007397 0.999907
vn 0.375213 0.291770 -0.879821
vn -0.027371 -0.461440 0.886749
vn 0.123510 0.431347 0.893692
vn 0.154400 0.421524 0.893576
vn 0.023149 -0.007211 0.999706
vn 0.283604 0.391010 -0.875603
vn 0.147031 -0.451529 0.880059
vn -0.012335 0.448878 0.893508
vn 0.025453 0.448582 0.893379
vn 0.028960 0.000279 0.999581
vn 0.505232 -0.313652 0.803967
vn 0.207812 -0.414151 0.886167
vn -0.134812 0.428378 0.893486
vn -0.106522 0.436771 0.893244
vn 0.003658 0.001076 0.999993
vn 0.226635 -0.395145 0.890223
vn 0.196021 -0.403454 0.893757
vn -0.189277 0.406018 0.894049
vn -0.182206 0.409639 0.893866
vn 0.000101 0.000046 1.000000
vn 0.201369 -0.399405 0.894386
vn 0.202485 -0.398793 0.894407
vn -0.202089 0.398987 0.894410
vn -0.200379 0.399877 0.894397
vn 0.000048 0.000025 1.000000
vn 0.208751 -0.395545 0.894409
vn 0.209517 -0.395119 0.894418
vn -0.209344 0.395209 0.894419
vn -0.208300 0.395774 0.894413
vn 0.000020 0.000010 1.000000
vn 0.214294 -0.392548 0.894418
vn 0.215208 -0.392038 0.894423
vn -0.215084 0.392105 0.894423
vn -0.214047 0.392679 0.894420
vn 0.000020 0.000011 1.000000
vn 0.220192 -0.389274 0.894417
vn 0.221105 -0.388745 0.894422
vn -0.220978 0.388816 0.894422
vn -0.219939 0.389411 0.894419
vn 0.000021 0.000011 1.000000
vn 0.224516 -0.386789 0.894420
vn 0.224681 -0.386685 0.894423
vn -0.224640 0.386708 0.894424
vn -0.224365 0.386876 0.894420
vn 0.000001 0.000000 1.000000
vn 0.224340 -0.386876 0.894426
vn 0.223826 -0.387174 0.894426
vn -0.223801 0.387186 0.894427
vn -0.224304 0.386895 0.894427
vn 0.000006 0.000004 1.000000
vn 0.206086 -0.397251 0.894271
vn 0.194622 -0.402928 0.894299
vn -0.158576 0.420316 0.893414
vn -0.169360 0.417432 0.892786
vn 0.007797 0.004057 0.999961
vn 0.131034 -0.428831 0.893831
vn 0.101266 -0.436841 0.893820
vn 0.520293 0.461959 0.718254
vn 0.270394 -0.358939 -0.893336
vn 0.223511 -0.044808 0.973671
vn -0.005350 -0.449102 0.893465
vn -0.049253 -0.446291 0.893531
vn 0.986937 -0.079920 -0.139884
vn 0.530813 -0.375364 -0.759829
vn 0.140662 -0.196809 0.970299
vn -0.167312 -0.416949 0.893398
vn -0.209506 -0.397237 0.893482
vn 0.767451 -0.530654 -0.359758
vn 0.265110 -0.532058 -0.804134
vn 0.076994 -0.228778 0.970429
vn -0.304998 -0.330246 0.893260
vn -0.333357 -0.301121 0.893420
vn 0.240421 -0.628455 -0.739758
vn 0.080861 -0.613341 -0.785668
vn -0.173475 -0.168704 0.970281
vn -0.387106 -0.226390 0.893810
vn -0.401684 -0.198491 0.894008
vn 0.434074 -0.898478 -0.065696
vn -0.343821 -0.296268 -0.891074
vn 0.022576 -0.054172 0.998276
vn -0.425995 -0.138091 0.894125
vn -0.431641 -0.118832 0.894184
vn 0.487493 -0.052684 0.871536
vn -0.308810 -0.421257 -0.852748
vn 0.003295 -0.011926 0.999923
vn -0.441490 -0.073816 0.894225
vn -0.443623 -0.059108 0.894262
vn 0.452784 0.005433 0.891604
vn -0.409976 -0.208940 -0.887842
vn 0.000934 -0.006587 0.999978
vn -0.447632 -0.009221 0.894170
vn -0.447756 0.011454 0.894082
vn -0.722005 0.557772 0.409388
vn -0.439384 -0.071169 -0.895476
vn -0.243215 0.010262 0.969918
vn -0.438458 0.091419 0.894090
vn -0.430010 0.124940 0.894137
vn -0.447220 0.051523 -0.892939
vn -0.445396 0.051278 -0.893864
vn -0.231279 0.075784 0.969931
vn -0.400354 0.201813 0.893861
vn -0.386753 0.225814 0.894109
vn -0.502363 -0.864309 -0.024538
vn -0.421513 0.158613 -0.892843
vn -0.014642 -0.023030 0.999628
vn -0.362861 0.262018 0.894247
vn -0.357590 0.269022 0.894291
vn 0.329544 -0.309693 0.891903
vn 0.238743 -0.416736 0.877116
vn -0.000187 -0.000238 1.000000
vn -0.353667 0.273774 0.894409
vn -0.354290 0.272944 0.894416
vn 0.353904 -0.273445 0.894416
vn 0.352057 -0.275872 0.894400
vn -0.000011 -0.000016 1.000000
vn -0.356998 0.269402 0.894413
vn -0.356913 0.269492 0.894420
vn 0.356891 -0.269519 0.894421
vn 0.356912 -0.269513 0.894414
vn 0.000000 -0.000001 1.000000
vn -0.356804 0.269613 0.894427
vn -0.356822 0.269588 0.894428
vn 0.356822 -0.269589 0.894427
vn 0.356803 -0.269614 0.894427
vn 0.000000 -0.000000 1.000000
vn -0.357005 0.269346 0.894427
vn -0.357070 0.269260 0.894427
vn 0.357069 -0.269260 0.894427
vn 0.357005 -0.269346 0.894427
vn 0.000000 -0.000000 1.000000
vn -0.352606 0.275167 0.894401
vn -0.349874 0.278608 0.894408
vn 0.348714 -0.280105 0.894393
vn 0.351196 -0.277020 0.894383
vn -0.000248 -0.000324 1.000000
vn -0.331458 0.300767 0.894245
vn -0.323790 0.308855 0.894298
vn 0.313853 -0.319909 0.893955
vn 0.316602 -0.318046 0.893650
vn -0.001607 -0.001792 0.999997
vn -0.289748 0.341753 0.894008
vn -0.277350 0.351596 0.894124
vn 0.256170 -0.369742 0.893123
vn 0.246440 -0.382063 0.890671
vn -0.002592 -0.002184 0.999994
vn -0.232520 0.383217 0.893912
vn -0.216841 0.391995 0.894047
vn 0.186409 -0.410664 0.892528
vn 0.161011 -0.432208 0.887283
vn -0.003357 -0.002006 0.999992
vn -0.171758 0.414029 0.893912
vn -0.160529 0.418192 0.894061
vn 0.153449 -0.421635 0.893687
vn 0.124878 -0.439977 0.889284
vn -0.000204 -0.000083 1.000000
vn -0.140369 0.425034 0.894227
vn -0.139868 0.425001 0.894321
vn 0.139500 -0.425136 0.894315
vn 0.138896 -0.425603 0.894187
vn -0.000000 0.000001 1.000000
vn -0.140069 0.424713 0.894427
vn -0.140190 0.424673 0.894427
vn 0.140190 -0.424673 0.894427
vn 0.140069 -0.424713 0.894427
vn -0.000000 0.000001 1.000000
vn -0.140931 0.424427 0.894427
vn -0.141120 0.424365 0.894427
vn 0.141119 -0.424365 0.894427
vn 0.140930 -0.424428 0.894427
vn -0.000000 0.000001 1.000000
vn -0.134304 0.426628 0.894400
vn -0.130188 0.427887 0.894407
vn 0.128906 -0.428295 0.894397
vn 0.132750 -0.427140 0.894387
vn -0.000281 -0.000090 1.000000
vn -0.104863 0.435070 0.894270
vn -0.096143 0.436974 0.894321
vn 0.090443 -0.438382 0.894226
vn 0.096270 -0.437412 0.894093
vn -0.001075 -0.000268 0.999999
vn -0.061600 0.443540 0.894135
vn -0.052655 0.444484 0.894238
vn 0.047187 -0.445339 0.894118
vn 0.048727 -0.446085 0.893663
vn -0.000751 -0.000106 1.000000
vn -0.023122 0.447033 0.894218
vn -0.016216 0.447182 0.894296
vn 0.012751 -0.447420 0.894233
vn 0.014795 -0.447876 0.893973
vn -0.000460 -0.000026 1.000000
vn 0.022106 0.447306 0.894108
vn 0.037110 0.446133 0.894197
vn -0.056766 -0.445291 0.893585
vn -0.051769 -0.446910 0.893080
vn -0.003255 0.000131 0.999995
vn 0.111959 0.435086 0.893401
vn 0.140351 0.426300 0.893627
vn -0.267680 -0.390605 0.880781
vn -0.460066 -0.346025 0.817683
vn -0.012476 0.003332 0.999917
vn 0.238753 0.382215 0.892697
vn 0.270757 0.359446 0.893023
vn -0.376854 -0.290415 0.879568
vn -0.474214 0.528151 -0.704398
vn -0.012890 0.008778 0.999878
vn 0.356121 0.276656 0.892546
vn 0.379833 0.241856 0.892879
vn -0.460477 -0.134462 0.877429
vn -0.160761 0.629788 -0.759949
vn -0.009658 0.013664 0.999860
vn 0.426934 0.145384 0.892520
vn 0.435148 0.115149 0.892965
vn -0.458191 -0.053374 0.887250
vn -0.598463 0.369770 0.710713
vn -0.001384 0.004696 0.999988
vn 0.445005 0.057641 0.893671
vn 0.445750 0.047269 0.893909
vn -0.447572 -0.037856 0.893446
vn -0.462216 0.009513 0.886716
vn -0.000025 0.000224 1.000000
vn 0.446445 0.028392 0.894360
vn 0.446595 0.024982 0.894388
vn -0.446673 -0.023914 0.894378
vn -0.446667 -0.025947 0.894324
vn -0.000010 0.000147 1.000000
vn 0.447138 0.012147 0.894383
vn 0.447164 0.009515 0.894401
vn -0.447190 -0.008835 0.894395
vn -0.447216 -0.010578 0.894364
vn -0.000004 0.000093 1.000000
vn 0.447267 0.000348 0.894400
vn 0.447241 -0.001088 0.894413
vn -0.447245 0.001300 0.894410
vn -0.447282 0.000373 0.894393
vn -0.000000 0.000010 1.000000
vn 0.447194 -0.005671 0.894419
vn 0.447180 -0.006143 0.894423
vn -0.447180 0.006167 0.894423
vn -0.447193 0.005750 0.894419
vn -0.000000 0.000001 1.000000
vn 0.447155 -0.007484 0.894425
vn 0.447153 -0.007489 0.894426
vn -0.447154 0.007494 0.894426
vn -0.447153 0.007499 0.894426
vn 0.000000 0.000000 1.000000
f 1/1/1 3/1/3 2/1/2
f 1/1/1 6/1/6 3/1/3
f 1/1/1 4/1/4 6/1/6
f 1/1/1 5/1/5 4/1/4
f 2/1/2 3/1/3 7/1/7
f 3/1/3 8/1/8 7/1/7
f 3/1/3 6/1/6 8/1/8
f 6/1/6 11/1/11 8/1/8
f 6/1/6 9/1/9 11/1/11
f 4/1/4 9/1/9 6/1/6
f 4/1/4 10/1/10 9/1/9
f 5/1/5 10/1/10 4/1/4
f 7/1/7 8/1/8 12/1/12
f 8/1/8 13/1/13 12/1/12
f 8/1/8 11/1/11 13/1/13
f 11/1/11 16/1/16 13/1/13
f 11/1/11 14/1/14 16/1/16
f 9/1/9 14/1/14 11/1/11
f 9/1/9 15/1/15 14/1/14
f 10/1/10 15/1/15 9/1/9
f 12/1/12 13/1/13 17/1/17
f 13/1/13 18/1/18 17/1/17
f 13/1/13 16/1/16 18/1/18
f 16/1/16 21/1/21 18/1/18
f 16/1/16 19/1/19 21/1/21
f 14/1/14 19/1/19 16/1/16
f 14/1/14 20/1/20 19/1/19
f 15/1/15 20/1/20 14/1/14
f 17/1/17 18/1/18 22/1/22
f 18/1/18 23/1/23 22/1/22
f 18/1/18 21/1/21 23/1/23
f 21/1/21 26/1/26 23/1/23
f 21/1/21 24/1/24 26/1/26
f 19/1/19 24/1/24 21/1/21
f 19/1/19 25/1/25 24/1/24
f 20/1/20 25/1/25 19/1/19
f 22/1/22 23/1/23 27/1/27
f 23/1/23 28/1/28 27/1/27
f 23/1/23 26/1/26 28/1/28
f 26/1/26 31/1/31 28/1/28
f 26/1/26 29/1/29 31/1/31
f 24/1/24 29/1/29 26/1/26
f 24/1/24 30/1/30 29/1/29
f 25/1/25 30/1/30 24/1/24
f 27/1/27 28/1/28 32/1/32
f 28/1/28 33/1/33 32/1/32
f 28/1/28 31/1/31 33/1/33
f 31/1/31 36/1/36 33/1/33
f 31/1/31 34/1/34 36/1/36
f 29/1/29 34/1/34 31/1/31
f 29/1/29 35/1/35 34/1/34
f 30/1/30 35/1/35 29/1/29
f 32/1/32 33/1/33 37/1/37
f 33/1/33 38/1/38 37/1/37
f 33/1/33 36/1/36 38/1/38
f 36/1/36 41/1/41 38/1/38
f 36/1/36 39/1/39 41/1/41
f 34/1/34 39/1/39 36/1/36
f 34/1/34 40/1/40 39/1/39
f 35/1/35 40/1/40 34/1/34
f 37/1/37 38/1/38 42/1/42
f 38/1/38 43/1/43 42/1/42
f 38/1/38 41/1/41 43/1/43
f 41/1/41 46/1/46 43/1/43
f 41/1/41 44/1/44 46/1/46
f 39/1/39 44/1/44 41/1/41
f 39/1/39 45/1/45 44/1/44
f 40/1/40 45/1/45 39/1/39
f 42/1/42 43/1/43 47/1/47
f 43/1/43 48/1/48 47/1/47
f 43/1/43 46/1/46 48/1/48
f 46/1/46 51/1/51 48/1/48
f 46/1/46 49/1/49 51/1/51
f 44/1/44 49/1/49 46/1/46
f 44/1/44 50/1/50 49/1/49
f 45/1/45 50/1/50 44/1/44
f 47/1/47 48/1/48 52/1/52
f 48/1/48 53/1/53 52/1/52
f 48/1/48 51/1/51 53/1/53
f 51/1/51 56/1/56 53/1/53
f 51/1/51 54/1/54 56/1/56
f 49/1/49 54/1/54 51/1/51
f 49/1/49 55/1/55 54/1/54
f 50/1/50 55/1/55 49/1/49
f 52/1/52 53/1/53 57/1/57
f 53/1/53 58/1/58 57/1/57
f 53/1/53 56/1/56 58/1/58
f 56/1/56 61/1/61 58/1/58
f 56/1/56 59/1/59 61/1/61
f 54/1/54 59/1/59 56/1/56
f 54/1/54 60/1/60 59/1/59
f 55/1/55 60/1/60 54/1/54
f 57/1/57 58/1/58 62/1/62
f 58/1/58 63/1/63 62/1/62
f 58/1/58 61/1/61 63/1/63
f 61/1/61 66/1/66 63/1/63
f 61/1/61 64/1/64 66/1/66
f 59/1/59 64/1/64 61/1/61
f 59/1/59 65/1/65 64/1/64
f 60/1/60 65/1/65 59/1/59
f 62/1/62 63/1/63 67/1/67
f 63/1/63 68/1/68 67/1/67
f 63/1/63 66/1/66 68/1/68
f 66/1/66 71/1/71 68/1/68
f 66/1/66 69/1/69 71/1/71
f 64/1/64 69/1/69 66/1/66
f 64/1/64 70/1/70 69/1/69
f 65/1/65 70/1/70 64/1/64
f 67/1/67 68/1/68 72/1/72
f 68/1/68 73/1/73 72/1/72
f 68/1/68 71/1/71 73/1/73
f 71/1/71 76/1/76 73/1/73
f 71/1/71 74/1/74 76/1/76
f 69/1/69 74/1/74 71/1/71
f 69/1/69 75/1/75 74/1/74
f 70/1/70 75/1/75 69/1/69
f 72/1/72 73/1/73 77/1/77
f 73/1/73 78/1/78 77/1/77
f 73/1/73 76/1/76 78/1/78
f 76/1/76 81/1/81 78/1/78
f 76/1/76 79/1/79 81/1/81
f 74/1/74 79/1/79 76/1/76
f 74/1/74 80/1/80 79/1/79
f 75/1/75 80/1/80 74/1/74
f 77/1/77 78/1/78 82/1/82
f 78/1/78 83/1/83 82/1/82
f 78/1/78 81/1/81 83/1/83
f 81/1/81 86/1/86 83/1/83
f 81/1/81 84/1/84 86/1/86
f 79/1/79 84/1/84 81/1/81
f 79/1/79 85/1/85 84/1/84
f 80/1/80 85/1/85 79/1/79
f 82/1/82 83/1/83 87/1/87
f 83/1/83 88/1/88 87/1/87
f 83/1/83 86/1/86 88/1/88
f 86/1/86 91/1/91 88/1/88
f 86/1/86 89/1/89 91/1/91
f 84/1/84 89/1/89 86/1/86
f 84/1/84 90/1/90 89/1/89
f 85/1/85 90/1/90 84/1/84
f 87/1/87 88/1/88 92/1/92
f 88/1/88 93/1/93 92/1/92
f 88/1/88 91/1/91 93/1/93
f 91/1/91 96/1/96 93/1/93
f 91/1/91 94/1/94 96/1/96
f 89/1/89 94/1/94 91/1/91
f 89/1/89 95/1/95 94/1/94
f 90/1/90 95/1/95 89/1/89
f 92/1/92 93/1/93 97/1/97
f 93/1/93 98/1/98 97/1/97
f 93/1/93 96/1/96 98/1/98
f 96/1/96 101/1/101 98/1/98
f 96/1/96 99/1/99 101/1/101
f 94/1/94 99/1/99 96/1/96
f 94/1/94 100/1/100 99/1/99
f 95/1/95 100/1/100 94/1/94
f 97/1/97 98/1/98 102/1/102
f 98/1/98 103/1/103 102/1/102
f 98/1/98 101/1/101 103/1/103
f 101/1/101 106/1/106 103/1/103
f 101/1/101 104/1/104 106/1/106
f 99/1/99 104/1/104 101/1/101
f 99/1/99 105/1/105 104/1/104
f 100/1/100 105/1/105 99/1/99
f 102/1/102 103/1/103 107/1/107
f 103/1/103 108/1/108 107/1/107
f 103/1/103 106/1/106 108/1/108
f 106/1/106 111/1/111 108/1/108
f 106/1/106 109/1/109 111/1/111
f 104/1/104 109/1/109 106/1/106
f 104/1/104 110/1/110 109/1/109
f 105/1/105 110/1/110 104/1/104
f 107/1/107 108/1/108 112/1/112
f 108/1/108 113/1/113 112/1/112
f 108/1/108 111/1/111 113/1/113
f 111/1/111 116/1/116 113/1/113
f 111/1/111 114/1/114 116/1/116
f 109/1/109 114/1/114 111/1/111
f 109/1/109 115/1/115 114/1/114
f 110/1/110 115/1/115 109/1/109
f 112/1/112 113/1/113 117/1/117
f 113/1/113 118/1/118 117/1/117
f 113/1/113 116/1/116 118/1/118
f 116/1/116 121/1/121 118/1/118
f 116/1/116 119/1/119 121/1/121
f 114/1/114 119/1/119 116/1/116
f 114/1/114 120/1/120 119/1/119
f 115/1/115 120/1/120 114/1/114
f 117/1/117 118/1/118 122/1/122
f 118/1/118 123/1/123 122/1/122
f 118/1/118 121/1/121 123/1/123
f 121/1/121 126/1/126 123/1/123
f 121/1/121 124/1/124 126/1/126
f 119/1/119 124/1/124 121/1/121
f 119/1/119 125/1/125 124/1/124
f 120/1/120 125/1/125 119/1/119
f 122/1/122 123/1/123 127/1/127
f 123/1/123 128/1/128 127/1/127
f 123/1/123 126/1/126 128/1/128
f 126/1/126 131/1/131 128/1/128
f 126/1/126 129/1/129 131/1/131
f 124/1/124 129/1/129 126/1/126
f 124/1/124 130/1/130 129/1/129
f 125/1/125 130/1/130 124/1/124
f 127/1/127 128/1/128 132/1/132
f 128/1/128 133/1/133 132/1/132
f 128/1/128 131/1/131 133/1/133
f 131/1/131 136/1/136 133/1/133
f 131/1/131 134/1/134 136/1/136
f 129/1/129 134/1/134 131/1/131
f 129/1/129 135/1/135 134/1/134
f 130/1/130 135/1/135 129/1/129
f 132/1/132 133/1/133 137/1/137
f 133/1/133 138/1/138 137/1/137
f 133/1/133 136/1/136 138/1/138
f 136/1/136 141/1/141 138/1/138
f 136/1/136 139/1/139 141/1/141
f 134/1/134 139/1/139 136/1/136
f 134/1/134 140/1/140 139/1/139
f 135/1/135 140/1/140 134/1/134
f 137/1/137 138/1/138 142/1/142
f 138/1/138 143/1/143 142/1/142
f 138/1/138 141/1/141 143/1/143
f 141/1/141 146/1/146 143/1/143
f 141/1/141 144/1/144 146/1/146
f 139/1/139 144/1/144 141/1/141
f 139/1/139 145/1/145 144/1/144
f 140/1/140 145/1/145 139/1/139
f 142/1/142 143/1/143 147/1/147
f 143/1/143 148/1/148 147/1/147
f 143/1/143 146/1/146 148/1/148
f 146/1/146 151/1/151 148/1/148
f 146/1/146 149/1/149 151/1/151
f 144/1/144 149/1/149 146/1/146
f 144/1/144 150/1/150 149/1/149
f 145/1/145 150/1/150 144/1/144
f 147/1/147 148/1/148 152/1/152
f 148/1/148 153/1/153 152/1/152
f 148/1/148 151/1/151 153/1/153
f 151/1/151 156/1/156 153/1/153
f 151/1/151 154/1/154 156/1/156
f 149/1/149 154/1/154 151/1/151
f 149/1/149 155/1/155 154/1/154
f 150/1/150 155/1/155 149/1/149
f 152/1/152 153/1/153 157/1/157
f 153/1/153 158/1/158 157/1/157
f 153/1/153 156/1/156 158/1/158
f 156/1/156 161/1/161 158/1/158
f 156/1/156 159/1/159 161/1/161
f 154/1/154 159/1/159 156/1/156
f 154/1/154 160/1/160 159/1/159
f 155/1/155 160/1/160 154/1/154
f 157/1/157 158/1/158 162/1/162
f 158/1/158 163/1/163 162/1/162
f 158/1/158 161/1/161 163/1/163
f 161/1/161 166/1/166 163/1/163
f 161/1/161 164/1/164 166/1/166
f 159/1/159 164/1/164 161/1/161
f 159/1/159 165/1/165 164/1/164
f 160/1/160 165/1/165 159/1/159
f 162/1/162 163/1/163 167/1/167
f 163/1/163 168/1/168 167/1/167
f 163/1/163 166/1/166 168/1/168
f 166/1/166 171/1/171 168/1/168
f 166/1/166 169/1/169 171/1/171
f 164/1/164 169/1/169 166/1/166
f 164/1/164 170/1/170 169/1/169
f 165/1/165 170/1/170 164/1/164
f 167/1/167 168/1/168 172/1/172
f 168/1/168 173/1/173 172/1/172
f 168/1/168 171/1/171 173/1/173
f 171/1/171 176/1/176 173/1/173
f 171/1/171 174/1/174 176/1/176
f 169/1/169 174/1/174 171/1/171
f 169/1/169 175/1/175 174/1/174
f 170/1/170 175/1/175 169/1/169
f 172/1/172 173/1/173 177/1/177
f 173/1/173 178/1/178 177/1/177
f 173/1/173 176/1/176 178/1/178
f 176/1/176 181/1/181 178/1/178
f 176/1/176 179/1/179 181/1/181
f 174/1/174 179/1/179 176/1/176
f 174/1/174 180/1/180 179/1/179
f 175/1/175 180/1/180 174/1/174
f 177/1/177 178/1/178 182/1/182
f 178/1/178 183/1/183 182/1/182
f 178/1/178 181/1/181 183/1/183
f 181/1/181 186/1/186 183/1/183
f 181/1/181 184/1/184 186/1/186
f 179/1/179 184/1/184 181/1/181
f 179/1/179 185/1/185 184/1/184
f 180/1/180 185/1/185 179/1/179
f 182/1/182 183/1/183 187/1/187
f 183/1/183 188/1/188 187/1/187
f 183/1/183 186/1/186 188/1/188
f 186/1/186 191/1/191 188/1/188
f 186/1/186 189/1/189 191/1/191
f 184/1/184 189/1/189 186/1/186
f 184/1/184 190/1/190 189/1/189
f 185/1/185 190/1/190 184/1/184
f 187/1/187 188/1/188 192/1/192
f 188/1/188 193/1/193 192/1/192
f 188/1/188 191/1/191 193/1/193
f 191/1/191 196/1/196 193/1/193
f 191/1/191 194/1/194 196/1/196
f 189/1/189 194/1/194 191/1/191
f 189/1/189 195/1/195 194/1/194
f 190/1/190 195/1/195 189/1/189
f 192/1/192 193/1/193 197/1/197
f 193/1/193 198/1/198 197/1/197
f 193/1/193 196/1/196 198/1/198
f 196/1/196 201/1/201 198/1/198
f 196/1/196 199/1/199 201/1/201
f 194/1/194 199/1/199 196/1/196
f 194/1/194 200/1/200 199/1/199
f 195/1/195 200/1/200 194/1/194
f 197/1/197 198/1/198 202/1/202
f 198/1/198 203/1/203 202/1/202
f 198/1/198 201/1/201 203/1/203
f 201/1/201 206/1/206 203/1/203
f 201/1/201 204/1/204 206/1/206
f 199/1/199 204/1/204 201/1/201
f 199/1/199 205/1/205 204/1/204
f 200/1/200 205/1/205 199/1/199
f 202/1/202 203/1/203 207/1/207
f 203/1/203 208/1/208 207/1/207
f 203/1/203 206/1/206 208/1/208
f 206/1/206 211/1/211 208/1/208
f 206/1/206 209/1/209 211/1/211
f 204/1/204 209/1/209 206/1/206
f 204/1/204 210/1/210 209/1/209
f 205/1/205 210/1/210 204/1/204
f 207/1/207 208/1/208 212/1/212
f 208/1/208 213/1/213 212/1/212
f 208/1/208 211/1/211 213/1/213
f 211/1/211 216/1/216 213/1/213
f 211/1/211 214/1/214 216/1/216
f 209/1/209 214/1/214 211/1/211
f 209/1/209 215/1/215 214/1/214
f 210/1/210 215/1/215 209/1/209
f 212/1/212 213/1/213 217/1/217
f 213/1/213 218/1/218 217/1/217
f 213/1/213 216/1/216 218/1/218
f 216/1/216 221/1/221 218/1/218
f 216/1/216 219/1/219 221/1/221
f 214/1/214 219/1/219 216/1/216
f 214/1/214 220/1/220 219/1/219
f 215/1/215 220/1/220 214/1/214
f 217/1/217 218/1/218 222/1/222
f 218/1/218 223/1/223 222/1/222
f 218/1/218 221/1/221 223/1/223
f 221/1/221 226/1/226 223/1/223
f 221/1/221 224/1/224 226/1/226
f 219/1/219 224/1/224 221/1/221
f 219/1/219 225/1/225 224/1/224
f 220/1/220 225/1/225 219/1/219
f 222/1/222 223/1/223 227/1/227
f 223/1/223 228/1/228 227/1/227
f 223/1/223 226/1/226 228/1/228
f 226/1/226 231/1/231 228/1/228
f 226/1/226 229/1/229 231/1/231
f 224/1/224 229/1/229 226/1/226
f 224/1/224 230/1/230 229/1/229
f 225/1/225 230/1/230 224/1/224
f 227/1/227 228/1/228 232/1/232
f 228/1/228 233/1/233 232/1/232
f 228/1/228 231/1/231 233/1/233
f 231/1/231 236/1/236 233/1/233
f 231/1/231 234/1/234 236/1/236
f 229/1/229 234/1/234 231/1/231
f 229/1/229 235/1/235 234/1/234
f 230/1/230 235/1/235 229/1/229
f 232/1/232 233/1/233 237/1/237
f 233/1/233 238/1/238 237/1/237
f 233/1/233 236/1/236 238/1/238
f 236/1/236 241/1/241 238/1/238
f 236/1/236 239/1/239 241/1/241
f 234/1/234 239/1/239 236/1/236
f 234/1/234 240/1/240 239/1/239
f 235/1/235 240/1/240 234/1/234
f 237/1/237 238/1/238 242/1/242
f 238/1/238 243/1/243 242/1/242
f 238/1/238 241/1/241 243/1/243
f 241/1/241 246/1/246 243/1/243
f 241/1/241 244/1/244 246/1/246
f 239/1/239 244/1/244 241/1/241
f 239/1/239 245/1/245 244/1/244
f 240/1/240 245/1/245 239/1/239
f 242/1/242 243/1/243 247/1/247
f 243/1/243 248/1/248 247/1/247
f 243/1/243 246/1/246 248/1/248
f 246/1/246 251/1/251 248/1/248
f 246/1/246 249/1/249 251/1/251
f 244/1/244 249/1/249 246/1/246
f 244/1/244 250/1/250 249/1/249
f 245/1/245 250/1/250 244/1/244
f 247/1/247 248/1/248 252/1/252
f 248/1/248 253/1/253 252/1/252
f 248/1/248 251/1/251 253/1/253
f 251/1/251 256/1/256 253/1/253
f 251/1/251 254/1/254 256/1/256
f 249/1/249 254/1/254 251/1/251
f 249/1/249 255/1/255 254/1/254
f 250/1/250 255/1/255 249/1/249
f 252/1/252 253/1/253 257/1/257
f 253/1/253 258/1/258 257/1/257
f 253/1/253 256/1/256 258/1/258
f 256/1/256 261/1/261 258/1/258
f 256/1/256 259/1/259 261/1/261
f 254/1/254 259/1/259 256/1/256
f 254/1/254 260/1/260 259/1/259
f 255/1/255 260/1/260 254/1/254
f 257/1/257 258/1/258 262/1/262
f 258/1/258 263/1/263 262/1/262
f 258/1/258 261/1/261 263/1/263
f 261/1/261 266/1/266 263/1/263
f 261/1/261 264/1/264 266/1/266
f 259/1/259 264/1/264 261/1/261
f 259/1/259 265/1/265 264/1/264
f 260/1/260 265/1/265 259/1/259
f 262/1/262 263/1/263 267/1/267
f 263/1/263 268/1/268 267/1/267
f 263/1/263 266/1/266 268/1/268
f 266/1/266 271/1/271 268/1/268
f 266/1/266 269/1/269 271/1/271
f 264/1/264 269/1/269 266/1/266
f 264/1/264 270/1/270 269/1/269
f 265/1/265 270/1/270 264/1/264
f 267/1/267 268/1/268 272/1/272
f 268/1/268 273/1/273 272/1/272
f 268/1/268 271/1/271 273/1/273
f 271/1/271 276/1/276 273/1/273
f 271/1/271 274/1/274 276/1/276
f 269/1/269 274/1/274 271/1/271
f 269/1/269 275/1/275 274/1/274
f 270/1/270 275/1/275 269/1/269
f 272/1/272 273/1/273 277/1/277
f 273/1/273 278/1/278 277/1/277
f 273/1/273 276/1/276 278/1/278
f 276/1/276 281/1/281 278/1/278
f 276/1/276 279/1/279 281/1/281
f 274/1/274 279/1/279 276/1/276
f 274/1/274 280/1/280 279/1/279
f 275/1/275 280/1/280 274/1/274
f 277/1/277 278/1/278 282/1/282
f 278/1/278 283/1/283 282/1/282
f 278/1/278 281/1/281 283/1/283
f 281/1/281 286/1/286 283/1/283
f 281/1/281 284/1/284 286/1/286
f 279/1/279 284/1/284 281/1/281
f 279/1/279 285/1/285 284/1/284
f 280/1/280 285/1/285 279/1/279
f 282/1/282 283/1/283 287/1/287
f 283/1/283 288/1/288 287/1/287
f 283/1/283 286/1/286 288/1/288
f 286/1/286 291/1/291 288/1/288
f 286/1/286 289/1/289 291/1/291
f 284/1/284 289/1/289 286/1/286
f 284/1/284 290/1/290 289/1/289
f 285/1/285 290/1/290 284/1/284
f 287/1/287 288/1/288 292/1/292
f 288/1/288 293/1/293 292/1/292
f 288/1/288 291/1/291 293/1/293
f 291/1/291 296/1/296 293/1/293
f 291/1/291 294/1/294 296/1/296
f 289/1/289 294/1/294 291/1/291
f 289/1/289 295/1/295 294/1/294
f 290/1/290 295/1/295 289/1/289
f 292/1/292 293/1/293 297/1/297
f 293/1/293 298/1/298 297/1/297
f 293/1/293 296/1/296 298/1/298
f 296/1/296 301/1/301 298/1/298
f 296/1/296 299/1/299 301/1/301
f 294/1/294 299/1/299 296/1/296
f 294/1/294 300/1/300 299/1/299
f 295/1/295 300/1/300 294/1/294
f 297/1/297 298/1/298 302/1/302
f 298/1/298 303/1/303 302/1/302
f 298/1/298 301/1/301 303/1/303
f 301/1/301 306/1/306 303/1/303
f 301/1/301 304/1/304 306/1/306
f 299/1/299 304/1/304 301/1/301
f 299/1/299 305/1/305 304/1/304
f 300/1/300 305/1/305 299/1/299
f 302/1/302 303/1/303 307/1/307
f 303/1/303 308/1/308 307/1/307
f 303/1/303 306/1/306 308/1/308
f 306/1/306 311/1/311 308/1/308
f 306/1/306 309/1/309 311/1/311
f 304/1/304 309/1/309 306/1/306
f 304/1/304 310/1/310 309/1/309
f 305/1/305 310/1/310 304/1/304
f 307/1/307 308/1/308 312/1/312
f 308/1/308 313/1/313 312/1/312
f 308/1/308 311/1/311 313/1/313
f 311/1/311 316/1/316 313/1/313
f 311/1/311 314/1/314 316/1/316
f 309/1/309 314/1/314 311/1/311
f 309/1/309 315/1/315 314/1/314
f 310/1/310 315/1/315 309/1/309
f 312/1/312 313/1/313 317/1/317
f 313/1/313 318/1/318 317/1/317
f 313/1/313 316/1/316 318/1/318
f 316/1/316 321/1/321 318/1/318
f 316/1/316 319/1/319 321/1/321
f 314/1/314 319/1/319 316/1/316
f 314/1/314 320/1/320 319/1/319
f 315/1/315 320/1/320 314/1/314
f 317/1/317 318/1/318 322/1/322
f 318/1/318 323/1/323 322/1/322
f 318/1/318 321/1/321 323/1/323
f 321/1/321 326/1/326 323/1/323
f 321/1/321 324/1/324 326/1/326
f 319/1/319 324/1/324 321/1/321
f 319/1/319 325/1/325 324/1/324
f 320/1/320 325/1/325 319/1/319
f 327/1/327 329/1/329 328/1/328
f 327/1/327 332/1/332 329/1/329
f 327/1/327 330/1/330 332/1/332
f 327/1/327 331/1/331 330/1/330
f 328/1/328 329/1/329 333/1/333
f 329/1/329 334/1/334 333/1/333
f 329/1/329 332/1/332 334/1/334
f 332/1/332 337/1/337 334/1/334
f 332/1/332 335/1/335 337/1/337
f 330/1/330 335/1/335 332/1/332
f 330/1/330 336/1/336 335/1/335
f 331/1/331 336/1/336 330/1/330
f 333/1/333 334/1/334 338/1/338
f 334/1/334 339/1/339 338/1/338
f 334/1/334 337/1/337 339/1/339
f 337/1/337 342/1/342 339/1/339
f 337/1/337 340/1/340 342/1/342
f 335/1/335 340/1/340 337/1/337
f 335/1/335 341/1/341 340/1/340
f 336/1/336 341/1/341 335/1/335
f 338/1/338 339/1/339 343/1/343
f 339/1/339 344/1/344 343/1/343
f 339/1/339 342/1/342 344/1/344
f 342/1/342 347/1/347 344/1/344
f 342/1/342 345/1/345 347/1/347
f 340/1/340 345/1/345 342/1/342
f 340/1/340 346/1/346 345/1/345
f 341/1/341 346/1/346 340/1/340
f 343/1/343 344/1/344 348/1/348
f 344/1/344 349/1/349 348/1/348
f 344/1/344 347/1/347 349/1/349
f 347/1/347 352/1/352 349/1/349
f 347/1/347 350/1/350 352/1/352
f 345/1/345 350/1/350 347/1/347
f 345/1/345 351/1/351 350/1/350
f 346/1/346 351/1/351 345/1/345
f 348/1/348 349/1/349 353/1/353
f 349/1/349 354/1/354 353/1/353
f 349/1/349 352/1/352 354/1/354
f 352/1/352 357/1/357 354/1/354
f 352/1/352 355/1/355 357/1/357
f 350/1/350 355/1/355 352/1/352
f 350/1/350 356/1/356 355/1/355
f 351/1/351 356/1/356 350/1/350
f 353/1/353 354/1/354 358/1/358
f 354/1/354 359/1/359 358/1/358
f 354/1/354 357/1/357 359/1/359
f 357/1/357 362/1/362 359/1/359
f 357/1/357 360/1/360 362/1/362
f 355/1/355 360/1/360 357/1/357
f 355/1/355 361/1/361 360/1/360
f 356/1/356 361/1/361 355/1/355
f 358/1/358 359/1/359 363/1/363
f 359/1/359 364/1/364 363/1/363
f 359/1/359 362/1/362 364/1/364
f 362/1/362 367/1/367 364/1/364
f 362/1/362 365/1/365 367/1/367
f 360/1/360 365/1/365 362/1/362
f 360/1/360 366/1/366 365/1/365
f 361/1/361 366/1/366 360/1/360
f 363/1/363 364/1/364 368/1/368
f 364/1/364 369/1/369 368/1/368
f 364/1/364 367/1/367 369/1/369
f 367/1/367 372/1/372 369/1/369
f 367/1/367 370/1/370 372/1/372
f 365/1/365 370/1/370 367/1/367
f 365/1/365 371/1/371 370/1/370
f 366/1/366 371/1/371 365/1/365
f 368/1/368 369/1/369 373/1/373
f 369/1/369 374/1/374 373/1/373
f 369/1/369 372/1/372 374/1/374
f 372/1/372 377/1/377 374/1/374
f 372/1/372 375/1/375 377/1/377
f 370/1/370 375/1/375 372/1/372
f 370/1/370 376/1/376 375/1/375
f 371/1/371 376/1/376 370/1/370
f 373/1/373 374/1/374 378/1/378
f 374/1/374 379/1/379 378/1/378
f 374/1/374 377/1/377 379/1/379
f 377/1/377 382/1/382 379/1/379
f 377/1/377 380/1/380 382/1/382
f 375/1/375 380/1/380 377/1/377
f 375/1/375 381/1/381 380/1/380
f 376/1/376 381/1/381 375/1/375
f 378/1/378 379/1/379 383/1/383
f 379/1/379 384/1/384 383/1/383
f 379/1/379 382/1/382 384/1/384
f 382/1/382 387/1/387 384/1/384
f 382/1/382 385/1/385 387/1/387
f 380/1/380 385/1/385 382/1/382
f 380/1/380 386/1/386 385/1/385
f 381/1/381 386/1/386 380/1/380
f 383/1/383 384/1/384 388/1/388
f 384/1/384 389/1/389 388/1/388
f 384/1/384 387/1/387 389/1/389
f 387/1/387 392/1/392 389/1/389
f 387/1/387 390/1/390 392/1/392
f 385/1/385 390/1/390 387/1/387
f 385/1/385 391/1/391 390/1/390
f 386/1/386 391/1/391 385/1/385
f 388/1/388 389/1/389 393/1/393
f 389/1/389 394/1/394 393/1/393
f 389/1/389 392/1/392 394/1/394
f 392/1/392 397/1/397 394/1/394
f 392/1/392 395/1/395 397/1/397
f 390/1/390 395/1/395 392/1/392
f 390/1/390 396/1/396 395/1/395
f 391/1/391 396/1/396 390/1/390
f 393/1/393 394/1/394 398/1/398
f 394/1/394 399/1/399 398/1/398
f 394/1/394 397/1/397 399/1/399
f 397/1/397 402/1/402 399/1/399
f 397/1/397 400/1/400 402/1/402
f 395/1/395 400/1/400 397/1/397
f 395/1/395 401/1/401 400/1/400
f 396/1/396 401/1/401 395/1/395
f 398/1/398 399/1/399 403/1/403
f 399/1/399 404/1/404 403/1/403
f 399/1/399 402/1/402 404/1/404
f 402/1/402 407/1/407 404/1/404
f 402/1/402 405/1/405 407/1/407
f 400/1/400 405/1/405 402/1/402
f 400/1/400 406/1/406 405/1/405
f 401/1/401 406/1/406 400/1/400
f 403/1/403 404/1/404 408/1/408
f 404/1/404 409/1/409 408/1/408
f 404/1/404 407/1/407 409/1/409
f 407/1/407 412/1/412 409/1/409
f 407/1/407 410/1/410 412/1/412
f 405/1/405 410/1/410 407/1/407
f 405/1/405 411/1/411 410/1/410
f 406/1/406 411/1/411 405/1/405
f 408/1/408 409/1/409 413/1/413
f 409/1/409 414/1/414 413/1/413
f 409/1/409 412/1/412 414/1/414
f 412/1/412 417/1/417 414/1/414
f 412/1/412 415/1/415 417/1/417
f 410/1/410 415/1/415 412/1/412
f 410/1/410 416/1/416 415/1/415
f 411/1/411 416/1/416 410/1/410
f 413/1/413 414/1/414 418/1/418
f 414/1/414 419/1/419 418/1/418
f 414/1/414 417/1/417 419/1/419
f 417/1/417 422/1/422 419/1/419
f 417/1/417 420/1/420 422/1/422
f 415/1/415 420/1/420 417/1/417
f 415/1/415 421/1/421 420/1/420
f 416/1/416 421/1/421 415/1/415
f 418/1/418 419/1/419 423/1/423
f 419/1/419 424/1/424 423/1/423
f 419/1/419 422/1/422 424/1/424
f 422/1/422 427/1/427 424/1/424
f 422/1/422 425/1/425 427/1/427
f 420/1/420 425/1/425 422/1/422
f 420/1/420 426/1/426 425/1/425
f 421/1/421 426/1/426 420/1/420
f 423/1/423 424/1/424 428/1/428
f 424/1/424 429/1/429 428/1/428
f 424/1/424 427/1/427 429/1/429
f 427/1/427 432/1/432 429/1/429
f 427/1/427 430/1/430 432/1/432
f 425/1/425 430/1/430 427/1/427
f 425/1/425 431/1/431 430/1/430
f 426/1/426 431/1/431 425/1/425
f 428/1/428 429/1/429 433/1/433
f 429/1/429 434/1/434 433/1/433
f 429/1/429 432/1/432 434/1/434
f 432/1/432 437/1/437 434/1/434
f 432/1/432 435/1/435 437/1/437
f 430/1/430 435/1/435 432/1/432
f 430/1/430 436/1/436 435/1/435
f 431/1/431 436/1/436 430/1/430
f 433/1/433 434/1/434 438/1/438
f 434/1/434 439/1/439 438/1/438
f 434/1/434 437/1/437 439/1/439
f 437/1/437 442/1/442 439/1/439
f 437/1/437 440/1/440 442/1/442
f 435/1/435 440/1/440 437/1/437
f 435/1/435 441/1/441 440/1/440
f 436/1/436 441/1/441 435/1/435
f 438/1/438 439/1/439 443/1/443
f 439/1/439 444/1/444 443/1/443
f 439/1/439 442/1/442 444/1/444
f 442/1/442 447/1/447 444/1/444
f 442/1/442 445/1/445 447/1/447
f 440/1/440 445/1/445 442/1/442
f 440/1/440 446/1/446 445/1/445
f 441/1/441 446/1/446 440/1/440
f 443/1/443 444/1/444 448/1/448
f 444/1/444 449/1/449 448/1/448
f 444/1/444 447/1/447 449/1/449
f 447/1/447 452/1/452 449/1/449
f 447/1/447 450/1/450 452/1/452
f 445/1/445 450/1/450 447/1/447
f 445/1/445 451/1/451 450/1/450
f 446/1/446 451/1/451 445/1/445
f 448/1/448 449/1/449 453/1/453
f 449/1/449 454/1/454 453/1/453
f 449/1/449 452/1/452 454/1/454
f 452/1/452 457/1/457 454/1/454
f 452/1/452 455/1/455 457/1/457
f 450/1/450 455/1/455 452/1/452
f 450/1/450 456/1/456 455/1/455
f 451/1/451 456/1/456 450/1/450
f 453/1/453 454/1/454 458/1/458
f 454/1/454 459/1/459 458/1/458
f 454/1/454 457/1/457 459/1/459
f 457/1/457 462/1/462 459/1/459
f 457/1/457 460/1/460 462/1/462
f 455/1/455 460/1/460 457/1/457
f 455/1/455 461/1/461 460/1/460
f 456/1/456 461/1/461 455/1/455
f 458/1/458 459/1/459 463/1/463
f 459/1/459 464/1/464 463/1/463
f 459/1/459 462/1/462 464/1/464
f 462/1/462 467/1/467 464/1/464
f 462/1/462 465/1/465 467/1/467
f 460/1/460 465/1/465 462/1/462
f 460/1/460 466/1/466 465/1/465
f 461/1/461 466/1/466 460/1/460
f 463/1/463 464/1/464 468/1/468
f 464/1/464 469/1/469 468/1/468
f 464/1/464 467/1/467 469/1/469
f 467/1/467 472/1/472 469/1/469
f 467/1/467 470/1/470 472/1/472
f 465/1/465 470/1/470 467/1/467
f 465/1/465 471/1/471 470/1/470
f 466/1/466 471/1/471 465/1/465
f 468/1/468 469/1/469 473/1/473
f 469/1/469 474/1/474 473/1/473
f 469/1/469 472/1/472 474/1/474
f 472/1/472 477/1/477 474/1/474
f 472/1/472 475/1/475 477/1/477
f 470/1/470 475/1/475 472/1/472
f 470/1/470 476/1/476 475/1/475
f 471/1/471 476/1/476 470/1/470
f 473/1/473 474/1/474 478/1/478
f 474/1/474 479/1/479 478/1/478
f 474/1/474 477/1/477 479/1/479
f 477/1/477 482/1/482 479/1/479
f 477/1/477 480/1/480 482/1/482
f 475/1/475 480/1/480 477/1/477
f 475/1/475 481/1/481 480/1/480
f 476/1/476 481/1/481 475/1/475
f 478/1/478 479/1/479 483/1/483
f 479/1/479 484/1/484 483/1/483
f 479/1/479 482/1/482 484/1/484
f 482/1/482 487/1/487 484/1/484
f 482/1/482 485/1/485 487/1/487
f 480/1/480 485/1/485 482/1/482
f 480/1/480 486/1/486 485/1/485
f 481/1/481 486/1/486 480/1/480
f 483/1/483 484/1/484 488/1/488
f 484/1/484 489/1/489 488/1/488
f 484/1/484 487/1/487 489/1/489
f 487/1/487 492/1/492 489/1/489
f 487/1/487 490/1/490 492/1/492
f 485/1/485 490/1/490 487/1/487
f 485/1/485 491/1/491 490/1/490
f 486/1/486 491/1/491 485/1/485
f 488/1/488 489/1/489 493/1/493
f 489/1/489 494/1/494 493/1/493
f 489/1/489 492/1/492 494/1/494
f 492/1/492 497/1/497 494/1/494
f 492/1/492 495/1/495 497/1/497
f 490/1/490 495/1/495 492/1/492
f 490/1/490 496/1/496 495/1/495
f 491/1/491 496/1/496 490/1/490
f 493/1/493 494/1/494 498/1/498
f 494/1/494 499/1/499 498/1/498
f 494/1/494 497/1/497 499/1/499
f 497/1/497 502/1/502 499/1/499
f 497/1/497 500/1/500 502/1/502
f 495/1/495 500/1/500 497/1/497
f 495/1/495 501/1/501 500/1/500
f 496/1/496 501/1/501 495/1/495
f 498/1/498 499/1/499 503/1/503
f 499/1/499 504/1/504 503/1/503
f 499/1/499 502/1/502 504/1/504
f 502/1/502 507/1/507 504/1/504
f 502/1/502 505/1/505 507/1/507
f 500/1/500 505/1/505 502/1/502
f 500/1/500 506/1/506 505/1/505
f 501/1/501 506/1/506 500/1/500
f 503/1/503 504/1/504 508/1/508
f 504/1/504 509/1/509 508/1/508
f 504/1/504 507/1/507 509/1/509
f 507/1/507 512/1/512 509/1/509
f 507/1/507 510/1/510 512/1/512
f 505/1/505 510/1/510 507/1/507
f 505/1/505 511/1/511 510/1/510
f 506/1/506 511/1/511 505/1/505
f 508/1/508 509/1/509 513/1/513
f 509/1/509 514/1/514 513/1/513
f 509/1/509 512/1/512 514/1/514
f 512/1/512 517/1/517 514/1/514
f 512/1/512 515/1/515 517/1/517
f 510/1/510 515/1/515 512/1/512
f 510/1/510 516/1/516 515/1/515
f 511/1/511 516/1/516 510/1/510
f 513/1/513 514/1/514 518/1/518
f 514/1/514 519/1/519 518/1/518
f 514/1/514 517/1/517 519/1/519
f 517/1/517 522/1/522 519/1/519
f 517/1/517 520/1/520 522/1/522
f 515/1/515 520/1/520 517/1/517
f 515/1/515 521/1/521 520/1/520
f 516/1/516 521/1/521 515/1/515
f 518/1/518 519/1/519 523/1/523
f 519/1/519 524/1/524 523/1/523
f 519/1/519 522/1/522 524/1/524
f 522/1/522 527/1/527 524/1/524
f 522/1/522 525/1/525 527/1/527
f 520/1/520 525/1/525 522/1/522
f 520/1/520 526/1/526 525/1/525
f 521/1/521 526/1/526 520/1/520
f 523/1/523 524/1/524 528/1/528
f 524/1/524 529/1/529 528/1/528
f 524/1/524 527/1/527 529/1/529
f 527/1/527 532/1/532 529/1/529
f 527/1/527 530/1/530 532/1/532
f 525/1/525 530/1/530 527/1/527
f 525/1/525 531/1/531 530/1/530
f 526/1/526 531/1/531 525/1/525
f 528/1/528 529/1/529 533/1/533
f 529/1/529 534/1/534 533/1/533
f 529/1/529 532/1/532 534/1/534
f 532/1/532 537/1/537 534/1/534
f 532/1/532 535/1/535 537/1/537
f 530/1/530 535/1/535 532/1/532
f 530/1/530 536/1/536 535/1/535
f 531/1/531 536/1/536 530/1/530
f 533/1/533 534/1/534 538/1/538
f 534/1/534 539/1/539 538/1/538
f 534/1/534 537/1/537 539/1/539
f 537/1/537 542/1/542 539/1/539
f 537/1/537 540/1/540 542/1/542
f 535/1/535 540/1/540 537/1/537
f 535/1/535 541/1/541 540/1/540
f 536/1/536 541/1/541 535/1/535
f 538/1/538 539/1/539 543/1/543
f 539/1/539 544/1/544 543/1/543
f 539/1/539 542/1/542 544/1/544
f 542/1/542 547/1/547 544/1/544
f 542/1/542 545/1/545 547/1/547
f 540/1/540 545/1/545 542/1/542
f 540/1/540 546/1/546 545/1/545
f 541/1/541 546/1/546 540/1/540
f 543/1/543 544/1/544 548/1/548
f 544/1/544 549/1/549 548/1/548
f 544/1/544 547/1/547 549/1/549
f 547/1/547 552/1/552 549/1/549
f 547/1/547 550/1/550 552/1/552
f 545/1/545 550/1/550 547/1/547
f 545/1/545 551/1/551 550/1/550
f 546/1/546 551/1/551 545/1/545
f 553/1/553 555/1/555 554/1/554
f 553/1/553 558/1/558 555/1/555
f 553/1/553 556/1/556 558/1/558
f 553/1/553 557/1/557 556/1/556
f 554/1/554 555/1/555 559/1/559
f 555/1/555 560/1/560 559/1/559
f 555/1/555 558/1/558 560/1/560
f 558/1/558 563/1/563 560/1/560
f 558/1/558 561/1/561 563/1/563
f 556/1/556 561/1/561 558/1/558
f 556/1/556 562/1/562 561/1/561
f 557/1/557 562/1/562 556/1/556
f 559/1/559 560/1/560 564/1/564
f 560/1/560 565/1/565 564/1/564
f 560/1/560 563/1/563 565/1/565
f 563/1/563 568/1/568 565/1/565
f 563/1/563 566/1/566 568/1/568
f 561/1/561 566/1/566 563/1/563
f 561/1/561 567/1/567 566/1/566
f 562/1/562 567/1/567 561/1/561
f 564/1/564 565/1/565 569/1/569
f 565/1/565 570/1/570 569/1/569
f 565/1/565 568/1/568 570/1/570
f 568/1/568 573/1/573 570/1/570
f 568/1/568 571/1/571 573/1/573
f 566/1/566 571/1/571 568/1/568
f 566/1/566 572/1/572 571/1/571
f 567/1/567 572/1/572 566/1/566
f 569/1/569 570/1/570 574/1/574
f 570/1/570 575/1/575 574/1/574
f 570/1/570 573/1/573 575/1/575
f 573/1/573 578/1/578 575/1/575
f 573/1/573 576/1/576 578/1/578
f 571/1/571 576/1/576 573/1/573
f 571/1/571 577/1/577 576/1/576
f 572/1/572 577/1/577 571/1/571
f 574/1/574 575/1/575 579/1/579
f 575/1/575 580/1/580 579/1/579
f 575/1/575 578/1/578 580/1/580
f 578/1/578 583/1/583 580/1/580
f 578/1/578 581/1/581 583/1/583
f 576/1/576 581/1/581 578/1/578
f 576/1/576 582/1/582 581/1/581
f 577/1/577 582/1/582 576/1/576
f 579/1/579 580/1/580 584/1/584
f 580/1/580 585/1/585 584/1/584
f 580/1/580 583/1/583 585/1/585
f 583/1/583 588/1/588 585/1/585
f 583/1/583 586/1/586 588/1/588
f 581/1/581 586/1/586 583/1/583
f 581/1/581 587/1/587 586/1/586
f 582/1/582 587/1/587 581/1/581
f 584/1/584 585/1/585 589/1/589
f 585/1/585 590/1/590 589/1/589
f 585/1/585 588/1/588 590/1/590
f 588/1/588 593/1/593 590/1/590
f 588/1/588 591/1/591 593/1/593
f 586/1/586 591/1/591 588/1/588
f 586/1/586 592/1/592 591/1/591
f 587/1/587 592/1/592 586/1/586
f 589/1/589 590/1/590 594/1/594
f 590/1/590 595/1/595 594/1/594
f 590/1/590 593/1/593 595/1/595
f 593/1/593 598/1/598 595/1/595
f 593/1/593 596/1/596 598/1/598
f 591/1/591 596/1/596 593/1/593
f 591/1/591 597/1/597 596/1/596
f 592/1/592 597/1/597 591/1/591
f 594/1/594 595/1/595 599/1/599
f 595/1/595 600/1/600 599/1/599
f 595/1/595 598/1/598 600/1/600
f 598/1/598 603/1/603 600/1/600
f 598/1/598 601/1/601 603/1/603
f 596/1/596 601/1/601 598/1/598
f 596/1/596 602/1/602 601/1/601
f 597/1/597 602/1/602 596/1/596
f 599/1/599 600/1/600 604/1/604
f 600/1/600 605/1/605 604/1/604
f 600/1/600 603/1/603 605/1/605
f 603/1/603 608/1/608 605/1/605
f 603/1/603 606/1/606 608/1/608
f 601/1/601 606/1/606 603/1/603
f 601/1/601 607/1/607 606/1/606
f 602/1/602 607/1/607 601/1/601
f 604/1/604 605/1/605 609/1/609
f 605/1/605 610/1/610 609/1/609
f 605/1/605 608/1/608 610/1/610
f 608/1/608 613/1/613 610/1/610
f 608/1/608 611/1/611 613/1/613
f 606/1/606 611/1/611 608/1/608
f 606/1/606 612/1/612 611/1/611
f 607/1/607 612/1/612 606/1/606
f 609/1/609 610/1/610 614/1/614
f 610/1/610 615/1/615 614/1/614
f 610/1/610 613/1/613 615/1/615
f 613/1/613 618/1/618 615/1/615
f 613/1/613 616/1/616 618/1/618
f 611/1/611 616/1/616 613/1/613
f 611/1/611 617/1/617 616/1/616
f 612/1/612 617/1/617 611/1/611
f 614/1/614 615/1/615 619/1/619
f 615/1/615 620/1/620 619/1/619
f 615/1/615 618/1/618 620/1/620
f 618/1/618 623/1/623 620/1/620
f 618/1/618 621/1/621 623/1/623
f 616/1/616 621/1/621 618/1/618
f 616/1/616 622/1/622 621/1/621
f 617/1/617 622/1/622 616/1/616
f 619/1/619 620/1/620 624/1/624
f 620/1/620 625/1/625 624/1/624
f 620/1/620 623/1/623 625/1/625
f 623/1/623 628/1/628 625/1/625
f 623/1/623 626/1/626 628/1/628
f 621/1/621 626/1/626 623/1/623
f 621/1/621 627/1/627 626/1/626
f 622/1/622 627/1/627 621/1/621
f 624/1/624 625/1/625 629/1/629
f 625/1/625 630/1/630 629/1/629
f 625/1/625 628/1/628 630/1/630
f 628/1/628 633/1/633 630/1/630
f 628/1/628 631/1/631 633/1/633
f 626/1/626 631/1/631 628/1/628
f 626/1/626 632/1/632 631/1/631
f 627/1/627 632/1/632 626/1/626
f 629/1/629 630/1/630 634/1/634
f 630/1/630 635/1/635 634/1/634
f 630/1/630 633/1/633 635/1/635
f 633/1/633 638/1/638 635/1/635
f 633/1/633 636/1/636 638/1/638
f 631/1/631 636/1/636 633/1/633
f 631/1/631 637/1/637 636/1/636
f 632/1/632 637/1/637 631/1/631
f 634/1/634 635/1/635 639/1/639
f 635/1/635 640/1/640 639/1/639
f 635/1/635 638/1/638 640/1/640
f 638/1/638 643/1/643 640/1/640
f 638/1/638 641/1/641 643/1/643
f 636/1/636 641/1/641 638/1/638
f 636/1/636 642/1/642 641/1/641
f 637/1/637 642/1/642 636/1/636
f 639/1/639 640/1/640 644/1/644
f 640/1/640 645/1/645 644/1/644
f 640/1/640 643/1/643 645/1/645
f 643/1/643 648/1/648 645/1/645
f 643/1/643 646/1/646 648/1/648
f 641/1/641 646/1/646 643/1/643
f 641/1/641 647/1/647 646/1/646
f 642/1/642 647/1/647 641/1/641
f 644/1/644 645/1/645 649/1/649
f 645/1/645 650/1/650 649/1/649
f 645/1/645 648/1/648 650/1/650
f 648/1/648 653/1/653 650/1/650
f 648/1/648 651/1/651 653/1/653
f 646/1/646 651/1/651 648/1/648
f 646/1/646 652/1/652 651/1/651
f 647/1/647 652/1/652 646/1/646
f 649/1/649 650/1/650 654/1/654
f 650/1/650 655/1/655 654/1/654
f 650/1/650 653/1/653 655/1/655
f 653/1/653 658/1/658 655/1/655
f 653/1/653 656/1/656 658/1/658
f 651/1/651 656/1/656 653/1/653
f 651/1/651 657/1/657 656/1/656
f 652/1/652 657/1/657 651/1/651
f 654/1/654 655/1/655 659/1/659
f 655/1/655 660/1/660 659/1/659
f 655/1/655 658/1/658 660/1/660
f 658/1/658 663/1/663 660/1/660
f 658/1/658 661/1/661 663/1/663
f 656/1/656 661/1/661 658/1/658
f 656/1/656 662/1/662 661/1/661
f 657/1/657 662/1/662 656/1/656
f 659/1/659 660/1/660 664/1/664
f 660/1/660 665/1/665 664/1/664
f 660/1/660 663/1/663 665/1/665
f 663/1/663 668/1/668 665/1/665
f 663/1/663 666/1/666 668/1/668
f 661/1/661 666/1/666 663/1/663
f 661/1/661 667/1/667 666/1/666
f 662/1/662 667/1/667 661/1/661
f 664/1/664 665/1/665 669/1/669
f 665/1/665 670/1/670 669/1/669
f 665/1/665 668/1/668 670/1/670
f 668/1/668 673/1/673 670/1/670
f 668/1/668 671/1/671 673/1/673
f 666/1/666 671/1/671 668/1/668
f 666/1/666 672/1/672 671/1/671
f 667/1/667 672/1/672 666/1/666
f 669/1/669 670/1/670 674/1/674
f 670/1/670 675/1/675 674/1/674
f 670/1/670 673/1/673 675/1/675
f 673/1/673 678/1/678 675/1/675
f 673/1/673 676/1/676 678/1/678
f 671/1/671 676/1/676 673/1/673
f 671/1/671 677/1/677 676/1/676
f 672/1/672 677/1/677 671/1/671
f 674/1/674 675/1/675 679/1/679
f 675/1/675 680/1/680 679/1/679
f 675/1/675 678/1/678 680/1/680
f 678/1/678 683/1/683 680/1/680
f 678/1/678 681/1/681 683/1/683
f 676/1/676 681/1/681 678/1/678
f 676/1/676 682/1/682 681/1/681
f 677/1/677 682/1/682 676/1/676
f 679/1/679 680/1/680 684/1/684
f 680/1/680 685/1/685 684/1/684
f 680/1/680 683/1/683 685/1/685
f 683/1/683 688/1/688 685/1/685
f 683/1/683 686/1/686 688/1/688
f 681/1/681 686/1/686 683/1/683
f 681/1/681 687/1/687 686/1/686
f 682/1/682 687/1/687 681/1/681
f 684/1/684 685/1/685 689/1/689
f 685/1/685 690/1/690 689/1/689
f 685/1/685 688/1/688 690/1/690
f 688/1/688 693/1/693 690/1/690
f 688/1/688 691/1/691 693/1/693
f 686/1/686 691/1/691 688/1/688
f 686/1/686 692/1/692 691/1/691
f 687/1/687 692/1/692 686/1/686
f 689/1/689 690/1/690 694/1/694
f 690/1/690 695/1/695 694/1/694
f 690/1/690 693/1/693 695/1/695
f 693/1/693 698/1/698 695/1/695
f 693/1/693 696/1/696 698/1/698
f 691/1/691 696/1/696 693/1/693
f 691/1/691 697/1/697 696/1/696
f 692/1/692 697/1/697 691/1/691
f 694/1/694 695/1/695 699/1/699
f 695/1/695 700/1/700 699/1/699
f 695/1/695 698/1/698 700/1/700
f 698/1/698 703/1/703 700/1/700
f 698/1/698 701/1/701 703/1/703
f 696/1/696 701/1/701 698/1/698
f 696/1/696 702/1/702 701/1/701
f 697/1/697 702/1/702 696/1/696
f 699/1/699 700/1/700 704/1/704
f 700/1/700 705/1/705 704/1/704
f 700/1/700 703/1/703 705/1/705
f 703/1/703 708/1/708 705/1/705
f 703/1/703 706/1/706 708/1/708
f 701/1/701 706/1/706 703/1/703
f 701/1/701 707/1/707 706/1/706
f 702/1/702 707/1/707 701/1/701
f 704/1/704 705/1/705 709/1/709
f 705/1/705 710/1/710 709/1/709
f 705/1/705 708/1/708 710/1/710
f 708/1/708 713/1/713 710/1/710
f 708/1/708 711/1/711 713/1/713
f 706/1/706 711/1/711 708/1/708
f 706/1/706 712/1/712 711/1/711
f 707/1/707 712/1/712 706/1/706
f 709/1/709 710/1/710 714/1/714
f 710/1/710 715/1/715 714/1/714
f 710/1/710 713/1/713 715/1/715
f 713/1/713 718/1/718 715/1/715
f 713/1/713 716/1/716 718/1/718
f 711/1/711 716/1/716 713/1/713
f 711/1/711 717/1/717 716/1/716
f 712/1/712 717/1/717 711/1/711
f 714/1/714 715/1/715 719/1/719
f 715/1/715 720/1/720 719/1/719
f 715/1/715 718/1/718 720/1/720
f 718/1/718 723/1/723 720/1/720
f 718/1/718 721/1/721 723/1/723
f 716/1/716 721/1/721 718/1/718
f 716/1/716 722/1/722 721/1/721
f 717/1/717 722/1/722 716/1/716
f 719/1/719 720/1/720 724/1/724
f 720/1/720 725/1/725 724/1/724
f 720/1/720 723/1/723 725/1/725
f 723/1/723 728/1/728 725/1/725
f 723/1/723 726/1/726 728/1/728
f 721/1/721 726/1/726 723/1/723
f 721/1/721 727/1/727 726/1/726
f 722/1/722 727/1/727 721/1/721
f 724/1/724 725/1/725 729/1/729
f 725/1/725 730/1/730 729/1/729
f 725/1/725 728/1/728 730/1/730
f 728/1/728 733/1/733 730/1/730
f 728/1/728 731/1/731 733/1/733
f 726/1/726 731/1/731 728/1/728
f 726/1/726 732/1/732 731/1/731
f 727/1/727 732/1/732 726/1/726
f 729/1/729 730/1/730 734/1/734
f 730/1/730 735/1/735 734/1/734
f 730/1/730 733/1/733 735/1/735
f 733/1/733 738/1/738 735/1/735
f 733/1/733 736/1/736 738/1/738
f 731/1/731 736/1/736 733/1/733
f 731/1/731 737/1/737 736/1/736
f 732/1/732 737/1/737 731/1/731
f 734/1/734 735/1/735 739/1/739
f 735/1/735 740/1/740 739/1/739
f 735/1/735 738/1/738 740/1/740
f 738/1/738 743/1/743 740/1/740
f 738/1/738 741/1/741 743/1/743
f 736/1/736 741/1/741 738/1/738
f 736/1/736 742/1/742 741/1/741
f 737/1/737 742/1/742 736/1/736
f 739/1/739 740/1/740 744/1/744
f 740/1/740 745/1/745 744/1/744
f 740/1/740 743/1/743 745/1/745
f 743/1/743 748/1/748 745/1/745
f 743/1/743 746/1/746 748/1/748
f 741/1/741 746/1/746 743/1/743
f 741/1/741 747/1/747 746/1/746
f 742/1/742 747/1/747 741/1/741
f 744/1/744 745/1/745 749/1/749
f 745/1/745 750/1/750 749/1/749
f 745/1/745 748/1/748 750/1/750
f 748/1/748 753/1/753 750/1/750
f 748/1/748 751/1/751 753/1/753
f 746/1/746 751/1/751 748/1/748
f 746/1/746 752/1/752 751/1/751
f 747/1/747 752/1/752 746/1/746
f 749/1/749 750/1/750 754/1/754
f 750/1/750 755/1/755 754/1/754
f 750/1/750 753/1/753 755/1/755
f 753/1/753 758/1/758 755/1/755
f 753/1/753 756/1/756 758/1/758
f 751/1/751 756/1/756 753/1/753
f 751/1/751 757/1/757 756/1/756
f 752/1/752 757/1/757 751/1/751
f 754/1/754 755/1/755 759/1/759
f 755/1/755 760/1/760 759/1/759
f 755/1/755 758/1/758 760/1/760
f 758/1/758 763/1/763 760/1/760
f 758/1/758 761/1/761 763/1/763
f 756/1/756 761/1/761 758/1/758
f 756/1/756 762/1/762 761/1/761
f 757/1/757 762/1/762 756/1/756
f 759/1/759 760/1/760 764/1/764
f 760/1/760 765/1/765 764/1/764
f 760/1/760 763/1/763 765/1/765
f 763/1/763 768/1/768 765/1/765
f 763/1/763 766/1/766 768/1/768
f 761/1/761 766/1/766 763/1/763
f 761/1/761 767/1/767 766/1/766
f 762/1/762 767/1/767 761/1/761
f 764/1/764 765/1/765 769/1/769
f 765/1/765 770/1/770 769/1/769
f 765/1/765 768/1/768 770/1/770
f 768/1/768 773/1/773 770/1/770
f 768/1/768 771/1/771 773/1/773
f 766/1/766 771/1/771 768/1/768
f 766/1/766 772/1/772 771/1/771
f 767/1/767 772/1/772 766/1/766
f 769/1/769 770/1/770 774/1/774
f 770/1/770 775/1/775 774/1/774
f 770/1/770 773/1/773 775/1/775
f 773/1/773 778/1/778 775/1/775
f 773/1/773 776/1/776 778/1/778
f 771/1/771 776/1/776 773/1/773
f 771/1/771 777/1/777 776/1/776
f 772/1/772 777/1/777 771/1/771
f 774/1/774 775/1/775 779/1/779
f 775/1/775 780/1/780 779/1/779
f 775/1/775 778/1/778 780/1/780
f 778/1/778 783/1/783 780/1/780
f 778/1/778 781/1/781 783/1/783
f 776/1/776 781/1/781 778/1/778
f 776/1/776 782/1/782 781/1/781
f 777/1/777 782/1/782 776/1/776
f 779/1/779 780/1/780 784/1/784
f 780/1/780 785/1/785 784/1/784
f 780/1/780 783/1/783 785/1/785
f 783/1/783 788/1/788 785/1/785
f 783/1/783 786/1/786 788/1/788
f 781/1/781 786/1/786 783/1/783
f 781/1/781 787/1/787 786/1/786
f 782/1/782 787/1/787 781/1/781
f 784/1/784 785/1/785 789/1/789
f 785/1/785 790/1/790 789/1/789
f 785/1/785 788/1/788 790/1/790
f 788/1/788 793/1/793 790/1/790
f 788/1/788 791/1/791 793/1/793
f 786/1/786 791/1/791 788/1/788
f 786/1/786 792/1/792 791/1/791
f 787/1/787 792/1/792 786/1/786
f 789/1/789 790/1/790 794/1/794
f 790/1/790 795/1/795 794/1/794
f 790/1/790 793/1/793 795/1/795
f 793/1/793 798/1/798 795/1/795
f 793/1/793 796/1/796 798/1/798
f 791/1/791 796/1/796 793/1/793
f 791/1/791 797/1/797 796/1/796
f 792/1/792 797/1/797 791/1/791
f 794/1/794 795/1/795 799/1/799
f 795/1/795 800/1/800 799/1/799
f 795/1/795 798/1/798 800/1/800
f 798/1/798 803/1/803 800/1/800
f 798/1/798 801/1/801 803/1/803
f 796/1/796 801/1/801 798/1/798
f 796/1/796 802/1/802 801/1/801
f 797/1/797 802/1/802 796/1/796
f 799/1/799 800/1/800 804/1/804
f 800/1/800 805/1/805 804/1/804
f 800/1/800 803/1/803 805/1/805
f 803/1/803 808/1/808 805/1/805
f 803/1/803 806/1/806 808/1/808
f 801/1/801 806/1/806 803/1/803
f 801/1/801 807/1/807 806/1/806
f 802/1/802 807/1/807 801/1/801
f 804/1/804 805/1/805 809/1/809
f 805/1/805 810/1/810 809/1/809
f 805/1/805 808/1/808 810/1/810
f 808/1/808 813/1/813 810/1/810
f 808/1/808 811/1/811 813/1/813
f 806/1/806 811/1/811 808/1/808
f 806/1/806 812/1/812 811/1/811
f 807/1/807 812/1/812 806/1/806
f 809/1/809 810/1/810 814/1/814
f 810/1/810 815/1/815 814/1/814
f 810/1/810 813/1/813 815/1/815
f 813/1/813 818/1/818 815/1/815
f 813/1/813 816/1/816 818/1/818
f 811/1/811 816/1/816 813/1/813
f 811/1/811 817/1/817 816/1/816
f 812/1/812 817/1/817 811/1/811
f 814/1/814 815/1/815 819/1/819
f 815/1/815 820/1/820 819/1/819
f 815/1/815 818/1/818 820/1/820
f 818/1/818 823/1/823 820/1/820
f 818/1/818 821/1/821 823/1/823
f 816/1/816 821/1/821 818/1/818
f 816/1/816 822/1/822 821/1/821
f 817/1/817 822/1/822 816/1/816
f 819/1/819 820/1/820 824/1/824
f 820/1/820 825/1/825 824/1/824
f 820/1/820 823/1/823 825/1/825
f 823/1/823 828/1/828 825/1/825
f 823/1/823 826/1/826 828/1/828
f 821/1/821 826/1/826 823/1/823
f 821/1/821 827/1/827 826/1/826
f 822/1/822 827/1/827 821/1/821
f 824/1/824 825/1/825 829/1/829
f 825/1/825 830/1/830 829/1/829
f 825/1/825 828/1/828 830/1/830
f 828/1/828 833/1/833 830/1/830
f 828/1/828 831/1/831 833/1/833
f 826/1/826 831/1/831 828/1/828
f 826/1/826 832/1/832 831/1/831
f 827/1/827 832/1/832 826/1/826
f 829/1/829 830/1/830 834/1/834
f 830/1/830 835/1/835 834/1/834
f 830/1/830 833/1/833 835/1/835
f 833/1/833 838/1/838 835/1/835
f 833/1/833 836/1/836 838/1/838
f 831/1/831 836/1/836 833/1/833
f 831/1/831 837/1/837 836/1/836
f 832/1/832 837/1/837 831/1/831
f 834/1/834 835/1/835 839/1/839
f 835/1/835 840/1/840 839/1/839
f 835/1/835 838/1/838 840/1/840
f 838/1/838 843/1/843 840/1/840
f 838/1/838 841/1/841 843/1/843
f 836/1/836 841/1/841 838/1/838
f 836/1/836 842/1/842 841/1/841
f 837/1/837 842/1/842 836/1/836
f 839/1/839 840/1/840 844/1/844
f 840/1/840 845/1/845 844/1/844
f 840/1/840 843/1/843 845/1/845
f 843/1/843 848/1/848 845/1/845
f 843/1/843 846/1/846 848/1/848
f 841/1/841 846/1/846 843/1/843
f 841/1/841 847/1/847 846/1/846
f 842/1/842 847/1/847 841/1/841
f 844/1/844 845/1/845 849/1/849
f 845/1/845 850/1/850 849/1/849
f 845/1/845 848/1/848 850/1/850
f 848/1/848 853/1/853 850/1/850
f 848/1/848 851/1/851 853/1/853
f 846/1/846 851/1/851 848/1/848
f 846/1/846 852/1/852 851/1/851
f 847/1/847 852/1/852 846/1/846
f 849/1/849 850/1/850 854/1/854
f 850/1/850 855/1/855 854/1/854
f 850/1/850 853/1/853 855/1/855
f 853/1/853 858/1/858 855/1/855
f 853/1/853 856/1/856 858/1/858
f 851/1/851 856/1/856 853/1/853
f 851/1/851 857/1/857 856/1/856
f 852/1/852 857/1/857 851/1/851
f 854/1/854 855/1/855 859/1/859
f 855/1/855 860/1/860 859/1/859
f 855/1/855 858/1/858 860/1/860
f 858/1/858 863/1/863 860/1/860
f 858/1/858 861/1/861 863/1/863
f 856/1/856 861/1/861 858/1/858
f 856/1/856 862/1/862 861/1/861
f 857/1/857 862/1/862 856/1/856
f 859/1/859 860/1/860 864/1/864
f 860/1/860 865/1/865 864/1/864
f 860/1/860 863/1/863 865/1/865
f 863/1/863 868/1/868 865/1/865
f 863/1/863 866/1/866 868/1/868
f 861/1/861 866/1/866 863/1/863
f 861/1/861 867/1/867 866/1/866
f 862/1/862 867/1/867 861/1/861
f 864/1/864 865/1/865 869/1/869
f 865/1/865 870/1/870 869/1/869
f 865/1/865 868/1/868 870/1/870
f 868/1/868 873/1/873 870/1/870
f 868/1/868 871/1/871 873/1/873
f 866/1/866 871/1/871 868/1/868
f 866/1/866 872/1/872 871/1/871
f 867/1/867 872/1/872 866/1/866
f 869/1/869 870/1/870 874/1/874
f 870/1/870 875/1/875 874/1/874
f 870/1/870 873/1/873 875/1/875
f 873/1/873 878/1/878 875/1/875
f 873/1/873 876/1/876 878/1/878
f 871/1/871 876/1/876 873/1/873
f 871/1/871 877/1/877 876/1/876
f 872/1/872 877/1/877 871/1/871
f 874/1/874 875/1/875 879/1/879
f 875/1/875 880/1/880 879/1/879
f 875/1/875 878/1/878 880/1/880
f 878/1/878 883/1/883 880/1/880
f 878/1/878 881/1/881 883/1/883
f 876/1/876 881/1/881 878/1/878
f 876/1/876 882/1/882 881/1/881
f 877/1/877 882/1/882 876/1/876
f 879/1/879 880/1/880 884/1/884
f 880/1/880 885/1/885 884/1/884
f 880/1/880 883/1/883 885/1/885
f 883/1/883 888/1/888 885/1/885
f 883/1/883 886/1/886 888/1/888
f 881/1/881 886/1/886 883/1/883
f 881/1/881 887/1/887 886/1/886
f 882/1/882 887/1/887 881/1/881
f 884/1/884 885/1/885 889/1/889
f 885/1/885 890/1/890 889/1/889
f 885/1/885 888/1/888 890/1/890
f 888/1/888 893/1/893 890/1/890
f 888/1/888 891/1/891 893/1/893
f 886/1/886 891/1/891 888/1/888
f 886/1/886 892/1/892 891/1/891
f 887/1/887 892/1/892 886/1/886
f 889/1/889 890/1/890 894/1/894
f 890/1/890 895/1/895 894/1/894
f 890/1/890 893/1/893 895/1/895
f 893/1/893 898/1/898 895/1/895
f 893/1/893 896/1/896 898/1/898
f 891/1/891 896/1/896 893/1/893
f 891/1/891 897/1/897 896/1/896
f 892/1/892 897/1/897 891/1/891
f 894/1/894 895/1/895 899/1/899
f 895/1/895 900/1/900 899/1/899
f 895/1/895 898/1/898 900/1/900
f 898/1/898 903/1/903 900/1/900
f 898/1/898 901/1/901 903/1/903
f 896/1/896 901/1/901 898/1/898
f 896/1/896 902/1/902 901/1/901
f 897/1/897 902/1/902 896/1/896
f 899/1/899 900/1/900 904/1/904
f 900/1/900 905/1/905 904/1/904
f 900/1/900 903/1/903 905/1/905
f 903/1/903 908/1/908 905/1/905
f 903/1/903 906/1/906 908/1/908
f 901/1/901 906/1/906 903/1/903
f 901/1/901 907/1/907 906/1/906
f 902/1/902 907/1/907 901/1/901
f 904/1/904 905/1/905 909/1/909
f 905/1/905 910/1/910 909/1/909
f 905/1/905 908/1/908 910/1/910
f 908/1/908 913/1/913 910/1/910
f 908/1/908 911/1/911 913/1/913
f 906/1/906 911/1/911 908/1/908
f 906/1/906 912/1/912 911/1/911
f 907/1/907 912/1/912 906/1/906
f 909/1/909 910/1/910 914/1/914
f 910/1/910 915/1/915 914/1/914
f 910/1/910 913/1/913 915/1/915
f 913/1/913 918/1/918 915/1/915
f 913/1/913 916/1/916 918/1/918
f 911/1/911 916/1/916 913/1/913
f 911/1/911 917/1/917 916/1/916
f 912/1/912 917/1/917 911/1/911
f 914/1/914 915/1/915 919/1/919
f 915/1/915 920/1/920 919/1/919
f 915/1/915 918/1/918 920/1/920
f 918/1/918 923/1/923 920/1/920
f 918/1/918 921/1/921 923/1/923
f 916/1/916 921/1/921 918/1/918
f 916/1/916 922/1/922 921/1/921
f 917/1/917 922/1/922 916/1/916
f 919/1/919 920/1/920 924/1/924
f 920/1/920 925/1/925 924/1/924
f 920/1/920 923/1/923 925/1/925
f 923/1/923 928/1/928 925/1/925
f 923/1/923 926/1/926 928/1/928
f 921/1/921 926/1/926 923/1/923
f 921/1/921 927/1/927 926/1/926
f 922/1/922 927/1/927 921/1/921
f 924/1/924 925/1/925 929/1/929
f 925/1/925 930/1/930 929/1/929
f 925/1/925 928/1/928 930/1/930
f 928/1/928 933/1/933 930/1/930
f 928/1/928 931/1/931 933/1/933
f 926/1/926 931/1/931 928/1/928
f 926/1/926 932/1/932 931/1/931
f 927/1/927 932/1/932 926/1/926
f 929/1/929 930/1/930 934/1/934
f 930/1/930 935/1/935 934/1/934
f 930/1/930 933/1/933 935/1/935
f 933/1/933 938/1/938 935/1/935
f 933/1/933 936/1/936 938/1/938
f 931/1/931 936/1/936 933/1/933
f 931/1/931 937/1/937 936/1/936
f 932/1/932 937/1/937 931/1/931
f 934/1/934 935/1/935 939/1/939
f 935/1/935 940/1/940 939/1/939
f 935/1/935 938/1/938 940/1/940
f 938/1/938 943/1/943 940/1/940
f 938/1/938 941/1/941 943/1/943
f 936/1/936 941/1/941 938/1/938
f 936/1/936 942/1/942 941/1/941
f 937/1/937 942/1/942 936/1/936
f 939/1/939 940/1/940 944/1/944
f 940/1/940 945/1/945 944/1/944
f 940/1/940 943/1/943 945/1/945
f 943/1/943 948/1/948 945/1/945
f 943/1/943 946/1/946 948/1/948
f 941/1/941 946/1/946 943/1/943
f 941/1/941 947/1/947 946/1/946
f 942/1/942 947/1/947 941/1/941
f 944/1/944 945/1/945 949/1/949
f 945/1/945 950/1/950 949/1/949
f 945/1/945 948/1/948 950/1/950
f 948/1/948 953/1/953 950/1/950
f 948/1/948 951/1/951 953/1/953
f 946/1/946 951/1/951 948/1/948
f 946/1/946 952/1/952 951/1/951
f 947/1/947 952/1/952 946/1/946
f 949/1/949 950/1/950 954/1/954
f 950/1/950 955/1/955 954/1/954
f 950/1/950 953/1/953 955/1/955
f 953/1/953 958/1/958 955/1/955
f 953/1/953 956/1/956 958/1/958
f 951/1/951 956/1/956 953/1/953
f 951/1/951 957/1/957 956/1/956
f 952/1/952 957/1/957 951/1/951
f 954/1/954 955/1/955 959/1/959
f 955/1/955 960/1/960 959/1/959
f 955/1/955 958/1/958 960/1/960
f 958/1/958 963/1/963 960/1/960
f 958/1/958 961/1/961 963/1/963
f 956/1/956 961/1/961 958/1/958
f 956/1/956 962/1/962 961/1/961
f 957/1/957 962/1/962 956/1/956
f 959/1/959 960/1/960 964/1/964
f 960/1/960 965/1/965 964/1/964
f 960/1/960 963/1/963 965/1/965
f 963/1/963 968/1/968 965/1/965
f 963/1/963 966/1/966 968/1/968
f 961/1/961 966/1/966 963/1/963
f 961/1/961 967/1/967 966/1/966
f 962/1/962 967/1/967 961/1/961
f 964/1/964 965/1/965 969/1/969
f 965/1/965 970/1/970 969/1/969
f 965/1/965 968/1/968 970/1/970
f 968/1/968 973/1/973 970/1/970
f 968/1/968 971/1/971 973/1/973
f 966/1/966 971/1/971 968/1/968
f 966/1/966 972/1/972 971/1/971
f 967/1/967 972/1/972 966/1/966
f 969/1/969 970/1/970 974/1/974
f 970/1/970 975/1/975 974/1/974
f 970/1/970 973/1/973 975/1/975
f 973/1/973 978/1/978 975/1/975
f 973/1/973 976/1/976 978/1/978
f 971/1/971 976/1/976 973/1/973
f 971/1/971 977/1/977 976/1/976
f 972/1/972 977/1/977 971/1/971
f 974/1/974 975/1/975 979/1/979
f 975/1/975 980/1/980 979/1/979
f 975/1/975 978/1/978 980/1/980
f 978/1/978 983/1/983 980/1/980
f 978/1/978 981/1/981 983/1/983
f 976/1/976 981/1/981 978/1/978
f 976/1/976 982/1/982 981/1/981
f 977/1/977 982/1/982 976/1/976
f 979/1/979 980/1/980 984/1/984
f 980/1/980 985/1/985 984/1/984
f 980/1/980 983/1/983 985/1/985
f 983/1/983 988/1/988 985/1/985
f 983/1/983 986/1/986 988/1/988
f 981/1/981 986/1/986 983/1/983
f 981/1/981 987/1/987 986/1/986
f 982/1/982 987/1/987 981/1/981
f 984/1/984 985/1/985 989/1/989
f 985/1/985 990/1/990 989/1/989
f 985/1/985 988/1/988 990/1/990
f 988/1/988 993/1/993 990/1/990
f 988/1/988 991/1/991 993/1/993
f 986/1/986 991/1/991 988/1/988
f 986/1/986 992/1/992 991/1/991
f 987/1/987 992/1/992 986/1/986
f 989/1/989 990/1/990 994/1/994
f 990/1/990 995/1/995 994/1/994
f 990/1/990 993/1/993 995/1/995
f 993/1/993 998/1/998 995/1/995
f 993/1/993 996/1/996 998/1/998
f 991/1/991 996/1/996 993/1/993
f 991/1/991 997/1/997 996/1/996
f 992/1/992 997/1/997 991/1/991
f 994/1/994 995/1/995 999/1/999
f 995/1/995 1000/1/1000 999/1/999
f 995/1/995 998/1/998 1000/1/1000
f 998/1/998 1003/1/1003 1000/1/1000
f 998/1/998 1001/1/1001 1003/1/1003
f 996/1/996 1001/1/1001 998/1/998
f 996/1/996 1002/1/1002 1001/1/1001
f 997/1/997 1002/1/1002 996/1/996
f 999/1/999 1000/1/1000 1004/1/1004
f 1000/1/1000 1005/1/1005 1004/1/1004
f 1000/1/1000 1003/1/1003 1005/1/1005
f 1003/1/1003 1008/1/1008 1005/1/1005
f 1003/1/1003 1006/1/1006 1008/1/1008
f 1001/1/1001 1006/1/1006 1003/1/1003
f 1001/1/1001 1007/1/1007 1006/1/1006
f 1002/1/1002 1007/1/1007 1001/1/1001
f 1004/1/1004 1005/1/1005 1009/1/1009
f 1005/1/1005 1010/1/1010 1009/1/1009
f 1005/1/1005 1008/1/1008 1010/1/1010
f 1008/1/1008 1013/1/1013 1010/1/1010
f 1008/1/1008 1011/1/1011 1013/1/1013
f 1006/1/1006 1011/1/1011 1008/1/1008
f 1006/1/1006 1012/1/1012 1011/1/1011
f 1007/1/1007 1012/1/1012 1006/1/1006
f 1009/1/1009 1010/1/1010 1014/1/1014
f 1010/1/1010 1015/1/1015 1014/1/1014
f 1010/1/1010 1013/1/1013 1015/1/1015
f 1013/1/1013 1018/1/1018 1015/1/1015
f 1013/1/1013 1016/1/1016 1018/1/1018
f 1011/1/1011 1016/1/1016 1013/1/1013
f 1011/1/1011 1017/1/1017 1016/1/1016
f 1012/1/1012 1017/1/1017 1011/1/1011
f 1014/1/1014 1015/1/1015 1019/1/1019
f 1015/1/1015 1020/1/1020 1019/1/1019
f 1015/1/1015 1018/1/1018 1020/1/1020
f 1018/1/1018 1023/1/1023 1020/1/1020
f 1018/1/1018 1021/1/1021 1023/1/1023
f 1016/1/1016 1021/1/1021 1018/1/1018
f 1016/1/1016 1022/1/1022 1021/1/1021
f 1017/1/1017 1022/1/1022 1016/1/1016
f 1019/1/1019 1020/1/1020 1024/1/1024
f 1020/1/1020 1025/1/1025 1024/1/1024
f 1020/1/1020 1023/1/1023 1025/1/1025
f 1023/1/1023 1028/1/1028 1025/1/1025
f 1023/1/1023 1026/1/1026 1028/1/1028
f 1021/1/1021 1026/1/1026 1023/1/1023
f 1021/1/1021 1027/1/1027 1026/1/1026
f 1022/1/1022 1027/1/1027 1021/1/1021
f 1024/1/1024 1025/1/1025 1029/1/1029
f 1025/1/1025 1030/1/1030 1029/1/1029
f 1025/1/1025 1028/1/1028 1030/1/1030
f 1028/1/1028 1033/1/1033 1030/1/1030
f 1028/1/1028 1031/1/1031 1033/1/1033
f 1026/1/1026 1031/1/1031 1028/1/1028
f 1026/1/1026 1032/1/1032 1031/1/1031
f 1027/1/1027 1032/1/1032 1026/1/1026
f 1029/1/1029 1030/1/1030 1034/1/1034
f 1030/1/1030 1035/1/1035 1034/1/1034
f 1030/1/1030 1033/1/1033 1035/1/1035
f 1033/1/1033 1038/1/1038 1035/1/1035
f 1033/1/1033 1036/1/1036 1038/1/1038
f 1031/1/1031 1036/1/1036 1033/1/1033
f 1031/1/1031 1037/1/1037 1036/1/1036
f 1032/1/1032 1037/1/1037 1031/1/1031
f 1039/1/1039 1041/1/1041 1040/1/1040
f 1039/1/1039 1044/1/1044 1041/1/1041
f 1039/1/1039 1042/1/1042 1044/1/1044
f 1039/1/1039 1043/1/1043 1042/1/1042
f 1040/1/1040 1041/1/1041 1045/1/1045
f 1041/1/1041 1046/1/1046 1045/1/1045
f 1041/1/1041 1044/1/1044 1046/1/1046
f 1044/1/1044 1049/1/1049 1046/1/1046
f 1044/1/1044 1047/1/1047 1049/1/1049
f 1042/1/1042 1047/1/1047 1044/1/1044
f 1042/1/1042 1048/1/1048 1047/1/1047
f 1043/1/1043 1048/1/1048 1042/1/1042
f 1045/1/1045 1046/1/1046 1050/1/1050
f 1046/1/1046 1051/1/1051 1050/1/1050
f 1046/1/1046 1049/1/1049 1051/1/1051
f 1049/1/1049 1054/1/1054 1051/1/1051
f 1049/1/1049 1052/1/1052 1054/1/1054
f 1047/1/1047 1052/1/1052 1049/1/1049
f 1047/1/1047 1053/1/1053 1052/1/1052
f 1048/1/1048 1053/1/1053 1047/1/1047
f 1050/1/1050 1051/1/1051 1055/1/1055
f 1051/1/1051 1056/1/1056 1055/1/1055
f 1051/1/1051 1054/1/1054 1056/1/1056
f 1054/1/1054 1059/1/1059 1056/1/1056
f 1054/1/1054 1057/1/1057 1059/1/1059
f 1052/1/1052 1057/1/1057 1054/1/1054
f 1052/1/1052 1058/1/1058 1057/1/1057
f 1053/1/1053 1058/1/1058 1052/1/1052
f 1055/1/1055 1056/1/1056 1060/1/1060
f 1056/1/1056 1061/1/1061 1060/1/1060
f 1056/1/1056 1059/1/1059 1061/1/1061
f 1059/1/1059 1064/1/1064 1061/1/1061
f 1059/1/1059 1062/1/1062 1064/1/1064
f 1057/1/1057 1062/1/1062 1059/1/1059
f 1057/1/1057 1063/1/1063 1062/1/1062
f 1058/1/1058 1063/1/1063 1057/1/1057
f 1060/1/1060 1061/1/1061 1065/1/1065
f 1061/1/1061 1066/1/1066 1065/1/1065
f 1061/1/1061 1064/1/1064 1066/1/1066
f 1064/1/1064 1069/1/1069 1066/1/1066
f 1064/1/1064 1067/1/1067 1069/1/1069
f 1062/1/1062 1067/1/1067 1064/1/1064
f 1062/1/1062 1068/1/1068 1067/1/1067
f 1063/1/1063 1068/1/1068 1062/1/1062
f 1065/1/1065 1066/1/1066 1070/1/1070
f 1066/1/1066 1071/1/1071 1070/1/1070
f 1066/1/1066 1069/1/1069 1071/1/1071
f 1069/1/1069 1074/1/1074 1071/1/1071
f 1069/1/1069 1072/1/1072 1074/1/1074
f 1067/1/1067 1072/1/1072 1069/1/1069
f 1067/1/1067 1073/1/1073 1072/1/1072
f 1068/1/1068 1073/1/1073 1067/1/1067
f 1070/1/1070 1071/1/1071 1075/1/1075
f 1071/1/1071 1076/1/1076 1075/1/1075
f 1071/1/1071 1074/1/1074 1076/1/1076
f 1074/1/1074 1079/1/1079 1076/1/1076
f 1074/1/1074 1077/1/1077 1079/1/1079
f 1072/1/1072 1077/1/1077 1074/1/1074
f 1072/1/1072 1078/1/1078 1077/1/1077
f 1073/1/1073 1078/1/1078 1072/1/1072
f 1075/1/1075 1076/1/1076 1080/1/1080
f 1076/1/1076 1081/1/1081 1080/1/1080
f 1076/1/1076 1079/1/1079 1081/1/1081
f 1079/1/1079 1084/1/1084 1081/1/1081
f 1079/1/1079 1082/1/1082 1084/1/1084
f 1077/1/1077 1082/1/1082 1079/1/1079
f 1077/1/1077 1083/1/1083 1082/1/1082
f 1078/1/1078 1083/1/1083 1077/1/1077
f 1080/1/1080 1081/1/1081 1085/1/1085
f 1081/1/1081 1086/1/1086 1085/1/1085
f 1081/1/1081 1084/1/1084 1086/1/1086
f 1084/1/1084 1089/1/1089 1086/1/1086
f 1084/1/1084 1087/1/1087 1089/1/1089
f 1082/1/1082 1087/1/1087 1084/1/1084
f 1082/1/1082 1088/1/1088 1087/1/1087
f 1083/1/1083 1088/1/1088 1082/1/1082
f 1085/1/1085 1086/1/1086 1090/1/1090
f 1086/1/1086 1091/1/1091 1090/1/1090
f 1086/1/1086 1089/1/1089 1091/1/1091
f 1089/1/1089 1094/1/1094 1091/1/1091
f 1089/1/1089 1092/1/1092 1094/1/1094
f 1087/1/1087 1092/1/1092 1089/1/1089
f 1087/1/1087 1093/1/1093 1092/1/1092
f 1088/1/1088 1093/1/1093 1087/1/1087
f 1090/1/1090 1091/1/1091 1095/1/1095
f 1091/1/1091 1096/1/1096 1095/1/1095
f 1091/1/1091 1094/1/1094 1096/1/1096
f 1094/1/1094 1099/1/1099 1096/1/1096
f 1094/1/1094 1097/1/1097 1099/1/1099
f 1092/1/1092 1097/1/1097 1094/1/1094
f 1092/1/1092 1098/1/1098 1097/1/1097
f 1093/1/1093 1098/1/1098 1092/1/1092
f 1095/1/1095 1096/1/1096 1100/1/1100
f 1096/1/1096 1101/1/1101 1100/1/1100
f 1096/1/1096 1099/1/1099 1101/1/1101
f 1099/1/1099 1104/1/1104 1101/1/1101
f 1099/1/1099 1102/1/1102 1104/1/1104
f 1097/1/1097 1102/1/1102 1099/1/1099
f 1097/1/1097 1103/1/1103 1102/1/1102
f 1098/1/1098 1103/1/1103 1097/1/1097
f 1100/1/1100 1101/1/1101 1105/1/1105
f 1101/1/1101 1106/1/1106 1105/1/1105
f 1101/1/1101 1104/1/1104 1106/1/1106
f 1104/1/1104 1109/1/1109 1106/1/1106
f 1104/1/1104 1107/1/1107 1109/1/1109
f 1102/1/1102 1107/1/1107 1104/1/1104
f 1102/1/1102 1108/1/1108 1107/1/1107
f 1103/1/1103 1108/1/1108 1102/1/1102
f 1105/1/1105 1106/1/1106 1110/1/1110
f 1106/1/1106 1111/1/1111 1110/1/1110
f 1106/1/1106 1109/1/1109 1111/1/1111
f 1109/1/1109 1114/1/1114 1111/1/1111
f 1109/1/1109 1112/1/1112 1114/1/1114
f 1107/1/1107 1112/1/1112 1109/1/1109
f 1107/1/1107 1113/1/1113 1112/1/1112
f 1108/1/1108 1113/1/1113 1107/1/1107
f 1110/1/1110 1111/1/1111 1115/1/1115
f 1111/1/1111 1116/1/1116 1115/1/1115
f 1111/1/1111 1114/1/1114 1116/1/1116
f 1114/1/1114 1119/1/1119 1116/1/1116
f 1114/1/1114 1117/1/1117 1119/1/1119
f 1112/1/1112 1117/1/1117 1114/1/1114
f 1112/1/1112 1118/1/1118 1117/1/1117
f 1113/1/1113 1118/1/1118 1112/1/1112
f 1115/1/1115 1116/1/1116 1120/1/1120
f 1116/1/1116 1121/1/1121 1120/1/1120
f 1116/1/1116 1119/1/1119 1121/1/1121
f 1119/1/1119 1124/1/1124 1121/1/1121
f 1119/1/1119 1122/1/1122 1124/1/1124
f 1117/1/1117 1122/1/1122 1119/1/1119
f 1117/1/1117 1123/1/1123 1122/1/1122
f 1118/1/1118 1123/1/1123 1117/1/1117
f 1120/1/1120 1121/1/1121 1125/1/1125
f 1121/1/1121 1126/1/1126 1125/1/1125
f 1121/1/1121 1124/1/1124 1126/1/1126
f 1124/1/1124 1129/1/1129 1126/1/1126
f 1124/1/1124 1127/1/1127 1129/1/1129
f 1122/1/1122 1127/1/1127 1124/1/1124
f 1122/1/1122 1128/1/1128 1127/1/1127
f 1123/1/1123 1128/1/1128 1122/1/1122
f 1125/1/1125 1126/1/1126 1130/1/1130
f 1126/1/1126 1131/1/1131 1130/1/1130
f 1126/1/1126 1129/1/1129 1131/1/1131
f 1129/1/1129 1134/1/1134 1131/1/1131
f 1129/1/1129 1132/1/1132 1134/1/1134
f 1127/1/1127 1132/1/1132 1129/1/1129
f 1127/1/1127 1133/1/1133 1132/1/1132
f 1128/1/1128 1133/1/1133 1127/1/1127
f 1130/1/1130 1131/1/1131 1135/1/1135
f 1131/1/1131 1136/1/1136 1135/1/1135
f 1131/1/1131 1134/1/1134 1136/1/1136
f 1134/1/1134 1139/1/1139 1136/1/1136
f 1134/1/1134 1137/1/1137 1139/1/1139
f 1132/1/1132 1137/1/1137 1134/1/1134
f 1132/1/1132 1138/1/1138 1137/1/1137
f 1133/1/1133 1138/1/1138 1132/1/1132
f 1135/1/1135 1136/1/1136 1140/1/1140
f 1136/1/1136 1141/1/1141 1140/1/1140
f 1136/1/1136 1139/1/1139 1141/1/1141
f 1139/1/1139 1144/1/1144 1141/1/1141
f 1139/1/1139 1142/1/1142 1144/1/1144
f 1137/1/1137 1142/1/1142 1139/1/1139
f 1137/1/1137 1143/1/1143 1142/1/1142
f 1138/1/1138 1143/1/1143 1137/1/1137
f 1140/1/1140 1141/1/1141 1145/1/1145
f 1141/1/1141 1146/1/1146 1145/1/1145
f 1141/1/1141 1144/1/1144 1146/1/1146
f 1144/1/1144 1149/1/1149 1146/1/1146
f 1144/1/1144 1147/1/1147 1149/1/1149
f 1142/1/1142 1147/1/1147 1144/1/1144
f 1142/1/1142 1148/1/1148 1147/1/1147
f 1143/1/1143 1148/1/1148 1142/1/1142
f 1145/1/1145 1146/1/1146 1150/1/1150
f 1146/1/1146 1151/1/1151 1150/1/1150
f 1146/1/1146 1149/1/1149 1151/1/1151
f 1149/1/1149 1154/1/1154 1151/1/1151
f 1149/1/1149 1152/1/1152 1154/1/1154
f 1147/1/1147 1152/1/1152 1149/1/1149
f 1147/1/1147 1153/1/1153 1152/1/1152
f 1148/1/1148 1153/1/1153 1147/1/1147
f 1150/1/1150 1151/1/1151 1155/1/1155
f 1151/1/1151 1156/1/1156 1155/1/1155
f 1151/1/1151 1154/1/1154 1156/1/1156
f 1154/1/1154 1159/1/1159 1156/1/1156
f 1154/1/1154 1157/1/1157 1159/1/1159
f 1152/1/1152 1157/1/1157 1154/1/1154
f 1152/1/1152 1158/1/1158 1157/1/1157
f 1153/1/1153 1158/1/1158 1152/1/1152
f 1155/1/1155 1156/1/1156 1160/1/1160
f 1156/1/1156 1161/1/1161 1160/1/1160
f 1156/1/1156 1159/1/1159 1161/1/1161
f 1159/1/1159 1164/1/1164 1161/1/1161
f 1159/1/1159 1162/1/1162 1164/1/1164
f 1157/1/1157 1162/1/1162 1159/1/1159
f 1157/1/1157 1163/1/1163 1162/1/1162
f 1158/1/1158 1163/1/1163 1157/1/1157
f 1160/1/1160 1161/1/1161 1165/1/1165
f 1161/1/1161 1166/1/1166 1165/1/1165
f 1161/1/1161 1164/1/1164 1166/1/1166
f 1164/1/1164 1169/1/1169 1166/1/1166
f 1164/1/1164 1167/1/1167 1169/1/1169
f 1162/1/1162 1167/1/1167 1164/1/1164
f 1162/1/1162 1168/1/1168 1167/1/1167
f 1163/1/1163 1168/1/1168 1162/1/1162
f 1165/1/1165 1166/1/1166 1170/1/1170
f 1166/1/1166 1171/1/1171 1170/1/1170
f 1166/1/1166 1169/1/1169 1171/1/1171
f 1169/1/1169 1174/1/1174 1171/1/1171
f 1169/1/1169 1172/1/1172 1174/1/1174
f 1167/1/1167 1172/1/1172 1169/1/1169
f 1167/1/1167 1173/1/1173 1172/1/1172
f 1168/1/1168 1173/1/1173 1167/1/1167
f 1170/1/1170 1171/1/1171 1175/1/1175
f 1171/1/1171 1176/1/1176 1175/1/1175
f 1171/1/1171 1174/1/1174 1176/1/1176
f 1174/1/1174 1179/1/1179 1176/1/1176
f 1174/1/1174 1177/1/1177 1179/1/1179
f 1172/1/1172 1177/1/1177 1174/1/1174
f 1172/1/1172 1178/1/1178 1177/1/1177
f 1173/1/1173 1178/1/1178 1172/1/1172
f 1175/1/1175 1176/1/1176 1180/1/1180
f 1176/1/1176 1181/1/1181 1180/1/1180
f 1176/1/1176 1179/1/1179 1181/1/1181
f 1179/1/1179 1184/1/1184 1181/1/1181
f 1179/1/1179 1182/1/1182 1184/1/1184
f 1177/1/1177 1182/1/1182 1179/1/1179
f 1177/1/1177 1183/1/1183 1182/1/1182
f 1178/1/1178 1183/1/1183 1177/1/1177
f 1180/1/1180 1181/1/1181 1185/1/1185
f 1181/1/1181 1186/1/1186 1185/1/1185
f 1181/1/1181 1184/1/1184 1186/1/1186
f 1184/1/1184 1189/1/1189 1186/1/1186
f 1184/1/1184 1187/1/1187 1189/1/1189
f 1182/1/1182 1187/1/1187 1184/1/1184
f 1182/1/1182 1188/1/1188 1187/1/1187
f 1183/1/1183 1188/1/1188 1182/1/1182
f 1185/1/1185 1186/1/1186 1190/1/1190
f 1186/1/1186 1191/1/1191 1190/1/1190
f 1186/1/1186 1189/1/1189 1191/1/1191
f 1189/1/1189 1194/1/1194 1191/1/1191
f 1189/1/1189 1192/1/1192 1194/1/1194
f 1187/1/1187 1192/1/1192 1189/1/1189
f 1187/1/1187 1193/1/1193 1192/1/1192
f 1188/1/1188 1193/1/1193 1187/1/1187
f 1190/1/1190 1191/1/1191 1195/1/1195
f 1191/1/1191 1196/1/1196 1195/1/1195
f 1191/1/1191 1194/1/1194 1196/1/1196
f 1194/1/1194 1199/1/1199 1196/1/1196
f 1194/1/1194 1197/1/1197 1199/1/1199
f 1192/1/1192 1197/1/1197 1194/1/1194
f 1192/1/1192 1198/1/1198 1197/1/1197
f 1193/1/1193 1198/1/1198 1192/1/1192
f 1195/1/1195 1196/1/1196 1200/1/1200
f 1196/1/1196 1201/1/1201 1200/1/1200
f 1196/1/1196 1199/1/1199 1201/1/1201
f 1199/1/1199 1204/1/1204 1201/1/1201
f 1199/1/1199 1202/1/1202 1204/1/1204
f 1197/1/1197 1202/1/1202 1199/1/1199
f 1197/1/1197 1203/1/1203 1202/1/1202
f 1198/1/1198 1203/1/1203 1197/1/1197
f 1200/1/1200 1201/1/1201 1205/1/1205
f 1201/1/1201 1206/1/1206 1205/1/1205
f 1201/1/1201 1204/1/1204 1206/1/1206
f 1204/1/1204 1209/1/1209 1206/1/1206
f 1204/1/1204 1207/1/1207 1209/1/1209
f 1202/1/1202 1207/1/1207 1204/1/1204
f 1202/1/1202 1208/1/1208 1207/1/1207
f 1203/1/1203 1208/1/1208 1202/1/1202
f 1205/1/1205 1206/1/1206 1210/1/1210
f 1206/1/1206 1211/1/1211 1210/1/1210
f 1206/1/1206 1209/1/1209 1211/1/1211
f 1209/1/1209 1214/1/1214 1211/1/1211
f 1209/1/1209 1212/1/1212 1214/1/1214
f 1207/1/1207 1212/1/1212 1209/1/1209
f 1207/1/1207 1213/1/1213 1212/1/1212
f 1208/1/1208 1213/1/1213 1207/1/1207
f 1210/1/1210 1211/1/1211 1215/1/1215
f 1211/1/1211 1216/1/1216 1215/1/1215
f 1211/1/1211 1214/1/1214 1216/1/1216
f 1214/1/1214 1219/1/1219 1216/1/1216
f 1214/1/1214 1217/1/1217 1219/1/1219
f 1212/1/1212 1217/1/1217 1214/1/1214
f 1212/1/1212 1218/1/1218 1217/1/1217
f 1213/1/1213 1218/1/1218 1212/1/1212
f 1215/1/1215 1216/1/1216 1220/1/1220
f 1216/1/1216 1221/1/1221 1220/1/1220
f 1216/1/1216 1219/1/1219 1221/1/1221
f 1219/1/1219 1224/1/1224 1221/1/1221
f 1219/1/1219 1222/1/1222 1224/1/1224
f 1217/1/1217 1222/1/1222 1219/1/1219
f 1217/1/1217 1223/1/1223 1222/1/1222
f 1218/1/1218 1223/1/1223 1217/1/1217
f 1220/1/1220 1221/1/1221 1225/1/1225
f 1221/1/1221 1226/1/1226 1225/1/1225
f 1221/1/1221 1224/1/1224 1226/1/1226
f 1224/1/1224 1229/1/1229 1226/1/1226
f 1224/1/1224 1227/1/1227 1229/1/1229
f 1222/1/1222 1227/1/1227 1224/1/1224
f 1222/1/1222 1228/1/1228 1227/1/1227
f 1223/1/1223 1228/1/1228 1222/1/1222
f 1225/1/1225 1226/1/1226 1230/1/1230
f 1226/1/1226 1231/1/1231 1230/1/1230
f 1226/1/1226 1229/1/1229 1231/1/1231
f 1229/1/1229 1234/1/1234 1231/1/1231
f 1229/1/1229 1232/1/1232 1234/1/1234
f 1227/1/1227 1232/1/1232 1229/1/1229
f 1227/1/1227 1233/1/1233 1232/1/1232
f 1228/1/1228 1233/1/1233 1227/1/1227
f 1230/1/1230 1231/1/1231 1235/1/1235
f 1231/1/1231 1236/1/1236 1235/1/1235
f 1231/1/1231 1234/1/1234 1236/1/1236
f 1234/1/1234 1239/1/1239 1236/1/1236
f 1234/1/1234 1237/1/1237 1239/1/1239
f 1232/1/1232 1237/1/1237 1234/1/1234
f 1232/1/1232 1238/1/1238 1237/1/1237
f 1233/1/1233 1238/1/1238 1232/1/1232
f 1235/1/1235 1236/1/1236 1240/1/1240
f 1236/1/1236 1241/1/1241 1240/1/1240
f 1236/1/1236 1239/1/1239 1241/1/1241
f 1239/1/1239 1244/1/1244 1241/1/1241
f 1239/1/1239 1242/1/1242 1244/1/1244
f 1237/1/1237 1242/1/1242 1239/1/1239
f 1237/1/1237 1243/1/1243 1242/1/1242
f 1238/1/1238 1243/1/1243 1237/1/1237
f 1240/1/1240 1241/1/1241 1245/1/1245
f 1241/1/1241 1246/1/1246 1245/1/1245
f 1241/1/1241 1244/1/1244 1246/1/1246
f 1244/1/1244 1249/1/1249 1246/1/1246
f 1244/1/1244 1247/1/1247 1249/1/1249
f 1242/1/1242 1247/1/1247 1244/1/1244
f 1242/1/1242 1248/1/1248 1247/1/1247
f 1243/1/1243 1248/1/1248 1242/1/1242
f 1245/1/1245 1246/1/1246 1250/1/1250
f 1246/1/1246 1251/1/1251 1250/1/1250
f 1246/1/1246 1249/1/1249 1251/1/1251
f 1249/1/1249 1254/1/1254 1251/1/1251
f 1249/1/1249 1252/1/1252 1254/1/1254
f 1247/1/1247 1252/1/1252 1249/1/1249
f 1247/1/1247 1253/1/1253 1252/1/1252
f 1248/1/1248 1253/1/1253 1247/1/1247
f 1250/1/1250 1251/1/1251 1255/1/1255
f 1251/1/1251 1256/1/1256 1255/1/1255
f 1251/1/1251 1254/1/1254 1256/1/1256
f 1254/1/1254 1259/1/1259 1256/1/1256
f 1254/1/1254 1257/1/1257 1259/1/1259
f 1252/1/1252 1257/1/1257 1254/1/1254
f 1252/1/1252 1258/1/1258 1257/1/1257
f 1253/1/1253 1258/1/1258 1252/1/1252
f 1255/1/1255 1256/1/1256 1260/1/1260
f 1256/1/1256 1261/1/1261 1260/1/1260
f 1256/1/1256 1259/1/1259 1261/1/1261
f 1259/1/1259 1264/1/1264 1261/1/1261
f 1259/1/1259 1262/1/1262 1264/1/1264
f 1257/1/1257 1262/1/1262 1259/1/1259
f 1257/1/1257 1263/1/1263 1262/1/1262
f 1258/1/1258 1263/1/1263 1257/1/1257
f 1260/1/1260 1261/1/1261 1265/1/1265
f 1261/1/1261 1266/1/1266 1265/1/1265
f 1261/1/1261 1264/1/1264 1266/1/1266
f 1264/1/1264 1269/1/1269 1266/1/1266
f 1264/1/1264 1267/1/1267 1269/1/1269
f 1262/1/1262 1267/1/1267 1264/1/1264
f 1262/1/1262 1268/1/1268 1267/1/1267
f 1263/1/1263 1268/1/1268 1262/1/1262
f 1265/1/1265 1266/1/1266 1270/1/1270
f 1266/1/1266 1271/1/1271 1270/1/1270
f 1266/1/1266 1269/1/1269 1271/1/1271
f 1269/1/1269 1274/1/1274 1271/1/1271
f 1269/1/1269 1272/1/1272 1274/1/1274
f 1267/1/1267 1272/1/1272 1269/1/1269
f 1267/1/1267 1273/1/1273 1272/1/1272
f 1268/1/1268 1273/1/1273 1267/1/1267
f 1270/1/1270 1271/1/1271 1275/1/1275
f 1271/1/1271 1276/1/1276 1275/1/1275
f 1271/1/1271 1274/1/1274 1276/1/1276
f 1274/1/1274 1279/1/1279 1276/1/1276
f 1274/1/1274 1277/1/1277 1279/1/1279
f 1272/1/1272 1277/1/1277 1274/1/1274
f 1272/1/1272 1278/1/1278 1277/1/1277
f 1273/1/1273 1278/1/1278 1272/1/1272
f 1275/1/1275 1276/1/1276 1280/1/1280
f 1276/1/1276 1281/1/1281 1280/1/1280
f 1276/1/1276 1279/1/1279 1281/1/1281
f 1279/1/1279 1284/1/1284 1281/1/1281
f 1279/1/1279 1282/1/1282 1284/1/1284
f 1277/1/1277 1282/1/1282 1279/1/1279
f 1277/1/1277 1283/1/1283 1282/1/1282
f 1278/1/1278 1283/1/1283 1277/1/1277
f 1280/1/1280 1281/1/1281 1285/1/1285
f 1281/1/1281 1286/1/1286 1285/1/1285
f 1281/1/1281 1284/1/1284 1286/1/1286
f 1284/1/1284 1289/1/1289 1286/1/1286
f 1284/1/1284 1287/1/1287 1289/1/1289
f 1282/1/1282 1287/1/1287 1284/1/1284
f 1282/1/1282 1288/1/1288 1287/1/1287
f 1283/1/1283 1288/1/1288 1282/1/1282
f 1285/1/1285 1286/1/1286 1290/1/1290
f 1286/1/1286 1291/1/1291 1290/1/1290
f 1286/1/1286 1289/1/1289 1291/1/1291
f 1289/1/1289 1294/1/1294 1291/1/1291
f 1289/1/1289 1292/1/1292 1294/1/1294
f 1287/1/1287 1292/1/1292 1289/1/1289
f 1287/1/1287 1293/1/1293 1292/1/1292
f 1288/1/1288 1293/1/1293 1287/1/1287
f 1290/1/1290 1291/1/1291 1295/1/1295
f 1291/1/1291 1296/1/1296 1295/1/1295
f 1291/1/1291 1294/1/1294 1296/1/1296
f 1294/1/1294 1299/1/1299 1296/1/1296
f 1294/1/1294 1297/1/1297 1299/1/1299
f 1292/1/1292 1297/1/1297 1294/1/1294
f 1292/1/1292 1298/1/1298 1297/1/1297
f 1293/1/1293 1298/1/1298 1292/1/1292
f 1295/1/1295 1296/1/1296 1300/1/1300
f 1296/1/1296 1301/1/1301 1300/1/1300
f 1296/1/1296 1299/1/1299 1301/1/1301
f 1299/1/1299 1304/1/1304 1301/1/1301
f 1299/1/1299 1302/1/1302 1304/1/1304
f 1297/1/1297 1302/1/1302 1299/1/1299
f 1297/1/1297 1303/1/1303 1302/1/1302
f 1298/1/1298 1303/1/1303 1297/1/1297
f 1300/1/1300 1301/1/1301 1305/1/1305
f 1301/1/1301 1306/1/1306 1305/1/1305
f 1301/1/1301 1304/1/1304 1306/1/1306
f 1304/1/1304 1309/1/1309 1306/1/1306
f 1304/1/1304 1307/1/1307 1309/1/1309
f 1302/1/1302 1307/1/1307 1304/1/1304
f 1302/1/1302 1308/1/1308 1307/1/1307
f 1303/1/1303 1308/1/1308 1302/1/1302
f 1305/1/1305 1306/1/1306 1310/1/1310
f 1306/1/1306 1311/1/1311 1310/1/1310
f 1306/1/1306 1309/1/1309 1311/1/1311
f 1309/1/1309 1314/1/1314 1311/1/1311
f 1309/1/1309 1312/1/1312 1314/1/1314
f 1307/1/1307 1312/1/1312 1309/1/1309
f 1307/1/1307 1313/1/1313 1312/1/1312
f 1308/1/1308 1313/1/1313 1307/1/1307
f 1310/1/1310 1311/1/1311 1315/1/1315
f 1311/1/1311 1316/1/1316 1315/1/1315
f 1311/1/1311 1314/1/1314 1316/1/1316
f 1314/1/1314 1319/1/1319 1316/1/1316
f 1314/1/1314 1317/1/1317 1319/1/1319
f 1312/1/1312 1317/1/1317 1314/1/1314
f 1312/1/1312 1318/1/1318 1317/1/1317
f 1313/1/1313 1318/1/1318 1312/1/1312
f 1315/1/1315 1316/1/1316 1320/1/1320
f 1316/1/1316 1321/1/1321 1320/1/1320
f 1316/1/1316 1319/1/1319 1321/1/1321
f 1319/1/1319 1324/1/1324 1321/1/1321
f 1319/1/1319 1322/1/1322 1324/1/1324
f 1317/1/1317 1322/1/1322 1319/1/1319
f 1317/1/1317 1323/1/1323 1322/1/1322
f 1318/1/1318 1323/1/1323 1317/1/1317
f 1320/1/1320 1321/1/1321 1325/1/1325
f 1321/1/1321 1326/1/1326 1325/1/1325
f 1321/1/1321 1324/1/1324 1326/1/1326
f 1324/1/1324 1329/1/1329 1326/1/1326
f 1324/1/1324 1327/1/1327 1329/1/1329
f 1322/1/1322 1327/1/1327 1324/1/1324
f 1322/1/1322 1328/1/1328 1327/1/1327
f 1323/1/1323 1328/1/1328 1322/1/1322
f 1325/1/1325 1326/1/1326 1330/1/1330
f 1326/1/1326 1331/1/1331 1330/1/1330
f 1326/1/1326 1329/1/1329 1331/1/1331
f 1329/1/1329 1334/1/1334 1331/1/1331
f 1329/1/1329 1332/1/1332 1334/1/1334
f 1327/1/1327 1332/1/1332 1329/1/1329
f 1327/1/1327 1333/1/1333 1332/1/1332
f 1328/1/1328 1333/1/1333 1327/1/1327
f 1330/1/1330 1331/1/1331 1335/1/1335
f 1331/1/1331 1336/1/1336 1335/1/1335
f 1331/1/1331 1334/1/1334 1336/1/1336
f 1334/1/1334 1339/1/1339 1336/1/1336
f 1334/1/1334 1337/1/1337 1339/1/1339
f 1332/1/1332 1337/1/1337 1334/1/1334
f 1332/1/1332 1338/1/1338 1337/1/1337
f 1333/1/1333 1338/1/1338 1332/1/1332
f 1335/1/1335 1336/1/1336 1340/1/1340
f 1336/1/1336 1341/1/1341 1340/1/1340
f 1336/1/1336 1339/1/1339 1341/1/1341
f 1339/1/1339 1344/1/1344 1341/1/1341
f 1339/1/1339 1342/1/1342 1344/1/1344
f 1337/1/1337 1342/1/1342 1339/1/1339
f 1337/1/1337 1343/1/1343 1342/1/1342
f 1338/1/1338 1343/1/1343 1337/1/1337
f 1340/1/1340 1341/1/1341 1345/1/1345
f 1341/1/1341 1346/1/1346 1345/1/1345
f 1341/1/1341 1344/1/1344 1346/1/1346
f 1344/1/1344 1349/1/1349 1346/1/1346
f 1344/1/1344 1347/1/1347 1349/1/1349
f 1342/1/1342 1347/1/1347 1344/1/1344
f 1342/1/1342 1348/1/1348 1347/1/1347
f 1343/1/1343 1348/1/1348 1342/1/1342
f 1345/1/1345 1346/1/1346 1350/1/1350
f 1346/1/1346 1351/1/1351 1350/1/1350
f 1346/1/1346 1349/1/1349 1351/1/1351
f 1349/1/1349 1354/1/1354 1351/1/1351
f 1349/1/1349 1352/1/1352 1354/1/1354
f 1347/1/1347 1352/1/1352 1349/1/1349
f 1347/1/1347 1353/1/1353 1352/1/1352
f 1348/1/1348 1353/1/1353 1347/1/1347
f 1350/1/1350 1351/1/1351 1355/1/1355
f 1351/1/1351 1356/1/1356 1355/1/1355
f 1351/1/1351 1354/1/1354 1356/1/1356
f 1354/1/1354 1359/1/1359 1356/1/1356
f 1354/1/1354 1357/1/1357 1359/1/1359
f 1352/1/1352 1357/1/1357 1354/1/1354
f 1352/1/1352 1358/1/1358 1357/1/1357
f 1353/1/1353 1358/1/1358 1352/1/1352
f 1355/1/1355 1356/1/1356 1360/1/1360
f 1356/1/1356 1361/1/1361 1360/1/1360
f 1356/1/1356 1359/1/1359 1361/1/1361
f 1359/1/1359 1364/1/1364 1361/1/1361
f 1359/1/1359 1362/1/1362 1364/1/1364
f 1357/1/1357 1362/1/1362 1359/1/1359
f 1357/1/1357 1363/1/1363 1362/1/1362
f 1358/1/1358 1363/1/1363 1357/1/1357
f 1360/1/1360 1361/1/1361 1365/1/1365
f 1361/1/1361 1366/1/1366 1365/1/1365
f 1361/1/1361 1364/1/1364 1366/1/1366
f 1364/1/1364 1369/1/1369 1366/1/1366
f 1364/1/1364 1367/1/1367 1369/1/1369
f 1362/1/1362 1367/1/1367 1364/1/1364
f 1362/1/1362 1368/1/1368 1367/1/1367
f 1363/1/1363 1368/1/1368 1362/1/1362
f 1365/1/1365 1366/1/1366 1370/1/1370
f 1366/1/1366 1371/1/1371 1370/1/1370
f 1366/1/1366 1369/1/1369 1371/1/1371
f 1369/1/1369 1374/1/1374 1371/1/1371
f 1369/1/1369 1372/1/1372 1374/1/1374
f 1367/1/1367 1372/1/1372 1369/1/1369
f 1367/1/1367 1373/1/1373 1372/1/1372
f 1368/1/1368 1373/1/1373 1367/1/1367
f 1370/1/1370 1371/1/1371 1375/1/1375
f 1371/1/1371 1376/1/1376 1375/1/1375
f 1371/1/1371 1374/1/1374 1376/1/1376
f 1374/1/1374 1379/1/1379 1376/1/1376
f 1374/1/1374 1377/1/1377 1379/1/1379
f 1372/1/1372 1377/1/1377 1374/1/1374
f 1372/1/1372 1378/1/1378 1377/1/1377
f 1373/1/1373 1378/1/1378 1372/1/1372
f 1375/1/1375 1376/1/1376 1380/1/1380
f 1376/1/1376 1381/1/1381 1380/1/1380
f 1376/1/1376 1379/1/1379 1381/1/1381
f 1379/1/1379 1384/1/1384 1381/1/1381
f 1379/1/1379 1382/1/1382 1384/1/1384
f 1377/1/1377 1382/1/1382 1379/1/1379
f 1377/1/1377 1383/1/1383 1382/1/1382
f 1378/1/1378 1383/1/1383 1377/1/1377
f 1380/1/1380 1381/1/1381 1385/1/1385
f 1381/1/1381 1386/1/1386 1385/1/1385
f 1381/1/1381 1384/1/1384 1386/1/1386
f 1384/1/1384 1389/1/1389 1386/1/1386
f 1384/1/1384 1387/1/1387 1389/1/1389
f 1382/1/1382 1387/1/1387 1384/1/1384
f 1382/1/1382 1388/1/1388 1387/1/1387
f 1383/1/1383 1388/1/1388 1382/1/1382
f 1385/1/1385 1386/1/1386 1390/1/1390
f 1386/1/1386 1391/1/1391 1390/1/1390
f 1386/1/1386 1389/1/1389 1391/1/1391
f 1389/1/1389 1394/1/1394 1391/1/1391
f 1389/1/1389 1392/1/1392 1394/1/1394
f 1387/1/1387 1392/1/1392 1389/1/1389
f 1387/1/1387 1393/1/1393 1392/1/1392
f 1388/1/1388 1393/1/1393 1387/1/1387
f 1390/1/1390 1391/1/1391 1395/1/1395
f 1391/1/1391 1396/1/1396 1395/1/1395
f 1391/1/1391 1394/1/1394 1396/1/1396
f 1394/1/1394 1399/1/1399 1396/1/1396
f 1394/1/1394 1397/1/1397 1399/1/1399
f 1392/1/1392 1397/1/1397 1394/1/1394
f 1392/1/1392 1398/1/1398 1397/1/1397
f 1393/1/1393 1398/1/1398 1392/1/1392
f 1395/1/1395 1396/1/1396 1400/1/1400
f 1396/1/1396 1401/1/1401 1400/1/1400
f 1396/1/1396 1399/1/1399 1401/1/1401
f 1399/1/1399 1404/1/1404 1401/1/1401
f 1399/1/1399 1402/1/1402 1404/1/1404
f 1397/1/1397 1402/1/1402 1399/1/1399
f 1397/1/1397 1403/1/1403 1402/1/1402
f 1398/1/1398 1403/1/1403 1397/1/1397
f 1400/1/1400 1401/1/1401 1405/1/1405
f 1401/1/1401 1406/1/1406 1405/1/1405
f 1401/1/1401 1404/1/1404 1406/1/1406
f 1404/1/1404 1409/1/1409 1406/1/1406
f 1404/1/1404 1407/1/1407 1409/1/1409
f 1402/1/1402 1407/1/1407 1404/1/1404
f 1402/1/1402 1408/1/1408 1407/1/1407
f 1403/1/1403 1408/1/1408 1402/1/1402
f 1405/1/1405 1406/1/1406 1410/1/1410
f 1406/1/1406 1411/1/1411 1410/1/1410
f 1406/1/1406 1409/1/1409 1411/1/1411
f 1409/1/1409 1414/1/1414 1411/1/1411
f 1409/1/1409 1412/1/1412 1414/1/1414
f 1407/1/1407 1412/1/1412 1409/1/1409
f 1407/1/1407 1413/1/1413 1412/1/1412
f 1408/1/1408 1413/1/1413 1407/1/1407
f 1410/1/1410 1411/1/1411 1415/1/1415
f 1411/1/1411 1416/1/1416 1415/1/1415
f 1411/1/1411 1414/1/1414 1416/1/1416
f 1414/1/1414 1419/1/1419 1416/1/1416
f 1414/1/1414 1417/1/1417 1419/1/1419
f 1412/1/1412 1417/1/1417 1414/1/1414
f 1412/1/1412 1418/1/1418 1417/1/1417
f 1413/1/1413 1418/1/1418 1412/1/1412
f 1415/1/1415 1416/1/1416 1420/1/1420
f 1416/1/1416 1421/1/1421 1420/1/1420
f 1416/1/1416 1419/1/1419 1421/1/1421
f 1419/1/1419 1424/1/1424 1421/1/1421
f 1419/1/1419 1422/1/1422 1424/1/1424
f 1417/1/1417 1422/1/1422 1419/1/1419
f 1417/1/1417 1423/1/1423 1422/1/1422
f 1418/1/1418 1423/1/1423 1417/1/1417
f 1420/1/1420 1421/1/1421 1425/1/1425
f 1421/1/1421 1426/1/1426 1425/1/1425
f 1421/1/1421 1424/1/1424 1426/1/1426
f 1424/1/1424 1429/1/1429 1426/1/1426
f 1424/1/1424 1427/1/1427 1429/1/1429
f 1422/1/1422 1427/1/1427 1424/1/1424
f 1422/1/1422 1428/1/1428 1427/1/1427
f 1423/1/1423 1428/1/1428 1422/1/1422
f 1425/1/1425 1426/1/1426 1430/1/1430
f 1426/1/1426 1431/1/1431 1430/1/1430
f 1426/1/1426 1429/1/1429 1431/1/1431
f 1429/1/1429 1434/1/1434 1431/1/1431
f 1429/1/1429 1432/1/1432 1434/1/1434
f 1427/1/1427 1432/1/1432 1429/1/1429
f 1427/1/1427 1433/1/1433 1432/1/1432
f 1428/1/1428 1433/1/1433 1427/1/1427
f 1430/1/1430 1431/1/1431 1435/1/1435
f 1431/1/1431 1436/1/1436 1435/1/1435
f 1431/1/1431 1434/1/1434 1436/1/1436
f 1434/1/1434 1439/1/1439 1436/1/1436
f 1434/1/1434 1437/1/1437 1439/1/1439
f 1432/1/1432 1437/1/1437 1434/1/1434
f 1432/1/1432 1438/1/1438 1437/1/1437
f 1433/1/1433 1438/1/1438 1432/1/1432
f 1435/1/1435 1436/1/1436 1440/1/1440
f 1436/1/1436 1441/1/1441 1440/1/1440
f 1436/1/1436 1439/1/1439 1441/1/1441
f 1439/1/1439 1444/1/1444 1441/1/1441
f 1439/1/1439 1442/1/1442 1444/1/1444
f 1437/1/1437 1442/1/1442 1439/1/1439
f 1437/1/1437 1443/1/1443 1442/1/1442
f 1438/1/1438 1443/1/1443 1437/1/1437
f 1440/1/1440 1441/1/1441 1445/1/1445
f 1441/1/1441 1446/1/1446 1445/1/1445
f 1441/1/1441 1444/1/1444 1446/1/1446
f 1444/1/1444 1449/1/1449 1446/1/1446
f 1444/1/1444 1447/1/1447 1449/1/1449
f 1442/1/1442 1447/1/1447 1444/1/1444
f 1442/1/1442 1448/1/1448 1447/1/1447
f 1443/1/1443 1448/1/1448 1442/1/1442
f 1445/1/1445 1446/1/1446 1450/1/1450
f 1446/1/1446 1451/1/1451 1450/1/1450
f 1446/1/1446 1449/1/1449 1451/1/1451
f 1449/1/1449 1454/1/1454 1451/1/1451
f 1449/1/1449 1452/1/1452 1454/1/1454
f 1447/1/1447 1452/1/1452 1449/1/1449
f 1447/1/1447 1453/1/1453 1452/1/1452
f 1448/1/1448 1453/1/1453 1447/1/1447
f 1450/1/1450 1451/1/1451 1455/1/1455
f 1451/1/1451 1456/1/1456 1455/1/1455
f 1451/1/1451 1454/1/1454 1456/1/1456
f 1454/1/1454 1459/1/1459 1456/1/1456
f 1454/1/1454 1457/1/1457 1459/1/1459
f 1452/1/1452 1457/1/1457 1454/1/1454
f 1452/1/1452 1458/1/1458 1457/1/1457
f 1453/1/1453 1458/1/1458 1452/1/1452
f 1455/1/1455 1456/1/1456 1460/1/1460
f 1456/1/1456 1461/1/1461 1460/1/1460
f 1456/1/1456 1459/1/1459 1461/1/1461
f 1459/1/1459 1464/1/1464 1461/1/1461
f 1459/1/1459 1462/1/1462 1464/1/1464
f 1457/1/1457 1462/1/1462 1459/1/1459
f 1457/1/1457 1463/1/1463 1462/1/1462
f 1458/1/1458 1463/1/1463 1457/1/1457
f 1460/1/1460 1461/1/1461 1465/1/1465
f 1461/1/1461 1466/1/1466 1465/1/1465
f 1461/1/1461 1464/1/1464 1466/1/1466
f 1464/1/1464 1469/1/1469 1466/1/1466
f 1464/1/1464 1467/1/1467 1469/1/1469
f 1462/1/1462 1467/1/1467 1464/1/1464
f 1462/1/1462 1468/1/1468 1467/1/1467
f 1463/1/1463 1468/1/1468 1462/1/1462
f 1465/1/1465 1466/1/1466 1470/1/1470
f 1466/1/1466 1471/1/1471 1470/1/1470
f 1466/1/1466 1469/1/1469 1471/1/1471
f 1469/1/1469 1474/1/1474 1471/1/1471
f 1469/1/1469 1472/1/1472 1474/1/1474
f 1467/1/1467 1472/1/1472 1469/1/1469
f 1467/1/1467 1473/1/1473 1472/1/1472
f 1468/1/1468 1473/1/1473 1467/1/1467
f 1470/1/1470 1471/1/1471 1475/1/1475
f 1471/1/1471 1476/1/1476 1475/1/1475
f 1471/1/1471 1474/1/1474 1476/1/1476
f 1474/1/1474 1479/1/1479 1476/1/1476
f 1474/1/1474 1477/1/1477 1479/1/1479
f 1472/1/1472 1477/1/1477 1474/1/1474
f 1472/1/1472 1478/1/1478 1477/1/1477
f 1473/1/1473 1478/1/1478 1472/1/1472
f 1475/1/1475 1476/1/1476 1480/1/1480
f 1476/1/1476 1481/1/1481 1480/1/1480
f 1476/1/1476 1479/1/1479 1481/1/1481
f 1479/1/1479 1484/1/1484 1481/1/1481
f 1479/1/1479 1482/1/1482 1484/1/1484
f 1477/1/1477 1482/1/1482 1479/1/1479
f 1477/1/1477 1483/1/1483 1482/1/1482
f 1478/1/1478 1483/1/1483 1477/1/1477
f 1480/1/1480 1481/1/1481 1485/1/1485
f 1481/1/1481 1486/1/1486 1485/1/1485
f 1481/1/1481 1484/1/1484 1486/1/1486
f 1484/1/1484 1489/1/1489 1486/1/1486
f 1484/1/1484 1487/1/1487 1489/1/1489
f 1482/1/1482 1487/1/1487 1484/1/1484
f 1482/1/1482 1488/1/1488 1487/1/1487
f 1483/1/1483 1488/1/1488 1482/1/1482
f 1485/1/1485 1486/1/1486 1490/1/1490
f 1486/1/1486 1491/1/1491 1490/1/1490
f 1486/1/1486 1489/1/1489 1491/1/1491
f 1489/1/1489 1494/1/1494 1491/1/1491
f 1489/1/1489 1492/1/1492 1494/1/1494
f 1487/1/1487 1492/1/1492 1489/1/1489
f 1487/1/1487 1493/1/1493 1492/1/1492
f 1488/1/1488 1493/1/1493 1487/1/1487
f 1490/1/1490 1491/1/1491 1495/1/1495
f 1491/1/1491 1496/1/1496 1495/1/1495
f 1491/1/1491 1494/1/1494 1496/1/1496
f 1494/1/1494 1499/1/1499 1496/1/1496
f 1494/1/1494 1497/1/1497 1499/1/1499
f 1492/1/1492 1497/1/1497 1494/1/1494
f 1492/1/1492 1498/1/1498 1497/1/1497
f 1493/1/1493 1498/1/1498 1492/1/1492
f 1495/1/1495 1496/1/1496 1500/1/1500
f 1496/1/1496 1501/1/1501 1500/1/1500
f 1496/1/1496 1499/1/1499 1501/1/1501
f 1499/1/1499 1504/1/1504 1501/1/1501
f 1499/1/1499 1502/1/1502 1504/1/1504
f 1497/1/1497 1502/1/1502 1499/1/1499
f 1497/1/1497 1503/1/1503 1502/1/1502
f 1498/1/1498 1503/1/1503 1497/1/1497
f 1500/1/1500 1501/1/1501 1505/1/1505
f 1501/1/1501 1506/1/1506 1505/1/1505
f 1501/1/1501 1504/1/1504 1506/1/1506
f 1504/1/1504 1509/1/1509 1506/1/1506
f 1504/1/1504 1507/1/1507 1509/1/1509
f 1502/1/1502 1507/1/1507 1504/1/1504
f 1502/1/1502 1508/1/1508 1507/1/1507
f 1503/1/1503 1508/1/1508 1502/1/1502
f 1505/1/1505 1506/1/1506 1510/1/1510
f 1506/1/1506 1511/1/1511 1510/1/1510
f 1506/1/1506 1509/1/1509 1511/1/1511
f 1509/1/1509 1514/1/1514 1511/1/1511
f 1509/1/1509 1512/1/1512 1514/1/1514
f 1507/1/1507 1512/1/1512 1509/1/1509
f 1507/1/1507 1513/1/1513 1512/1/1512
f 1508/1/1508 1513/1/1513 1507/1/1507
f 1510/1/1510 1511/1/1511 1515/1/1515
f 1511/1/1511 1516/1/1516 1515/1/1515
f 1511/1/1511 1514/1/1514 1516/1/1516
f 1514/1/1514 1519/1/1519 1516/1/1516
f 1514/1/1514 1517/1/1517 1519/1/1519
f 1512/1/1512 1517/1/1517 1514/1/1514
f 1512/1/1512 1518/1/1518 1517/1/1517
f 1513/1/1513 1518/1/1518 1512/1/1512
f 1515/1/1515 1516/1/1516 1520/1/1520
f 1516/1/1516 1521/1/1521 1520/1/1520
f 1516/1/1516 1519/1/1519 1521/1/1521
f 1519/1/1519 1524/1/1524 1521/1/1521
f 1519/1/1519 1522/1/1522 1524/1/1524
f 1517/1/1517 1522/1/1522 1519/1/1519
f 1517/1/1517 1523/1/1523 1522/1/1522
f 1518/1/1518 1523/1/1523 1517/1/1517
f 1520/1/1520 1521/1/1521 1525/1/1525
f 1521/1/1521 1526/1/1526 1525/1/1525
f 1521/1/1521 1524/1/1524 1526/1/1526
f 1524/1/1524 1529/1/1529 1526/1/1526
f 1524/1/1524 1527/1/1527 1529/1/1529
f 1522/1/1522 1527/1/1527 1524/1/1524
f 1522/1/1522 1528/1/1528 1527/1/1527
f 1523/1/1523 1528/1/1528 1522/1/1522
f 1525/1/1525 1526/1/1526 1530/1/1530
f 1526/1/1526 1531/1/1531 1530/1/1530
f 1526/1/1526 1529/1/1529 1531/1/1531
f 1529/1/1529 1534/1/1534 1531/1/1531
f 1529/1/1529 1532/1/1532 1534/1/1534
f 1527/1/1527 1532/1/1532 1529/1/1529
f 1527/1/1527 1533/1/1533 1532/1/1532
f 1528/1/1528 1533/1/1533 1527/1/1527
f 1530/1/1530 1531/1/1531 1535/1/1535
f 1531/1/1531 1536/1/1536 1535/1/1535
f 1531/1/1531 1534/1/1534 1536/1/1536
f 1534/1/1534 1539/1/1539 1536/1/1536
f 1534/1/1534 1537/1/1537 1539/1/1539
f 1532/1/1532 1537/1/1537 1534/1/1534
f 1532/1/1532 1538/1/1538 1537/1/1537
f 1533/1/1533 1538/1/1538 1532/1/1532
f 1535/1/1535 1536/1/1536 1540/1/1540
f 1536/1/1536 1541/1/1541 1540/1/1540
f 1536/1/1536 1539/1/1539 1541/1/1541
f 1539/1/1539 1544/1/1544 1541/1/1541
f 1539/1/1539 1542/1/1542 1544/1/1544
f 1537/1/1537 1542/1/1542 1539/1/1539
f 1537/1/1537 1543/1/1543 1542/1/1542
f 1538/1/1538 1543/1/1543 1537/1/1537
f 1540/1/1540 1541/1/1541 1545/1/1545
f 1541/1/1541 1546/1/1546 1545/1/1545
f 1541/1/1541 1544/1/1544 1546/1/1546
f 1544/1/1544 1549/1/1549 1546/1/1546
f 1544/1/1544 1547/1/1547 1549/1/1549
f 1542/1/1542 1547/1/1547 1544/1/1544
f 1542/1/1542 1548/1/1548 1547/1/1547
f 1543/1/1543 1548/1/1548 1542/1/1542
f 1545/1/1545 1546/1/1546 1550/1/1550
f 1546/1/1546 1551/1/1551 1550/1/1550
f 1546/1/1546 1549/1/1549 1551/1/1551
f 1549/1/1549 1554/1/1554 1551/1/1551
f 1549/1/1549 1552/1/1552 1554/1/1554
f 1547/1/1547 1552/1/1552 1549/1/1549
f 1547/1/1547 1553/1/1553 1552/1/1552
f 1548/1/1548 1553/1/1553 1547/1/1547
f 1550/1/1550 1551/1/1551 1555/1/1555
f 1551/1/1551 1556/1/1556 1555/1/1555
f 1551/1/1551 1554/1/1554 1556/1/1556
f 1554/1/1554 1559/1/1559 1556/1/1556
f 1554/1/1554 1557/1/1557 1559/1/1559
f 1552/1/1552 1557/1/1557 1554/1/1554
f 1552/1/1552 1558/1/1558 1557/1/1557
f 1553/1/1553 1558/1/1558 1552/1/1552
f 1555/1/1555 1556/1/1556 1560/1/1560
f 1556/1/1556 1561/1/1561 1560/1/1560
f 1556/1/1556 1559/1/1559 1561/1/1561
f 1559/1/1559 1564/1/1564 1561/1/1561
f 1559/1/1559 1562/1/1562 1564/1/1564
f 1557/1/1557 1562/1/1562 1559/1/1559
f 1557/1/1557 1563/1/1563 1562/1/1562
f 1558/1/1558 1563/1/1563 1557/1/1557
f 1560/1/1560 1561/1/1561 1565/1/1565
f 1561/1/1561 1566/1/1566 1565/1/1565
f 1561/1/1561 1564/1/1564 1566/1/1566
f 1564/1/1564 1569/1/1569 1566/1/1566
f 1564/1/1564 1567/1/1567 1569/1/1569
f 1562/1/1562 1567/1/1567 1564/1/1564
f 1562/1/1562 1568/1/1568 1567/1/1567
f 1563/1/1563 1568/1/1568 1562/1/1562
f 1565/1/1565 1566/1/1566 1570/1/1570
f 1566/1/1566 1571/1/1571 1570/1/1570
f 1566/1/1566 1569/1/1569 1571/1/1571
f 1569/1/1569 1574/1/1574 1571/1/1571
f 1569/1/1569 1572/1/1572 1574/1/1574
f 1567/1/1567 1572/1/1572 1569/1/1569
f 1567/1/1567 1573/1/1573 1572/1/1572
f 1568/1/1568 1573/1/1573 1567/1/1567
f 1570/1/1570 1571/1/1571 1575/1/1575
f 1571/1/1571 1576/1/1576 1575/1/1575
f 1571/1/1571 1574/1/1574 1576/1/1576
f 1574/1/1574 1579/1/1579 1576/1/1576
f 1574/1/1574 1577/1/1577 1579/1/1579
f 1572/1/1572 1577/1/1577 1574/1/1574
f 1572/1/1572 1578/1/1578 1577/1/1577
f 1573/1/1573 1578/1/1578 1572/1/1572
f 1575/1/1575 1576/1/1576 1580/1/1580
f 1576/1/1576 1581/1/1581 1580/1/1580
f 1576/1/1576 1579/1/1579 1581/1/1581
f 1579/1/1579 1584/1/1584 1581/1/1581
f 1579/1/1579 1582/1/1582 1584/1/1584
f 1577/1/1577 1582/1/1582 1579/1/1579
f 1577/1/1577 1583/1/1583 1582/1/1582
f 1578/1/1578 1583/1/1583 1577/1/1577
f 1580/1/1580 1581/1/1581 1585/1/1585
f 1581/1/1581 1586/1/1586 1585/1/1585
f 1581/1/1581 1584/1/1584 1586/1/1586
f 1584/1/1584 1589/1/1589 1586/1/1586
f 1584/1/1584 1587/1/1587 1589/1/1589
f 1582/1/1582 1587/1/1587 1584/1/1584
f 1582/1/1582 1588/1/1588 1587/1/1587
f 1583/1/1583 1588/1/1588 1582/1/1582
f 1585/1/1585 1586/1/1586 1590/1/1590
f 1586/1/1586 1591/1/1591 1590/1/1590
f 1586/1/1586 1589/1/1589 1591/1/1591
f 1589/1/1589 1594/1/1594 1591/1/1591
f 1589/1/1589 1592/1/1592 1594/1/1594
f 1587/1/1587 1592/1/1592 1589/1/1589
f 1587/1/1587 1593/1/1593 1592/1/1592
f 1588/1/1588 1593/1/1593 1587/1/1587
f 1590/1/1590 1591/1/1591 1595/1/1595
f 1591/1/1591 1596/1/1596 1595/1/1595
f 1591/1/1591 1594/1/1594 1596/1/1596
f 1594/1/1594 1599/1/1599 1596/1/1596
f 1594/1/1594 1597/1/1597 1599/1/1599
f 1592/1/1592 1597/1/1597 1594/1/1594
f 1592/1/1592 1598/1/1598 1597/1/1597
f 1593/1/1593 1598/1/1598 1592/1/1592
f 1595/1/1595 1596/1/1596 1600/1/1600
f 1596/1/1596 1601/1/1601 1600/1/1600
f 1596/1/1596 1599/1/1599 1601/1/1601
f 1599/1/1599 1604/1/1604 1601/1/1601
f 1599/1/1599 1602/1/1602 1604/1/1604
f 1597/1/1597 1602/1/1602 1599/1/1599
f 1597/1/1597 1603/1/1603 1602/1/1602
f 1598/1/1598 1603/1/1603 1597/1/1597
f 1600/1/1600 1601/1/1601 1605/1/1605
f 1601/1/1601 1606/1/1606 1605/1/1605
f 1601/1/1601 1604/1/1604 1606/1/1606
f 1604/1/1604 1609/1/1609 1606/1/1606
f 1604/1/1604 1607/1/1607 1609/1/1609
f 1602/1/1602 1607/1/1607 1604/1/1604
f 1602/1/1602 1608/1/1608 1607/1/1607
f 1603/1/1603 1608/1/1608 1602/1/1602
f 1605/1/1605 1606/1/1606 1610/1/1610
f 1606/1/1606 1611/1/1611 1610/1/1610
f 1606/1/1606 1609/1/1609 1611/1/1611
f 1609/1/1609 1614/1/1614 1611/1/1611
f 1609/1/1609 1612/1/1612 1614/1/1614
f 1607/1/1607 1612/1/1612 1609/1/1609
f 1607/1/1607 1613/1/1613 1612/1/1612
f 1608/1/1608 1613/1/1613 1607/1/1607
f 1610/1/1610 1611/1/1611 1615/1/1615
f 1611/1/1611 1616/1/1616 1615/1/1615
f 1611/1/1611 1614/1/1614 1616/1/1616
f 1614/1/1614 1619/1/1619 1616/1/1616
f 1614/1/1614 1617/1/1617 1619/1/1619
f 1612/1/1612 1617/1/1617 1614/1/1614
f 1612/1/1612 1618/1/1618 1617/1/1617
f 1613/1/1613 1618/1/1618 1612/1/1612
f 1615/1/1615 1616/1/1616 1620/1/1620
f 1616/1/1616 1621/1/1621 1620/1/1620
f 1616/1/1616 1619/1/1619 1621/1/1621
f 1619/1/1619 1624/1/1624 1621/1/1621
f 1619/1/1619 1622/1/1622 1624/1/1624
f 1617/1/1617 1622/1/1622 1619/1/1619
f 1617/1/1617 1623/1/1623 1622/1/1622
f 1618/1/1618 1623/1/1623 1617/1/1617
f 1625/1/1625 1627/1/1627 1626/1/1626
f 1625/1/1625 1630/1/1630 1627/1/1627
f 1625/1/1625 1628/1/1628 1630/1/1630
f 1625/1/1625 1629/1/1629 1628/1/1628
f 1626/1/1626 1627/1/1627 1631/1/1631
f 1627/1/1627 1632/1/1632 1631/1/1631
f 1627/1/1627 1630/1/1630 1632/1/1632
f 1630/1/1630 1635/1/1635 1632/1/1632
f 1630/1/1630 1633/1/1633 1635/1/1635
f 1628/1/1628 1633/1/1633 1630/1/1630
f 1628/1/1628 1634/1/1634 1633/1/1633
f 1629/1/1629 1634/1/1634 1628/1/1628
f 1631/1/1631 1632/1/1632 1636/1/1636
f 1632/1/1632 1637/1/1637 1636/1/1636
f 1632/1/1632 1635/1/1635 1637/1/1637
f 1635/1/1635 1640/1/1640 1637/1/1637
f 1635/1/1635 1638/1/1638 1640/1/1640
f 1633/1/1633 1638/1/1638 1635/1/1635
f 1633/1/1633 1639/1/1639 1638/1/1638
f 1634/1/1634 1639/1/1639 1633/1/1633
f 1636/1/1636 1637/1/1637 1641/1/1641
f 1637/1/1637 1642/1/1642 1641/1/1641
f 1637/1/1637 1640/1/1640 1642/1/1642
f 1640/1/1640 1645/1/1645 1642/1/1642
f 1640/1/1640 1643/1/1643 1645/1/1645
f 1638/1/1638 1643/1/1643 1640/1/1640
f 1638/1/1638 1644/1/1644 1643/1/1643
f 1639/1/1639 1644/1/1644 1638/1/1638
f 1641/1/1641 1642/1/1642 1646/1/1646
f 1642/1/1642 1647/1/1647 1646/1/1646
f 1642/1/1642 1645/1/1645 1647/1/1647
f 1645/1/1645 1650/1/1650 1647/1/1647
f 1645/1/1645 1648/1/1648 1650/1/1650
f 1643/1/1643 1648/1/1648 1645/1/1645
f 1643/1/1643 1649/1/1649 1648/1/1648
f 1644/1/1644 1649/1/1649 1643/1/1643
f 1646/1/1646 1647/1/1647 1651/1/1651
f 1647/1/1647 1652/1/1652 1651/1/1651
f 1647/1/1647 1650/1/1650 1652/1/1652
f 1650/1/1650 1655/1/1655 1652/1/1652
f 1650/1/1650 1653/1/1653 1655/1/1655
f 1648/1/1648 1653/1/1653 1650/1/1650
f 1648/1/1648 1654/1/1654 1653/1/1653
f 1649/1/1649 1654/1/1654 1648/1/1648
f 1651/1/1651 1652/1/1652 1656/1/1656
f 1652/1/1652 1657/1/1657 1656/1/1656
f 1652/1/1652 1655/1/1655 1657/1/1657
f 1655/1/1655 1660/1/1660 1657/1/1657
f 1655/1/1655 1658/1/1658 1660/1/1660
f 1653/1/1653 1658/1/1658 1655/1/1655
f 1653/1/1653 1659/1/1659 1658/1/1658
f 1654/1/1654 1659/1/1659 1653/1/1653
f 1656/1/1656 1657/1/1657 1661/1/1661
f 1657/1/1657 1662/1/1662 1661/1/1661
f 1657/1/1657 1660/1/1660 1662/1/1662
f 1660/1/1660 1665/1/1665 1662/1/1662
f 1660/1/1660 1663/1/1663 1665/1/1665
f 1658/1/1658 1663/1/1663 1660/1/1660
f 1658/1/1658 1664/1/1664 1663/1/1663
f 1659/1/1659 1664/1/1664 1658/1/1658
f 1661/1/1661 1662/1/1662 1666/1/1666
f 1662/1/1662 1667/1/1667 1666/1/1666
f 1662/1/1662 1665/1/1665 1667/1/1667
f 1665/1/1665 1670/1/1670 1667/1/1667
f 1665/1/1665 1668/1/1668 1670/1/1670
f 1663/1/1663 1668/1/1668 1665/1/1665
f 1663/1/1663 1669/1/1669 1668/1/1668
f 1664/1/1664 1669/1/1669 1663/1/1663
f 1666/1/1666 1667/1/1667 1671/1/1671
f 1667/1/1667 1672/1/1672 1671/1/1671
f 1667/1/1667 1670/1/1670 1672/1/1672
f 1670/1/1670 1675/1/1675 1672/1/1672
f 1670/1/1670 1673/1/1673 1675/1/1675
f 1668/1/1668 1673/1/1673 1670/1/1670
f 1668/1/1668 1674/1/1674 1673/1/1673
f 1669/1/1669 1674/1/1674 1668/1/1668
f 1671/1/1671 1672/1/1672 1676/1/1676
f 1672/1/1672 1677/1/1677 1676/1/1676
f 1672/1/1672 1675/1/1675 1677/1/1677
f 1675/1/1675 1680/1/1680 1677/1/1677
f 1675/1/1675 1678/1/1678 1680/1/1680
f 1673/1/1673 1678/1/1678 1675/1/1675
f 1673/1/1673 1679/1/1679 1678/1/1678
f 1674/1/1674 1679/1/1679 1673/1/1673
f 1676/1/1676 1677/1/1677 1681/1/1681
f 1677/1/1677 1682/1/1682 1681/1/1681
f 1677/1/1677 1680/1/1680 1682/1/1682
f 1680/1/1680 1685/1/1685 1682/1/1682
f 1680/1/1680 1683/1/1683 1685/1/1685
f 1678/1/1678 1683/1/1683 1680/1/1680
f 1678/1/1678 1684/1/1684 1683/1/1683
f 1679/1/1679 1684/1/1684 1678/1/1678
f 1681/1/1681 1682/1/1682 1686/1/1686
f 1682/1/1682 1687/1/1687 1686/1/1686
f 1682/1/1682 1685/1/1685 1687/1/1687
f 1685/1/1685 1690/1/1690 1687/1/1687
f 1685/1/1685 1688/1/1688 1690/1/1690
f 1683/1/1683 1688/1/1688 1685/1/1685
f 1683/1/1683 1689/1/1689 1688/1/1688
f 1684/1/1684 1689/1/1689 1683/1/1683
f 1686/1/1686 1687/1/1687 1691/1/1691
f 1687/1/1687 1692/1/1692 1691/1/1691
f 1687/1/1687 1690/1/1690 1692/1/1692
f 1690/1/1690 1695/1/1695 1692/1/1692
f 1690/1/1690 1693/1/1693 1695/1/1695
f 1688/1/1688 1693/1/1693 1690/1/1690
f 1688/1/1688 1694/1/1694 1693/1/1693
f 1689/1/1689 1694/1/1694 1688/1/1688
f 1691/1/1691 1692/1/1692 1696/1/1696
f 1692/1/1692 1697/1/1697 1696/1/1696
f 1692/1/1692 1695/1/1695 1697/1/1697
f 1695/1/1695 1700/1/1700 1697/1/1697
f 1695/1/1695 1698/1/1698 1700/1/1700
f 1693/1/1693 1698/1/1698 1695/1/1695
f 1693/1/1693 1699/1/1699 1698/1/1698
f 1694/1/1694 1699/1/1699 1693/1/1693
f 1696/1/1696 1697/1/1697 1701/1/1701
f 1697/1/1697 1702/1/1702 1701/1/1701
f 1697/1/1697 1700/1/1700 1702/1/1702
f 1700/1/1700 1705/1/1705 1702/1/1702
f 1700/1/1700 1703/1/1703 1705/1/1705
f 1698/1/1698 1703/1/1703 1700/1/1700
f 1698/1/1698 1704/1/1704 1703/1/1703
f 1699/1/1699 1704/1/1704 1698/1/1698
f 1701/1/1701 1702/1/1702 1706/1/1706
f 1702/1/1702 1707/1/1707 1706/1/1706
f 1702/1/1702 1705/1/1705 1707/1/1707
f 1705/1/1705 1710/1/1710 1707/1/1707
f 1705/1/1705 1708/1/1708 1710/1/1710
f 1703/1/1703 1708/1/1708 1705/1/1705
f 1703/1/1703 1709/1/1709 1708/1/1708
f 1704/1/1704 1709/1/1709 1703/1/1703
f 1706/1/1706 1707/1/1707 1711/1/1711
f 1707/1/1707 1712/1/1712 1711/1/1711
f 1707/1/1707 1710/1/1710 1712/1/1712
f 1710/1/1710 1715/1/1715 1712/1/1712
f 1710/1/1710 1713/1/1713 1715/1/1715
f 1708/1/1708 1713/1/1713 1710/1/1710
f 1708/1/1708 1714/1/1714 1713/1/1713
f 1709/1/1709 1714/1/1714 1708/1/1708
f 1711/1/1711 1712/1/1712 1716/1/1716
f 1712/1/1712 1717/1/1717 1716/1/1716
f 1712/1/1712 1715/1/1715 1717/1/1717
f 1715/1/1715 1720/1/1720 1717/1/1717
f 1715/1/1715 1718/1/1718 1720/1/1720
f 1713/1/1713 1718/1/1718 1715/1/1715
f 1713/1/1713 1719/1/1719 1718/1/1718
f 1714/1/1714 1719/1/1719 1713/1/1713
f 1716/1/1716 1717/1/1717 1721/1/1721
f 1717/1/1717 1722/1/1722 1721/1/1721
f 1717/1/1717 1720/1/1720 1722/1/1722
f 1720/1/1720 1725/1/1725 1722/1/1722
f 1720/1/1720 1723/1/1723 1725/1/1725
f 1718/1/1718 1723/1/1723 1720/1/1720
f 1718/1/1718 1724/1/1724 1723/1/1723
f 1719/1/1719 1724/1/1724 1718/1/1718
f 1721/1/1721 1722/1/1722 1726/1/1726
f 1722/1/1722 1727/1/1727 1726/1/1726
f 1722/1/1722 1725/1/1725 1727/1/1727
f 1725/1/1725 1730/1/1730 1727/1/1727
f 1725/1/1725 1728/1/1728 1730/1/1730
f 1723/1/1723 1728/1/1728 1725/1/1725
f 1723/1/1723 1729/1/1729 1728/1/1728
f 1724/1/1724 1729/1/1729 1723/1/1723
f 1726/1/1726 1727/1/1727 1731/1/1731
f 1727/1/1727 1732/1/1732 1731/1/1731
f 1727/1/1727 1730/1/1730 1732/1/1732
f 1730/1/1730 1735/1/1735 1732/1/1732
f 1730/1/1730 1733/1/1733 1735/1/1735
f 1728/1/1728 1733/1/1733 1730/1/1730
f 1728/1/1728 1734/1/1734 1733/1/1733
f 1729/1/1729 1734/1/1734 1728/1/1728
f 1731/1/1731 1732/1/1732 1736/1/1736
f 1732/1/1732 1737/1/1737 1736/1/1736
f 1732/1/1732 1735/1/1735 1737/1/1737
f 1735/1/1735 1740/1/1740 1737/1/1737
f 1735/1/1735 1738/1/1738 1740/1/1740
f 1733/1/1733 1738/1/1738 1735/1/1735
f 1733/1/1733 1739/1/1739 1738/1/1738
f 1734/1/1734 1739/1/1739 1733/1/1733
f 1736/1/1736 1737/1/1737 1741/1/1741
f 1737/1/1737 1742/1/1742 1741/1/1741
f 1737/1/1737 1740/1/1740 1742/1/1742
f 1740/1/1740 1745/1/1745 1742/1/1742
f 1740/1/1740 1743/1/1743 1745/1/1745
f 1738/1/1738 1743/1/1743 1740/1/1740
f 1738/1/1738 1744/1/1744 1743/1/1743
f 1739/1/1739 1744/1/1744 1738/1/1738
f 1741/1/1741 1742/1/1742 1746/1/1746
f 1742/1/1742 1747/1/1747 1746/1/1746
f 1742/1/1742 1745/1/1745 1747/1/1747
f 1745/1/1745 1750/1/1750 1747/1/1747
f 1745/1/1745 1748/1/1748 1750/1/1750
f 1743/1/1743 1748/1/1748 1745/1/1745
f 1743/1/1743 1749/1/1749 1748/1/1748
f 1744/1/1744 1749/1/1749 1743/1/1743
f 1746/1/1746 1747/1/1747 1751/1/1751
f 1747/1/1747 1752/1/1752 1751/1/1751
f 1747/1/1747 1750/1/1750 1752/1/1752
f 1750/1/1750 1755/1/1755 1752/1/1752
f 1750/1/1750 1753/1/1753 1755/1/1755
f 1748/1/1748 1753/1/1753 1750/1/1750
f 1748/1/1748 1754/1/1754 1753/1/1753
f 1749/1/1749 1754/1/1754 1748/1/1748
f 1751/1/1751 1752/1/1752 1756/1/1756
f 1752/1/1752 1757/1/1757 1756/1/1756
f 1752/1/1752 1755/1/1755 1757/1/1757
f 1755/1/1755 1760/1/1760 1757/1/1757
f 1755/1/1755 1758/1/1758 1760/1/1760
f 1753/1/1753 1758/1/1758 1755/1/1755
f 1753/1/1753 1759/1/1759 1758/1/1758
f 1754/1/1754 1759/1/1759 1753/1/1753
f 1756/1/1756 1757/1/1757 1761/1/1761
f 1757/1/1757 1762/1/1762 1761/1/1761
f 1757/1/1757 1760/1/1760 1762/1/1762
f 1760/1/1760 1765/1/1765 1762/1/1762
f 1760/1/1760 1763/1/1763 1765/1/1765
f 1758/1/1758 1763/1/1763 1760/1/1760
f 1758/1/1758 1764/1/1764 1763/1/1763
f 1759/1/1759 1764/1/1764 1758/1/1758
f 1761/1/1761 1762/1/1762 1766/1/1766
f 1762/1/1762 1767/1/1767 1766/1/1766
f 1762/1/1762 1765/1/1765 1767/1/1767
f 1765/1/1765 1770/1/1770 1767/1/1767
f 1765/1/1765 1768/1/1768 1770/1/1770
f 1763/1/1763 1768/1/1768 1765/1/1765
f 1763/1/1763 1769/1/1769 1768/1/1768
f 1764/1/1764 1769/1/1769 1763/1/1763
f 1766/1/1766 1767/1/1767 1771/1/1771
f 1767/1/1767 1772/1/1772 1771/1/1771
f 1767/1/1767 1770/1/1770 1772/1/1772
f 1770/1/1770 1775/1/1775 1772/1/1772
f 1770/1/1770 1773/1/1773 1775/1/1775
f 1768/1/1768 1773/1/1773 1770/1/1770
f 1768/1/1768 1774/1/1774 1773/1/1773
f 1769/1/1769 1774/1/1774 1768/1/1768
f 1771/1/1771 1772/1/1772 1776/1/1776
f 1772/1/1772 1777/1/1777 1776/1/1776
f 1772/1/1772 1775/1/1775 1777/1/1777
f 1775/1/1775 1780/1/1780 1777/1/1777
f 1775/1/1775 1778/1/1778 1780/1/1780
f 1773/1/1773 1778/1/1778 1775/1/1775
f 1773/1/1773 1779/1/1779 1778/1/1778
f 1774/1/1774 1779/1/1779 1773/1/1773
f 1776/1/1776 1777/1/1777 1781/1/1781
f 1777/1/1777 1782/1/1782 1781/1/1781
f 1777/1/1777 1780/1/1780 1782/1/1782
f 1780/1/1780 1785/1/1785 1782/1/1782
f 1780/1/1780 1783/1/1783 1785/1/1785
f 1778/1/1778 1783/1/1783 1780/1/1780
f 1778/1/1778 1784/1/1784 1783/1/1783
f 1779/1/1779 1784/1/1784 1778/1/1778
f 1781/1/1781 1782/1/1782 1786/1/1786
f 1782/1/1782 1787/1/1787 1786/1/1786
f 1782/1/1782 1785/1/1785 1787/1/1787
f 1785/1/1785 1790/1/1790 1787/1/1787
f 1785/1/1785 1788/1/1788 1790/1/1790
f 1783/1/1783 1788/1/1788 1785/1/1785
f 1783/1/1783 1789/1/1789 1788/1/1788
f 1784/1/1784 1789/1/1789 1783/1/1783
f 1786/1/1786 1787/1/1787 1791/1/1791
f 1787/1/1787 1792/1/1792 1791/1/1791
f 1787/1/1787 1790/1/1790 1792/1/1792
f 1790/1/1790 1795/1/1795 1792/1/1792
f 1790/1/1790 1793/1/1793 1795/1/1795
f 1788/1/1788 1793/1/1793 1790/1/1790
f 1788/1/1788 1794/1/1794 1793/1/1793
f 1789/1/1789 1794/1/1794 1788/1/1788
f 1791/1/1791 1792/1/1792 1796/1/1796
f 1792/1/1792 1797/1/1797 1796/1/1796
f 1792/1/1792 1795/1/1795 1797/1/1797
f 1795/1/1795 1800/1/1800 1797/1/1797
f 1795/1/1795 1798/1/1798 1800/1/1800
f 1793/1/1793 1798/1/1798 1795/1/1795
f 1793/1/1793 1799/1/1799 1798/1/1798
f 1794/1/1794 1799/1/1799 1793/1/1793
f 1796/1/1796 1797/1/1797 1801/1/1801
f 1797/1/1797 1802/1/1802 1801/1/1801
f 1797/1/1797 1800/1/1800 1802/1/1802
f 1800/1/1800 1805/1/1805 1802/1/1802
f 1800/1/1800 1803/1/1803 1805/1/1805
f 1798/1/1798 1803/1/1803 1800/1/1800
f 1798/1/1798 1804/1/1804 1803/1/1803
f 1799/1/1799 1804/1/1804 1798/1/1798
f 1801/1/1801 1802/1/1802 1806/1/1806
f 1802/1/1802 1807/1/1807 1806/1/1806
f 1802/1/1802 1805/1/1805 1807/1/1807
f 1805/1/1805 1810/1/1810 1807/1/1807
f 1805/1/1805 1808/1/1808 1810/1/1810
f 1803/1/1803 1808/1/1808 1805/1/1805
f 1803/1/1803 1809/1/1809 1808/1/1808
f 1804/1/1804 1809/1/1809 1803/1/1803
f 1806/1/1806 1807/1/1807 1811/1/1811
f 1807/1/1807 1812/1/1812 1811/1/1811
f 1807/1/1807 1810/1/1810 1812/1/1812
f 1810/1/1810 1815/1/1815 1812/1/1812
f 1810/1/1810 1813/1/1813 1815/1/1815
f 1808/1/1808 1813/1/1813 1810/1/1810
f 1808/1/1808 1814/1/1814 1813/1/1813
f 1809/1/1809 1814/1/1814 1808/1/1808
f 1811/1/1811 1812/1/1812 1816/1/1816
f 1812/1/1812 1817/1/1817 1816/1/1816
f 1812/1/1812 1815/1/1815 1817/1/1817
f 1815/1/1815 1820/1/1820 1817/1/1817
f 1815/1/1815 1818/1/1818 1820/1/1820
f 1813/1/1813 1818/1/1818 1815/1/1815
f 1813/1/1813 1819/1/1819 1818/1/1818
f 1814/1/1814 1819/1/1819 1813/1/1813
f 1816/1/1816 1817/1/1817 1821/1/1821
f 1817/1/1817 1822/1/1822 1821/1/1821
f 1817/1/1817 1820/1/1820 1822/1/1822
f 1820/1/1820 1825/1/1825 1822/1/1822
f 1820/1/1820 1823/1/1823 1825/1/1825
f 1818/1/1818 1823/1/1823 1820/1/1820
f 1818/1/1818 1824/1/1824 1823/1/1823
f 1819/1/1819 1824/1/1824 1818/1/1818
f 1821/1/1821 1822/1/1822 1826/1/1826
f 1822/1/1822 1827/1/1827 1826/1/1826
f 1822/1/1822 1825/1/1825 1827/1/1827
f 1825/1/1825 1830/1/1830 1827/1/1827
f 1825/1/1825 1828/1/1828 1830/1/1830
f 1823/1/1823 1828/1/1828 1825/1/1825
f 1823/1/1823 1829/1/1829 1828/1/1828
f 1824/1/1824 1829/1/1829 1823/1/1823
f 1826/1/1826 1827/1/1827 1831/1/1831
f 1827/1/1827 1832/1/1832 1831/1/1831
f 1827/1/1827 1830/1/1830 1832/1/1832
f 1830/1/1830 1835/1/1835 1832/1/1832
f 1830/1/1830 1833/1/1833 1835/1/1835
f 1828/1/1828 1833/1/1833 1830/1/1830
f 1828/1/1828 1834/1/1834 1833/1/1833
f 1829/1/1829 1834/1/1834 1828/1/1828
f 1831/1/1831 1832/1/1832 1836/1/1836
f 1832/1/1832 1837/1/1837 1836/1/1836
f 1832/1/1832 1835/1/1835 1837/1/1837
f 1835/1/1835 1840/1/1840 1837/1/1837
f 1835/1/1835 1838/1/1838 1840/1/1840
f 1833/1/1833 1838/1/1838 1835/1/1835
f 1833/1/1833 1839/1/1839 1838/1/1838
f 1834/1/1834 1839/1/1839 1833/1/1833
f 1836/1/1836 1837/1/1837 1841/1/1841
f 1837/1/1837 1842/1/1842 1841/1/1841
f 1837/1/1837 1840/1/1840 1842/1/1842
f 1840/1/1840 1845/1/1845 1842/1/1842
f 1840/1/1840 1843/1/1843 1845/1/1845
f 1838/1/1838 1843/1/1843 1840/1/1840
f 1838/1/1838 1844/1/1844 1843/1/1843
f 1839/1/1839 1844/1/1844 1838/1/1838
f 1841/1/1841 1842/1/1842 1846/1/1846
f 1842/1/1842 1847/1/1847 1846/1/1846
f 1842/1/1842 1845/1/1845 1847/1/1847
f 1845/1/1845 1850/1/1850 1847/1/1847
f 1845/1/1845 1848/1/1848 1850/1/1850
f 1843/1/1843 1848/1/1848 1845/1/1845
f 1843/1/1843 1849/1/1849 1848/1/1848
f 1844/1/1844 1849/1/1849 1843/1/1843
f 1846/1/1846 1847/1/1847 1851/1/1851
f 1847/1/1847 1852/1/1852 1851/1/1851
f 1847/1/1847 1850/1/1850 1852/1/1852
f 1850/1/1850 1855/1/1855 1852/1/1852
f 1850/1/1850 1853/1/1853 1855/1/1855
f 1848/1/1848 1853/1/1853 1850/1/1850
f 1848/1/1848 1854/1/1854 1853/1/1853
f 1849/1/1849 1854/1/1854 1848/1/1848
f 1851/1/1851 1852/1/1852 1856/1/1856
f 1852/1/1852 1857/1/1857 1856/1/1856
f 1852/1/1852 1855/1/1855 1857/1/1857
f 1855/1/1855 1860/1/1860 1857/1/1857
f 1855/1/1855 1858/1/1858 1860/1/1860
f 1853/1/1853 1858/1/1858 1855/1/1855
f 1853/1/1853 1859/1/1859 1858/1/1858
f 1854/1/1854 1859/1/1859 1853/1/1853
f 1856/1/1856 1857/1/1857 1861/1/1861
f 1857/1/1857 1862/1/1862 1861/1/1861
f 1857/1/1857 1860/1/1860 1862/1/1862
f 1860/1/1860 1865/1/1865 1862/1/1862
f 1860/1/1860 1863/1/1863 1865/1/1865
f 1858/1/1858 1863/1/1863 1860/1/1860
f 1858/1/1858 1864/1/1864 1863/1/1863
f 1859/1/1859 1864/1/1864 1858/1/1858
f 1861/1/1861 1862/1/1862 1866/1/1866
f 1862/1/1862 1867/1/1867 1866/1/1866
f 1862/1/1862 1865/1/1865 1867/1/1867
f 1865/1/1865 1870/1/1870 1867/1/1867
f 1865/1/1865 1868/1/1868 1870/1/1870
f 1863/1/1863 1868/1/1868 1865/1/1865
f 1863/1/1863 1869/1/1869 1868/1/1868
f 1864/1/1864 1869/1/1869 1863/1/1863
f 1866/1/1866 1867/1/1867 1871/1/1871
f 1867/1/1867 1872/1/1872 1871/1/1871
f 1867/1/1867 1870/1/1870 1872/1/1872
f 1870/1/1870 1875/1/1875 1872/1/1872
f 1870/1/1870 1873/1/1873 1875/1/1875
f 1868/1/1868 1873/1/1873 1870/1/1870
f 1868/1/1868 1874/1/1874 1873/1/1873
f 1869/1/1869 1874/1/1874 1868/1/1868
f 1871/1/1871 1872/1/1872 1876/1/1876
f 1872/1/1872 1877/1/1877 1876/1/1876
f 1872/1/1872 1875/1/1875 1877/1/1877
f 1875/1/1875 1880/1/1880 1877/1/1877
f 1875/1/1875 1878/1/1878 1880/1/1880
f 1873/1/1873 1878/1/1878 1875/1/1875
f 1873/1/1873 1879/1/1879 1878/1/1878
f 1874/1/1874 1879/1/1879 1873/1/1873
f 1876/1/1876 1877/1/1877 1881/1/1881
f 1877/1/1877 1882/1/1882 1881/1/1881
f 1877/1/1877 1880/1/1880 1882/1/1882
f 1880/1/1880 1885/1/1885 1882/1/1882
f 1880/1/1880 1883/1/1883 1885/1/1885
f 1878/1/1878 1883/1/1883 1880/1/1880
f 1878/1/1878 1884/1/1884 1883/1/1883
f 1879/1/1879 1884/1/1884 1878/1/1878
f 1881/1/1881 1882/1/1882 1886/1/1886
f 1882/1/1882 1887/1/1887 1886/1/1886
f 1882/1/1882 1885/1/1885 1887/1/1887
f 1885/1/1885 1890/1/1890 1887/1/1887
f 1885/1/1885 1888/1/1888 1890/1/1890
f 1883/1/1883 1888/1/1888 1885/1/1885
f 1883/1/1883 1889/1/1889 1888/1/1888
f 1884/1/1884 1889/1/1889 1883/1/1883
f 1886/1/1886 1887/1/1887 1891/1/1891
f 1887/1/1887 1892/1/1892 1891/1/1891
f 1887/1/1887 1890/1/1890 1892/1/1892
f 1890/1/1890 1895/1/1895 1892/1/1892
f 1890/1/1890 1893/1/1893 1895/1/1895
f 1888/1/1888 1893/1/1893 1890/1/1890
f 1888/1/1888 1894/1/1894 1893/1/1893
f 1889/1/1889 1894/1/1894 1888/1/1888
f 1891/1/1891 1892/1/1892 1896/1/1896
f 1892/1/1892 1897/1/1897 1896/1/1896
f 1892/1/1892 1895/1/1895 1897/1/1897
f 1895/1/1895 1900/1/1900 1897/1/1897
f 1895/1/1895 1898/1/1898 1900/1/1900
f 1893/1/1893 1898/1/1898 1895/1/1895
f 1893/1/1893 1899/1/1899 1898/1/1898
f 1894/1/1894 1899/1/1899 1893/1/1893
f 1896/1/1896 1897/1/1897 1901/1/1901
f 1897/1/1897 1902/1/1902 1901/1/1901
f 1897/1/1897 1900/1/1900 1902/1/1902
f 1900/1/1900 1905/1/1905 1902/1/1902
f 1900/1/1900 1903/1/1903 1905/1/1905
f 1898/1/1898 1903/1/1903 1900/1/1900
f 1898/1/1898 1904/1/1904 1903/1/1903
f 1899/1/1899 1904/1/1904 1898/1/1898
f 1901/1/1901 1902/1/1902 1906/1/1906
f 1902/1/1902 1907/1/1907 1906/1/1906
f 1902/1/1902 1905/1/1905 1907/1/1907
f 1905/1/1905 1910/1/1910 1907/1/1907
f 1905/1/1905 1908/1/1908 1910/1/1910
f 1903/1/1903 1908/1/1908 1905/1/1905
f 1903/1/1903 1909/1/1909 1908/1/1908
f 1904/1/1904 1909/1/1909 1903/1/1903
f 1906/1/1906 1907/1/1907 1911/1/1911
f 1907/1/1907 1912/1/1912 1911/1/1911
f 1907/1/1907 1910/1/1910 1912/1/1912
f 1910/1/1910 1915/1/1915 1912/1/1912
f 1910/1/1910 1913/1/1913 1915/1/1915
f 1908/1/1908 1913/1/1913 1910/1/1910
f 1908/1/1908 1914/1/1914 1913/1/1913
f 1909/1/1909 1914/1/1914 1908/1/1908
f 1911/1/1911 1912/1/1912 1916/1/1916
f 1912/1/1912 1917/1/1917 1916/1/1916
f 1912/1/1912 1915/1/1915 1917/1/1917
f 1915/1/1915 1920/1/1920 1917/1/1917
f 1915/1/1915 1918/1/1918 1920/1/1920
f 1913/1/1913 1918/1/1918 1915/1/1915
f 1913/1/1913 1919/1/1919 1918/1/1918
f 1914/1/1914 1919/1/1919 1913/1/1913
f 1916/1/1916 1917/1/1917 1921/1/1921
f 1917/1/1917 1922/1/1922 1921/1/1921
f 1917/1/1917 1920/1/1920 1922/1/1922
f 1920/1/1920 1925/1/1925 1922/1/1922
f 1920/1/1920 1923/1/1923 1925/1/1925
f 1918/1/1918 1923/1/1923 1920/1/1920
f 1918/1/1918 1924/1/1924 1923/1/1923
f 1919/1/1919 1924/1/1924 1918/1/1918
f 1921/1/1921 1922/1/1922 1926/1/1926
f 1922/1/1922 1927/1/1927 1926/1/1926
f 1922/1/1922 1925/1/1925 1927/1/1927
f 1925/1/1925 1930/1/1930 1927/1/1927
f 1925/1/1925 1928/1/1928 1930/1/1930
f 1923/1/1923 1928/1/1928 1925/1/1925
f 1923/1/1923 1929/1/1929 1928/1/1928
f 1924/1/1924 1929/1/1929 1923/1/1923
f 1926/1/1926 1927/1/1927 1931/1/1931
f 1927/1/1927 1932/1/1932 1931/1/1931
f 1927/1/1927 1930/1/1930 1932/1/1932
f 1930/1/1930 1935/1/1935 1932/1/1932
f 1930/1/1930 1933/1/1933 1935/1/1935
f 1928/1/1928 1933/1/1933 1930/1/1930
f 1928/1/1928 1934/1/1934 1933/1/1933
f 1929/1/1929 1934/1/1934 1928/1/1928
f 1931/1/1931 1932/1/1932 1936/1/1936
f 1932/1/1932 1937/1/1937 1936/1/1936
f 1932/1/1932 1935/1/1935 1937/1/1937
f 1935/1/1935 1940/1/1940 1937/1/1937
f 1935/1/1935 1938/1/1938 1940/1/1940
f 1933/1/1933 1938/1/1938 1935/1/1935
f 1933/1/1933 1939/1/1939 1938/1/1938
f 1934/1/1934 1939/1/1939 1933/1/1933
f 1936/1/1936 1937/1/1937 1941/1/1941
f 1937/1/1937 1942/1/1942 1941/1/1941
f 1937/1/1937 1940/1/1940 1942/1/1942
f 1940/1/1940 1945/1/1945 1942/1/1942
f 1940/1/1940 1943/1/1943 1945/1/1945
f 1938/1/1938 1943/1/1943 1940/1/1940
f 1938/1/1938 1944/1/1944 1943/1/1943
f 1939/1/1939 1944/1/1944 1938/1/1938
f 1941/1/1941 1942/1/1942 1946/1/1946
f 1942/1/1942 1947/1/1947 1946/1/1946
f 1942/1/1942 1945/1/1945 1947/1/1947
f 1945/1/1945 1950/1/1950 1947/1/1947
f 1945/1/1945 1948/1/1948 1950/1/1950
f 1943/1/1943 1948/1/1948 1945/1/1945
f 1943/1/1943 1949/1/1949 1948/1/1948
f 1944/1/1944 1949/1/1949 1943/1/1943
f 1951/1/1951 1953/1/1953 1952/1/1952
f 1951/1/1951 1956/1/1956 1953/1/1953
f 1951/1/1951 1954/1/1954 1956/1/1956
f 1951/1/1951 1955/1/1955 1954/1/1954
f 1952/1/1952 1953/1/1953 1957/1/1957
f 1953/1/1953 1958/1/1958 1957/1/1957
f 1953/1/1953 1956/1/1956 1958/1/1958
f 1956/1/1956 1961/1/1961 1958/1/1958
f 1956/1/1956 1959/1/1959 1961/1/1961
f 1954/1/1954 1959/1/1959 1956/1/1956
f 1954/1/1954 1960/1/1960 1959/1/1959
f 1955/1/1955 1960/1/1960 1954/1/1954
f 1957/1/1957 1958/1/1958 1962/1/1962
f 1958/1/1958 1963/1/1963 1962/1/1962
f 1958/1/1958 1961/1/1961 1963/1/1963
f 1961/1/1961 1966/1/1966 1963/1/1963
f 1961/1/1961 1964/1/1964 1966/1/1966
f 1959/1/1959 1964/1/1964 1961/1/1961
f 1959/1/1959 1965/1/1965 1964/1/1964
f 1960/1/1960 1965/1/1965 1959/1/1959
f 1962/1/1962 1963/1/1963 1967/1/1967
f 1963/1/1963 1968/1/1968 1967/1/1967
f 1963/1/1963 1966/1/1966 1968/1/1968
f 1966/1/1966 1971/1/1971 1968/1/1968
f 1966/1/1966 1969/1/1969 1971/1/1971
f 1964/1/1964 1969/1/1969 1966/1/1966
f 1964/1/1964 1970/1/1970 1969/1/1969
f 1965/1/1965 1970/1/1970 1964/1/1964
f 1967/1/1967 1968/1/1968 1972/1/1972
f 1968/1/1968 1973/1/1973 1972/1/1972
f 1968/1/1968 1971/1/1971 1973/1/1973
f 1971/1/1971 1976/1/1976 1973/1/1973
f 1971/1/1971 1974/1/1974 1976/1/1976
f 1969/1/1969 1974/1/1974 1971/1/1971
f 1969/1/1969 1975/1/1975 1974/1/1974
f 1970/1/1970 1975/1/1975 1969/1/1969
f 1972/1/1972 1973/1/1973 1977/1/1977
f 1973/1/1973 1978/1/1978 1977/1/1977
f 1973/1/1973 1976/1/1976 1978/1/1978
f 1976/1/1976 1981/1/1981 1978/1/1978
f 1976/1/1976 1979/1/1979 1981/1/1981
f 1974/1/1974 1979/1/1979 1976/1/1976
f 1974/1/1974 1980/1/1980 1979/1/1979
f 1975/1/1975 1980/1/1980 1974/1/1974
f 1977/1/1977 1978/1/1978 1982/1/1982
f 1978/1/1978 1983/1/1983 1982/1/1982
f 1978/1/1978 1981/1/1981 1983/1/1983
f 1981/1/1981 1986/1/1986 1983/1/1983
f 1981/1/1981 1984/1/1984 1986/1/1986
f 1979/1/1979 1984/1/1984 1981/1/1981
f 1979/1/1979 1985/1/1985 1984/1/1984
f 1980/1/1980 1985/1/1985 1979/1/1979
f 1982/1/1982 1983/1/1983 1987/1/1987
f 1983/1/1983 1988/1/1988 1987/1/1987
f 1983/1/1983 1986/1/1986 1988/1/1988
f 1986/1/1986 1991/1/1991 1988/1/1988
f 1986/1/1986 1989/1/1989 1991/1/1991
f 1984/1/1984 1989/1/1989 1986/1/1986
f 1984/1/1984 1990/1/1990 1989/1/1989
f 1985/1/1985 1990/1/1990 1984/1/1984
f 1987/1/1987 1988/1/1988 1992/1/1992
f 1988/1/1988 1993/1/1993 1992/1/1992
f 1988/1/1988 1991/1/1991 1993/1/1993
f 1991/1/1991 1996/1/1996 1993/1/1993
f 1991/1/1991 1994/1/1994 1996/1/1996
f 1989/1/1989 1994/1/1994 1991/1/1991
f 1989/1/1989 1995/1/1995 1994/1/1994
f 1990/1/1990 1995/1/1995 1989/1/1989
f 1992/1/1992 1993/1/1993 1997/1/1997
f 1993/1/1993 1998/1/1998 1997/1/1997
f 1993/1/1993 1996/1/1996 1998/1/1998
f 1996/1/1996 2001/1/2001 1998/1/1998
f 1996/1/1996 1999/1/1999 2001/1/2001
f 1994/1/1994 1999/1/1999 1996/1/1996
f 1994/1/1994 2000/1/2000 1999/1/1999
f 1995/1/1995 2000/1/2000 1994/1/1994
f 1997/1/1997 1998/1/1998 2002/1/2002
f 1998/1/1998 2003/1/2003 2002/1/2002
f 1998/1/1998 2001/1/2001 2003/1/2003
f 2001/1/2001 2006/1/2006 2003/1/2003
f 2001/1/2001 2004/1/2004 2006/1/2006
f 1999/1/1999 2004/1/2004 2001/1/2001
f 1999/1/1999 2005/1/2005 2004/1/2004
f 2000/1/2000 2005/1/2005 1999/1/1999
f 2002/1/2002 2003/1/2003 2007/1/2007
f 2003/1/2003 2008/1/2008 2007/1/2007
f 2003/1/2003 2006/1/2006 2008/1/2008
f 2006/1/2006 2011/1/2011 2008/1/2008
f 2006/1/2006 2009/1/2009 2011/1/2011
f 2004/1/2004 2009/1/2009 2006/1/2006
f 2004/1/2004 2010/1/2010 2009/1/2009
f 2005/1/2005 2010/1/2010 2004/1/2004
f 2007/1/2007 2008/1/2008 2012/1/2012
f 2008/1/2008 2013/1/2013 2012/1/2012
f 2008/1/2008 2011/1/2011 2013/1/2013
f 2011/1/2011 2016/1/2016 2013/1/2013
f 2011/1/2011 2014/1/2014 2016/1/2016
f 2009/1/2009 2014/1/2014 2011/1/2011
f 2009/1/2009 2015/1/2015 2014/1/2014
f 2010/1/2010 2015/1/2015 2009/1/2009
f 2012/1/2012 2013/1/2013 2017/1/2017
f 2013/1/2013 2018/1/2018 2017/1/2017
f 2013/1/2013 2016/1/2016 2018/1/2018
f 2016/1/2016 2021/1/2021 2018/1/2018
f 2016/1/2016 2019/1/2019 2021/1/2021
f 2014/1/2014 2019/1/2019 2016/1/2016
f 2014/1/2014 2020/1/2020 2019/1/2019
f 2015/1/2015 2020/1/2020 2014/1/2014
f 2017/1/2017 2018/1/2018 2022/1/2022
f 2018/1/2018 2023/1/2023 2022/1/2022
f 2018/1/2018 2021/1/2021 2023/1/2023
f 2021/1/2021 2026/1/2026 2023/1/2023
f 2021/1/2021 2024/1/2024 2026/1/2026
f 2019/1/2019 2024/1/2024 2021/1/2021
f 2019/1/2019 2025/1/2025 2024/1/2024
f 2020/1/2020 2025/1/2025 2019/1/2019
f 2022/1/2022 2023/1/2023 2027/1/2027
f 2023/1/2023 2028/1/2028 2027/1/2027
f 2023/1/2023 2026/1/2026 2028/1/2028
f 2026/1/2026 2031/1/2031 2028/1/2028
f 2026/1/2026 2029/1/2029 2031/1/2031
f 2024/1/2024 2029/1/2029 2026/1/2026
f 2024/1/2024 2030/1/2030 2029/1/2029
f 2025/1/2025 2030/1/2030 2024/1/2024
f 2027/1/2027 2028/1/2028 2032/1/2032
f 2028/1/2028 2033/1/2033 2032/1/2032
f 2028/1/2028 2031/1/2031 2033/1/2033
f 2031/1/2031 2036/1/2036 2033/1/2033
f 2031/1/2031 2034/1/2034 2036/1/2036
f 2029/1/2029 2034/1/2034 2031/1/2031
f 2029/1/2029 2035/1/2035 2034/1/2034
f 2030/1/2030 2035/1/2035 2029/1/2029
f 2032/1/2032 2033/1/2033 2037/1/2037
f 2033/1/2033 2038/1/2038 2037/1/2037
f 2033/1/2033 2036/1/2036 2038/1/2038
f 2036/1/2036 2041/1/2041 2038/1/2038
f 2036/1/2036 2039/1/2039 2041/1/2041
f 2034/1/2034 2039/1/2039 2036/1/2036
f 2034/1/2034 2040/1/2040 2039/1/2039
f 2035/1/2035 2040/1/2040 2034/1/2034
f 2037/1/2037 2038/1/2038 2042/1/2042
f 2038/1/2038 2043/1/2043 2042/1/2042
f 2038/1/2038 2041/1/2041 2043/1/2043
f 2041/1/2041 2046/1/2046 2043/1/2043
f 2041/1/2041 2044/1/2044 2046/1/2046
f 2039/1/2039 2044/1/2044 2041/1/2041
f 2039/1/2039 2045/1/2045 2044/1/2044
f 2040/1/2040 2045/1/2045 2039/1/2039
f 2042/1/2042 2043/1/2043 2047/1/2047
f 2043/1/2043 2048/1/2048 2047/1/2047
f 2043/1/2043 2046/1/2046 2048/1/2048
f 2046/1/2046 2051/1/2051 2048/1/2048
f 2046/1/2046 2049/1/2049 2051/1/2051
f 2044/1/2044 2049/1/2049 2046/1/2046
f 2044/1/2044 2050/1/2050 2049/1/2049
f 2045/1/2045 2050/1/2050 2044/1/2044
f 2047/1/2047 2048/1/2048 2052/1/2052
f 2048/1/2048 2053/1/2053 2052/1/2052
f 2048/1/2048 2051/1/2051 2053/1/2053
f 2051/1/2051 2056/1/2056 2053/1/2053
f 2051/1/2051 2054/1/2054 2056/1/2056
f 2049/1/2049 2054/1/2054 2051/1/2051
f 2049/1/2049 2055/1/2055 2054/1/2054
f 2050/1/2050 2055/1/2055 2049/1/2049
f 2052/1/2052 2053/1/2053 2057/1/2057
f 2053/1/2053 2058/1/2058 2057/1/2057
f 2053/1/2053 2056/1/2056 2058/1/2058
f 2056/1/2056 2061/1/2061 2058/1/2058
f 2056/1/2056 2059/1/2059 2061/1/2061
f 2054/1/2054 2059/1/2059 2056/1/2056
f 2054/1/2054 2060/1/2060 2059/1/2059
f 2055/1/2055 2060/1/2060 2054/1/2054
f 2057/1/2057 2058/1/2058 2062/1/2062
f 2058/1/2058 2063/1/2063 2062/1/2062
f 2058/1/2058 2061/1/2061 2063/1/2063
f 2061/1/2061 2066/1/2066 2063/1/2063
f 2061/1/2061 2064/1/2064 2066/1/2066
f 2059/1/2059 2064/1/2064 2061/1/2061
f 2059/1/2059 2065/1/2065 2064/1/2064
f 2060/1/2060 2065/1/2065 2059/1/2059
f 2062/1/2062 2063/1/2063 2067/1/2067
f 2063/1/2063 2068/1/2068 2067/1/2067
f 2063/1/2063 2066/1/2066 2068/1/2068
f 2066/1/2066 2071/1/2071 2068/1/2068
f 2066/1/2066 2069/1/2069 2071/1/2071
f 2064/1/2064 2069/1/2069 2066/1/2066
f 2064/1/2064 2070/1/2070 2069/1/2069
f 2065/1/2065 2070/1/2070 2064/1/2064
f 2067/1/2067 2068/1/2068 2072/1/2072
f 2068/1/2068 2073/1/2073 2072/1/2072
f 2068/1/2068 2071/1/2071 2073/1/2073
f 2071/1/2071 2076/1/2076 2073/1/2073
f 2071/1/2071 2074/1/2074 2076/1/2076
f 2069/1/2069 2074/1/2074 2071/1/2071
f 2069/1/2069 2075/1/2075 2074/1/2074
f 2070/1/2070 2075/1/2075 2069/1/2069
f 2072/1/2072 2073/1/2073 2077/1/2077
f 2073/1/2073 2078/1/2078 2077/1/2077
f 2073/1/2073 2076/1/2076 2078/1/2078
f 2076/1/2076 2081/1/2081 2078/1/2078
f 2076/1/2076 2079/1/2079 2081/1/2081
f 2074/1/2074 2079/1/2079 2076/1/2076
f 2074/1/2074 2080/1/2080 2079/1/2079
f 2075/1/2075 2080/1/2080 2074/1/2074
f 2077/1/2077 2078/1/2078 2082/1/2082
f 2078/1/2078 2083/1/2083 2082/1/2082
f 2078/1/2078 2081/1/2081 2083/1/2083
f 2081/1/2081 2086/1/2086 2083/1/2083
f 2081/1/2081 2084/1/2084 2086/1/2086
f 2079/1/2079 2084/1/2084 2081/1/2081
f 2079/1/2079 2085/1/2085 2084/1/2084
f 2080/1/2080 2085/1/2085 2079/1/2079
f 2082/1/2082 2083/1/2083 2087/1/2087
f 2083/1/2083 2088/1/2088 2087/1/2087
f 2083/1/2083 2086/1/2086 2088/1/2088
f 2086/1/2086 2091/1/2091 2088/1/2088
f 2086/1/2086 2089/1/2089 2091/1/2091
f 2084/1/2084 2089/1/2089 2086/1/2086
f 2084/1/2084 2090/1/2090 2089/1/2089
f 2085/1/2085 2090/1/2090 2084/1/2084
f 2087/1/2087 2088/1/2088 2092/1/2092
f 2088/1/2088 2093/1/2093 2092/1/2092
f 2088/1/2088 2091/1/2091 2093/1/2093
f 2091/1/2091 2096/1/2096 2093/1/2093
f 2091/1/2091 2094/1/2094 2096/1/2096
f 2089/1/2089 2094/1/2094 2091/1/2091
f 2089/1/2089 2095/1/2095 2094/1/2094
f 2090/1/2090 2095/1/2095 2089/1/2089
f 2092/1/2092 2093/1/2093 2097/1/2097
f 2093/1/2093 2098/1/2098 2097/1/2097
f 2093/1/2093 2096/1/2096 2098/1/2098
f 2096/1/2096 2101/1/2101 2098/1/2098
f 2096/1/2096 2099/1/2099 2101/1/2101
f 2094/1/2094 2099/1/2099 2096/1/2096
f 2094/1/2094 2100/1/2100 2099/1/2099
f 2095/1/2095 2100/1/2100 2094/1/2094
f 2097/1/2097 2098/1/2098 2102/1/2102
f 2098/1/2098 2103/1/2103 2102/1/2102
f 2098/1/2098 2101/1/2101 2103/1/2103
f 2101/1/2101 2106/1/2106 2103/1/2103
f 2101/1/2101 2104/1/2104 2106/1/2106
f 2099/1/2099 2104/1/2104 2101/1/2101
f 2099/1/2099 2105/1/2105 2104/1/2104
f 2100/1/2100 2105/1/2105 2099/1/2099
f 2102/1/2102 2103/1/2103 2107/1/2107
f 2103/1/2103 2108/1/2108 2107/1/2107
f 2103/1/2103 2106/1/2106 2108/1/2108
f 2106/1/2106 2111/1/2111 2108/1/2108
f 2106/1/2106 2109/1/2109 2111/1/2111
f 2104/1/2104 2109/1/2109 2106/1/2106
f 2104/1/2104 2110/1/2110 2109/1/2109
f 2105/1/2105 2110/1/2110 2104/1/2104
f 2107/1/2107 2108/1/2108 2112/1/2112
f 2108/1/2108 2113/1/2113 2112/1/2112
f 2108/1/2108 2111/1/2111 2113/1/2113
f 2111/1/2111 2116/1/2116 2113/1/2113
f 2111/1/2111 2114/1/2114 2116/1/2116
f 2109/1/2109 2114/1/2114 2111/1/2111
f 2109/1/2109 2115/1/2115 2114/1/2114
f 2110/1/2110 2115/1/2115 2109/1/2109
f 2112/1/2112 2113/1/2113 2117/1/2117
f 2113/1/2113 2118/1/2118 2117/1/2117
f 2113/1/2113 2116/1/2116 2118/1/2118
f 2116/1/2116 2121/1/2121 2118/1/2118
f 2116/1/2116 2119/1/2119 2121/1/2121
f 2114/1/2114 2119/1/2119 2116/1/2116
f 2114/1/2114 2120/1/2120 2119/1/2119
f 2115/1/2115 2120/1/2120 2114/1/2114
f 2117/1/2117 2118/1/2118 2122/1/2122
f 2118/1/2118 2123/1/2123 2122/1/2122
f 2118/1/2118 2121/1/2121 2123/1/2123
f 2121/1/2121 2126/1/2126 2123/1/2123
f 2121/1/2121 2124/1/2124 2126/1/2126
f 2119/1/2119 2124/1/2124 2121/1/2121
f 2119/1/2119 2125/1/2125 2124/1/2124
f 2120/1/2120 2125/1/2125 2119/1/2119
f 2122/1/2122 2123/1/2123 2127/1/2127
f 2123/1/2123 2128/1/2128 2127/1/2127
f 2123/1/2123 2126/1/2126 2128/1/2128
f 2126/1/2126 2131/1/2131 2128/1/2128
f 2126/1/2126 2129/1/2129 2131/1/2131
f 2124/1/2124 2129/1/2129 2126/1/2126
f 2124/1/2124 2130/1/2130 2129/1/2129
f 2125/1/2125 2130/1/2130 2124/1/2124
f 2127/1/2127 2128/1/2128 2132/1/2132
f 2128/1/2128 2133/1/2133 2132/1/2132
f 2128/1/2128 2131/1/2131 2133/1/2133
f 2131/1/2131 2136/1/2136 2133/1/2133
f 2131/1/2131 2134/1/2134 2136/1/2136
f 2129/1/2129 2134/1/2134 2131/1/2131
f 2129/1/2129 2135/1/2135 2134/1/2134
f 2130/1/2130 2135/1/2135 2129/1/2129
f 2132/1/2132 2133/1/2133 2137/1/2137
f 2133/1/2133 2138/1/2138 2137/1/2137
f 2133/1/2133 2136/1/2136 2138/1/2138
f 2136/1/2136 2141/1/2141 2138/1/2138
f 2136/1/2136 2139/1/2139 2141/1/2141
f 2134/1/2134 2139/1/2139 2136/1/2136
f 2134/1/2134 2140/1/2140 2139/1/2139
f 2135/1/2135 2140/1/2140 2134/1/2134
f 2137/1/2137 2138/1/2138 2142/1/2142
f 2138/1/2138 2143/1/2143 2142/1/2142
f 2138/1/2138 2141/1/2141 2143/1/2143
f 2141/1/2141 2146/1/2146 2143/1/2143
f 2141/1/2141 2144/1/2144 2146/1/2146
f 2139/1/2139 2144/1/2144 2141/1/2141
f 2139/1/2139 2145/1/2145 2144/1/2144
f 2140/1/2140 2145/1/2145 2139/1/2139
f 2142/1/2142 2143/1/2143 2147/1/2147
f 2143/1/2143 2148/1/2148 2147/1/2147
f 2143/1/2143 2146/1/2146 2148/1/2148
f 2146/1/2146 2151/1/2151 2148/1/2148
f 2146/1/2146 2149/1/2149 2151/1/2151
f 2144/1/2144 2149/1/2149 2146/1/2146
f 2144/1/2144 2150/1/2150 2149/1/2149
f 2145/1/2145 2150/1/2150 2144/1/2144
f 2147/1/2147 2148/1/2148 2152/1/2152
f 2148/1/2148 2153/1/2153 2152/1/2152
f 2148/1/2148 2151/1/2151 2153/1/2153
f 2151/1/2151 2156/1/2156 2153/1/2153
f 2151/1/2151 2154/1/2154 2156/1/2156
f 2149/1/2149 2154/1/2154 2151/1/2151
f 2149/1/2149 2155/1/2155 2154/1/2154
f 2150/1/2150 2155/1/2155 2149/1/2149
f 2152/1/2152 2153/1/2153 2157/1/2157
f 2153/1/2153 2158/1/2158 2157/1/2157
f 2153/1/2153 2156/1/2156 2158/1/2158
f 2156/1/2156 2161/1/2161 2158/1/2158
f 2156/1/2156 2159/1/2159 2161/1/2161
f 2154/1/2154 2159/1/2159 2156/1/2156
f 2154/1/2154 2160/1/2160 2159/1/2159
f 2155/1/2155 2160/1/2160 2154/1/2154
f 2157/1/2157 2158/1/2158 2162/1/2162
f 2158/1/2158 2163/1/2163 2162/1/2162
f 2158/1/2158 2161/1/2161 2163/1/2163
f 2161/1/2161 2166/1/2166 2163/1/2163
f 2161/1/2161 2164/1/2164 2166/1/2166
f 2159/1/2159 2164/1/2164 2161/1/2161
f 2159/1/2159 2165/1/2165 2164/1/2164
f 2160/1/2160 2165/1/2165 2159/1/2159
f 2162/1/2162 2163/1/2163 2167/1/2167
f 2163/1/2163 2168/1/2168 2167/1/2167
f 2163/1/2163 2166/1/2166 2168/1/2168
f 2166/1/2166 2171/1/2171 2168/1/2168
f 2166/1/2166 2169/1/2169 2171/1/2171
f 2164/1/2164 2169/1/2169 2166/1/2166
f 2164/1/2164 2170/1/2170 2169/1/2169
f 2165/1/2165 2170/1/2170 2164/1/2164
f 2167/1/2167 2168/1/2168 2172/1/2172
f 2168/1/2168 2173/1/2173 2172/1/2172
f 2168/1/2168 2171/1/2171 2173/1/2173
f 2171/1/2171 2176/1/2176 2173/1/2173
f 2171/1/2171 2174/1/2174 2176/1/2176
f 2169/1/2169 2174/1/2174 2171/1/2171
f 2169/1/2169 2175/1/2175 2174/1/2174
f 2170/1/2170 2175/1/2175 2169/1/2169
f 2177/1/2177 2179/1/2179 2178/1/2178
f 2177/1/2177 2182/1/2182 2179/1/2179
f 2177/1/2177 2180/1/2180 2182/1/2182
f 2177/1/2177 2181/1/2181 2180/1/2180
f 2178/1/2178 2179/1/2179 2183/1/2183
f 2179/1/2179 2184/1/2184 2183/1/2183
f 2179/1/2179 2182/1/2182 2184/1/2184
f 2182/1/2182 2187/1/2187 2184/1/2184
f 2182/1/2182 2185/1/2185 2187/1/2187
f 2180/1/2180 2185/1/2185 2182/1/2182
f 2180/1/2180 2186/1/2186 2185/1/2185
f 2181/1/2181 2186/1/2186 2180/1/2180
f 2183/1/2183 2184/1/2184 2188/1/2188
f 2184/1/2184 2189/1/2189 2188/1/2188
f 2184/1/2184 2187/1/2187 2189/1/2189
f 2187/1/2187 2192/1/2192 2189/1/2189
f 2187/1/2187 2190/1/2190 2192/1/2192
f 2185/1/2185 2190/1/2190 2187/1/2187
f 2185/1/2185 2191/1/2191 2190/1/2190
f 2186/1/2186 2191/1/2191 2185/1/2185
f 2188/1/2188 2189/1/2189 2193/1/2193
f 2189/1/2189 2194/1/2194 2193/1/2193
f 2189/1/2189 2192/1/2192 2194/1/2194
f 2192/1/2192 2197/1/2197 2194/1/2194
f 2192/1/2192 2195/1/2195 2197/1/2197
f 2190/1/2190 2195/1/2195 2192/1/2192
f 2190/1/2190 2196/1/2196 2195/1/2195
f 2191/1/2191 2196/1/2196 2190/1/2190
f 2193/1/2193 2194/1/2194 2198/1/2198
f 2194/1/2194 2199/1/2199 2198/1/2198
f 2194/1/2194 2197/1/2197 2199/1/2199
f 2197/1/2197 2202/1/2202 2199/1/2199
f 2197/1/2197 2200/1/2200 2202/1/2202
f 2195/1/2195 2200/1/2200 2197/1/2197
f 2195/1/2195 2201/1/2201 2200/1/2200
f 2196/1/2196 2201/1/2201 2195/1/2195
f 2198/1/2198 2199/1/2199 2203/1/2203
f 2199/1/2199 2204/1/2204 2203/1/2203
f 2199/1/2199 2202/1/2202 2204/1/2204
f 2202/1/2202 2207/1/2207 2204/1/2204
f 2202/1/2202 2205/1/2205 2207/1/2207
f 2200/1/2200 2205/1/2205 2202/1/2202
f 2200/1/2200 2206/1/2206 2205/1/2205
f 2201/1/2201 2206/1/2206 2200/1/2200
f 2203/1/2203 2204/1/2204 2208/1/2208
f 2204/1/2204 2209/1/2209 2208/1/2208
f 2204/1/2204 2207/1/2207 2209/1/2209
f 2207/1/2207 2212/1/2212 2209/1/2209
f 2207/1/2207 2210/1/2210 2212/1/2212
f 2205/1/2205 2210/1/2210 2207/1/2207
f 2205/1/2205 2211/1/2211 2210/1/2210
f 2206/1/2206 2211/1/2211 2205/1/2205
f 2208/1/2208 2209/1/2209 2213/1/2213
f 2209/1/2209 2214/1/2214 2213/1/2213
f 2209/1/2209 2212/1/2212 2214/1/2214
f 2212/1/2212 2217/1/2217 2214/1/2214
f 2212/1/2212 2215/1/2215 2217/1/2217
f 2210/1/2210 2215/1/2215 2212/1/2212
f 2210/1/2210 2216/1/2216 2215/1/2215
f 2211/1/2211 2216/1/2216 2210/1/2210
f 2213/1/2213 2214/1/2214 2218/1/2218
f 2214/1/2214 2219/1/2219 2218/1/2218
f 2214/1/2214 2217/1/2217 2219/1/2219
f 2217/1/2217 2222/1/2222 2219/1/2219
f 2217/1/2217 2220/1/2220 2222/1/2222
f 2215/1/2215 2220/1/2220 2217/1/2217
f 2215/1/2215 2221/1/2221 2220/1/2220
f 2216/1/2216 2221/1/2221 2215/1/2215
f 2218/1/2218 2219/1/2219 2223/1/2223
f 2219/1/2219 2224/1/2224 2223/1/2223
f 2219/1/2219 2222/1/2222 2224/1/2224
f 2222/1/2222 2227/1/2227 2224/1/2224
f 2222/1/2222 2225/1/2225 2227/1/2227
f 2220/1/2220 2225/1/2225 2222/1/2222
f 2220/1/2220 2226/1/2226 2225/1/2225
f 2221/1/2221 2226/1/2226 2220/1/2220
f 2223/1/2223 2224/1/2224 2228/1/2228
f 2224/1/2224 2229/1/2229 2228/1/2228
f 2224/1/2224 2227/1/2227 2229/1/2229
f 2227/1/2227 2232/1/2232 2229/1/2229
f 2227/1/2227 2230/1/2230 2232/1/2232
f 2225/1/2225 2230/1/2230 2227/1/2227
f 2225/1/2225 2231/1/2231 2230/1/2230
f 2226/1/2226 2231/1/2231 2225/1/2225
f 2228/1/2228 2229/1/2229 2233/1/2233
f 2229/1/2229 2234/1/2234 2233/1/2233
f 2229/1/2229 2232/1/2232 2234/1/2234
f 2232/1/2232 2237/1/2237 2234/1/2234
f 2232/1/2232 2235/1/2235 2237/1/2237
f 2230/1/2230 2235/1/2235 2232/1/2232
f 2230/1/2230 2236/1/2236 2235/1/2235
f 2231/1/2231 2236/1/2236 2230/1/2230
f 2233/1/2233 2234/1/2234 2238/1/2238
f 2234/1/2234 2239/1/2239 2238/1/2238
f 2234/1/2234 2237/1/2237 2239/1/2239
f 2237/1/2237 2242/1/2242 2239/1/2239
f 2237/1/2237 2240/1/2240 2242/1/2242
f 2235/1/2235 2240/1/2240 2237/1/2237
f 2235/1/2235 2241/1/2241 2240/1/2240
f 2236/1/2236 2241/1/2241 2235/1/2235
f 2238/1/2238 2239/1/2239 2243/1/2243
f 2239/1/2239 2244/1/2244 2243/1/2243
f 2239/1/2239 2242/1/2242 2244/1/2244
f 2242/1/2242 2247/1/2247 2244/1/2244
f 2242/1/2242 2245/1/2245 2247/1/2247
f 2240/1/2240 2245/1/2245 2242/1/2242
f 2240/1/2240 2246/1/2246 2245/1/2245
f 2241/1/2241 2246/1/2246 2240/1/2240
f 2243/1/2243 2244/1/2244 2248/1/2248
f 2244/1/2244 2249/1/2249 2248/1/2248
f 2244/1/2244 2247/1/2247 2249/1/2249
f 2247/1/2247 2252/1/2252 2249/1/2249
f 2247/1/2247 2250/1/2250 2252/1/2252
f 2245/1/2245 2250/1/2250 2247/1/2247
f 2245/1/2245 2251/1/2251 2250/1/2250
f 2246/1/2246 2251/1/2251 2245/1/2245
f 2248/1/2248 2249/1/2249 2253/1/2253
f 2249/1/2249 2254/1/2254 2253/1/2253
f 2249/1/2249 2252/1/2252 2254/1/2254
f 2252/1/2252 2257/1/2257 2254/1/2254
f 2252/1/2252 2255/1/2255 2257/1/2257
f 2250/1/2250 2255/1/2255 2252/1/2252
f 2250/1/2250 2256/1/2256 2255/1/2255
f 2251/1/2251 2256/1/2256 2250/1/2250
f 2253/1/2253 2254/1/2254 2258/1/2258
f 2254/1/2254 2259/1/2259 2258/1/2258
f 2254/1/2254 2257/1/2257 2259/1/2259
f 2257/1/2257 2262/1/2262 2259/1/2259
f 2257/1/2257 2260/1/2260 2262/1/2262
f 2255/1/2255 2260/1/2260 2257/1/2257
f 2255/1/2255 2261/1/2261 2260/1/2260
f 2256/1/2256 2261/1/2261 2255/1/2255
f 2258/1/2258 2259/1/2259 2263/1/2263
f 2259/1/2259 2264/1/2264 2263/1/2263
f 2259/1/2259 2262/1/2262 2264/1/2264
f 2262/1/2262 2267/1/2267 2264/1/2264
f 2262/1/2262 2265/1/2265 2267/1/2267
f 2260/1/2260 2265/1/2265 2262/1/2262
f 2260/1/2260 2266/1/2266 2265/1/2265
f 2261/1/2261 2266/1/2266 2260/1/2260
f 2263/1/2263 2264/1/2264 2268/1/2268
f 2264/1/2264 2269/1/2269 2268/1/2268
f 2264/1/2264 2267/1/2267 2269/1/2269
f 2267/1/2267 2272/1/2272 2269/1/2269
f 2267/1/2267 2270/1/2270 2272/1/2272
f 2265/1/2265 2270/1/2270 2267/1/2267
f 2265/1/2265 2271/1/2271 2270/1/2270
f 2266/1/2266 2271/1/2271 2265/1/2265
f 2268/1/2268 2269/1/2269 2273/1/2273
f 2269/1/2269 2274/1/2274 2273/1/2273
f 2269/1/2269 2272/1/2272 2274/1/2274
f 2272/1/2272 2277/1/2277 2274/1/2274
f 2272/1/2272 2275/1/2275 2277/1/2277
f 2270/1/2270 2275/1/2275 2272/1/2272
f 2270/1/2270 2276/1/2276 2275/1/2275
f 2271/1/2271 2276/1/2276 2270/1/2270
f 2273/1/2273 2274/1/2274 2278/1/2278
f 2274/1/2274 2279/1/2279 2278/1/2278
f 2274/1/2274 2277/1/2277 2279/1/2279
f 2277/1/2277 2282/1/2282 2279/1/2279
f 2277/1/2277 2280/1/2280 2282/1/2282
f 2275/1/2275 2280/1/2280 2277/1/2277
f 2275/1/2275 2281/1/2281 2280/1/2280
f 2276/1/2276 2281/1/2281 2275/1/2275
f 2278/1/2278 2279/1/2279 2283/1/2283
f 2279/1/2279 2284/1/2284 2283/1/2283
f 2279/1/2279 2282/1/2282 2284/1/2284
f 2282/1/2282 2287/1/2287 2284/1/2284
f 2282/1/2282 2285/1/2285 2287/1/2287
f 2280/1/2280 2285/1/2285 2282/1/2282
f 2280/1/2280 2286/1/2286 2285/1/2285
f 2281/1/2281 2286/1/2286 2280/1/2280
f 2283/1/2283 2284/1/2284 2288/1/2288
f 2284/1/2284 2289/1/2289 2288/1/2288
f 2284/1/2284 2287/1/2287 2289/1/2289
f 2287/1/2287 2292/1/2292 2289/1/2289
f 2287/1/2287 2290/1/2290 2292/1/2292
f 2285/1/2285 2290/1/2290 2287/1/2287
f 2285/1/2285 2291/1/2291 2290/1/2290
f 2286/1/2286 2291/1/2291 2285/1/2285
f 2288/1/2288 2289/1/2289 2293/1/2293
f 2289/1/2289 2294/1/2294 2293/1/2293
f 2289/1/2289 2292/1/2292 2294/1/2294
f 2292/1/2292 2297/1/2297 2294/1/2294
f 2292/1/2292 2295/1/2295 2297/1/2297
f 2290/1/2290 2295/1/2295 2292/1/2292
f 2290/1/2290 2296/1/2296 2295/1/2295
f 2291/1/2291 2296/1/2296 2290/1/2290
f 2293/1/2293 2294/1/2294 2298/1/2298
f 2294/1/2294 2299/1/2299 2298/1/2298
f 2294/1/2294 2297/1/2297 2299/1/2299
f 2297/1/2297 2302/1/2302 2299/1/2299
f 2297/1/2297 2300/1/2300 2302/1/2302
f 2295/1/2295 2300/1/2300 2297/1/2297
f 2295/1/2295 2301/1/2301 2300/1/2300
f 2296/1/2296 2301/1/2301 2295/1/2295
f 2298/1/2298 2299/1/2299 2303/1/2303
f 2299/1/2299 2304/1/2304 2303/1/2303
f 2299/1/2299 2302/1/2302 2304/1/2304
f 2302/1/2302 2307/1/2307 2304/1/2304
f 2302/1/2302 2305/1/2305 2307/1/2307
f 2300/1/2300 2305/1/2305 2302/1/2302
f 2300/1/2300 2306/1/2306 2305/1/2305
f 2301/1/2301 2306/1/2306 2300/1/2300
f 2303/1/2303 2304/1/2304 2308/1/2308
f 2304/1/2304 2309/1/2309 2308/1/2308
f 2304/1/2304 2307/1/2307 2309/1/2309
f 2307/1/2307 2312/1/2312 2309/1/2309
f 2307/1/2307 2310/1/2310 2312/1/2312
f 2305/1/2305 2310/1/2310 2307/1/2307
f 2305/1/2305 2311/1/2311 2310/1/2310
f 2306/1/2306 2311/1/2311 2305/1/2305
f 2308/1/2308 2309/1/2309 2313/1/2313
f 2309/1/2309 2314/1/2314 2313/1/2313
f 2309/1/2309 2312/1/2312 2314/1/2314
f 2312/1/2312 2317/1/2317 2314/1/2314
f 2312/1/2312 2315/1/2315 2317/1/2317
f 2310/1/2310 2315/1/2315 2312/1/2312
f 2310/1/2310 2316/1/2316 2315/1/2315
f 2311/1/2311 2316/1/2316 2310/1/2310
f 2313/1/2313 2314/1/2314 2318/1/2318
f 2314/1/2314 2319/1/2319 2318/1/2318
f 2314/1/2314 2317/1/2317 2319/1/2319
f 2317/1/2317 2322/1/2322 2319/1/2319
f 2317/1/2317 2320/1/2320 2322/1/2322
f 2315/1/2315 2320/1/2320 2317/1/2317
f 2315/1/2315 2321/1/2321 2320/1/2320
f 2316/1/2316 2321/1/2321 2315/1/2315
f 2318/1/2318 2319/1/2319 2323/1/2323
f 2319/1/2319 2324/1/2324 2323/1/2323
f 2319/1/2319 2322/1/2322 2324/1/2324
f 2322/1/2322 2327/1/2327 2324/1/2324
f 2322/1/2322 2325/1/2325 2327/1/2327
f 2320/1/2320 2325/1/2325 2322/1/2322
f 2320/1/2320 2326/1/2326 2325/1/2325
f 2321/1/2321 2326/1/2326 2320/1/2320
f 2323/1/2323 2324/1/2324 2328/1/2328
f 2324/1/2324 2329/1/2329 2328/1/2328
f 2324/1/2324 2327/1/2327 2329/1/2329
f 2327/1/2327 2332/1/2332 2329/1/2329
f 2327/1/2327 2330/1/2330 2332/1/2332
f 2325/1/2325 2330/1/2330 2327/1/2327
f 2325/1/2325 2331/1/2331 2330/1/2330
f 2326/1/2326 2331/1/2331 2325/1/2325
f 2328/1/2328 2329/1/2329 2333/1/2333
f 2329/1/2329 2334/1/2334 2333/1/2333
f 2329/1/2329 2332/1/2332 2334/1/2334
f 2332/1/2332 2337/1/2337 2334/1/2334
f 2332/1/2332 2335/1/2335 2337/1/2337
f 2330/1/2330 2335/1/2335 2332/1/2332
f 2330/1/2330 2336/1/2336 2335/1/2335
f 2331/1/2331 2336/1/2336 2330/1/2330
f 2333/1/2333 2334/1/2334 2338/1/2338
f 2334/1/2334 2339/1/2339 2338/1/2338
f 2334/1/2334 2337/1/2337 2339/1/2339
f 2337/1/2337 2342/1/2342 2339/1/2339
f 2337/1/2337 2340/1/2340 2342/1/2342
f 2335/1/2335 2340/1/2340 2337/1/2337
f 2335/1/2335 2341/1/2341 2340/1/2340
f 2336/1/2336 2341/1/2341 2335/1/2335
f 2338/1/2338 2339/1/2339 2343/1/2343
f 2339/1/2339 2344/1/2344 2343/1/2343
f 2339/1/2339 2342/1/2342 2344/1/2344
f 2342/1/2342 2347/1/2347 2344/1/2344
f 2342/1/2342 2345/1/2345 2347/1/2347
f 2340/1/2340 2345/1/2345 2342/1/2342
f 2340/1/2340 2346/1/2346 2345/1/2345
f 2341/1/2341 2346/1/2346 2340/1/2340
f 2343/1/2343 2344/1/2344 2348/1/2348
f 2344/1/2344 2349/1/2349 2348/1/2348
f 2344/1/2344 2347/1/2347 2349/1/2349
f 2347/1/2347 2352/1/2352 2349/1/2349
f 2347/1/2347 2350/1/2350 2352/1/2352
f 2345/1/2345 2350/1/2350 2347/1/2347
f 2345/1/2345 2351/1/2351 2350/1/2350
f 2346/1/2346 2351/1/2351 2345/1/2345
f 2348/1/2348 2349/1/2349 2353/1/2353
f 2349/1/2349 2354/1/2354 2353/1/2353
f 2349/1/2349 2352/1/2352 2354/1/2354
f 2352/1/2352 2357/1/2357 2354/1/2354
f 2352/1/2352 2355/1/2355 2357/1/2357
f 2350/1/2350 2355/1/2355 2352/1/2352
f 2350/1/2350 2356/1/2356 2355/1/2355
f 2351/1/2351 2356/1/2356 2350/1/2350
f 2353/1/2353 2354/1/2354 2358/1/2358
f 2354/1/2354 2359/1/2359 2358/1/2358
f 2354/1/2354 2357/1/2357 2359/1/2359
f 2357/1/2357 2362/1/2362 2359/1/2359
f 2357/1/2357 2360/1/2360 2362/1/2362
f 2355/1/2355 2360/1/2360 2357/1/2357
f 2355/1/2355 2361/1/2361 2360/1/2360
f 2356/1/2356 2361/1/2361 2355/1/2355
f 2358/1/2358 2359/1/2359 2363/1/2363
f 2359/1/2359 2364/1/2364 2363/1/2363
f 2359/1/2359 2362/1/2362 2364/1/2364
f 2362/1/2362 2367/1/2367 2364/1/2364
f 2362/1/2362 2365/1/2365 2367/1/2367
f 2360/1/2360 2365/1/2365 2362/1/2362
f 2360/1/2360 2366/1/2366 2365/1/2365
f 2361/1/2361 2366/1/2366 2360/1/2360
f 2363/1/2363 2364/1/2364 2368/1/2368
f 2364/1/2364 2369/1/2369 2368/1/2368
f 2364/1/2364 2367/1/2367 2369/1/2369
f 2367/1/2367 2372/1/2372 2369/1/2369
f 2367/1/2367 2370/1/2370 2372/1/2372
f 2365/1/2365 2370/1/2370 2367/1/2367
f 2365/1/2365 2371/1/2371 2370/1/2370
f 2366/1/2366 2371/1/2371 2365/1/2365
f 2368/1/2368 2369/1/2369 2373/1/2373
f 2369/1/2369 2374/1/2374 2373/1/2373
f 2369/1/2369 2372/1/2372 2374/1/2374
f 2372/1/2372 2377/1/2377 2374/1/2374
f 2372/1/2372 2375/1/2375 2377/1/2377
f 2370/1/2370 2375/1/2375 2372/1/2372
f 2370/1/2370 2376/1/2376 2375/1/2375
f 2371/1/2371 2376/1/2376 2370/1/2370
f 2373/1/2373 2374/1/2374 2378/1/2378
f 2374/1/2374 2379/1/2379 2378/1/2378
f 2374/1/2374 2377/1/2377 2379/1/2379
f 2377/1/2377 2382/1/2382 2379/1/2379
f 2377/1/2377 2380/1/2380 2382/1/2382
f 2375/1/2375 2380/1/2380 2377/1/2377
f 2375/1/2375 2381/1/2381 2380/1/2380
f 2376/1/2376 2381/1/2381 2375/1/2375
f 2378/1/2378 2379/1/2379 2383/1/2383
f 2379/1/2379 2384/1/2384 2383/1/2383
f 2379/1/2379 2382/1/2382 2384/1/2384
f 2382/1/2382 2387/1/2387 2384/1/2384
f 2382/1/2382 2385/1/2385 2387/1/2387
f 2380/1/2380 2385/1/2385 2382/1/2382
f 2380/1/2380 2386/1/2386 2385/1/2385
f 2381/1/2381 2386/1/2386 2380/1/2380
f 2383/1/2383 2384/1/2384 2388/1/2388
f 2384/1/2384 2389/1/2389 2388/1/2388
f 2384/1/2384 2387/1/2387 2389/1/2389
f 2387/1/2387 2392/1/2392 2389/1/2389
f 2387/1/2387 2390/1/2390 2392/1/2392
f 2385/1/2385 2390/1/2390 2387/1/2387
f 2385/1/2385 2391/1/2391 2390/1/2390
f 2386/1/2386 2391/1/2391 2385/1/2385
f 2388/1/2388 2389/1/2389 2393/1/2393
f 2389/1/2389 2394/1/2394 2393/1/2393
f 2389/1/2389 2392/1/2392 2394/1/2394
f 2392/1/2392 2397/1/2397 2394/1/2394
f 2392/1/2392 2395/1/2395 2397/1/2397
f 2390/1/2390 2395/1/2395 2392/1/2392
f 2390/1/2390 2396/1/2396 2395/1/2395
f 2391/1/2391 2396/1/2396 2390/1/2390
f 2393/1/2393 2394/1/2394 2398/1/2398
f 2394/1/2394 2399/1/2399 2398/1/2398
f 2394/1/2394 2397/1/2397 2399/1/2399
f 2397/1/2397 2402/1/2402 2399/1/2399
f 2397/1/2397 2400/1/2400 2402/1/2402
f 2395/1/2395 2400/1/2400 2397/1/2397
f 2395/1/2395 2401/1/2401 2400/1/2400
f 2396/1/2396 2401/1/2401 2395/1/2395
f 2398/1/2398 2399/1/2399 2403/1/2403
f 2399/1/2399 2404/1/2404 2403/1/2403
f 2399/1/2399 2402/1/2402 2404/1/2404
f 2402/1/2402 2407/1/2407 2404/1/2404
f 2402/1/2402 2405/1/2405 2407/1/2407
f 2400/1/2400 2405/1/2405 2402/1/2402
f 2400/1/2400 2406/1/2406 2405/1/2405
f 2401/1/2401 2406/1/2406 2400/1/2400
f 2403/1/2403 2404/1/2404 2408/1/2408
f 2404/1/2404 2409/1/2409 2408/1/2408
f 2404/1/2404 2407/1/2407 2409/1/2409
f 2407/1/2407 2412/1/2412 2409/1/2409
f 2407/1/2407 2410/1/2410 2412/1/2412
f 2405/1/2405 2410/1/2410 2407/1/2407
f 2405/1/2405 2411/1/2411 2410/1/2410
f 2406/1/2406 2411/1/2411 2405/1/2405
f 2408/1/2408 2409/1/2409 2413/1/2413
f 2409/1/2409 2414/1/2414 2413/1/2413
f 2409/1/2409 2412/1/2412 2414/1/2414
f 2412/1/2412 2417/1/2417 2414/1/2414
f 2412/1/2412 2415/1/2415 2417/1/2417
f 2410/1/2410 2415/1/2415 2412/1/2412
f 2410/1/2410 2416/1/2416 2415/1/2415
f 2411/1/2411 2416/1/2416 2410/1/2410
f 2413/1/2413 2414/1/2414 2418/1/2418
f 2414/1/2414 2419/1/2419 2418/1/2418
f 2414/1/2414 2417/1/2417 2419/1/2419
f 2417/1/2417 2422/1/2422 2419/1/2419
f 2417/1/2417 2420/1/2420 2422/1/2422
f 2415/1/2415 2420/1/2420 2417/1/2417
f 2415/1/2415 2421/1/2421 2420/1/2420
f 2416/1/2416 2421/1/2421 2415/1/2415
f 2418/1/2418 2419/1/2419 2423/1/2423
f 2419/1/2419 2424/1/2424 2423/1/2423
f 2419/1/2419 2422/1/2422 2424/1/2424
f 2422/1/2422 2427/1/2427 2424/1/2424
f 2422/1/2422 2425/1/2425 2427/1/2427
f 2420/1/2420 2425/1/2425 2422/1/2422
f 2420/1/2420 2426/1/2426 2425/1/2425
f 2421/1/2421 2426/1/2426 2420/1/2420
f 2423/1/2423 2424/1/2424 2428/1/2428
f 2424/1/2424 2429/1/2429 2428/1/2428
f 2424/1/2424 2427/1/2427 2429/1/2429
f 2427/1/2427 2432/1/2432 2429/1/2429
f 2427/1/2427 2430/1/2430 2432/1/2432
f 2425/1/2425 2430/1/2430 2427/1/2427
f 2425/1/2425 2431/1/2431 2430/1/2430
f 2426/1/2426 2431/1/2431 2425/1/2425
f 2428/1/2428 2429/1/2429 2433/1/2433
f 2429/1/2429 2434/1/2434 2433/1/2433
f 2429/1/2429 2432/1/2432 2434/1/2434
f 2432/1/2432 2437/1/2437 2434/1/2434
f 2432/1/2432 2435/1/2435 2437/1/2437
f 2430/1/2430 2435/1/2435 2432/1/2432
f 2430/1/2430 2436/1/2436 2435/1/2435
f 2431/1/2431 2436/1/2436 2430/1/2430
f 2433/1/2433 2434/1/2434 2438/1/2438
f 2434/1/2434 2439/1/2439 2438/1/2438
f 2434/1/2434 2437/1/2437 2439/1/2439
f 2437/1/2437 2442/1/2442 2439/1/2439
f 2437/1/2437 2440/1/2440 2442/1/2442
f 2435/1/2435 2440/1/2440 2437/1/2437
f 2435/1/2435 2441/1/2441 2440/1/2440
f 2436/1/2436 2441/1/2441 2435/1/2435
f 2438/1/2438 2439/1/2439 2443/1/2443
f 2439/1/2439 2444/1/2444 2443/1/2443
f 2439/1/2439 2442/1/2442 2444/1/2444
f 2442/1/2442 2447/1/2447 2444/1/2444
f 2442/1/2442 2445/1/2445 2447/1/2447
f 2440/1/2440 2445/1/2445 2442/1/2442
f 2440/1/2440 2446/1/2446 2445/1/2445
f 2441/1/2441 2446/1/2446 2440/1/2440
f 2443/1/2443 2444/1/2444 2448/1/2448
f 2444/1/2444 2449/1/2449 2448/1/2448
f 2444/1/2444 2447/1/2447 2449/1/2449
f 2447/1/2447 2452/1/2452 2449/1/2449
f 2447/1/2447 2450/1/2450 2452/1/2452
f 2445/1/2445 2450/1/2450 2447/1/2447
f 2445/1/2445 2451/1/2451 2450/1/2450
f 2446/1/2446 2451/1/2451 2445/1/2445
f 2448/1/2448 2449/1/2449 2453/1/2453
f 2449/1/2449 2454/1/2454 2453/1/2453
f 2449/1/2449 2452/1/2452 2454/1/2454
f 2452/1/2452 2457/1/2457 2454/1/2454
f 2452/1/2452 2455/1/2455 2457/1/2457
f 2450/1/2450 2455/1/2455 2452/1/2452
f 2450/1/2450 2456/1/2456 2455/1/2455
f 2451/1/2451 2456/1/2456 2450/1/2450
f 2453/1/2453 2454/1/2454 2458/1/2458
f 2454/1/2454 2459/1/2459 2458/1/2458
f 2454/1/2454 2457/1/2457 2459/1/2459
f 2457/1/2457 2462/1/2462 2459/1/2459
f 2457/1/2457 2460/1/2460 2462/1/2462
f 2455/1/2455 2460/1/2460 2457/1/2457
f 2455/1/2455 2461/1/2461 2460/1/2460
f 2456/1/2456 2461/1/2461 2455/1/2455
f 2458/1/2458 2459/1/2459 2463/1/2463
f 2459/1/2459 2464/1/2464 2463/1/2463
f 2459/1/2459 2462/1/2462 2464/1/2464
f 2462/1/2462 2467/1/2467 2464/1/2464
f 2462/1/2462 2465/1/2465 2467/1/2467
f 2460/1/2460 2465/1/2465 2462/1/2462
f 2460/1/2460 2466/1/2466 2465/1/2465
f 2461/1/2461 2466/1/2466 2460/1/2460
f 2463/1/2463 2464/1/2464 2468/1/2468
f 2464/1/2464 2469/1/2469 2468/1/2468
f 2464/1/2464 2467/1/2467 2469/1/2469
f 2467/1/2467 2472/1/2472 2469/1/2469
f 2467/1/2467 2470/1/2470 2472/1/2472
f 2465/1/2465 2470/1/2470 2467/1/2467
f 2465/1/2465 2471/1/2471 2470/1/2470
f 2466/1/2466 2471/1/2471 2465/1/2465
f 2468/1/2468 2469/1/2469 2473/1/2473
f 2469/1/2469 2474/1/2474 2473/1/2473
f 2469/1/2469 2472/1/2472 2474/1/2474
f 2472/1/2472 2477/1/2477 2474/1/2474
f 2472/1/2472 2475/1/2475 2477/1/2477
f 2470/1/2470 2475/1/2475 2472/1/2472
f 2470/1/2470 2476/1/2476 2475/1/2475
f 2471/1/2471 2476/1/2476 2470/1/2470
f 2473/1/2473 2474/1/2474 2478/1/2478
f 2474/1/2474 2479/1/2479 2478/1/2478
f 2474/1/2474 2477/1/2477 2479/1/2479
f 2477/1/2477 2482/1/2482 2479/1/2479
f 2477/1/2477 2480/1/2480 2482/1/2482
f 2475/1/2475 2480/1/2480 2477/1/2477
f 2475/1/2475 2481/1/2481 2480/1/2480
f 2476/1/2476 2481/1/2481 2475/1/2475
f 2478/1/2478 2479/1/2479 2483/1/2483
f 2479/1/2479 2484/1/2484 2483/1/2483
f 2479/1/2479 2482/1/2482 2484/1/2484
f 2482/1/2482 2487/1/2487 2484/1/2484
f 2482/1/2482 2485/1/2485 2487/1/2487
f 2480/1/2480 2485/1/2485 2482/1/2482
f 2480/1/2480 2486/1/2486 2485/1/2485
f 2481/1/2481 2486/1/2486 2480/1/2480
f 2483/1/2483 2484/1/2484 2488/1/2488
f 2484/1/2484 2489/1/2489 2488/1/2488
f 2484/1/2484 2487/1/2487 2489/1/2489
f 2487/1/2487 2492/1/2492 2489/1/2489
f 2487/1/2487 2490/1/2490 2492/1/2492
f 2485/1/2485 2490/1/2490 2487/1/2487
f 2485/1/2485 2491/1/2491 2490/1/2490
f 2486/1/2486 2491/1/2491 2485/1/2485
f 2488/1/2488 2489/1/2489 2493/1/2493
f 2489/1/2489 2494/1/2494 2493/1/2493
f 2489/1/2489 2492/1/2492 2494/1/2494
f 2492/1/2492 2497/1/2497 2494/1/2494
f 2492/1/2492 2495/1/2495 2497/1/2497
f 2490/1/2490 2495/1/2495 2492/1/2492
f 2490/1/2490 2496/1/2496 2495/1/2495
f 2491/1/2491 2496/1/2496 2490/1/2490
f 2493/1/2493 2494/1/2494 2498/1/2498
f 2494/1/2494 2499/1/2499 2498/1/2498
f 2494/1/2494 2497/1/2497 2499/1/2499
f 2497/1/2497 2502/1/2502 2499/1/2499
f 2497/1/2497 2500/1/2500 2502/1/2502
f 2495/1/2495 2500/1/2500 2497/1/2497
f 2495/1/2495 2501/1/2501 2500/1/2500
f 2496/1/2496 2501/1/2501 2495/1/2495
f 2498/1/2498 2499/1/2499 2503/1/2503
f 2499/1/2499 2504/1/2504 2503/1/2503
f 2499/1/2499 2502/1/2502 2504/1/2504
f 2502/1/2502 2507/1/2507 2504/1/2504
f 2502/1/2502 2505/1/2505 2507/1/2507
f 2500/1/2500 2505/1/2505 2502/1/2502
f 2500/1/2500 2506/1/2506 2505/1/2505
f 2501/1/2501 2506/1/2506 2500/1/2500
f 2503/1/2503 2504/1/2504 2508/1/2508
f 2504/1/2504 2509/1/2509 2508/1/2508
f 2504/1/2504 2507/1/2507 2509/1/2509
f 2507/1/2507 2512/1/2512 2509/1/2509
f 2507/1/2507 2510/1/2510 2512/1/2512
f 2505/1/2505 2510/1/2510 2507/1/2507
f 2505/1/2505 2511/1/2511 2510/1/2510
f 2506/1/2506 2511/1/2511 2505/1/2505
f 2508/1/2508 2509/1/2509 2513/1/2513
f 2509/1/2509 2514/1/2514 2513/1/2513
f 2509/1/2509 2512/1/2512 2514/1/2514
f 2512/1/2512 2517/1/2517 2514/1/2514
f 2512/1/2512 2515/1/2515 2517/1/2517
f 2510/1/2510 2515/1/2515 2512/1/2512
f 2510/1/2510 2516/1/2516 2515/1/2515
f 2511/1/2511 2516/1/2516 2510/1/2510
f 2513/1/2513 2514/1/2514 2518/1/2518
f 2514/1/2514 2519/1/2519 2518/1/2518
f 2514/1/2514 2517/1/2517 2519/1/2519
f 2517/1/2517 2522/1/2522 2519/1/2519
f 2517/1/2517 2520/1/2520 2522/1/2522
f 2515/1/2515 2520/1/2520 2517/1/2517
f 2515/1/2515 2521/1/2521 2520/1/2520
f 2516/1/2516 2521/1/2521 2515/1/2515
f 2518/1/2518 2519/1/2519 2523/1/2523
f 2519/1/2519 2524/1/2524 2523/1/2523
f 2519/1/2519 2522/1/2522 2524/1/2524
f 2522/1/2522 2527/1/2527 2524/1/2524
f 2522/1/2522 2525/1/2525 2527/1/2527
f 2520/1/2520 2525/1/2525 2522/1/2522
f 2520/1/2520 2526/1/2526 2525/1/2525
f 2521/1/2521 2526/1/2526 2520/1/2520
f 2523/1/2523 2524/1/2524 2528/1/2528
f 2524/1/2524 2529/1/2529 2528/1/2528
f 2524/1/2524 2527/1/2527 2529/1/2529
f 2527/1/2527 2532/1/2532 2529/1/2529
f 2527/1/2527 2530/1/2530 2532/1/2532
f 2525/1/2525 2530/1/2530 2527/1/2527
f 2525/1/2525 2531/1/2531 2530/1/2530
f 2526/1/2526 2531/1/2531 2525/1/2525
f 2528/1/2528 2529/1/2529 2533/1/2533
f 2529/1/2529 2534/1/2534 2533/1/2533
f 2529/1/2529 2532/1/2532 2534/1/2534
f 2532/1/2532 2537/1/2537 2534/1/2534
f 2532/1/2532 2535/1/2535 2537/1/2537
f 2530/1/2530 2535/1/2535 2532/1/2532
f 2530/1/2530 2536/1/2536 2535/1/2535
f 2531/1/2531 2536/1/2536 2530/1/2530
f 2533/1/2533 2534/1/2534 2538/1/2538
f 2534/1/2534 2539/1/2539 2538/1/2538
f 2534/1/2534 2537/1/2537 2539/1/2539
f 2537/1/2537 2542/1/2542 2539/1/2539
f 2537/1/2537 2540/1/2540 2542/1/2542
f 2535/1/2535 2540/1/2540 2537/1/2537
f 2535/1/2535 2541/1/2541 2540/1/2540
f 2536/1/2536 2541/1/2541 2535/1/2535
f 2538/1/2538 2539/1/2539 2543/1/2543
f 2539/1/2539 2544/1/2544 2543/1/2543
f 2539/1/2539 2542/1/2542 2544/1/2544
f 2542/1/2542 2547/1/2547 2544/1/2544
f 2542/1/2542 2545/1/2545 2547/1/2547
f 2540/1/2540 2545/1/2545 2542/1/2542
f 2540/1/2540 2546/1/2546 2545/1/2545
f 2541/1/2541 2546/1/2546 2540/1/2540
f 2543/1/2543 2544/1/2544 2548/1/2548
f 2544/1/2544 2549/1/2549 2548/1/2548
f 2544/1/2544 2547/1/2547 2549/1/2549
f 2547/1/2547 2552/1/2552 2549/1/2549
f 2547/1/2547 2550/1/2550 2552/1/2552
f 2545/1/2545 2550/1/2550 2547/1/2547
f 2545/1/2545 2551/1/2551 2550/1/2550
f 2546/1/2546 2551/1/2551 2545/1/2545
f 2548/1/2548 2549/1/2549 2553/1/2553
f 2549/1/2549 2554/1/2554 2553/1/2553
f 2549/1/2549 2552/1/2552 2554/1/2554
f 2552/1/2552 2557/1/2557 2554/1/2554
f 2552/1/2552 2555/1/2555 2557/1/2557
f 2550/1/2550 2555/1/2555 2552/1/2552
f 2550/1/2550 2556/1/2556 2555/1/2555
f 2551/1/2551 2556/1/2556 2550/1/2550
f 2553/1/2553 2554/1/2554 2558/1/2558
f 2554/1/2554 2559/1/2559 2558/1/2558
f 2554/1/2554 2557/1/2557 2559/1/2559
f 2557/1/2557 2562/1/2562 2559/1/2559
f 2557/1/2557 2560/1/2560 2562/1/2562
f 2555/1/2555 2560/1/2560 2557/1/2557
f 2555/1/2555 2561/1/2561 2560/1/2560
f 2556/1/2556 2561/1/2561 2555/1/2555
f 2558/1/2558 2559/1/2559 2563/1/2563
f 2559/1/2559 2564/1/2564 2563/1/2563
f 2559/1/2559 2562/1/2562 2564/1/2564
f 2562/1/2562 2567/1/2567 2564/1/2564
f 2562/1/2562 2565/1/2565 2567/1/2567
f 2560/1/2560 2565/1/2565 2562/1/2562
f 2560/1/2560 2566/1/2566 2565/1/2565
f 2561/1/2561 2566/1/2566 2560/1/2560
f 2563/1/2563 2564/1/2564 2568/1/2568
f 2564/1/2564 2569/1/2569 2568/1/2568
f 2564/1/2564 2567/1/2567 2569/1/2569
f 2567/1/2567 2572/1/2572 2569/1/2569
f 2567/1/2567 2570/1/2570 2572/1/2572
f 2565/1/2565 2570/1/2570 2567/1/2567
f 2565/1/2565 2571/1/2571 2570/1/2570
f 2566/1/2566 2571/1/2571 2565/1/2565
f 2568/1/2568 2569/1/2569 2573/1/2573
f 2569/1/2569 2574/1/2574 2573/1/2573
f 2569/1/2569 2572/1/2572 2574/1/2574
f 2572/1/2572 2577/1/2577 2574/1/2574
f 2572/1/2572 2575/1/2575 2577/1/2577
f 2570/1/2570 2575/1/2575 2572/1/2572
f 2570/1/2570 2576/1/2576 2575/1/2575
f 2571/1/2571 2576/1/2576 2570/1/2570
f 2573/1/2573 2574/1/2574 2578/1/2578
f 2574/1/2574 2579/1/2579 2578/1/2578
f 2574/1/2574 2577/1/2577 2579/1/2579
f 2577/1/2577 2582/1/2582 2579/1/2579
f 2577/1/2577 2580/1/2580 2582/1/2582
f 2575/1/2575 2580/1/2580 2577/1/2577
f 2575/1/2575 2581/1/2581 2580/1/2580
f 2576/1/2576 2581/1/2581 2575/1/2575
f 2578/1/2578 2579/1/2579 2583/1/2583
f 2579/1/2579 2584/1/2584 2583/1/2583
f 2579/1/2579 2582/1/2582 2584/1/2584
f 2582/1/2582 2587/1/2587 2584/1/2584
f 2582/1/2582 2585/1/2585 2587/1/2587
f 2580/1/2580 2585/1/2585 2582/1/2582
f 2580/1/2580 2586/1/2586 2585/1/2585
f 2581/1/2581 2586/1/2586 2580/1/2580
f 2583/1/2583 2584/1/2584 2588/1/2588
f 2584/1/2584 2589/1/2589 2588/1/2588
f 2584/1/2584 2587/1/2587 2589/1/2589
f 2587/1/2587 2592/1/2592 2589/1/2589
f 2587/1/2587 2590/1/2590 2592/1/2592
f 2585/1/2585 2590/1/2590 2587/1/2587
f 2585/1/2585 2591/1/2591 2590/1/2590
f 2586/1/2586 2591/1/2591 2585/1/2585
f 2588/1/2588 2589/1/2589 2593/1/2593
f 2589/1/2589 2594/1/2594 2593/1/2593
f 2589/1/2589 2592/1/2592 2594/1/2594
f 2592/1/2592 2597/1/2597 2594/1/2594
f 2592/1/2592 2595/1/2595 2597/1/2597
f 2590/1/2590 2595/1/2595 2592/1/2592
f 2590/1/2590 2596/1/2596 2595/1/2595
f 2591/1/2591 2596/1/2596 2590/1/2590
f 2593/1/2593 2594/1/2594 2598/1/2598
f 2594/1/2594 2599/1/2599 2598/1/2598
f 2594/1/2594 2597/1/2597 2599/1/2599
f 2597/1/2597 2602/1/2602 2599/1/2599
f 2597/1/2597 2600/1/2600 2602/1/2602
f 2595/1/2595 2600/1/2600 2597/1/2597
f 2595/1/2595 2601/1/2601 2600/1/2600
f 2596/1/2596 2601/1/2601 2595/1/2595
f 2598/1/2598 2599/1/2599 2603/1/2603
f 2599/1/2599 2604/1/2604 2603/1/2603
f 2599/1/2599 2602/1/2602 2604/1/2604
f 2602/1/2602 2607/1/2607 2604/1/2604
f 2602/1/2602 2605/1/2605 2607/1/2607
f 2600/1/2600 2605/1/2605 2602/1/2602
f 2600/1/2600 2606/1/2606 2605/1/2605
f 2601/1/2601 2606/1/2606 2600/1/2600
f 2603/1/2603 2604/1/2604 2608/1/2608
f 2604/1/2604 2609/1/2609 2608/1/2608
f 2604/1/2604 2607/1/2607 2609/1/2609
f 2607/1/2607 2612/1/2612 2609/1/2609
f 2607/1/2607 2610/1/2610 2612/1/2612
f 2605/1/2605 2610/1/2610 2607/1/2607
f 2605/1/2605 2611/1/2611 2610/1/2610
f 2606/1/2606 2611/1/2611 2605/1/2605
f 2608/1/2608 2609/1/2609 2613/1/2613
f 2609/1/2609 2614/1/2614 2613/1/2613
f 2609/1/2609 2612/1/2612 2614/1/2614
f 2612/1/2612 2617/1/2617 2614/1/2614
f 2612/1/2612 2615/1/2615 2617/1/2617
f 2610/1/2610 2615/1/2615 2612/1/2612
f 2610/1/2610 2616/1/2616 2615/1/2615
f 2611/1/2611 2616/1/2616 2610/1/2610
f 2613/1/2613 2614/1/2614 2618/1/2618
f 2614/1/2614 2619/1/2619 2618/1/2618
f 2614/1/2614 2617/1/2617 2619/1/2619
f 2617/1/2617 2622/1/2622 2619/1/2619
f 2617/1/2617 2620/1/2620 2622/1/2622
f 2615/1/2615 2620/1/2620 2617/1/2617
f 2615/1/2615 2621/1/2621 2620/1/2620
f 2616/1/2616 2621/1/2621 2615/1/2615
f 2618/1/2618 2619/1/2619 2623/1/2623
f 2619/1/2619 2624/1/2624 2623/1/2623
f 2619/1/2619 2622/1/2622 2624/1/2624
f 2622/1/2622 2627/1/2627 2624/1/2624
f 2622/1/2622 2625/1/2625 2627/1/2627
f 2620/1/2620 2625/1/2625 2622/1/2622
f 2620/1/2620 2626/1/2626 2625/1/2625
f 2621/1/2621 2626/1/2626 2620/1/2620
f 2623/1/2623 2624/1/2624 2628/1/2628
f 2624/1/2624 2629/1/2629 2628/1/2628
f 2624/1/2624 2627/1/2627 2629/1/2629
f 2627/1/2627 2632/1/2632 2629/1/2629
f 2627/1/2627 2630/1/2630 2632/1/2632
f 2625/1/2625 2630/1/2630 2627/1/2627
f 2625/1/2625 2631/1/2631 2630/1/2630
f 2626/1/2626 2631/1/2631 2625/1/2625
f 2628/1/2628 2629/1/2629 2633/1/2633
f 2629/1/2629 2634/1/2634 2633/1/2633
f 2629/1/2629 2632/1/2632 2634/1/2634
f 2632/1/2632 2637/1/2637 2634/1/2634
f 2632/1/2632 2635/1/2635 2637/1/2637
f 2630/1/2630 2635/1/2635 2632/1/2632
f 2630/1/2630 2636/1/2636 2635/1/2635
f 2631/1/2631 2636/1/2636 2630/1/2630
f 2633/1/2633 2634/1/2634 2638/1/2638
f 2634/1/2634 2639/1/2639 2638/1/2638
f 2634/1/2634 2637/1/2637 2639/1/2639
f 2637/1/2637 2642/1/2642 2639/1/2639
f 2637/1/2637 2640/1/2640 2642/1/2642
f 2635/1/2635 2640/1/2640 2637/1/2637
f 2635/1/2635 2641/1/2641 2640/1/2640
f 2636/1/2636 2641/1/2641 2635/1/2635
f 2638/1/2638 2639/1/2639 2643/1/2643
f 2639/1/2639 2644/1/2644 2643/1/2643
f 2639/1/2639 2642/1/2642 2644/1/2644
f 2642/1/2642 2647/1/2647 2644/1/2644
f 2642/1/2642 2645/1/2645 2647/1/2647
f 2640/1/2640 2645/1/2645 2642/1/2642
f 2640/1/2640 2646/1/2646 2645/1/2645
f 2641/1/2641 2646/1/2646 2640/1/2640
f 2643/1/2643 2644/1/2644 2648/1/2648
f 2644/1/2644 2649/1/2649 2648/1/2648
f 2644/1/2644 2647/1/2647 2649/1/2649
f 2647/1/2647 2652/1/2652 2649/1/2649
f 2647/1/2647 2650/1/2650 2652/1/2652
f 2645/1/2645 2650/1/2650 2647/1/2647
f 2645/1/2645 2651/1/2651 2650/1/2650
f 2646/1/2646 2651/1/2651 2645/1/2645
f 2648/1/2648 2649/1/2649 2653/1/2653
f 2649/1/2649 2654/1/2654 2653/1/2653
f 2649/1/2649 2652/1/2652 2654/1/2654
f 2652/1/2652 2657/1/2657 2654/1/2654
f 2652/1/2652 2655/1/2655 2657/1/2657
f 2650/1/2650 2655/1/2655 2652/1/2652
f 2650/1/2650 2656/1/2656 2655/1/2655
f 2651/1/2651 2656/1/2656 2650/1/2650
f 2653/1/2653 2654/1/2654 2658/1/2658
f 2654/1/2654 2659/1/2659 2658/1/2658
f 2654/1/2654 2657/1/2657 2659/1/2659
f 2657/1/2657 2662/1/2662 2659/1/2659
f 2657/1/2657 2660/1/2660 2662/1/2662
f 2655/1/2655 2660/1/2660 2657/1/2657
f 2655/1/2655 2661/1/2661 2660/1/2660
f 2656/1/2656 2661/1/2661 2655/1/2655
f 2663/1/2663 2665/1/2665 2664/1/2664
f 2663/1/2663 2668/1/2668 2665/1/2665
f 2663/1/2663 2666/1/2666 2668/1/2668
f 2663/1/2663 2667/1/2667 2666/1/2666
f 2664/1/2664 2665/1/2665 2669/1/2669
f 2665/1/2665 2670/1/2670 2669/1/2669
f 2665/1/2665 2668/1/2668 2670/1/2670
f 2668/1/2668 2673/1/2673 2670/1/2670
f 2668/1/2668 2671/1/2671 2673/1/2673
f 2666/1/2666 2671/1/2671 2668/1/2668
f 2666/1/2666 2672/1/2672 2671/1/2671
f 2667/1/2667 2672/1/2672 2666/1/2666
f 2669/1/2669 2670/1/2670 2674/1/2674
f 2670/1/2670 2675/1/2675 2674/1/2674
f 2670/1/2670 2673/1/2673 2675/1/2675
f 2673/1/2673 2678/1/2678 2675/1/2675
f 2673/1/2673 2676/1/2676 2678/1/2678
f 2671/1/2671 2676/1/2676 2673/1/2673
f 2671/1/2671 2677/1/2677 2676/1/2676
f 2672/1/2672 2677/1/2677 2671/1/2671
f 2674/1/2674 2675/1/2675 2679/1/2679
f 2675/1/2675 2680/1/2680 2679/1/2679
f 2675/1/2675 2678/1/2678 2680/1/2680
f 2678/1/2678 2683/1/2683 2680/1/2680
f 2678/1/2678 2681/1/2681 2683/1/2683
f 2676/1/2676 2681/1/2681 2678/1/2678
f 2676/1/2676 2682/1/2682 2681/1/2681
f 2677/1/2677 2682/1/2682 2676/1/2676
f 2679/1/2679 2680/1/2680 2684/1/2684
f 2680/1/2680 2685/1/2685 2684/1/2684
f 2680/1/2680 2683/1/2683 2685/1/2685
f 2683/1/2683 2688/1/2688 2685/1/2685
f 2683/1/2683 2686/1/2686 2688/1/2688
f 2681/1/2681 2686/1/2686 2683/1/2683
f 2681/1/2681 2687/1/2687 2686/1/2686
f 2682/1/2682 2687/1/2687 2681/1/2681
f 2684/1/2684 2685/1/2685 2689/1/2689
f 2685/1/2685 2690/1/2690 2689/1/2689
f 2685/1/2685 2688/1/2688 2690/1/2690
f 2688/1/2688 2693/1/2693 2690/1/2690
f 2688/1/2688 2691/1/2691 2693/1/2693
f 2686/1/2686 2691/1/2691 2688/1/2688
f 2686/1/2686 2692/1/2692 2691/1/2691
f 2687/1/2687 2692/1/2692 2686/1/2686
f 2689/1/2689 2690/1/2690 2694/1/2694
f 2690/1/2690 2695/1/2695 2694/1/2694
f 2690/1/2690 2693/1/2693 2695/1/2695
f 2693/1/2693 2698/1/2698 2695/1/2695
f 2693/1/2693 2696/1/2696 2698/1/2698
f 2691/1/2691 2696/1/2696 2693/1/2693
f 2691/1/2691 2697/1/2697 2696/1/2696
f 2692/1/2692 2697/1/2697 2691/1/2691
f 2694/1/2694 2695/1/2695 2699/1/2699
f 2695/1/2695 2700/1/2700 2699/1/2699
f 2695/1/2695 2698/1/2698 2700/1/2700
f 2698/1/2698 2703/1/2703 2700/1/2700
f 2698/1/2698 2701/1/2701 2703/1/2703
f 2696/1/2696 2701/1/2701 2698/1/2698
f 2696/1/2696 2702/1/2702 2701/1/2701
f 2697/1/2697 2702/1/2702 2696/1/2696
f 2699/1/2699 2700/1/2700 2704/1/2704
f 2700/1/2700 2705/1/2705 2704/1/2704
f 2700/1/2700 2703/1/2703 2705/1/2705
f 2703/1/2703 2708/1/2708 2705/1/2705
f 2703/1/2703 2706/1/2706 2708/1/2708
f 2701/1/2701 2706/1/2706 2703/1/2703
f 2701/1/2701 2707/1/2707 2706/1/2706
f 2702/1/2702 2707/1/2707 2701/1/2701
f 2704/1/2704 2705/1/2705 2709/1/2709
f 2705/1/2705 2710/1/2710 2709/1/2709
f 2705/1/2705 2708/1/2708 2710/1/2710
f 2708/1/2708 2713/1/2713 2710/1/2710
f 2708/1/2708 2711/1/2711 2713/1/2713
f 2706/1/2706 2711/1/2711 2708/1/2708
f 2706/1/2706 2712/1/2712 2711/1/2711
f 2707/1/2707 2712/1/2712 2706/1/2706
f 2709/1/2709 2710/1/2710 2714/1/2714
f 2710/1/2710 2715/1/2715 2714/1/2714
f 2710/1/2710 2713/1/2713 2715/1/2715
f 2713/1/2713 2718/1/2718 2715/1/2715
f 2713/1/2713 2716/1/2716 2718/1/2718
f 2711/1/2711 2716/1/2716 2713/1/2713
f 2711/1/2711 2717/1/2717 2716/1/2716
f 2712/1/2712 2717/1/2717 2711/1/2711
f 2714/1/2714 2715/1/2715 2719/1/2719
f 2715/1/2715 2720/1/2720 2719/1/2719
f 2715/1/2715 2718/1/2718 2720/1/2720
f 2718/1/2718 2723/1/2723 2720/1/2720
f 2718/1/2718 2721/1/2721 2723/1/2723
f 2716/1/2716 2721/1/2721 2718/1/2718
f 2716/1/2716 2722/1/2722 2721/1/2721
f 2717/1/2717 2722/1/2722 2716/1/2716
f 2719/1/2719 2720/1/2720 2724/1/2724
f 2720/1/2720 2725/1/2725 2724/1/2724
f 2720/1/2720 2723/1/2723 2725/1/2725
f 2723/1/2723 2728/1/2728 2725/1/2725
f 2723/1/2723 2726/1/2726 2728/1/2728
f 2721/1/2721 2726/1/2726 2723/1/2723
f 2721/1/2721 2727/1/2727 2726/1/2726
f 2722/1/2722 2727/1/2727 2721/1/2721
f 2724/1/2724 2725/1/2725 2729/1/2729
f 2725/1/2725 2730/1/2730 2729/1/2729
f 2725/1/2725 2728/1/2728 2730/1/2730
f 2728/1/2728 2733/1/2733 2730/1/2730
f 2728/1/2728 2731/1/2731 2733/1/2733
f 2726/1/2726 2731/1/2731 2728/1/2728
f 2726/1/2726 2732/1/2732 2731/1/2731
f 2727/1/2727 2732/1/2732 2726/1/2726
f 2729/1/2729 2730/1/2730 2734/1/2734
f 2730/1/2730 2735/1/2735 2734/1/2734
f 2730/1/2730 2733/1/2733 2735/1/2735
f 2733/1/2733 2738/1/2738 2735/1/2735
f 2733/1/2733 2736/1/2736 2738/1/2738
f 2731/1/2731 2736/1/2736 2733/1/2733
f 2731/1/2731 2737/1/2737 2736/1/2736
f 2732/1/2732 2737/1/2737 2731/1/2731
f 2734/1/2734 2735/1/2735 2739/1/2739
f 2735/1/2735 2740/1/2740 2739/1/2739
f 2735/1/2735 2738/1/2738 2740/1/2740
f 2738/1/2738 2743/1/2743 2740/1/2740
f 2738/1/2738 2741/1/2741 2743/1/2743
f 2736/1/2736 2741/1/2741 2738/1/2738
f 2736/1/2736 2742/1/2742 2741/1/2741
f 2737/1/2737 2742/1/2742 2736/1/2736
f 2739/1/2739 2740/1/2740 2744/1/2744
f 2740/1/2740 2745/1/2745 2744/1/2744
f 2740/1/2740 2743/1/2743 2745/1/2745
f 2743/1/2743 2748/1/2748 2745/1/2745
f 2743/1/2743 2746/1/2746 2748/1/2748
f 2741/1/2741 2746/1/2746 2743/1/2743
f 2741/1/2741 2747/1/2747 2746/1/2746
f 2742/1/2742 2747/1/2747 2741/1/2741
f 2744/1/2744 2745/1/2745 2749/1/2749
f 2745/1/2745 2750/1/2750 2749/1/2749
f 2745/1/2745 2748/1/2748 2750/1/2750
f 2748/1/2748 2753/1/2753 2750/1/2750
f 2748/1/2748 2751/1/2751 2753/1/2753
f 2746/1/2746 2751/1/2751 2748/1/2748
f 2746/1/2746 2752/1/2752 2751/1/2751
f 2747/1/2747 2752/1/2752 2746/1/2746
f 2749/1/2749 2750/1/2750 2754/1/2754
f 2750/1/2750 2755/1/2755 2754/1/2754
f 2750/1/2750 2753/1/2753 2755/1/2755
f 2753/1/2753 2758/1/2758 2755/1/2755
f 2753/1/2753 2756/1/2756 2758/1/2758
f 2751/1/2751 2756/1/2756 2753/1/2753
f 2751/1/2751 2757/1/2757 2756/1/2756
f 2752/1/2752 2757/1/2757 2751/1/2751
f 2754/1/2754 2755/1/2755 2759/1/2759
f 2755/1/2755 2760/1/2760 2759/1/2759
f 2755/1/2755 2758/1/2758 2760/1/2760
f 2758/1/2758 2763/1/2763 2760/1/2760
f 2758/1/2758 2761/1/2761 2763/1/2763
f 2756/1/2756 2761/1/2761 2758/1/2758
f 2756/1/2756 2762/1/2762 2761/1/2761
f 2757/1/2757 2762/1/2762 2756/1/2756
f 2759/1/2759 2760/1/2760 2764/1/2764
f 2760/1/2760 2765/1/2765 2764/1/2764
f 2760/1/2760 2763/1/2763 2765/1/2765
f 2763/1/2763 2768/1/2768 2765/1/2765
f 2763/1/2763 2766/1/2766 2768/1/2768
f 2761/1/2761 2766/1/2766 2763/1/2763
f 2761/1/2761 2767/1/2767 2766/1/2766
f 2762/1/2762 2767/1/2767 2761/1/2761
f 2764/1/2764 2765/1/2765 2769/1/2769
f 2765/1/2765 2770/1/2770 2769/1/2769
f 2765/1/2765 2768/1/2768 2770/1/2770
f 2768/1/2768 2773/1/2773 2770/1/2770
f 2768/1/2768 2771/1/2771 2773/1/2773
f 2766/1/2766 2771/1/2771 2768/1/2768
f 2766/1/2766 2772/1/2772 2771/1/2771
f 2767/1/2767 2772/1/2772 2766/1/2766
f 2769/1/2769 2770/1/2770 2774/1/2774
f 2770/1/2770 2775/1/2775 2774/1/2774
f 2770/1/2770 2773/1/2773 2775/1/2775
f 2773/1/2773 2778/1/2778 2775/1/2775
f 2773/1/2773 2776/1/2776 2778/1/2778
f 2771/1/2771 2776/1/2776 2773/1/2773
f 2771/1/2771 2777/1/2777 2776/1/2776
f 2772/1/2772 2777/1/2777 2771/1/2771
f 2774/1/2774 2775/1/2775 2779/1/2779
f 2775/1/2775 2780/1/2780 2779/1/2779
f 2775/1/2775 2778/1/2778 2780/1/2780
f 2778/1/2778 2783/1/2783 2780/1/2780
f 2778/1/2778 2781/1/2781 2783/1/2783
f 2776/1/2776 2781/1/2781 2778/1/2778
f 2776/1/2776 2782/1/2782 2781/1/2781
f 2777/1/2777 2782/1/2782 2776/1/2776
f 2779/1/2779 2780/1/2780 2784/1/2784
f 2780/1/2780 2785/1/2785 2784/1/2784
f 2780/1/2780 2783/1/2783 2785/1/2785
f 2783/1/2783 2788/1/2788 2785/1/2785
f 2783/1/2783 2786/1/2786 2788/1/2788
f 2781/1/2781 2786/1/2786 2783/1/2783
f 2781/1/2781 2787/1/2787 2786/1/2786
f 2782/1/2782 2787/1/2787 2781/1/2781
f 2784/1/2784 2785/1/2785 2789/1/2789
f 2785/1/2785 2790/1/2790 2789/1/2789
f 2785/1/2785 2788/1/2788 2790/1/2790
f 2788/1/2788 2793/1/2793 2790/1/2790
f 2788/1/2788 2791/1/2791 2793/1/2793
f 2786/1/2786 2791/1/2791 2788/1/2788
f 2786/1/2786 2792/1/2792 2791/1/2791
f 2787/1/2787 2792/1/2792 2786/1/2786
f 2789/1/2789 2790/1/2790 2794/1/2794
f 2790/1/2790 2795/1/2795 2794/1/2794
f 2790/1/2790 2793/1/2793 2795/1/2795
f 2793/1/2793 2798/1/2798 2795/1/2795
f 2793/1/2793 2796/1/2796 2798/1/2798
f 2791/1/2791 2796/1/2796 2793/1/2793
f 2791/1/2791 2797/1/2797 2796/1/2796
f 2792/1/2792 2797/1/2797 2791/1/2791
f 2794/1/2794 2795/1/2795 2799/1/2799
f 2795/1/2795 2800/1/2800 2799/1/2799
f 2795/1/2795 2798/1/2798 2800/1/2800
f 2798/1/2798 2803/1/2803 2800/1/2800
f 2798/1/2798 2801/1/2801 2803/1/2803
f 2796/1/2796 2801/1/2801 2798/1/2798
f 2796/1/2796 2802/1/2802 2801/1/2801
f 2797/1/2797 2802/1/2802 2796/1/2796
f 2799/1/2799 2800/1/2800 2804/1/2804
f 2800/1/2800 2805/1/2805 2804/1/2804
f 2800/1/2800 2803/1/2803 2805/1/2805
f 2803/1/2803 2808/1/2808 2805/1/2805
f 2803/1/2803 2806/1/2806 2808/1/2808
f 2801/1/2801 2806/1/2806 2803/1/2803
f 2801/1/2801 2807/1/2807 2806/1/2806
f 2802/1/2802 2807/1/2807 2801/1/2801
f 2804/1/2804 2805/1/2805 2809/1/2809
f 2805/1/2805 2810/1/2810 2809/1/2809
f 2805/1/2805 2808/1/2808 2810/1/2810
f 2808/1/2808 2813/1/2813 2810/1/2810
f 2808/1/2808 2811/1/2811 2813/1/2813
f 2806/1/2806 2811/1/2811 2808/1/2808
f 2806/1/2806 2812/1/2812 2811/1/2811
f 2807/1/2807 2812/1/2812 2806/1/2806
f 2809/1/2809 2810/1/2810 2814/1/2814
f 2810/1/2810 2815/1/2815 2814/1/2814
f 2810/1/2810 2813/1/2813 2815/1/2815
f 2813/1/2813 2818/1/2818 2815/1/2815
f 2813/1/2813 2816/1/2816 2818/1/2818
f 2811/1/2811 2816/1/2816 2813/1/2813
f 2811/1/2811 2817/1/2817 2816/1/2816
f 2812/1/2812 2817/1/2817 2811/1/2811
f 2814/1/2814 2815/1/2815 2819/1/2819
f 2815/1/2815 2820/1/2820 2819/1/2819
f 2815/1/2815 2818/1/2818 2820/1/2820
f 2818/1/2818 2823/1/2823 2820/1/2820
f 2818/1/2818 2821/1/2821 2823/1/2823
f 2816/1/2816 2821/1/2821 2818/1/2818
f 2816/1/2816 2822/1/2822 2821/1/2821
f 2817/1/2817 2822/1/2822 2816/1/2816
f 2819/1/2819 2820/1/2820 2824/1/2824
f 2820/1/2820 2825/1/2825 2824/1/2824
f 2820/1/2820 2823/1/2823 2825/1/2825
f 2823/1/2823 2828/1/2828 2825/1/2825
f 2823/1/2823 2826/1/2826 2828/1/2828
f 2821/1/2821 2826/1/2826 2823/1/2823
f 2821/1/2821 2827/1/2827 2826/1/2826
f 2822/1/2822 2827/1/2827 2821/1/2821
f 2824/1/2824 2825/1/2825 2829/1/2829
f 2825/1/2825 2830/1/2830 2829/1/2829
f 2825/1/2825 2828/1/2828 2830/1/2830
f 2828/1/2828 2833/1/2833 2830/1/2830
f 2828/1/2828 2831/1/2831 2833/1/2833
f 2826/1/2826 2831/1/2831 2828/1/2828
f 2826/1/2826 2832/1/2832 2831/1/2831
f 2827/1/2827 2832/1/2832 2826/1/2826
f 2829/1/2829 2830/1/2830 2834/1/2834
f 2830/1/2830 2835/1/2835 2834/1/2834
f 2830/1/2830 2833/1/2833 2835/1/2835
f 2833/1/2833 2838/1/2838 2835/1/2835
f 2833/1/2833 2836/1/2836 2838/1/2838
f 2831/1/2831 2836/1/2836 2833/1/2833
f 2831/1/2831 2837/1/2837 2836/1/2836
f 2832/1/2832 2837/1/2837 2831/1/2831
f 2834/1/2834 2835/1/2835 2839/1/2839
f 2835/1/2835 2840/1/2840 2839/1/2839
f 2835/1/2835 2838/1/2838 2840/1/2840
f 2838/1/2838 2843/1/2843 2840/1/2840
f 2838/1/2838 2841/1/2841 2843/1/2843
f 2836/1/2836 2841/1/2841 2838/1/2838
f 2836/1/2836 2842/1/2842 2841/1/2841
f 2837/1/2837 2842/1/2842 2836/1/2836
f 2839/1/2839 2840/1/2840 2844/1/2844
f 2840/1/2840 2845/1/2845 2844/1/2844
f 2840/1/2840 2843/1/2843 2845/1/2845
f 2843/1/2843 2848/1/2848 2845/1/2845
f 2843/1/2843 2846/1/2846 2848/1/2848
f 2841/1/2841 2846/1/2846 2843/1/2843
f 2841/1/2841 2847/1/2847 2846/1/2846
f 2842/1/2842 2847/1/2847 2841/1/2841
f 2844/1/2844 2845/1/2845 2849/1/2849
f 2845/1/2845 2850/1/2850 2849/1/2849
f 2845/1/2845 2848/1/2848 2850/1/2850
f 2848/1/2848 2853/1/2853 2850/1/2850
f 2848/1/2848 2851/1/2851 2853/1/2853
f 2846/1/2846 2851/1/2851 2848/1/2848
f 2846/1/2846 2852/1/2852 2851/1/2851
f 2847/1/2847 2852/1/2852 2846/1/2846
f 2849/1/2849 2850/1/2850 2854/1/2854
f 2850/1/2850 2855/1/2855 2854/1/2854
f 2850/1/2850 2853/1/2853 2855/1/2855
f 2853/1/2853 2858/1/2858 2855/1/2855
f 2853/1/2853 2856/1/2856 2858/1/2858
f 2851/1/2851 2856/1/2856 2853/1/2853
f 2851/1/2851 2857/1/2857 2856/1/2856
f 2852/1/2852 2857/1/2857 2851/1/2851
f 2854/1/2854 2855/1/2855 2859/1/2859
f 2855/1/2855 2860/1/2860 2859/1/2859
f 2855/1/2855 2858/1/2858 2860/1/2860
f 2858/1/2858 2863/1/2863 2860/1/2860
f 2858/1/2858 2861/1/2861 2863/1/2863
f 2856/1/2856 2861/1/2861 2858/1/2858
f 2856/1/2856 2862/1/2862 2861/1/2861
f 2857/1/2857 2862/1/2862 2856/1/2856
f 2859/1/2859 2860/1/2860 2864/1/2864
f 2860/1/2860 2865/1/2865 2864/1/2864
f 2860/1/2860 2863/1/2863 2865/1/2865
f 2863/1/2863 2868/1/2868 2865/1/2865
f 2863/1/2863 2866/1/2866 2868/1/2868
f 2861/1/2861 2866/1/2866 2863/1/2863
f 2861/1/2861 2867/1/2867 2866/1/2866
f 2862/1/2862 2867/1/2867 2861/1/2861
f 2864/1/2864 2865/1/2865 2869/1/2869
f 2865/1/2865 2870/1/2870 2869/1/2869
f 2865/1/2865 2868/1/2868 2870/1/2870
f 2868/1/2868 2873/1/2873 2870/1/2870
f 2868/1/2868 2871/1/2871 2873/1/2873
f 2866/1/2866 2871/1/2871 2868/1/2868
f 2866/1/2866 2872/1/2872 2871/1/2871
f 2867/1/2867 2872/1/2872 2866/1/2866
f 2869/1/2869 2870/1/2870 2874/1/2874
f 2870/1/2870 2875/1/2875 2874/1/2874
f 2870/1/2870 2873/1/2873 2875/1/2875
f 2873/1/2873 2878/1/2878 2875/1/2875
f 2873/1/2873 2876/1/2876 2878/1/2878
f 2871/1/2871 2876/1/2876 2873/1/2873
f 2871/1/2871 2877/1/2877 2876/1/2876
f 2872/1/2872 2877/1/2877 2871/1/2871
f 2874/1/2874 2875/1/2875 2879/1/2879
f 2875/1/2875 2880/1/2880 2879/1/2879
f 2875/1/2875 2878/1/2878 2880/1/2880
f 2878/1/2878 2883/1/2883 2880/1/2880
f 2878/1/2878 2881/1/2881 2883/1/2883
f 2876/1/2876 2881/1/2881 2878/1/2878
f 2876/1/2876 2882/1/2882 2881/1/2881
f 2877/1/2877 2882/1/2882 2876/1/2876
f 2879/1/2879 2880/1/2880 2884/1/2884
f 2880/1/2880 2885/1/2885 2884/1/2884
f 2880/1/2880 2883/1/2883 2885/1/2885
f 2883/1/2883 2888/1/2888 2885/1/2885
f 2883/1/2883 2886/1/2886 2888/1/2888
f 2881/1/2881 2886/1/2886 2883/1/2883
f 2881/1/2881 2887/1/2887 2886/1/2886
f 2882/1/2882 2887/1/2887 2881/1/2881
f 2884/1/2884 2885/1/2885 2889/1/2889
f 2885/1/2885 2890/1/2890 2889/1/2889
f 2885/1/2885 2888/1/2888 2890/1/2890
f 2888/1/2888 2893/1/2893 2890/1/2890
f 2888/1/2888 2891/1/2891 2893/1/2893
f 2886/1/2886 2891/1/2891 2888/1/2888
f 2886/1/2886 2892/1/2892 2891/1/2891
f 2887/1/2887 2892/1/2892 2886/1/2886
f 2889/1/2889 2890/1/2890 2894/1/2894
f 2890/1/2890 2895/1/2895 2894/1/2894
f 2890/1/2890 2893/1/2893 2895/1/2895
f 2893/1/2893 2898/1/2898 2895/1/2895
f 2893/1/2893 2896/1/2896 2898/1/2898
f 2891/1/2891 2896/1/2896 2893/1/2893
f 2891/1/2891 2897/1/2897 2896/1/2896
f 2892/1/2892 2897/1/2897 2891/1/2891
f 2894/1/2894 2895/1/2895 2899/1/2899
f 2895/1/2895 2900/1/2900 2899/1/2899
f 2895/1/2895 2898/1/2898 2900/1/2900
f 2898/1/2898 2903/1/2903 2900/1/2900
f 2898/1/2898 2901/1/2901 2903/1/2903
f 2896/1/2896 2901/1/2901 2898/1/2898
f 2896/1/2896 2902/1/2902 2901/1/2901
f 2897/1/2897 2902/1/2902 2896/1/2896
f 2899/1/2899 2900/1/2900 2904/1/2904
f 2900/1/2900 2905/1/2905 2904/1/2904
f 2900/1/2900 2903/1/2903 2905/1/2905
f 2903/1/2903 2908/1/2908 2905/1/2905
f 2903/1/2903 2906/1/2906 2908/1/2908
f 2901/1/2901 2906/1/2906 2903/1/2903
f 2901/1/2901 2907/1/2907 2906/1/2906
f 2902/1/2902 2907/1/2907 2901/1/2901
f 2904/1/2904 2905/1/2905 2909/1/2909
f 2905/1/2905 2910/1/2910 2909/1/2909
f 2905/1/2905 2908/1/2908 2910/1/2910
f 2908/1/2908 2913/1/2913 2910/1/2910
f 2908/1/2908 2911/1/2911 2913/1/2913
f 2906/1/2906 2911/1/2911 2908/1/2908
f 2906/1/2906 2912/1/2912 2911/1/2911
f 2907/1/2907 2912/1/2912 2906/1/2906
f 2909/1/2909 2910/1/2910 2914/1/2914
f 2910/1/2910 2915/1/2915 2914/1/2914
f 2910/1/2910 2913/1/2913 2915/1/2915
f 2913/1/2913 2918/1/2918 2915/1/2915
f 2913/1/2913 2916/1/2916 2918/1/2918
f 2911/1/2911 2916/1/2916 2913/1/2913
f 2911/1/2911 2917/1/2917 2916/1/2916
f 2912/1/2912 2917/1/2917 2911/1/2911
f 2914/1/2914 2915/1/2915 2919/1/2919
f 2915/1/2915 2920/1/2920 2919/1/2919
f 2915/1/2915 2918/1/2918 2920/1/2920
f 2918/1/2918 2923/1/2923 2920/1/2920
f 2918/1/2918 2921/1/2921 2923/1/2923
f 2916/1/2916 2921/1/2921 2918/1/2918
f 2916/1/2916 2922/1/2922 2921/1/2921
f 2917/1/2917 2922/1/2922 2916/1/2916
f 2919/1/2919 2920/1/2920 2924/1/2924
f 2920/1/2920 2925/1/2925 2924/1/2924
f 2920/1/2920 2923/1/2923 2925/1/2925
f 2923/1/2923 2928/1/2928 2925/1/2925
f 2923/1/2923 2926/1/2926 2928/1/2928
f 2921/1/2921 2926/1/2926 2923/1/2923
f 2921/1/2921 2927/1/2927 2926/1/2926
f 2922/1/2922 2927/1/2927 2921/1/2921
f 2924/1/2924 2925/1/2925 2929/1/2929
f 2925/1/2925 2930/1/2930 2929/1/2929
f 2925/1/2925 2928/1/2928 2930/1/2930
f 2928/1/2928 2933/1/2933 2930/1/2930
f 2928/1/2928 2931/1/2931 2933/1/2933
f 2926/1/2926 2931/1/2931 2928/1/2928
f 2926/1/2926 2932/1/2932 2931/1/2931
f 2927/1/2927 2932/1/2932 2926/1/2926
f 2929/1/2929 2930/1/2930 2934/1/2934
f 2930/1/2930 2935/1/2935 2934/1/2934
f 2930/1/2930 2933/1/2933 2935/1/2935
f 2933/1/2933 2938/1/2938 2935/1/2935
f 2933/1/2933 2936/1/2936 2938/1/2938
f 2931/1/2931 2936/1/2936 2933/1/2933
f 2931/1/2931 2937/1/2937 2936/1/2936
f 2932/1/2932 2937/1/2937 2931/1/2931
f 2934/1/2934 2935/1/2935 2939/1/2939
f 2935/1/2935 2940/1/2940 2939/1/2939
f 2935/1/2935 2938/1/2938 2940/1/2940
f 2938/1/2938 2943/1/2943 2940/1/2940
f 2938/1/2938 2941/1/2941 2943/1/2943
f 2936/1/2936 2941/1/2941 2938/1/2938
f 2936/1/2936 2942/1/2942 2941/1/2941
f 2937/1/2937 2942/1/2942 2936/1/2936
f 2939/1/2939 2940/1/2940 2944/1/2944
f 2940/1/2940 2945/1/2945 2944/1/2944
f 2940/1/2940 2943/1/2943 2945/1/2945
f 2943/1/2943 2948/1/2948 2945/1/2945
f 2943/1/2943 2946/1/2946 2948/1/2948
f 2941/1/2941 2946/1/2946 2943/1/2943
f 2941/1/2941 2947/1/2947 2946/1/2946
f 2942/1/2942 2947/1/2947 2941/1/2941
f 2944/1/2944 2945/1/2945 2949/1/2949
f 2945/1/2945 2950/1/2950 2949/1/2949
f 2945/1/2945 2948/1/2948 2950/1/2950
f 2948/1/2948 2953/1/2953 2950/1/2950
f 2948/1/2948 2951/1/2951 2953/1/2953
f 2946/1/2946 2951/1/2951 2948/1/2948
f 2946/1/2946 2952/1/2952 2951/1/2951
f 2947/1/2947 2952/1/2952 2946/1/2946
f 2949/1/2949 2950/1/2950 2954/1/2954
f 2950/1/2950 2955/1/2955 2954/1/2954
f 2950/1/2950 2953/1/2953 2955/1/2955
f 2953/1/2953 2958/1/2958 2955/1/2955
f 2953/1/2953 2956/1/2956 2958/1/2958
f 2951/1/2951 2956/1/2956 2953/1/2953
f 2951/1/2951 2957/1/2957 2956/1/2956
f 2952/1/2952 2957/1/2957 2951/1/2951
f 2954/1/2954 2955/1/2955 2959/1/2959
f 2955/1/2955 2960/1/2960 2959/1/2959
f 2955/1/2955 2958/1/2958 2960/1/2960
f 2958/1/2958 2963/1/2963 2960/1/2960
f 2958/1/2958 2961/1/2961 2963/1/2963
f 2956/1/2956 2961/1/2961 2958/1/2958
f 2956/1/2956 2962/1/2962 2961/1/2961
f 2957/1/2957 2962/1/2962 2956/1/2956
f 2959/1/2959 2960/1/2960 2964/1/2964
f 2960/1/2960 2965/1/2965 2964/1/2964
f 2960/1/2960 2963/1/2963 2965/1/2965
f 2963/1/2963 2968/1/2968 2965/1/2965
f 2963/1/2963 2966/1/2966 2968/1/2968
f 2961/1/2961 2966/1/2966 2963/1/2963
f 2961/1/2961 2967/1/2967 2966/1/2966
f 2962/1/2962 2967/1/2967 2961/1/2961
f 2964/1/2964 2965/1/2965 2969/1/2969
f 2965/1/2965 2970/1/2970 2969/1/2969
f 2965/1/2965 2968/1/2968 2970/1/2970
f 2968/1/2968 2973/1/2973 2970/1/2970
f 2968/1/2968 2971/1/2971 2973/1/2973
f 2966/1/2966 2971/1/2971 2968/1/2968
f 2966/1/2966 2972/1/2972 2971/1/2971
f 2967/1/2967 2972/1/2972 2966/1/2966
f 2969/1/2969 2970/1/2970 2974/1/2974
f 2970/1/2970 2975/1/2975 2974/1/2974
f 2970/1/2970 2973/1/2973 2975/1/2975
f 2973/1/2973 2978/1/2978 2975/1/2975
f 2973/1/2973 2976/1/2976 2978/1/2978
f 2971/1/2971 2976/1/2976 2973/1/2973
f 2971/1/2971 2977/1/2977 2976/1/2976
f 2972/1/2972 2977/1/2977 2971/1/2971
f 2974/1/2974 2975/1/2975 2979/1/2979
f 2975/1/2975 2980/1/2980 2979/1/2979
f 2975/1/2975 2978/1/2978 2980/1/2980
f 2978/1/2978 2983/1/2983 2980/1/2980
f 2978/1/2978 2981/1/2981 2983/1/2983
f 2976/1/2976 2981/1/2981 2978/1/2978
f 2976/1/2976 2982/1/2982 2981/1/2981
f 2977/1/2977 2982/1/2982 2976/1/2976
f 2979/1/2979 2980/1/2980 2984/1/2984
f 2980/1/2980 2985/1/2985 2984/1/2984
f 2980/1/2980 2983/1/2983 2985/1/2985
f 2983/1/2983 2988/1/2988 2985/1/2985
f 2983/1/2983 2986/1/2986 2988/1/2988
f 2981/1/2981 2986/1/2986 2983/1/2983
f 2981/1/2981 2987/1/2987 2986/1/2986
f 2982/1/2982 2987/1/2987 2981/1/2981
f 2984/1/2984 2985/1/2985 2989/1/2989
f 2985/1/2985 2990/1/2990 2989/1/2989
f 2985/1/2985 2988/1/2988 2990/1/2990
f 2988/1/2988 2993/1/2993 2990/1/2990
f 2988/1/2988 2991/1/2991 2993/1/2993
f 2986/1/2986 2991/1/2991 2988/1/2988
f 2986/1/2986 2992/1/2992 2991/1/2991
f 2987/1/2987 2992/1/2992 2986/1/2986
f 2989/1/2989 2990/1/2990 2994/1/2994
f 2990/1/2990 2995/1/2995 2994/1/2994
f 2990/1/2990 2993/1/2993 2995/1/2995
f 2993/1/2993 2998/1/2998 2995/1/2995
f 2993/1/2993 2996/1/2996 2998/1/2998
f 2991/1/2991 2996/1/2996 2993/1/2993
f 2991/1/2991 2997/1/2997 2996/1/2996
f 2992/1/2992 2997/1/2997 2991/1/2991
f 2994/1/2994 2995/1/2995 2999/1/2999
f 2995/1/2995 3000/1/3000 2999/1/2999
f 2995/1/2995 2998/1/2998 3000/1/3000
f 2998/1/2998 3003/1/3003 3000/1/3000
f 2998/1/2998 3001/1/3001 3003/1/3003
f 2996/1/2996 3001/1/3001 2998/1/2998
f 2996/1/2996 3002/1/3002 3001/1/3001
f 2997/1/2997 3002/1/3002 2996/1/2996
f 2999/1/2999 3000/1/3000 3004/1/3004
f 3000/1/3000 3005/1/3005 3004/1/3004
f 3000/1/3000 3003/1/3003 3005/1/3005
f 3003/1/3003 3008/1/3008 3005/1/3005
f 3003/1/3003 3006/1/3006 3008/1/3008
f 3001/1/3001 3006/1/3006 3003/1/3003
f 3001/1/3001 3007/1/3007 3006/1/3006
f 3002/1/3002 3007/1/3007 3001/1/3001
f 3004/1/3004 3005/1/3005 3009/1/3009
f 3005/1/3005 3010/1/3010 3009/1/3009
f 3005/1/3005 3008/1/3008 3010/1/3010
f 3008/1/3008 3013/1/3013 3010/1/3010
f 3008/1/3008 3011/1/3011 3013/1/3013
f 3006/1/3006 3011/1/3011 3008/1/3008
f 3006/1/3006 3012/1/3012 3011/1/3011
f 3007/1/3007 3012/1/3012 3006/1/3006
f 3009/1/3009 3010/1/3010 3014/1/3014
f 3010/1/3010 3015/1/3015 3014/1/3014
f 3010/1/3010 3013/1/3013 3015/1/3015
f 3013/1/3013 3018/1/3018 3015/1/3015
f 3013/1/3013 3016/1/3016 3018/1/3018
f 3011/1/3011 3016/1/3016 3013/1/3013
f 3011/1/3011 3017/1/3017 3016/1/3016
f 3012/1/3012 3017/1/3017 3011/1/3011
f 3014/1/3014 3015/1/3015 3019/1/3019
f 3015/1/3015 3020/1/3020 3019/1/3019
f 3015/1/3015 3018/1/3018 3020/1/3020
f 3018/1/3018 3023/1/3023 3020/1/3020
f 3018/1/3018 3021/1/3021 3023/1/3023
f 3016/1/3016 3021/1/3021 3018/1/3018
f 3016/1/3016 3022/1/3022 3021/1/3021
f 3017/1/3017 3022/1/3022 3016/1/3016
f 3019/1/3019 3020/1/3020 3024/1/3024
f 3020/1/3020 3025/1/3025 3024/1/3024
f 3020/1/3020 3023/1/3023 3025/1/3025
f 3023/1/3023 3028/1/3028 3025/1/3025
f 3023/1/3023 3026/1/3026 3028/1/3028
f 3021/1/3021 3026/1/3026 3023/1/3023
f 3021/1/3021 3027/1/3027 3026/1/3026
f 3022/1/3022 3027/1/3027 3021/1/3021
f 3024/1/3024 3025/1/3025 3029/1/3029
f 3025/1/3025 3030/1/3030 3029/1/3029
f 3025/1/3025 3028/1/3028 3030/1/3030
f 3028/1/3028 3033/1/3033 3030/1/3030
f 3028/1/3028 3031/1/3031 3033/1/3033
f 3026/1/3026 3031/1/3031 3028/1/3028
f 3026/1/3026 3032/1/3032 3031/1/3031
f 3027/1/3027 3032/1/3032 3026/1/3026
f 3029/1/3029 3030/1/3030 3034/1/3034
f 3030/1/3030 3035/1/3035 3034/1/3034
f 3030/1/3030 3033/1/3033 3035/1/3035
f 3033/1/3033 3038/1/3038 3035/1/3035
f 3033/1/3033 3036/1/3036 3038/1/3038
f 3031/1/3031 3036/1/3036 3033/1/3033
f 3031/1/3031 3037/1/3037 3036/1/3036
f 3032/1/3032 3037/1/3037 3031/1/3031
f 3034/1/3034 3035/1/3035 3039/1/3039
f 3035/1/3035 3040/1/3040 3039/1/3039
f 3035/1/3035 3038/1/3038 3040/1/3040
f 3038/1/3038 3043/1/3043 3040/1/3040
f 3038/1/3038 3041/1/3041 3043/1/3043
f 3036/1/3036 3041/1/3041 3038/1/3038
f 3036/1/3036 3042/1/3042 3041/1/3041
f 3037/1/3037 3042/1/3042 3036/1/3036
f 3039/1/3039 3040/1/3040 3044/1/3044
f 3040/1/3040 3045/1/3045 3044/1/3044
f 3040/1/3040 3043/1/3043 3045/1/3045
f 3043/1/3043 3048/1/3048 3045/1/3045
f 3043/1/3043 3046/1/3046 3048/1/3048
f 3041/1/3041 3046/1/3046 3043/1/3043
f 3041/1/3041 3047/1/3047 3046/1/3046
f 3042/1/3042 3047/1/3047 3041/1/3041
f 3044/1/3044 3045/1/3045 3049/1/3049
f 3045/1/3045 3050/1/3050 3049/1/3049
f 3045/1/3045 3048/1/3048 3050/1/3050
f 3048/1/3048 3053/1/3053 3050/1/3050
f 3048/1/3048 3051/1/3051 3053/1/3053
f 3046/1/3046 3051/1/3051 3048/1/3048
f 3046/1/3046 3052/1/3052 3051/1/3051
f 3047/1/3047 3052/1/3052 3046/1/3046
f 3049/1/3049 3050/1/3050 3054/1/3054
f 3050/1/3050 3055/1/3055 3054/1/3054
f 3050/1/3050 3053/1/3053 3055/1/3055
f 3053/1/3053 3058/1/3058 3055/1/3055
f 3053/1/3053 3056/1/3056 3058/1/3058
f 3051/1/3051 3056/1/3056 3053/1/3053
f 3051/1/3051 3057/1/3057 3056/1/3056
f 3052/1/3052 3057/1/3057 3051/1/3051
f 3054/1/3054 3055/1/3055 3059/1/3059
f 3055/1/3055 3060/1/3060 3059/1/3059
f 3055/1/3055 3058/1/3058 3060/1/3060
f 3058/1/3058 3063/1/3063 3060/1/3060
f 3058/1/3058 3061/1/3061 3063/1/3063
f 3056/1/3056 3061/1/3061 3058/1/3058
f 3056/1/3056 3062/1/3062 3061/1/3061
f 3057/1/3057 3062/1/3062 3056/1/3056
f 3059/1/3059 3060/1/3060 3064/1/3064
f 3060/1/3060 3065/1/3065 3064/1/3064
f 3060/1/3060 3063/1/3063 3065/1/3065
f 3063/1/3063 3068/1/3068 3065/1/3065
f 3063/1/3063 3066/1/3066 3068/1/3068
f 3061/1/3061 3066/1/3066 3063/1/3063
f 3061/1/3061 3067/1/3067 3066/1/3066
f 3062/1/3062 3067/1/3067 3061/1/3061
f 3064/1/3064 3065/1/3065 3069/1/3069
f 3065/1/3065 3070/1/3070 3069/1/3069
f 3065/1/3065 3068/1/3068 3070/1/3070
f 3068/1/3068 3073/1/3073 3070/1/3070
f 3068/1/3068 3071/1/3071 3073/1/3073
f 3066/1/3066 3071/1/3071 3068/1/3068
f 3066/1/3066 3072/1/3072 3071/1/3071
f 3067/1/3067 3072/1/3072 3066/1/3066
f 3069/1/3069 3070/1/3070 3074/1/3074
f 3070/1/3070 3075/1/3075 3074/1/3074
f 3070/1/3070 3073/1/3073 3075/1/3075
f 3073/1/3073 3078/1/3078 3075/1/3075
f 3073/1/3073 3076/1/3076 3078/1/3078
f 3071/1/3071 3076/1/3076 3073/1/3073
f 3071/1/3071 3077/1/3077 3076/1/3076
f 3072/1/3072 3077/1/3077 3071/1/3071
f 3074/1/3074 3075/1/3075 3079/1/3079
f 3075/1/3075 3080/1/3080 3079/1/3079
f 3075/1/3075 3078/1/3078 3080/1/3080
f 3078/1/3078 3083/1/3083 3080/1/3080
f 3078/1/3078 3081/1/3081 3083/1/3083
f 3076/1/3076 3081/1/3081 3078/1/3078
f 3076/1/3076 3082/1/3082 3081/1/3081
f 3077/1/3077 3082/1/3082 3076/1/3076
f 3079/1/3079 3080/1/3080 3084/1/3084
f 3080/1/3080 3085/1/3085 3084/1/3084
f 3080/1/3080 3083/1/3083 3085/1/3085
f 3083/1/3083 3088/1/3088 3085/1/3085
f 3083/1/3083 3086/1/3086 3088/1/3088
f 3081/1/3081 3086/1/3086 3083/1/3083
f 3081/1/3081 3087/1/3087 3086/1/3086
f 3082/1/3082 3087/1/3087 3081/1/3081
f 3084/1/3084 3085/1/3085 3089/1/3089
f 3085/1/3085 3090/1/3090 3089/1/3089
f 3085/1/3085 3088/1/3088 3090/1/3090
f 3088/1/3088 3093/1/3093 3090/1/3090
f 3088/1/3088 3091/1/3091 3093/1/3093
f 3086/1/3086 3091/1/3091 3088/1/3088
f 3086/1/3086 3092/1/3092 3091/1/3091
f 3087/1/3087 3092/1/3092 3086/1/3086
f 3089/1/3089 3090/1/3090 3094/1/3094
f 3090/1/3090 3095/1/3095 3094/1/3094
f 3090/1/3090 3093/1/3093 3095/1/3095
f 3093/1/3093 3098/1/3098 3095/1/3095
f 3093/1/3093 3096/1/3096 3098/1/3098
f 3091/1/3091 3096/1/3096 3093/1/3093
f 3091/1/3091 3097/1/3097 3096/1/3096
f 3092/1/3092 3097/1/3097 3091/1/3091
f 3094/1/3094 3095/1/3095 3099/1/3099
f 3095/1/3095 3100/1/3100 3099/1/3099
f 3095/1/3095 3098/1/3098 3100/1/3100
f 3098/1/3098 3103/1/3103 3100/1/3100
f 3098/1/3098 3101/1/3101 3103/1/3103
f 3096/1/3096 3101/1/3101 3098/1/3098
f 3096/1/3096 3102/1/3102 3101/1/3101
f 3097/1/3097 3102/1/3102 3096/1/3096
f 3099/1/3099 3100/1/3100 3104/1/3104
f 3100/1/3100 3105/1/3105 3104/1/3104
f 3100/1/3100 3103/1/3103 3105/1/3105
f 3103/1/3103 3108/1/3108 3105/1/3105
f 3103/1/3103 3106/1/3106 3108/1/3108
f 3101/1/3101 3106/1/3106 3103/1/3103
f 3101/1/3101 3107/1/3107 3106/1/3106
f 3102/1/3102 3107/1/3107 3101/1/3101
f 3104/1/3104 3105/1/3105 3109/1/3109
f 3105/1/3105 3110/1/3110 3109/1/3109
f 3105/1/3105 3108/1/3108 3110/1/3110
f 3108/1/3108 3113/1/3113 3110/1/3110
f 3108/1/3108 3111/1/3111 3113/1/3113
f 3106/1/3106 3111/1/3111 3108/1/3108
f 3106/1/3106 3112/1/3112 3111/1/3111
f 3107/1/3107 3112/1/3112 3106/1/3106
f 3109/1/3109 3110/1/3110 3114/1/3114
f 3110/1/3110 3115/1/3115 3114/1/3114
f 3110/1/3110 3113/1/3113 3115/1/3115
f 3113/1/3113 3118/1/3118 3115/1/3115
f 3113/1/3113 3116/1/3116 3118/1/3118
f 3111/1/3111 3116/1/3116 3113/1/3113
f 3111/1/3111 3117/1/3117 3116/1/3116
f 3112/1/3112 3117/1/3117 3111/1/3111
f 3114/1/3114 3115/1/3115 3119/1/3119
f 3115/1/3115 3120/1/3120 3119/1/3119
f 3115/1/3115 3118/1/3118 3120/1/3120
f 3118/1/3118 3123/1/3123 3120/1/3120
f 3118/1/3118 3121/1/3121 3123/1/3123
f 3116/1/3116 3121/1/3121 3118/1/3118
f 3116/1/3116 3122/1/3122 3121/1/3121
f 3117/1/3117 3122/1/3122 3116/1/3116
f 3119/1/3119 3120/1/3120 3124/1/3124
f 3120/1/3120 3125/1/3125 3124/1/3124
f 3120/1/3120 3123/1/3123 3125/1/3125
f 3123/1/3123 3128/1/3128 3125/1/3125
f 3123/1/3123 3126/1/3126 3128/1/3128
f 3121/1/3121 3126/1/3126 3123/1/3123
f 3121/1/3121 3127/1/3127 3126/1/3126
f 3122/1/3122 3127/1/3127 3121/1/3121
f 3124/1/3124 3125/1/3125 3129/1/3129
f 3125/1/3125 3130/1/3130 3129/1/3129
f 3125/1/3125 3128/1/3128 3130/1/3130
f 3128/1/3128 3133/1/3133 3130/1/3130
f 3128/1/3128 3131/1/3131 3133/1/3133
f 3126/1/3126 3131/1/3131 3128/1/3128
f 3126/1/3126 3132/1/3132 3131/1/3131
f 3127/1/3127 3132/1/3132 3126/1/3126
f 3129/1/3129 3130/1/3130 3134/1/3134
f 3130/1/3130 3135/1/3135 3134/1/3134
f 3130/1/3130 3133/1/3133 3135/1/3135
f 3133/1/3133 3138/1/3138 3135/1/3135
f 3133/1/3133 3136/1/3136 3138/1/3138
f 3131/1/3131 3136/1/3136 3133/1/3133
f 3131/1/3131 3137/1/3137 3136/1/3136
f 3132/1/3132 3137/1/3137 3131/1/3131
f 3134/1/3134 3135/1/3135 3139/1/3139
f 3135/1/3135 3140/1/3140 3139/1/3139
f 3135/1/3135 3138/1/3138 3140/1/3140
f 3138/1/3138 3143/1/3143 3140/1/3140
f 3138/1/3138 3141/1/3141 3143/1/3143
f 3136/1/3136 3141/1/3141 3138/1/3138
f 3136/1/3136 3142/1/3142 3141/1/3141
f 3137/1/3137 3142/1/3142 3136/1/3136
f 3139/1/3139 3140/1/3140 3144/1/3144
f 3140/1/3140 3145/1/3145 3144/1/3144
f 3140/1/3140 3143/1/3143 3145/1/3145
f 3143/1/3143 3148/1/3148 3145/1/3145
f 3143/1/3143 3146/1/3146 3148/1/3148
f 3141/1/3141 3146/1/3146 3143/1/3143
f 3141/1/3141 3147/1/3147 3146/1/3146
f 3142/1/3142 3147/1/3147 3141/1/3141
f 3144/1/3144 3145/1/3145 3149/1/3149
f 3145/1/3145 3150/1/3150 3149/1/3149
f 3145/1/3145 3148/1/3148 3150/1/3150
f 3148/1/3148 3153/1/3153 3150/1/3150
f 3148/1/3148 3151/1/3151 3153/1/3153
f 3146/1/3146 3151/1/3151 3148/1/3148
f 3146/1/3146 3152/1/3152 3151/1/3151
f 3147/1/3147 3152/1/3152 3146/1/3146
f 3149/1/3149 3150/1/3150 3154/1/3154
f 3150/1/3150 3155/1/3155 3154/1/3154
f 3150/1/3150 3153/1/3153 3155/1/3155
f 3153/1/3153 3158/1/3158 3155/1/3155
f 3153/1/3153 3156/1/3156 3158/1/3158
f 3151/1/3151 3156/1/3156 3153/1/3153
f 3151/1/3151 3157/1/3157 3156/1/3156
f 3152/1/3152 3157/1/3157 3151/1/3151
f 3154/1/3154 3155/1/3155 3159/1/3159
f 3155/1/3155 3160/1/3160 3159/1/3159
f 3155/1/3155 3158/1/3158 3160/1/3160
f 3158/1/3158 3163/1/3163 3160/1/3160
f 3158/1/3158 3161/1/3161 3163/1/3163
f 3156/1/3156 3161/1/3161 3158/1/3158
f 3156/1/3156 3162/1/3162 3161/1/3161
f 3157/1/3157 3162/1/3162 3156/1/3156
f 3159/1/3159 3160/1/3160 3164/1/3164
f 3160/1/3160 3165/1/3165 3164/1/3164
f 3160/1/3160 3163/1/3163 3165/1/3165
f 3163/1/3163 3168/1/3168 3165/1/3165
f 3163/1/3163 3166/1/3166 3168/1/3168
f 3161/1/3161 3166/1/3166 3163/1/3163
f 3161/1/3161 3167/1/3167 3166/1/3166
f 3162/1/3162 3167/1/3167 3161/1/3161
f 3164/1/3164 3165/1/3165 3169/1/3169
f 3165/1/3165 3170/1/3170 3169/1/3169
f 3165/1/3165 3168/1/3168 3170/1/3170
f 3168/1/3168 3173/1/3173 3170/1/3170
f 3168/1/3168 3171/1/3171 3173/1/3173
f 3166/1/3166 3171/1/3171 3168/1/3168
f 3166/1/3166 3172/1/3172 3171/1/3171
f 3167/1/3167 3172/1/3172 3166/1/3166
f 3169/1/3169 3170/1/3170 3174/1/3174
f 3170/1/3170 3175/1/3175 3174/1/3174
f 3170/1/3170 3173/1/3173 3175/1/3175
f 3173/1/3173 3178/1/3178 3175/1/3175
f 3173/1/3173 3176/1/3176 3178/1/3178
f 3171/1/3171 3176/1/3176 3173/1/3173
f 3171/1/3171 3177/1/3177 3176/1/3176
f 3172/1/3172 3177/1/3177 3171/1/3171
f 3174/1/3174 3175/1/3175 3179/1/3179
f 3175/1/3175 3180/1/3180 3179/1/3179
f 3175/1/3175 3178/1/3178 3180/1/3180
f 3178/1/3178 3183/1/3183 3180/1/3180
f 3178/1/3178 3181/1/3181 3183/1/3183
f 3176/1/3176 3181/1/3181 3178/1/3178
f 3176/1/3176 3182/1/3182 3181/1/3181
f 3177/1/3177 3182/1/3182 3176/1/3176
f 3179/1/3179 3180/1/3180 3184/1/3184
f 3180/1/3180 3185/1/3185 3184/1/3184
f 3180/1/3180 3183/1/3183 3185/1/3185
f 3183/1/3183 3188/1/3188 3185/1/3185
f 3183/1/3183 3186/1/3186 3188/1/3188
f 3181/1/3181 3186/1/3186 3183/1/3183
f 3181/1/3181 3187/1/3187 3186/1/3186
f 3182/1/3182 3187/1/3187 3181/1/3181
f 3184/1/3184 3185/1/3185 3189/1/3189
f 3185/1/3185 3190/1/3190 3189/1/3189
f 3185/1/3185 3188/1/3188 3190/1/3190
f 3188/1/3188 3193/1/3193 3190/1/3190
f 3188/1/3188 3191/1/3191 3193/1/3193
f 3186/1/3186 3191/1/3191 3188/1/3188
f 3186/1/3186 3192/1/3192 3191/1/3191
f 3187/1/3187 3192/1/3192 3186/1/3186
f 3189/1/3189 3190/1/3190 3194/1/3194
f 3190/1/3190 3195/1/3195 3194/1/3194
f 3190/1/3190 3193/1/3193 3195/1/3195
f 3193/1/3193 3198/1/3198 3195/1/3195
f 3193/1/3193 3196/1/3196 3198/1/3198
f 3191/1/3191 3196/1/3196 3193/1/3193
f 3191/1/3191 3197/1/3197 3196/1/3196
f 3192/1/3192 3197/1/3197 3191/1/3191
f 3194/1/3194 3195/1/3195 3199/1/3199
f 3195/1/3195 3200/1/3200 3199/1/3199
f 3195/1/3195 3198/1/3198 3200/1/3200
f 3198/1/3198 3203/1/3203 3200/1/3200
f 3198/1/3198 3201/1/3201 3203/1/3203
f 3196/1/3196 3201/1/3201 3198/1/3198
f 3196/1/3196 3202/1/3202 3201/1/3201
f 3197/1/3197 3202/1/3202 3196/1/3196
f 3199/1/3199 3200/1/3200 3204/1/3204
f 3200/1/3200 3205/1/3205 3204/1/3204
f 3200/1/3200 3203/1/3203 3205/1/3205
f 3203/1/3203 3208/1/3208 3205/1/3205
f 3203/1/3203 3206/1/3206 3208/1/3208
f 3201/1/3201 3206/1/3206 3203/1/3203
f 3201/1/3201 3207/1/3207 3206/1/3206
f 3202/1/3202 3207/1/3207 3201/1/3201
f 3204/1/3204 3205/1/3205 3209/1/3209
f 3205/1/3205 3210/1/3210 3209/1/3209
f 3205/1/3205 3208/1/3208 3210/1/3210
f 3208/1/3208 3213/1/3213 3210/1/3210
f 3208/1/3208 3211/1/3211 3213/1/3213
f 3206/1/3206 3211/1/3211 3208/1/3208
f 3206/1/3206 3212/1/3212 3211/1/3211
f 3207/1/3207 3212/1/3212 3206/1/3206
f 3209/1/3209 3210/1/3210 3214/1/3214
f 3210/1/3210 3215/1/3215 3214/1/3214
f 3210/1/3210 3213/1/3213 3215/1/3215
f 3213/1/3213 3218/1/3218 3215/1/3215
f 3213/1/3213 3216/1/3216 3218/1/3218
f 3211/1/3211 3216/1/3216 3213/1/3213
f 3211/1/3211 3217/1/3217 3216/1/3216
f 3212/1/3212 3217/1/3217 3211/1/3211
f 3214/1/3214 3215/1/3215 3219/1/3219
f 3215/1/3215 3220/1/3220 3219/1/3219
f 3215/1/3215 3218/1/3218 3220/1/3220
f 3218/1/3218 3223/1/3223 3220/1/3220
f 3218/1/3218 3221/1/3221 3223/1/3223
f 3216/1/3216 3221/1/3221 3218/1/3218
f 3216/1/3216 3222/1/3222 3221/1/3221
f 3217/1/3217 3222/1/3222 3216/1/3216
f 3219/1/3219 3220/1/3220 3224/1/3224
f 3220/1/3220 3225/1/3225 3224/1/3224
f 3220/1/3220 3223/1/3223 3225/1/3225
f 3223/1/3223 3228/1/3228 3225/1/3225
f 3223/1/3223 3226/1/3226 3228/1/3228
f 3221/1/3221 3226/1/3226 3223/1/3223
f 3221/1/3221 3227/1/3227 3226/1/3226
f 3222/1/3222 3227/1/3227 3221/1/3221
f 3224/1/3224 3225/1/3225 3229/1/3229
f 3225/1/3225 3230/1/3230 3229/1/3229
f 3225/1/3225 3228/1/3228 3230/1/3230
f 3228/1/3228 3233/1/3233 3230/1/3230
f 3228/1/3228 3231/1/3231 3233/1/3233
f 3226/1/3226 3231/1/3231 3228/1/3228
f 3226/1/3226 3232/1/3232 3231/1/3231
f 3227/1/3227 3232/1/3232 3226/1/3226
f 3229/1/3229 3230/1/3230 3234/1/3234
f 3230/1/3230 3235/1/3235 3234/1/3234
f 3230/1/3230 3233/1/3233 3235/1/3235
f 3233/1/3233 3238/1/3238 3235/1/3235
f 3233/1/3233 3236/1/3236 3238/1/3238
f 3231/1/3231 3236/1/3236 3233/1/3233
f 3231/1/3231 3237/1/3237 3236/1/3236
f 3232/1/3232 3237/1/3237 3231/1/3231
f 3234/1/3234 3235/1/3235 3239/1/3239
f 3235/1/3235 3240/1/3240 3239/1/3239
f 3235/1/3235 3238/1/3238 3240/1/3240
f 3238/1/3238 3243/1/3243 3240/1/3240
f 3238/1/3238 3241/1/3241 3243/1/3243
f 3236/1/3236 3241/1/3241 3238/1/3238
f 3236/1/3236 3242/1/3242 3241/1/3241
f 3237/1/3237 3242/1/3242 3236/1/3236
f 3239/1/3239 3240/1/3240 3244/1/3244
f 3240/1/3240 3245/1/3245 3244/1/3244
f 3240/1/3240 3243/1/3243 3245/1/3245
f 3243/1/3243 3248/1/3248 3245/1/3245
f 3243/1/3243 3246/1/3246 3248/1/3248
f 3241/1/3241 3246/1/3246 3243/1/3243
f 3241/1/3241 3247/1/3247 3246/1/3246
f 3242/1/3242 3247/1/3247 3241/1/3241
